Family,SourceAsset,OriginalPackage,Decision,Reasons,CurrentReferencers,OriginalDirectConsumers,PlaybackAssets
SharedSourceReferences,/Game/_Art/Enemies/HeinMach/Humanoids/SharedSourceReferences/Animations/SourceSequences/A_EN_SRC_C_I_Empire_Q1Staff001_Stand,BBQ/Content/_Kazan_/Art/Character/CHA_Model/Item/Staff/Animation/C_I_Empire_Q1Staff001_Stand,DeleteBackingSource,,,,/Game/_Art/Enemies/OtherRegions/Humanoids/Mage/Animations/PlaybackClips/A_EN_PLAY_AC_EmpireMagic_Weapon_Equip | /Game/_Art/Enemies/OtherRegions/Humanoids/Mage/Animations/PlaybackClips/A_EN_PLAY_AC_EmpireMagic_Weapon_Unequip
SharedSourceReferences,/Game/_Art/Enemies/HeinMach/Humanoids/SharedSourceReferences/Animations/SourceSequences/A_EN_SRC_CA_M_Human_Adult_M_Die_Sick_B,BBQ/Content/_Kazan_/Art/Character/CHA_Model/Monster_Human/Adult/Adult_M/Animation/CA_M_Human_Adult_M_Die_Sick_B,DeleteBackingSource,,,,/Game/_Art/Enemies/HeinMach/Humanoids/Swordsman/Animations/PlaybackClips/A_EN_PLAY_AC_EmpireSword_Sick_Down_DieB
SharedSourceReferences,/Game/_Art/Enemies/HeinMach/Humanoids/SharedSourceReferences/Animations/SourceSequences/A_EN_SRC_CA_M_Human_Adult_M_Die_Sick_F,BBQ/Content/_Kazan_/Art/Character/CHA_Model/Monster_Human/Adult/Adult_M/Animation/CA_M_Human_Adult_M_Die_Sick_F,DeleteBackingSource,,,,/Game/_Art/Enemies/HeinMach/Humanoids/Swordsman/Animations/PlaybackClips/A_EN_PLAY_AC_EmpireSword_Sick_Down_DieF
SharedSourceReferences,/Game/_Art/Enemies/HeinMach/Humanoids/SharedSourceReferences/Animations/SourceSequences/A_EN_SRC_CA_M_Human_Adult_M_Down_Sick_B_Loop,BBQ/Content/_Kazan_/Art/Character/CHA_Model/Monster_Human/Adult/Adult_M/Animation/CA_M_Human_Adult_M_Down_Sick_B_Loop,DeleteBackingSource,,,,/Game/_Art/Enemies/HeinMach/Humanoids/Swordsman/Animations/PlaybackClips/A_EN_PLAY_AC_EmpireSword_Sick_Down_B
SharedSourceReferences,/Game/_Art/Enemies/HeinMach/Humanoids/SharedSourceReferences/Animations/SourceSequences/A_EN_SRC_CA_M_Human_Adult_M_Down_Sick_B_Loop_Idle,BBQ/Content/_Kazan_/Art/Character/CHA_Model/Monster_Human/Adult/Adult_M/Animation/CA_M_Human_Adult_M_Down_Sick_B_Loop_Idle,DeleteBackingSource,,,,/Game/_Art/Enemies/HeinMach/Humanoids/Swordsman/Animations/PlaybackClips/A_EN_PLAY_AC_EmpireSword_Sick_Down_DieB
SharedSourceReferences,/Game/_Art/Enemies/HeinMach/Humanoids/SharedSourceReferences/Animations/SourceSequences/A_EN_SRC_CA_M_Human_Adult_M_Down_Sick_F_Loop,BBQ/Content/_Kazan_/Art/Character/CHA_Model/Monster_Human/Adult/Adult_M/Animation/CA_M_Human_Adult_M_Down_Sick_F_Loop,DeleteBackingSource,,,,/Game/_Art/Enemies/HeinMach/Humanoids/Swordsman/Animations/PlaybackClips/A_EN_PLAY_AC_EmpireSword_Sick_Down_F
SharedSourceReferences,/Game/_Art/Enemies/HeinMach/Humanoids/SharedSourceReferences/Animations/SourceSequences/A_EN_SRC_CA_M_Human_Adult_M_Down_Sick_F_Loop_Idle,BBQ/Content/_Kazan_/Art/Character/CHA_Model/Monster_Human/Adult/Adult_M/Animation/CA_M_Human_Adult_M_Down_Sick_F_Loop_Idle,DeleteBackingSource,,,,/Game/_Art/Enemies/HeinMach/Humanoids/Swordsman/Animations/PlaybackClips/A_EN_PLAY_AC_EmpireSword_Sick_Down_DieF
SharedSourceReferences,/Game/_Art/Enemies/HeinMach/Humanoids/SharedSourceReferences/Animations/SourceSequences/A_EN_SRC_CA_M_Human_Adult_M_Stand_Sick_F,BBQ/Content/_Kazan_/Art/Character/CHA_Model/Monster_Human/Adult/Adult_M/Animation/CA_M_Human_Adult_M_Stand_Sick_F,DeleteBackingSource,,,,/Game/_Art/Enemies/HeinMach/Humanoids/Swordsman/Animations/PlaybackClips/A_EN_PLAY_AC_EmpireSword_Sick_Stand_F | /Game/_Art/Enemies/HeinMach/Humanoids/Swordsman/Animations/PlaybackClips/A_EN_PLAY_AC_EmpireSword_Fear_Loop_01
Archer,/Game/_Art/Enemies/HeinMach/Humanoids/Archer/Animations/SourceSequences/A_EN_SRC_CA_M_EmpBow_BackShoot,BBQ/Content/_Kazan_/Art/Character/CHA_Model/Monster_Human/Adult/Adult_M/Animation/EmpireBow/CA_M_EmpBow_BackShoot,DeleteBackingSource,,,,/Game/_Art/Enemies/HeinMach/Humanoids/Archer/Animations/PlaybackClips/A_EN_PLAY_AC_EmpireBow_BackShoot
Archer,/Game/_Art/Enemies/HeinMach/Humanoids/Archer/Animations/SourceSequences/A_EN_SRC_CA_M_EmpBow_BasicShoot_End,BBQ/Content/_Kazan_/Art/Character/CHA_Model/Monster_Human/Adult/Adult_M/Animation/EmpireBow/CA_M_EmpBow_BasicShoot_End,DeleteBackingSource,,,,/Game/_Art/Enemies/HeinMach/Humanoids/Archer/Animations/PlaybackClips/A_EN_PLAY_AC_EmpireBow_DestroyObject_End | /Game/_Art/Enemies/HeinMach/Humanoids/Archer/Animations/PlaybackClips/A_EN_PLAY_AC_EmpireBow_BasicShoot_End
Archer,/Game/_Art/Enemies/HeinMach/Humanoids/Archer/Animations/SourceSequences/A_EN_SRC_CA_M_EmpBow_BasicShoot_Fail,BBQ/Content/_Kazan_/Art/Character/CHA_Model/Monster_Human/Adult/Adult_M/Animation/EmpireBow/CA_M_EmpBow_BasicShoot_Fail,DeleteBackingSource,,,,/Game/_Art/Enemies/HeinMach/Humanoids/Archer/Animations/PlaybackClips/A_EN_PLAY_AC_EmpireBow_BasicShoot_Fail
Archer,/Game/_Art/Enemies/HeinMach/Humanoids/Archer/Animations/SourceSequences/A_EN_SRC_CA_M_EmpBow_BasicShoot_Loop,BBQ/Content/_Kazan_/Art/Character/CHA_Model/Monster_Human/Adult/Adult_M/Animation/EmpireBow/CA_M_EmpBow_BasicShoot_Loop,DeleteBackingSource,,,,/Game/_Art/Enemies/HeinMach/Humanoids/Archer/Animations/PlaybackClips/A_EN_PLAY_AC_EmpireBow_DestroyObject_Loop | /Game/_Art/Enemies/HeinMach/Humanoids/Archer/Animations/PlaybackClips/A_EN_PLAY_AC_EmpireBow_BasicShoot_Loop
Archer,/Game/_Art/Enemies/HeinMach/Humanoids/Archer/Animations/SourceSequences/A_EN_SRC_CA_M_EmpBow_BasicShoot_Start,BBQ/Content/_Kazan_/Art/Character/CHA_Model/Monster_Human/Adult/Adult_M/Animation/EmpireBow/CA_M_EmpBow_BasicShoot_Start,DeleteBackingSource,,,,/Game/_Art/Enemies/HeinMach/Humanoids/Archer/Animations/PlaybackClips/A_EN_PLAY_AC_EmpireBow_DestroyObject_Start | /Game/_Art/Enemies/HeinMach/Humanoids/Archer/Animations/PlaybackClips/A_EN_PLAY_AC_EmpireBow_BasicShoot_Start
Archer,/Game/_Art/Enemies/HeinMach/Humanoids/Archer/Animations/SourceSequences/A_EN_SRC_CA_M_EmpBow_CarryASword,BBQ/Content/_Kazan_/Art/Character/CHA_Model/Monster_Human/Adult/Adult_M/Animation/EmpireBow/CA_M_EmpBow_CarryASword,DeleteBackingSource,,,,/Game/_Art/Enemies/HeinMach/Humanoids/Archer/Animations/PlaybackClips/A_EN_PLAY_AC_EmpireBow_Equip
Archer,/Game/_Art/Enemies/HeinMach/Humanoids/Archer/Animations/SourceSequences/A_EN_SRC_CA_M_EmpBow_CarryASword_Turn_L,BBQ/Content/_Kazan_/Art/Character/CHA_Model/Monster_Human/Adult/Adult_M/Animation/EmpireBow/CA_M_EmpBow_CarryASword_Turn_L,DeleteBackingSource,,,,/Game/_Art/Enemies/HeinMach/Humanoids/Archer/Animations/PlaybackClips/A_EN_PLAY_AC_EmpireBow_Equip_Turn_L
Archer,/Game/_Art/Enemies/HeinMach/Humanoids/Archer/Animations/SourceSequences/A_EN_SRC_CA_M_EmpBow_CarryASword_Turn_R,BBQ/Content/_Kazan_/Art/Character/CHA_Model/Monster_Human/Adult/Adult_M/Animation/EmpireBow/CA_M_EmpBow_CarryASword_Turn_R,DeleteBackingSource,,,,/Game/_Art/Enemies/HeinMach/Humanoids/Archer/Animations/PlaybackClips/A_EN_PLAY_AC_EmpireBow_Equip_Turn_R
Archer,/Game/_Art/Enemies/HeinMach/Humanoids/Archer/Animations/SourceSequences/A_EN_SRC_CA_M_EmpBow_ClimbingWall_Down_End,BBQ/Content/_Kazan_/Art/Character/CHA_Model/Monster_Human/Adult/Adult_M/Animation/EmpireBow/CA_M_EmpBow_ClimbingWall_Down_End,RetainOriginal,NoBakedPlaybackCoverage,,,
Archer,/Game/_Art/Enemies/HeinMach/Humanoids/Archer/Animations/SourceSequences/A_EN_SRC_CA_M_EmpBow_ClimbingWall_Down_L,BBQ/Content/_Kazan_/Art/Character/CHA_Model/Monster_Human/Adult/Adult_M/Animation/EmpireBow/CA_M_EmpBow_ClimbingWall_Down_L,RetainOriginal,NoBakedPlaybackCoverage,,,
Archer,/Game/_Art/Enemies/HeinMach/Humanoids/Archer/Animations/SourceSequences/A_EN_SRC_CA_M_EmpBow_ClimbingWall_Down_R,BBQ/Content/_Kazan_/Art/Character/CHA_Model/Monster_Human/Adult/Adult_M/Animation/EmpireBow/CA_M_EmpBow_ClimbingWall_Down_R,RetainOriginal,NoBakedPlaybackCoverage,,,
Archer,/Game/_Art/Enemies/HeinMach/Humanoids/Archer/Animations/SourceSequences/A_EN_SRC_CA_M_EmpBow_ClimbingWall_Down_Start,BBQ/Content/_Kazan_/Art/Character/CHA_Model/Monster_Human/Adult/Adult_M/Animation/EmpireBow/CA_M_EmpBow_ClimbingWall_Down_Start,RetainOriginal,NoBakedPlaybackCoverage,,,
Archer,/Game/_Art/Enemies/HeinMach/Humanoids/Archer/Animations/SourceSequences/A_EN_SRC_CA_M_EmpBow_ClimbingWall_Loop_L_Idle,BBQ/Content/_Kazan_/Art/Character/CHA_Model/Monster_Human/Adult/Adult_M/Animation/EmpireBow/CA_M_EmpBow_ClimbingWall_Loop_L_Idle,RetainOriginal,NoBakedPlaybackCoverage,,,
Archer,/Game/_Art/Enemies/HeinMach/Humanoids/Archer/Animations/SourceSequences/A_EN_SRC_CA_M_EmpBow_ClimbingWall_Loop_R_Idle,BBQ/Content/_Kazan_/Art/Character/CHA_Model/Monster_Human/Adult/Adult_M/Animation/EmpireBow/CA_M_EmpBow_ClimbingWall_Loop_R_Idle,RetainOriginal,NoBakedPlaybackCoverage,,,
Archer,/Game/_Art/Enemies/HeinMach/Humanoids/Archer/Animations/SourceSequences/A_EN_SRC_CA_M_EmpBow_ClimbingWall_Up_End,BBQ/Content/_Kazan_/Art/Character/CHA_Model/Monster_Human/Adult/Adult_M/Animation/EmpireBow/CA_M_EmpBow_ClimbingWall_Up_End,RetainOriginal,NoBakedPlaybackCoverage,,,
Archer,/Game/_Art/Enemies/HeinMach/Humanoids/Archer/Animations/SourceSequences/A_EN_SRC_CA_M_EmpBow_ClimbingWall_Up_L,BBQ/Content/_Kazan_/Art/Character/CHA_Model/Monster_Human/Adult/Adult_M/Animation/EmpireBow/CA_M_EmpBow_ClimbingWall_Up_L,RetainOriginal,NoBakedPlaybackCoverage,,,
Archer,/Game/_Art/Enemies/HeinMach/Humanoids/Archer/Animations/SourceSequences/A_EN_SRC_CA_M_EmpBow_ClimbingWall_Up_R,BBQ/Content/_Kazan_/Art/Character/CHA_Model/Monster_Human/Adult/Adult_M/Animation/EmpireBow/CA_M_EmpBow_ClimbingWall_Up_R,RetainOriginal,NoBakedPlaybackCoverage,,,
Archer,/Game/_Art/Enemies/HeinMach/Humanoids/Archer/Animations/SourceSequences/A_EN_SRC_CA_M_EmpBow_ClimbingWall_Up_Start,BBQ/Content/_Kazan_/Art/Character/CHA_Model/Monster_Human/Adult/Adult_M/Animation/EmpireBow/CA_M_EmpBow_ClimbingWall_Up_Start,RetainOriginal,NoBakedPlaybackCoverage,,,
Archer,/Game/_Art/Enemies/HeinMach/Humanoids/Archer/Animations/SourceSequences/A_EN_SRC_CA_M_EmpBow_DamageAir_B,BBQ/Content/_Kazan_/Art/Character/CHA_Model/Monster_Human/Adult/Adult_M/Animation/EmpireBow/CA_M_EmpBow_DamageAir_B,DeleteBackingSource,,,,/Game/_Art/Enemies/HeinMach/Humanoids/Archer/Animations/PlaybackClips/A_EN_PLAY_AC_EmpireBow_DamageAir_B_Down | /Game/_Art/Enemies/HeinMach/Humanoids/Archer/Animations/PlaybackClips/A_EN_PLAY_AC_EmpireBow_DamageAir_B_Land | /Game/_Art/Enemies/HeinMach/Humanoids/Archer/Animations/PlaybackClips/A_EN_PLAY_AC_EmpireBow_DamageAir_B_Peak | /Game/_Art/Enemies/HeinMach/Humanoids/Archer/Animations/PlaybackClips/A_EN_PLAY_AC_EmpireBow_DamageAir_B_Up
Archer,/Game/_Art/Enemies/HeinMach/Humanoids/Archer/Animations/SourceSequences/A_EN_SRC_CA_M_EmpBow_DamageAir_F,BBQ/Content/_Kazan_/Art/Character/CHA_Model/Monster_Human/Adult/Adult_M/Animation/EmpireBow/CA_M_EmpBow_DamageAir_F,DeleteBackingSource,,,,/Game/_Art/Enemies/HeinMach/Humanoids/Archer/Animations/PlaybackClips/A_EN_PLAY_AC_EmpireBow_DamageAir_F_Down | /Game/_Art/Enemies/HeinMach/Humanoids/Archer/Animations/PlaybackClips/A_EN_PLAY_AC_EmpireBow_DamageAir_F_Land | /Game/_Art/Enemies/HeinMach/Humanoids/Archer/Animations/PlaybackClips/A_EN_PLAY_AC_EmpireBow_DamageAir_F_Peak | /Game/_Art/Enemies/HeinMach/Humanoids/Archer/Animations/PlaybackClips/A_EN_PLAY_AC_EmpireBow_DamageAir_F_Up
Archer,/Game/_Art/Enemies/HeinMach/Humanoids/Archer/Animations/SourceSequences/A_EN_SRC_CA_M_EmpBow_DamageDown_B,BBQ/Content/_Kazan_/Art/Character/CHA_Model/Monster_Human/Adult/Adult_M/Animation/EmpireBow/CA_M_EmpBow_DamageDown_B,DeleteBackingSource,,,,/Game/_Art/Enemies/HeinMach/Humanoids/Archer/Animations/PlaybackClips/A_EN_PLAY_AC_EmpireBow_DamageDown_B
Archer,/Game/_Art/Enemies/HeinMach/Humanoids/Archer/Animations/SourceSequences/A_EN_SRC_CA_M_EmpBow_DamageDown_F,BBQ/Content/_Kazan_/Art/Character/CHA_Model/Monster_Human/Adult/Adult_M/Animation/EmpireBow/CA_M_EmpBow_DamageDown_F,DeleteBackingSource,,,,/Game/_Art/Enemies/HeinMach/Humanoids/Archer/Animations/PlaybackClips/A_EN_PLAY_AC_EmpireBow_DamageDown_F
Archer,/Game/_Art/Enemies/HeinMach/Humanoids/Archer/Animations/SourceSequences/A_EN_SRC_CA_M_EmpBow_DamageGrapple_Atk_B_01,BBQ/Content/_Kazan_/Art/Character/CHA_Model/Monster_Human/Adult/Adult_M/Animation/EmpireBow/CA_M_EmpBow_DamageGrapple_Atk_B_01,DeleteBackingSource,,,,/Game/_Art/Enemies/HeinMach/Humanoids/Archer/Animations/PlaybackClips/A_EN_PLAY_AC_EmpBow_DamageGrapple_Atk_B_01
Archer,/Game/_Art/Enemies/HeinMach/Humanoids/Archer/Animations/SourceSequences/A_EN_SRC_CA_M_EmpBow_DamageGrapple_Atk_B_02,BBQ/Content/_Kazan_/Art/Character/CHA_Model/Monster_Human/Adult/Adult_M/Animation/EmpireBow/CA_M_EmpBow_DamageGrapple_Atk_B_02,DeleteBackingSource,,,,/Game/_Art/Enemies/HeinMach/Humanoids/Archer/Animations/PlaybackClips/A_EN_PLAY_AC_EmpBow_DamageGrapple_Atk_B_02
Archer,/Game/_Art/Enemies/HeinMach/Humanoids/Archer/Animations/SourceSequences/A_EN_SRC_CA_M_EmpBow_DamageGrapple_DualAxeSword_Atk_01,BBQ/Content/_Kazan_/Art/Character/CHA_Model/Monster_Human/Adult/Adult_M/Animation/EmpireBow/CA_M_EmpBow_DamageGrapple_DualAxeSword_Atk_01,DeleteBackingSource,,,,/Game/_Art/Enemies/HeinMach/Humanoids/Archer/Animations/PlaybackClips/A_EN_PLAY_AC_EmpireBow_DamageGrapple_Atk_01
Archer,/Game/_Art/Enemies/HeinMach/Humanoids/Archer/Animations/SourceSequences/A_EN_SRC_CA_M_EmpBow_DamageGrapple_DualAxeSword_Atk_02,BBQ/Content/_Kazan_/Art/Character/CHA_Model/Monster_Human/Adult/Adult_M/Animation/EmpireBow/CA_M_EmpBow_DamageGrapple_DualAxeSword_Atk_02,DeleteBackingSource,,,,/Game/_Art/Enemies/HeinMach/Humanoids/Archer/Animations/PlaybackClips/A_EN_PLAY_AC_EmpireBow_DamageGrapple_Atk_02
Archer,/Game/_Art/Enemies/HeinMach/Humanoids/Archer/Animations/SourceSequences/A_EN_SRC_CA_M_EmpBow_DamageNormal_D_B,BBQ/Content/_Kazan_/Art/Character/CHA_Model/Monster_Human/Adult/Adult_M/Animation/EmpireBow/CA_M_EmpBow_DamageNormal_D_B,DeleteBackingSource,,,,/Game/_Art/Enemies/HeinMach/Humanoids/Archer/Animations/PlaybackClips/A_EN_PLAY_AC_EmpireBow_DamageNormal_D_B
Archer,/Game/_Art/Enemies/HeinMach/Humanoids/Archer/Animations/SourceSequences/A_EN_SRC_CA_M_EmpBow_DamageNormal_D_F,BBQ/Content/_Kazan_/Art/Character/CHA_Model/Monster_Human/Adult/Adult_M/Animation/EmpireBow/CA_M_EmpBow_DamageNormal_D_F,DeleteBackingSource,,,,/Game/_Art/Enemies/HeinMach/Humanoids/Archer/Animations/PlaybackClips/A_EN_PLAY_AC_EmpireBow_DamageNormal_D_F
Archer,/Game/_Art/Enemies/HeinMach/Humanoids/Archer/Animations/SourceSequences/A_EN_SRC_CA_M_EmpBow_DamageNormal_L_F,BBQ/Content/_Kazan_/Art/Character/CHA_Model/Monster_Human/Adult/Adult_M/Animation/EmpireBow/CA_M_EmpBow_DamageNormal_L_F,DeleteBackingSource,,,,/Game/_Art/Enemies/HeinMach/Humanoids/Archer/Animations/PlaybackClips/A_EN_PLAY_AC_EmpireBow_DamageNormal_L_F
Archer,/Game/_Art/Enemies/HeinMach/Humanoids/Archer/Animations/SourceSequences/A_EN_SRC_CA_M_EmpBow_DamageNormal_R_F,BBQ/Content/_Kazan_/Art/Character/CHA_Model/Monster_Human/Adult/Adult_M/Animation/EmpireBow/CA_M_EmpBow_DamageNormal_R_F,DeleteBackingSource,,,,/Game/_Art/Enemies/HeinMach/Humanoids/Archer/Animations/PlaybackClips/A_EN_PLAY_AC_EmpireBow_DamageNormal_R_F
Archer,/Game/_Art/Enemies/HeinMach/Humanoids/Archer/Animations/SourceSequences/A_EN_SRC_CA_M_EmpBow_DamageNormal_U_B,BBQ/Content/_Kazan_/Art/Character/CHA_Model/Monster_Human/Adult/Adult_M/Animation/EmpireBow/CA_M_EmpBow_DamageNormal_U_B,DeleteBackingSource,,,,/Game/_Art/Enemies/HeinMach/Humanoids/Archer/Animations/PlaybackClips/A_EN_PLAY_AC_EmpireBow_DamageNormal_U_B
Archer,/Game/_Art/Enemies/HeinMach/Humanoids/Archer/Animations/SourceSequences/A_EN_SRC_CA_M_EmpBow_DamageNormal_U_F,BBQ/Content/_Kazan_/Art/Character/CHA_Model/Monster_Human/Adult/Adult_M/Animation/EmpireBow/CA_M_EmpBow_DamageNormal_U_F,DeleteBackingSource,,,,/Game/_Art/Enemies/HeinMach/Humanoids/Archer/Animations/PlaybackClips/A_EN_PLAY_AC_EmpireBow_DamageNormal_U_F
Archer,/Game/_Art/Enemies/HeinMach/Humanoids/Archer/Animations/SourceSequences/A_EN_SRC_CA_M_EmpBow_DamageParry_F,BBQ/Content/_Kazan_/Art/Character/CHA_Model/Monster_Human/Adult/Adult_M/Animation/EmpireBow/CA_M_EmpBow_DamageParry_F,DeleteBackingSource,,,,/Game/_Art/Enemies/HeinMach/Humanoids/Archer/Animations/PlaybackClips/A_EN_PLAY_AC_M_EmpBow_DamageParry_F
Archer,/Game/_Art/Enemies/HeinMach/Humanoids/Archer/Animations/SourceSequences/A_EN_SRC_CA_M_EmpBow_DamageStrong_D_F,BBQ/Content/_Kazan_/Art/Character/CHA_Model/Monster_Human/Adult/Adult_M/Animation/EmpireBow/CA_M_EmpBow_DamageStrong_D_F,DeleteBackingSource,,,,/Game/_Art/Enemies/HeinMach/Humanoids/Archer/Animations/PlaybackClips/A_EN_PLAY_AC_EmpireBow_DamageStrong_D_F
Archer,/Game/_Art/Enemies/HeinMach/Humanoids/Archer/Animations/SourceSequences/A_EN_SRC_CA_M_EmpBow_DamageStrong_D_F2,BBQ/Content/_Kazan_/Art/Character/CHA_Model/Monster_Human/Adult/Adult_M/Animation/EmpireBow/CA_M_EmpBow_DamageStrong_D_F2,DeleteBackingSource,,,,/Game/_Art/Enemies/HeinMach/Humanoids/Archer/Animations/PlaybackClips/A_EN_PLAY_AC_EmpireBow_DamageStrong_D_F_2
Archer,/Game/_Art/Enemies/HeinMach/Humanoids/Archer/Animations/SourceSequences/A_EN_SRC_CA_M_EmpBow_DamageStrong_L_F,BBQ/Content/_Kazan_/Art/Character/CHA_Model/Monster_Human/Adult/Adult_M/Animation/EmpireBow/CA_M_EmpBow_DamageStrong_L_F,DeleteBackingSource,,,,/Game/_Art/Enemies/HeinMach/Humanoids/Archer/Animations/PlaybackClips/A_EN_PLAY_AC_EmpireBow_DamageStrong_L_F
Archer,/Game/_Art/Enemies/HeinMach/Humanoids/Archer/Animations/SourceSequences/A_EN_SRC_CA_M_EmpBow_DamageStrong_R_F,BBQ/Content/_Kazan_/Art/Character/CHA_Model/Monster_Human/Adult/Adult_M/Animation/EmpireBow/CA_M_EmpBow_DamageStrong_R_F,DeleteBackingSource,,,,/Game/_Art/Enemies/HeinMach/Humanoids/Archer/Animations/PlaybackClips/A_EN_PLAY_AC_EmpireBow_DamageStrong_R_F
Archer,/Game/_Art/Enemies/HeinMach/Humanoids/Archer/Animations/SourceSequences/A_EN_SRC_CA_M_EmpBow_DamageStrong_U_F,BBQ/Content/_Kazan_/Art/Character/CHA_Model/Monster_Human/Adult/Adult_M/Animation/EmpireBow/CA_M_EmpBow_DamageStrong_U_F,DeleteBackingSource,,,,/Game/_Art/Enemies/HeinMach/Humanoids/Archer/Animations/PlaybackClips/A_EN_PLAY_AC_EmpireBow_DamageStrong_U_F
Archer,/Game/_Art/Enemies/HeinMach/Humanoids/Archer/Animations/SourceSequences/A_EN_SRC_CA_M_EmpBow_DamageWeak_D_F,BBQ/Content/_Kazan_/Art/Character/CHA_Model/Monster_Human/Adult/Adult_M/Animation/EmpireBow/CA_M_EmpBow_DamageWeak_D_F,DeleteBackingSource,,,,/Game/_Art/Enemies/HeinMach/Humanoids/Archer/Animations/PlaybackClips/A_EN_PLAY_AC_EmpireBow_DamageWeak_D_F
Archer,/Game/_Art/Enemies/HeinMach/Humanoids/Archer/Animations/SourceSequences/A_EN_SRC_CA_M_EmpBow_DamageWeak_L_F,BBQ/Content/_Kazan_/Art/Character/CHA_Model/Monster_Human/Adult/Adult_M/Animation/EmpireBow/CA_M_EmpBow_DamageWeak_L_F,DeleteBackingSource,,,,/Game/_Art/Enemies/HeinMach/Humanoids/Archer/Animations/PlaybackClips/A_EN_PLAY_AC_EmpireBow_DamageWeak_L_F
Archer,/Game/_Art/Enemies/HeinMach/Humanoids/Archer/Animations/SourceSequences/A_EN_SRC_CA_M_EmpBow_DamageWeak_R_F,BBQ/Content/_Kazan_/Art/Character/CHA_Model/Monster_Human/Adult/Adult_M/Animation/EmpireBow/CA_M_EmpBow_DamageWeak_R_F,DeleteBackingSource,,,,/Game/_Art/Enemies/HeinMach/Humanoids/Archer/Animations/PlaybackClips/A_EN_PLAY_AC_EmpireBow_DamageWeak_R_F
Archer,/Game/_Art/Enemies/HeinMach/Humanoids/Archer/Animations/SourceSequences/A_EN_SRC_CA_M_EmpBow_DamageWeak_U_F,BBQ/Content/_Kazan_/Art/Character/CHA_Model/Monster_Human/Adult/Adult_M/Animation/EmpireBow/CA_M_EmpBow_DamageWeak_U_F,DeleteBackingSource,,,,/Game/_Art/Enemies/HeinMach/Humanoids/Archer/Animations/PlaybackClips/A_EN_PLAY_AC_EmpireBow_DamageWeak_U_F
Archer,/Game/_Art/Enemies/HeinMach/Humanoids/Archer/Animations/SourceSequences/A_EN_SRC_CA_M_EmpBow_Die_F,BBQ/Content/_Kazan_/Art/Character/CHA_Model/Monster_Human/Adult/Adult_M/Animation/EmpireBow/CA_M_EmpBow_Die_F,DeleteBackingSource,,,,/Game/_Art/Enemies/HeinMach/Humanoids/Archer/Animations/PlaybackClips/A_EN_PLAY_AC_EmpireBow_Ground_Die_F | /Game/_Art/Enemies/HeinMach/Humanoids/Archer/Animations/PlaybackClips/A_EN_PLAY_AC_EmpireBow_Ground_Die_F_Wraith
Archer,/Game/_Art/Enemies/HeinMach/Humanoids/Archer/Animations/SourceSequences/A_EN_SRC_CA_M_EmpBow_Down_B_Loop,BBQ/Content/_Kazan_/Art/Character/CHA_Model/Monster_Human/Adult/Adult_M/Animation/EmpireBow/CA_M_EmpBow_Down_B_Loop,DeleteBackingSource,,,,/Game/_Art/Enemies/HeinMach/Humanoids/Archer/Animations/PlaybackClips/A_EN_PLAY_AC_EmpireBow_Down_Die_B | /Game/_Art/Enemies/HeinMach/Humanoids/Archer/Animations/PlaybackClips/A_EN_PLAY_AC_EmpireBow_Down_Die_B_Wraith | /Game/_Art/Enemies/HeinMach/Humanoids/Archer/Animations/PlaybackClips/A_EN_PLAY_AC_EmpireBow_Down_Loop_B
Archer,/Game/_Art/Enemies/HeinMach/Humanoids/Archer/Animations/SourceSequences/A_EN_SRC_CA_M_EmpBow_Down_F_Loop,BBQ/Content/_Kazan_/Art/Character/CHA_Model/Monster_Human/Adult/Adult_M/Animation/EmpireBow/CA_M_EmpBow_Down_F_Loop,DeleteBackingSource,,,,/Game/_Art/Enemies/HeinMach/Humanoids/Archer/Animations/PlaybackClips/A_EN_PLAY_AC_EmpireBow_Down_Die_F | /Game/_Art/Enemies/HeinMach/Humanoids/Archer/Animations/PlaybackClips/A_EN_PLAY_AC_EmpireBow_Down_Die_F_Wraith | /Game/_Art/Enemies/HeinMach/Humanoids/Archer/Animations/PlaybackClips/A_EN_PLAY_AC_EmpireBow_Down_Loop_F
Archer,/Game/_Art/Enemies/HeinMach/Humanoids/Archer/Animations/SourceSequences/A_EN_SRC_CA_M_EmpBow_FallDown_Loop,BBQ/Content/_Kazan_/Art/Character/CHA_Model/Monster_Human/Adult/Adult_M/Animation/EmpireBow/CA_M_EmpBow_FallDown_Loop,RetainOriginal,NoBakedPlaybackCoverage,,,
Archer,/Game/_Art/Enemies/HeinMach/Humanoids/Archer/Animations/SourceSequences/A_EN_SRC_CA_M_EmpBow_FallDown_Start,BBQ/Content/_Kazan_/Art/Character/CHA_Model/Monster_Human/Adult/Adult_M/Animation/EmpireBow/CA_M_EmpBow_FallDown_Start,RetainOriginal,NoBakedPlaybackCoverage,,,
Archer,/Game/_Art/Enemies/HeinMach/Humanoids/Archer/Animations/SourceSequences/A_EN_SRC_CA_M_EmpBow_FastShoot_Dodge_B,BBQ/Content/_Kazan_/Art/Character/CHA_Model/Monster_Human/Adult/Adult_M/Animation/EmpireBow/CA_M_EmpBow_FastShoot_Dodge_B,DeleteBackingSource,,,,/Game/_Art/Enemies/HeinMach/Humanoids/Archer/Animations/PlaybackClips/A_EN_PLAY_AC_EmpireBow_FastShoot_Dodge_B
Archer,/Game/_Art/Enemies/HeinMach/Humanoids/Archer/Animations/SourceSequences/A_EN_SRC_CA_M_EmpBow_FastShoot_Dodge_L,BBQ/Content/_Kazan_/Art/Character/CHA_Model/Monster_Human/Adult/Adult_M/Animation/EmpireBow/CA_M_EmpBow_FastShoot_Dodge_L,DeleteBackingSource,,,,/Game/_Art/Enemies/HeinMach/Humanoids/Archer/Animations/PlaybackClips/A_EN_PLAY_AC_EmpireBow_FastShoot_Dodge_L
Archer,/Game/_Art/Enemies/HeinMach/Humanoids/Archer/Animations/SourceSequences/A_EN_SRC_CA_M_EmpBow_FastShoot_Dodge_R,BBQ/Content/_Kazan_/Art/Character/CHA_Model/Monster_Human/Adult/Adult_M/Animation/EmpireBow/CA_M_EmpBow_FastShoot_Dodge_R,DeleteBackingSource,,,,/Game/_Art/Enemies/HeinMach/Humanoids/Archer/Animations/PlaybackClips/A_EN_PLAY_AC_EmpireBow_FastShoot_Dodge_R
Archer,/Game/_Art/Enemies/HeinMach/Humanoids/Archer/Animations/SourceSequences/A_EN_SRC_CA_M_EmpBow_FastShoot_Fail,BBQ/Content/_Kazan_/Art/Character/CHA_Model/Monster_Human/Adult/Adult_M/Animation/EmpireBow/CA_M_EmpBow_FastShoot_Fail,DeleteBackingSource,,,,/Game/_Art/Enemies/HeinMach/Humanoids/Archer/Animations/PlaybackClips/A_EN_PLAY_AC_EmpireBow_FastShoot_Fail
Archer,/Game/_Art/Enemies/HeinMach/Humanoids/Archer/Animations/SourceSequences/A_EN_SRC_CA_M_EmpBow_FastShoot_Shoot,BBQ/Content/_Kazan_/Art/Character/CHA_Model/Monster_Human/Adult/Adult_M/Animation/EmpireBow/CA_M_EmpBow_FastShoot_Shoot,DeleteBackingSource,,,,/Game/_Art/Enemies/HeinMach/Humanoids/Archer/Animations/PlaybackClips/A_EN_PLAY_AC_EmpireBow_FastShoot_Shoot
Archer,/Game/_Art/Enemies/HeinMach/Humanoids/Archer/Animations/SourceSequences/A_EN_SRC_CA_M_EmpBow_FootSword,BBQ/Content/_Kazan_/Art/Character/CHA_Model/Monster_Human/Adult/Adult_M/Animation/EmpireBow/CA_M_EmpBow_FootSword,DeleteBackingSource,,,,/Game/_Art/Enemies/HeinMach/Humanoids/Archer/Animations/PlaybackClips/A_EN_PLAY_AC_EmpireBow_UnEquip
Archer,/Game/_Art/Enemies/HeinMach/Humanoids/Archer/Animations/SourceSequences/A_EN_SRC_CA_M_EmpBow_Getup_B,BBQ/Content/_Kazan_/Art/Character/CHA_Model/Monster_Human/Adult/Adult_M/Animation/EmpireBow/CA_M_EmpBow_Getup_B,DeleteBackingSource,,,,/Game/_Art/Enemies/HeinMach/Humanoids/Archer/Animations/PlaybackClips/A_EN_PLAY_AC_EmpireBow_Getup_B
Archer,/Game/_Art/Enemies/HeinMach/Humanoids/Archer/Animations/SourceSequences/A_EN_SRC_CA_M_EmpBow_Getup_F,BBQ/Content/_Kazan_/Art/Character/CHA_Model/Monster_Human/Adult/Adult_M/Animation/EmpireBow/CA_M_EmpBow_Getup_F,DeleteBackingSource,,,,/Game/_Art/Enemies/HeinMach/Humanoids/Archer/Animations/PlaybackClips/A_EN_PLAY_AC_EmpireBow_Getup_F
Archer,/Game/_Art/Enemies/HeinMach/Humanoids/Archer/Animations/SourceSequences/A_EN_SRC_CA_M_EmpBow_Groggy_F_End,BBQ/Content/_Kazan_/Art/Character/CHA_Model/Monster_Human/Adult/Adult_M/Animation/EmpireBow/CA_M_EmpBow_Groggy_F_End,DeleteBackingSource,,,,/Game/_Art/Enemies/HeinMach/Humanoids/Archer/Animations/PlaybackClips/A_EN_PLAY_AC_EmpireBow_Groggy_End
Archer,/Game/_Art/Enemies/HeinMach/Humanoids/Archer/Animations/SourceSequences/A_EN_SRC_CA_M_EmpBow_Groggy_F_Loop,BBQ/Content/_Kazan_/Art/Character/CHA_Model/Monster_Human/Adult/Adult_M/Animation/EmpireBow/CA_M_EmpBow_Groggy_F_Loop,DeleteBackingSource,,,,/Game/_Art/Enemies/HeinMach/Humanoids/Archer/Animations/PlaybackClips/A_EN_PLAY_AC_EmpireBow_Groggy_Loop
Archer,/Game/_Art/Enemies/HeinMach/Humanoids/Archer/Animations/SourceSequences/A_EN_SRC_CA_M_EmpBow_Groggy_F_Start,BBQ/Content/_Kazan_/Art/Character/CHA_Model/Monster_Human/Adult/Adult_M/Animation/EmpireBow/CA_M_EmpBow_Groggy_F_Start,DeleteBackingSource,,,,/Game/_Art/Enemies/HeinMach/Humanoids/Archer/Animations/PlaybackClips/A_EN_PLAY_AC_EmpireBow_Groggy_Start
Archer,/Game/_Art/Enemies/HeinMach/Humanoids/Archer/Animations/SourceSequences/A_EN_SRC_CA_M_EmpBow_LockOnWalk_B,BBQ/Content/_Kazan_/Art/Character/CHA_Model/Monster_Human/Adult/Adult_M/Animation/EmpireBow/CA_M_EmpBow_LockOnWalk_B,RetainOriginal,OriginalDirectConsumerNotReplaced,,BBQ/Content/_Kazan_/Design/Monster/Human/Empire/EmpireBow/Moving/Move/BS_EmpireBow_LockOnMove:Properties.SampleData[0].Animation.ObjectPath,/Game/_Art/Enemies/HeinMach/Humanoids/Archer/Animations/PlaybackClips/A_EN_PLAY_AC_EmpireBow_LockOnWalk_B
Archer,/Game/_Art/Enemies/HeinMach/Humanoids/Archer/Animations/SourceSequences/A_EN_SRC_CA_M_EmpBow_LockOnWalk_B_Bellerian,BBQ/Content/_Kazan_/Art/Character/CHA_Model/Monster_Human/Adult/Adult_M/Animation/EmpireBow/CA_M_EmpBow_LockOnWalk_B_Bellerian,RetainOriginal,NoBakedPlaybackCoverage,,,
Archer,/Game/_Art/Enemies/HeinMach/Humanoids/Archer/Animations/SourceSequences/A_EN_SRC_CA_M_EmpBow_LockOnWalk_F,BBQ/Content/_Kazan_/Art/Character/CHA_Model/Monster_Human/Adult/Adult_M/Animation/EmpireBow/CA_M_EmpBow_LockOnWalk_F,RetainOriginal,OriginalDirectConsumerNotReplaced,,BBQ/Content/_Kazan_/Design/Monster/Human/Empire/EmpireBow/Moving/Move/BS_EmpireBow_LockOnMove:Properties.SampleData[3].Animation.ObjectPath,/Game/_Art/Enemies/HeinMach/Humanoids/Archer/Animations/PlaybackClips/A_EN_PLAY_AC_EmpireBow_LockOnWalk_F
Archer,/Game/_Art/Enemies/HeinMach/Humanoids/Archer/Animations/SourceSequences/A_EN_SRC_CA_M_EmpBow_LockOnWalk_F_Bellerian,BBQ/Content/_Kazan_/Art/Character/CHA_Model/Monster_Human/Adult/Adult_M/Animation/EmpireBow/CA_M_EmpBow_LockOnWalk_F_Bellerian,RetainOriginal,NoBakedPlaybackCoverage,,,
Archer,/Game/_Art/Enemies/HeinMach/Humanoids/Archer/Animations/SourceSequences/A_EN_SRC_CA_M_EmpBow_LockOnWalk_L,BBQ/Content/_Kazan_/Art/Character/CHA_Model/Monster_Human/Adult/Adult_M/Animation/EmpireBow/CA_M_EmpBow_LockOnWalk_L,RetainOriginal,OriginalDirectConsumerNotReplaced,,BBQ/Content/_Kazan_/Design/Monster/Human/Empire/EmpireBow/Moving/Move/BS_EmpireBow_LockOnMove:Properties.SampleData[1].Animation.ObjectPath,/Game/_Art/Enemies/HeinMach/Humanoids/Archer/Animations/PlaybackClips/A_EN_PLAY_AC_EmpireBow_LockOnWalk_L
Archer,/Game/_Art/Enemies/HeinMach/Humanoids/Archer/Animations/SourceSequences/A_EN_SRC_CA_M_EmpBow_LockOnWalk_L_Bellerian,BBQ/Content/_Kazan_/Art/Character/CHA_Model/Monster_Human/Adult/Adult_M/Animation/EmpireBow/CA_M_EmpBow_LockOnWalk_L_Bellerian,RetainOriginal,NoBakedPlaybackCoverage,,,
Archer,/Game/_Art/Enemies/HeinMach/Humanoids/Archer/Animations/SourceSequences/A_EN_SRC_CA_M_EmpBow_LockOnWalk_R,BBQ/Content/_Kazan_/Art/Character/CHA_Model/Monster_Human/Adult/Adult_M/Animation/EmpireBow/CA_M_EmpBow_LockOnWalk_R,RetainOriginal,OriginalDirectConsumerNotReplaced,,BBQ/Content/_Kazan_/Design/Monster/Human/Empire/EmpireBow/Moving/Move/BS_EmpireBow_LockOnMove:Properties.SampleData[2].Animation.ObjectPath,/Game/_Art/Enemies/HeinMach/Humanoids/Archer/Animations/PlaybackClips/A_EN_PLAY_AC_EmpireBow_LockOnWalk_R
Archer,/Game/_Art/Enemies/HeinMach/Humanoids/Archer/Animations/SourceSequences/A_EN_SRC_CA_M_EmpBow_LockOnWalk_R_Bellerian,BBQ/Content/_Kazan_/Art/Character/CHA_Model/Monster_Human/Adult/Adult_M/Animation/EmpireBow/CA_M_EmpBow_LockOnWalk_R_Bellerian,RetainOriginal,NoBakedPlaybackCoverage,,,
Archer,/Game/_Art/Enemies/HeinMach/Humanoids/Archer/Animations/SourceSequences/A_EN_SRC_CA_M_EmpBow_NoBattleChairSit_End_01,BBQ/Content/_Kazan_/Art/Character/CHA_Model/Monster_Human/Adult/Adult_M/Animation/EmpireBow/CA_M_EmpBow_NoBattleChairSit_End_01,DeleteBackingSource,,,,/Game/_Art/Enemies/HeinMach/Humanoids/Archer/Animations/PlaybackClips/A_EN_PLAY_AC_EmpireBow_Basic_ChairSit_End_01
Archer,/Game/_Art/Enemies/HeinMach/Humanoids/Archer/Animations/SourceSequences/A_EN_SRC_CA_M_EmpBow_NoBattleChairSit_Loop_01,BBQ/Content/_Kazan_/Art/Character/CHA_Model/Monster_Human/Adult/Adult_M/Animation/EmpireBow/CA_M_EmpBow_NoBattleChairSit_Loop_01,DeleteBackingSource,,,,/Game/_Art/Enemies/HeinMach/Humanoids/Archer/Animations/PlaybackClips/A_EN_PLAY_AC_EmpireBow_Basic_ChairSit_Loop_01
Archer,/Game/_Art/Enemies/HeinMach/Humanoids/Archer/Animations/SourceSequences/A_EN_SRC_CA_M_EmpBow_NoBattleGuard_End_01,BBQ/Content/_Kazan_/Art/Character/CHA_Model/Monster_Human/Adult/Adult_M/Animation/EmpireBow/CA_M_EmpBow_NoBattleGuard_End_01,DeleteBackingSource,,,,/Game/_Art/Enemies/HeinMach/Humanoids/Archer/Animations/PlaybackClips/A_EN_PLAY_AC_EmpireBow_Basic_Guard_End_01
Archer,/Game/_Art/Enemies/HeinMach/Humanoids/Archer/Animations/SourceSequences/A_EN_SRC_CA_M_EmpBow_NoBattleGuard_Loop_01,BBQ/Content/_Kazan_/Art/Character/CHA_Model/Monster_Human/Adult/Adult_M/Animation/EmpireBow/CA_M_EmpBow_NoBattleGuard_Loop_01,DeleteBackingSource,,,,/Game/_Art/Enemies/HeinMach/Humanoids/Archer/Animations/PlaybackClips/A_EN_PLAY_AC_EmpireBow_Basic_Guard_Loop_01
Archer,/Game/_Art/Enemies/HeinMach/Humanoids/Archer/Animations/SourceSequences/A_EN_SRC_CA_M_EmpBow_NoBattleSearch_End_02,BBQ/Content/_Kazan_/Art/Character/CHA_Model/Monster_Human/Adult/Adult_M/Animation/EmpireBow/CA_M_EmpBow_NoBattleSearch_End_02,RetainOriginal,OriginalDirectConsumerNotReplaced | NoBakedPlaybackCoverage,,BBQ/Content/_Kazan_/Design/Monster/Human/Empire/EmpireBow/Moving/Reaction/AC_EmpireBow_Basic_Search_End_01:Properties.AnimationTrack.AnimSegments[0].AnimReference.ObjectPath,
Archer,/Game/_Art/Enemies/HeinMach/Humanoids/Archer/Animations/SourceSequences/A_EN_SRC_CA_M_EmpBow_NoBattleSearch_Loop_02,BBQ/Content/_Kazan_/Art/Character/CHA_Model/Monster_Human/Adult/Adult_M/Animation/EmpireBow/CA_M_EmpBow_NoBattleSearch_Loop_02,DeleteBackingSource,,,,/Game/_Art/Enemies/HeinMach/Humanoids/Archer/Animations/PlaybackClips/A_EN_PLAY_AC_EmpireBow_Basic_Search_Loop_01
Archer,/Game/_Art/Enemies/HeinMach/Humanoids/Archer/Animations/SourceSequences/A_EN_SRC_CA_M_EmpBow_NoBattleSit_End_01,BBQ/Content/_Kazan_/Art/Character/CHA_Model/Monster_Human/Adult/Adult_M/Animation/EmpireBow/CA_M_EmpBow_NoBattleSit_End_01,DeleteBackingSource,,,,/Game/_Art/Enemies/HeinMach/Humanoids/Archer/Animations/PlaybackClips/A_EN_PLAY_AC_EmpireBow_Basic_Sit_End_01
Archer,/Game/_Art/Enemies/HeinMach/Humanoids/Archer/Animations/SourceSequences/A_EN_SRC_CA_M_EmpBow_NoBattleSit_Loop_01,BBQ/Content/_Kazan_/Art/Character/CHA_Model/Monster_Human/Adult/Adult_M/Animation/EmpireBow/CA_M_EmpBow_NoBattleSit_Loop_01,DeleteBackingSource,,,,/Game/_Art/Enemies/HeinMach/Humanoids/Archer/Animations/PlaybackClips/A_EN_PLAY_AC_EmpireBow_Basic_Sit_Loop_01
Archer,/Game/_Art/Enemies/HeinMach/Humanoids/Archer/Animations/SourceSequences/A_EN_SRC_CA_M_EmpBow_NoBattleTalk_End_01,BBQ/Content/_Kazan_/Art/Character/CHA_Model/Monster_Human/Adult/Adult_M/Animation/EmpireBow/CA_M_EmpBow_NoBattleTalk_End_01,DeleteBackingSource,,,,/Game/_Art/Enemies/HeinMach/Humanoids/Archer/Animations/PlaybackClips/A_EN_PLAY_AC_EmirepBow_Basic_Talk_End_01
Archer,/Game/_Art/Enemies/HeinMach/Humanoids/Archer/Animations/SourceSequences/A_EN_SRC_CA_M_EmpBow_NoBattleTalk_Loop_01,BBQ/Content/_Kazan_/Art/Character/CHA_Model/Monster_Human/Adult/Adult_M/Animation/EmpireBow/CA_M_EmpBow_NoBattleTalk_Loop_01,DeleteBackingSource,,,,/Game/_Art/Enemies/HeinMach/Humanoids/Archer/Animations/PlaybackClips/A_EN_PLAY_AC_EmirepBow_Basic_Talk_Loop_01
Archer,/Game/_Art/Enemies/HeinMach/Humanoids/Archer/Animations/SourceSequences/A_EN_SRC_CA_M_EmpBow_NoBattle_Basic_End_01,BBQ/Content/_Kazan_/Art/Character/CHA_Model/Monster_Human/Adult/Adult_M/Animation/EmpireBow/CA_M_EmpBow_NoBattle_Basic_End_01,DeleteBackingSource,,,,/Game/_Art/Enemies/HeinMach/Humanoids/Archer/Animations/PlaybackClips/A_EN_PLAY_AC_EmpireBow_Basic_End_01
Archer,/Game/_Art/Enemies/HeinMach/Humanoids/Archer/Animations/SourceSequences/A_EN_SRC_CA_M_EmpBow_NoBattle_Basic_Loop_01,BBQ/Content/_Kazan_/Art/Character/CHA_Model/Monster_Human/Adult/Adult_M/Animation/EmpireBow/CA_M_EmpBow_NoBattle_Basic_Loop_01,DeleteBackingSource,,,,/Game/_Art/Enemies/HeinMach/Humanoids/Archer/Animations/PlaybackClips/A_EN_PLAY_AC_EmpireBow_Basic_Loop_01
Archer,/Game/_Art/Enemies/HeinMach/Humanoids/Archer/Animations/SourceSequences/A_EN_SRC_CA_M_EmpBow_Run_F,BBQ/Content/_Kazan_/Art/Character/CHA_Model/Monster_Human/Adult/Adult_M/Animation/EmpireBow/CA_M_EmpBow_Run_F,RetainOriginal,OriginalDirectConsumerNotReplaced,,BBQ/Content/_Kazan_/Design/Monster/Human/Empire/EmpireBow/Moving/Move/BS_EmpireBow_NormalMove:Properties.SampleData[1].Animation.ObjectPath,/Game/_Art/Enemies/HeinMach/Humanoids/Archer/Animations/PlaybackClips/A_EN_PLAY_AC_EmpireBow_Run_F
Archer,/Game/_Art/Enemies/HeinMach/Humanoids/Archer/Animations/SourceSequences/A_EN_SRC_CA_M_EmpBow_Run_F_Bellerian,BBQ/Content/_Kazan_/Art/Character/CHA_Model/Monster_Human/Adult/Adult_M/Animation/EmpireBow/CA_M_EmpBow_Run_F_Bellerian,RetainOriginal,NoBakedPlaybackCoverage,,,
Archer,/Game/_Art/Enemies/HeinMach/Humanoids/Archer/Animations/SourceSequences/A_EN_SRC_CA_M_EmpBow_Run_Peace_F,BBQ/Content/_Kazan_/Art/Character/CHA_Model/Monster_Human/Adult/Adult_M/Animation/EmpireBow/CA_M_EmpBow_Run_Peace_F,RetainOriginal,OriginalDirectConsumerNotReplaced | NoBakedPlaybackCoverage,,BBQ/Content/_Kazan_/Design/Monster/Human/Empire/EmpireBow/Moving/Move/BS_EmpireBow_PeaceMove:Properties.SampleData[2].Animation.ObjectPath,
Archer,/Game/_Art/Enemies/HeinMach/Humanoids/Archer/Animations/SourceSequences/A_EN_SRC_CA_M_EmpBow_Stand_F,BBQ/Content/_Kazan_/Art/Character/CHA_Model/Monster_Human/Adult/Adult_M/Animation/EmpireBow/CA_M_EmpBow_Stand_F,RetainOriginal,OriginalDirectConsumerNotReplaced,,BBQ/Content/_Kazan_/Design/Monster/Human/Empire/EmpireBow/Moving/Move/BS_EmpireBow_LockOnMove:Properties.SampleData[4].Animation.ObjectPath | BBQ/Content/_Kazan_/Design/Monster/Human/Empire/EmpireBow/Moving/Move/BS_EmpireBow_NormalMove:Properties.SampleData[0].Animation.ObjectPath,/Game/_Art/Enemies/HeinMach/Humanoids/Archer/Animations/PlaybackClips/A_EN_PLAY_AC_EmpireBow_Stand_F | /Game/_Art/Enemies/HeinMach/Humanoids/Archer/Animations/PlaybackClips/A_EN_PLAY_AC_EmpireBow_DestroyObject_End | /Game/_Art/Enemies/HeinMach/Humanoids/Archer/Animations/PlaybackClips/A_EN_PLAY_AC_EmpireBow_BasicShoot_End | /Game/_Art/Enemies/HeinMach/Humanoids/Archer/Animations/PlaybackClips/A_EN_PLAY_AC_EmpireBow_BasicShoot_Stand | /Game/_Art/Enemies/HeinMach/Humanoids/Archer/Animations/PlaybackClips/A_EN_PLAY_AC_EmpireBow_FastShoot_Start | /Game/_Art/Enemies/HeinMach/Humanoids/Archer/Animations/PlaybackClips/A_EN_PLAY_AC_EmpireBow_TunrKick_Start
Archer,/Game/_Art/Enemies/HeinMach/Humanoids/Archer/Animations/SourceSequences/A_EN_SRC_CA_M_EmpBow_Stand_Peace_F,BBQ/Content/_Kazan_/Art/Character/CHA_Model/Monster_Human/Adult/Adult_M/Animation/EmpireBow/CA_M_EmpBow_Stand_Peace_F,RetainOriginal,OriginalDirectConsumerNotReplaced,,BBQ/Content/_Kazan_/Design/Monster/Human/Empire/EmpireBow/Moving/Move/BS_EmpireBow_PeaceMove:Properties.SampleData[1].Animation.ObjectPath,/Game/_Art/Enemies/HeinMach/Humanoids/Archer/Animations/PlaybackClips/A_EN_PLAY_AC_EmpireBow_Stand_Peace
Archer,/Game/_Art/Enemies/HeinMach/Humanoids/Archer/Animations/SourceSequences/A_EN_SRC_CA_M_EmpBow_TurnKick_Attack,BBQ/Content/_Kazan_/Art/Character/CHA_Model/Monster_Human/Adult/Adult_M/Animation/EmpireBow/CA_M_EmpBow_TurnKick_Attack,DeleteBackingSource,,,,/Game/_Art/Enemies/HeinMach/Humanoids/Archer/Animations/PlaybackClips/A_EN_PLAY_AC_EmpireBow_TurnKick_DestroyObject | /Game/_Art/Enemies/HeinMach/Humanoids/Archer/Animations/PlaybackClips/A_EN_PLAY_AC_EmpireBow_TurnKick_Attack
Archer,/Game/_Art/Enemies/HeinMach/Humanoids/Archer/Animations/SourceSequences/A_EN_SRC_CA_M_EmpBow_TurnKick_Move,BBQ/Content/_Kazan_/Art/Character/CHA_Model/Monster_Human/Adult/Adult_M/Animation/EmpireBow/CA_M_EmpBow_TurnKick_Move,DeleteBackingSource,,,,/Game/_Art/Enemies/HeinMach/Humanoids/Archer/Animations/PlaybackClips/A_EN_PLAY_AC_EmpireBow_TurnKick_Move
Archer,/Game/_Art/Enemies/HeinMach/Humanoids/Archer/Animations/SourceSequences/A_EN_SRC_CA_M_EmpBow_Turn_L,BBQ/Content/_Kazan_/Art/Character/CHA_Model/Monster_Human/Adult/Adult_M/Animation/EmpireBow/CA_M_EmpBow_Turn_L,DeleteBackingSource,,,,/Game/_Art/Enemies/HeinMach/Humanoids/Archer/Animations/PlaybackClips/A_EN_PLAY_AC_EmpireBow_Turn_L
Archer,/Game/_Art/Enemies/HeinMach/Humanoids/Archer/Animations/SourceSequences/A_EN_SRC_CA_M_EmpBow_Turn_L_180,BBQ/Content/_Kazan_/Art/Character/CHA_Model/Monster_Human/Adult/Adult_M/Animation/EmpireBow/CA_M_EmpBow_Turn_L_180,DeleteBackingSource,,,,/Game/_Art/Enemies/HeinMach/Humanoids/Archer/Animations/PlaybackClips/A_EN_PLAY_AC_EmpireBow_Turn_L_180
Archer,/Game/_Art/Enemies/HeinMach/Humanoids/Archer/Animations/SourceSequences/A_EN_SRC_CA_M_EmpBow_Turn_Peace_L,BBQ/Content/_Kazan_/Art/Character/CHA_Model/Monster_Human/Adult/Adult_M/Animation/EmpireBow/CA_M_EmpBow_Turn_Peace_L,DeleteBackingSource,,,,/Game/_Art/Enemies/HeinMach/Humanoids/Archer/Animations/PlaybackClips/A_EN_PLAY_AC_EmpireBow_Turn_L_Peace
Archer,/Game/_Art/Enemies/HeinMach/Humanoids/Archer/Animations/SourceSequences/A_EN_SRC_CA_M_EmpBow_Turn_Peace_L_180,BBQ/Content/_Kazan_/Art/Character/CHA_Model/Monster_Human/Adult/Adult_M/Animation/EmpireBow/CA_M_EmpBow_Turn_Peace_L_180,DeleteBackingSource,,,,/Game/_Art/Enemies/HeinMach/Humanoids/Archer/Animations/PlaybackClips/A_EN_PLAY_AC_EmpireBow_Turn_L_Peace_180
Archer,/Game/_Art/Enemies/HeinMach/Humanoids/Archer/Animations/SourceSequences/A_EN_SRC_CA_M_EmpBow_Turn_Peace_R,BBQ/Content/_Kazan_/Art/Character/CHA_Model/Monster_Human/Adult/Adult_M/Animation/EmpireBow/CA_M_EmpBow_Turn_Peace_R,DeleteBackingSource,,,,/Game/_Art/Enemies/HeinMach/Humanoids/Archer/Animations/PlaybackClips/A_EN_PLAY_AC_EmpireBow_Turn_R_Peace
Archer,/Game/_Art/Enemies/HeinMach/Humanoids/Archer/Animations/SourceSequences/A_EN_SRC_CA_M_EmpBow_Turn_Peace_R_180,BBQ/Content/_Kazan_/Art/Character/CHA_Model/Monster_Human/Adult/Adult_M/Animation/EmpireBow/CA_M_EmpBow_Turn_Peace_R_180,DeleteBackingSource,,,,/Game/_Art/Enemies/HeinMach/Humanoids/Archer/Animations/PlaybackClips/A_EN_PLAY_AC_EmpireBow_Turn_R_Peace_180
Archer,/Game/_Art/Enemies/HeinMach/Humanoids/Archer/Animations/SourceSequences/A_EN_SRC_CA_M_EmpBow_Turn_R,BBQ/Content/_Kazan_/Art/Character/CHA_Model/Monster_Human/Adult/Adult_M/Animation/EmpireBow/CA_M_EmpBow_Turn_R,RetainOriginal,NoBakedPlaybackCoverage,,,
Archer,/Game/_Art/Enemies/HeinMach/Humanoids/Archer/Animations/SourceSequences/A_EN_SRC_CA_M_EmpBow_Turn_R_180,BBQ/Content/_Kazan_/Art/Character/CHA_Model/Monster_Human/Adult/Adult_M/Animation/EmpireBow/CA_M_EmpBow_Turn_R_180,DeleteBackingSource,,,,/Game/_Art/Enemies/HeinMach/Humanoids/Archer/Animations/PlaybackClips/A_EN_PLAY_AC_EmpireBow_Turn_R_180
Archer,/Game/_Art/Enemies/HeinMach/Humanoids/Archer/Animations/SourceSequences/A_EN_SRC_CA_M_EmpBow_Walk_F,BBQ/Content/_Kazan_/Art/Character/CHA_Model/Monster_Human/Adult/Adult_M/Animation/EmpireBow/CA_M_EmpBow_Walk_F,RetainOriginal,OriginalDirectConsumerNotReplaced,,BBQ/Content/_Kazan_/Design/Monster/Human/Empire/EmpireBow/Moving/Move/BS_EmpireBow_NormalMove:Properties.SampleData[2].Animation.ObjectPath,/Game/_Art/Enemies/HeinMach/Humanoids/Archer/Animations/PlaybackClips/A_EN_PLAY_AC_EmpireBow_Walk_F
Archer,/Game/_Art/Enemies/HeinMach/Humanoids/Archer/Animations/SourceSequences/A_EN_SRC_CA_M_EmpBow_Walk_F_Bellerian,BBQ/Content/_Kazan_/Art/Character/CHA_Model/Monster_Human/Adult/Adult_M/Animation/EmpireBow/CA_M_EmpBow_Walk_F_Bellerian,RetainOriginal,NoBakedPlaybackCoverage,,,
Archer,/Game/_Art/Enemies/HeinMach/Humanoids/Archer/Animations/SourceSequences/A_EN_SRC_CA_M_EmpBow_Walk_Peace_F,BBQ/Content/_Kazan_/Art/Character/CHA_Model/Monster_Human/Adult/Adult_M/Animation/EmpireBow/CA_M_EmpBow_Walk_Peace_F,RetainOriginal,OriginalDirectConsumerNotReplaced | NoBakedPlaybackCoverage,,BBQ/Content/_Kazan_/Design/Monster/Human/Empire/EmpireBow/Moving/Move/BS_EmpireBow_PeaceMove:Properties.SampleData[0].Animation.ObjectPath,
Archer,/Game/_Art/Enemies/HeinMach/Humanoids/Archer/Animations/SourceSequences/A_EN_SRC_CA_M_Human_Adult_M_EmpireBow_Vigilant_FreakOut_Equip,BBQ/Content/_Kazan_/Art/Character/CHA_Model/Monster_Human/Adult/Adult_M/Animation/EmpireBow/CA_M_Human_Adult_M_EmpireBow_Vigilant_FreakOut_Equip,DeleteBackingSource,,,,/Game/_Art/Enemies/HeinMach/Humanoids/Archer/Animations/PlaybackClips/A_EN_PLAY_AC_EmpireBow_Vigilant_FreakOut_Armed
Archer,/Game/_Art/Enemies/HeinMach/Humanoids/Archer/Animations/SourceSequences/A_EN_SRC_CA_M_Human_Adult_M_EmpireBow_Vigilant_FreakOut_UnEquip,BBQ/Content/_Kazan_/Art/Character/CHA_Model/Monster_Human/Adult/Adult_M/Animation/EmpireBow/CA_M_Human_Adult_M_EmpireBow_Vigilant_FreakOut_UnEquip,DeleteBackingSource,,,,/Game/_Art/Enemies/HeinMach/Humanoids/Archer/Animations/PlaybackClips/A_EN_PLAY_AC_EmpireBow_Vigilant_FreakOut_UnArmed
Archer,/Game/_Art/Enemies/HeinMach/Humanoids/Archer/Animations/SourceSequences/A_EN_SRC_CA_M_Human_Adult_M_EmpireBow_Vigilant_LookAround,BBQ/Content/_Kazan_/Art/Character/CHA_Model/Monster_Human/Adult/Adult_M/Animation/EmpireBow/CA_M_Human_Adult_M_EmpireBow_Vigilant_LookAround,DeleteBackingSource,,,,/Game/_Art/Enemies/HeinMach/Humanoids/Archer/Animations/PlaybackClips/A_EN_PLAY_AC_EmpireBow_Vigilant_LookAround
Archer,/Game/_Art/Enemies/HeinMach/Humanoids/Archer/Animations/SourceSequences/A_EN_SRC_CA_M_EmpBow_BackShoot_1f625cc7,BBQ/Content/_Kazan_/Art/Character/CHA_Model/Monster_Human/Adult/Adult_M/Animation/EmpireBow/Weapon/CA_M_EmpBow_BackShoot,RetainOriginal,OriginalDirectConsumerNotReplaced | NoBakedPlaybackCoverage,,BBQ/Content/_Kazan_/Design/Monster/Human/Empire/EmpireBow/Skill/03_BackShoot/AC_EmpireBow_BackShoot:Properties.Animations[0].DefaultWeaponAnimation.AssetPathName | BBQ/Content/_Kazan_/Design/Monster/Human/Empire/EmpireBow/Skill/03_BackShoot/AC_EmpireBow_BackShoot:Properties.Animations[0].DefaultWeaponAnimation.AssetPathName | BBQ/Content/_Kazan_/Design/Monster/Human/Empire/EmpireBow/Skill/03_BackShoot/AC_EmpireBow_BackShoot:Properties.Animations[0].DefaultWeaponAnimation.AssetPathName,
Archer,/Game/_Art/Enemies/HeinMach/Humanoids/Archer/Animations/SourceSequences/A_EN_SRC_CA_M_EmpBow_BasicShoot_End_33ccd390,BBQ/Content/_Kazan_/Art/Character/CHA_Model/Monster_Human/Adult/Adult_M/Animation/EmpireBow/Weapon/CA_M_EmpBow_BasicShoot_End,RetainOriginal,OriginalDirectConsumerNotReplaced | NoBakedPlaybackCoverage,,BBQ/Content/_Kazan_/Design/Monster/Human/Empire/EmpireBow/Skill/00_DestroyObject/AC_EmpireBow_DestroyObject_End:Properties.Animations[0].DefaultWeaponAnimation.AssetPathName | BBQ/Content/_Kazan_/Design/Monster/Human/Empire/EmpireBow/Skill/00_DestroyObject/AC_EmpireBow_DestroyObject_End:Properties.Animations[0].DefaultWeaponAnimation.AssetPathName | BBQ/Content/_Kazan_/Design/Monster/Human/Empire/EmpireBow/Skill/00_DestroyObject/AC_EmpireBow_DestroyObject_End:Properties.Animations[0].DefaultWeaponAnimation.AssetPathName | BBQ/Content/_Kazan_/Design/Monster/Human/Empire/EmpireBow/Skill/01_BasicShoot/AC_EmpireBow_BasicShoot_End:Properties.Animations[0].DefaultWeaponAnimation.AssetPathName | BBQ/Content/_Kazan_/Design/Monster/Human/Empire/EmpireBow/Skill/01_BasicShoot/AC_EmpireBow_BasicShoot_End:Properties.Animations[0].DefaultWeaponAnimation.AssetPathName | BBQ/Content/_Kazan_/Design/Monster/Human/Empire/EmpireBow/Skill/01_BasicShoot/AC_EmpireBow_BasicShoot_End:Properties.Animations[0].DefaultWeaponAnimation.AssetPathName,
Archer,/Game/_Art/Enemies/HeinMach/Humanoids/Archer/Animations/SourceSequences/A_EN_SRC_CA_M_EmpBow_BasicShoot_Fail_86fade44,BBQ/Content/_Kazan_/Art/Character/CHA_Model/Monster_Human/Adult/Adult_M/Animation/EmpireBow/Weapon/CA_M_EmpBow_BasicShoot_Fail,RetainOriginal,OriginalDirectConsumerNotReplaced | NoBakedPlaybackCoverage,,BBQ/Content/_Kazan_/Design/Monster/Human/Empire/EmpireBow/Skill/01_BasicShoot/AC_EmpireBow_BasicShoot_Fail:Properties.Animations[0].DefaultWeaponAnimation.AssetPathName | BBQ/Content/_Kazan_/Design/Monster/Human/Empire/EmpireBow/Skill/01_BasicShoot/AC_EmpireBow_BasicShoot_Fail:Properties.Animations[0].DefaultWeaponAnimation.AssetPathName | BBQ/Content/_Kazan_/Design/Monster/Human/Empire/EmpireBow/Skill/01_BasicShoot/AC_EmpireBow_BasicShoot_Fail:Properties.Animations[0].DefaultWeaponAnimation.AssetPathName,
Archer,/Game/_Art/Enemies/HeinMach/Humanoids/Archer/Animations/SourceSequences/A_EN_SRC_CA_M_EmpBow_BasicShoot_Loop_8bb22b86,BBQ/Content/_Kazan_/Art/Character/CHA_Model/Monster_Human/Adult/Adult_M/Animation/EmpireBow/Weapon/CA_M_EmpBow_BasicShoot_Loop,RetainOriginal,OriginalDirectConsumerNotReplaced | NoBakedPlaybackCoverage,,BBQ/Content/_Kazan_/Design/Monster/Human/Empire/EmpireBow/Skill/00_DestroyObject/AC_EmpireBow_DestroyObject_Loop:Properties.Animations[0].DefaultWeaponAnimation.AssetPathName | BBQ/Content/_Kazan_/Design/Monster/Human/Empire/EmpireBow/Skill/00_DestroyObject/AC_EmpireBow_DestroyObject_Loop:Properties.Animations[0].DefaultWeaponAnimation.AssetPathName | BBQ/Content/_Kazan_/Design/Monster/Human/Empire/EmpireBow/Skill/00_DestroyObject/AC_EmpireBow_DestroyObject_Loop:Properties.Animations[0].DefaultWeaponAnimation.AssetPathName | BBQ/Content/_Kazan_/Design/Monster/Human/Empire/EmpireBow/Skill/01_BasicShoot/AC_EmpireBow_BasicShoot_Loop:Properties.Animations[0].DefaultWeaponAnimation.AssetPathName | BBQ/Content/_Kazan_/Design/Monster/Human/Empire/EmpireBow/Skill/01_BasicShoot/AC_EmpireBow_BasicShoot_Loop:Properties.Animations[0].DefaultWeaponAnimation.AssetPathName | BBQ/Content/_Kazan_/Design/Monster/Human/Empire/EmpireBow/Skill/01_BasicShoot/AC_EmpireBow_BasicShoot_Loop:Properties.Animations[0].DefaultWeaponAnimation.AssetPathName,
Archer,/Game/_Art/Enemies/HeinMach/Humanoids/Archer/Animations/SourceSequences/A_EN_SRC_CA_M_EmpBow_BasicShoot_Start_b426c792,BBQ/Content/_Kazan_/Art/Character/CHA_Model/Monster_Human/Adult/Adult_M/Animation/EmpireBow/Weapon/CA_M_EmpBow_BasicShoot_Start,RetainOriginal,OriginalDirectConsumerNotReplaced | NoBakedPlaybackCoverage,,BBQ/Content/_Kazan_/Design/Monster/Human/Empire/EmpireBow/Skill/00_DestroyObject/AC_EmpireBow_DestroyObject_Start:Properties.Animations[0].DefaultWeaponAnimation.AssetPathName | BBQ/Content/_Kazan_/Design/Monster/Human/Empire/EmpireBow/Skill/00_DestroyObject/AC_EmpireBow_DestroyObject_Start:Properties.Animations[0].DefaultWeaponAnimation.AssetPathName | BBQ/Content/_Kazan_/Design/Monster/Human/Empire/EmpireBow/Skill/00_DestroyObject/AC_EmpireBow_DestroyObject_Start:Properties.Animations[0].DefaultWeaponAnimation.AssetPathName | BBQ/Content/_Kazan_/Design/Monster/Human/Empire/EmpireBow/Skill/01_BasicShoot/AC_EmpireBow_BasicShoot_Start:Properties.Animations[0].DefaultWeaponAnimation.AssetPathName | BBQ/Content/_Kazan_/Design/Monster/Human/Empire/EmpireBow/Skill/01_BasicShoot/AC_EmpireBow_BasicShoot_Start:Properties.Animations[0].DefaultWeaponAnimation.AssetPathName | BBQ/Content/_Kazan_/Design/Monster/Human/Empire/EmpireBow/Skill/01_BasicShoot/AC_EmpireBow_BasicShoot_Start:Properties.Animations[0].DefaultWeaponAnimation.AssetPathName,
Archer,/Game/_Art/Enemies/HeinMach/Humanoids/Archer/Animations/SourceSequences/A_EN_SRC_CA_M_EmpBow_CarryASword_9fcea314,BBQ/Content/_Kazan_/Art/Character/CHA_Model/Monster_Human/Adult/Adult_M/Animation/EmpireBow/Weapon/CA_M_EmpBow_CarryASword,RetainOriginal,OriginalDirectConsumerNotReplaced | NoBakedPlaybackCoverage,,BBQ/Content/_Kazan_/Art/Character/CHA_Model/Monster_Human/Adult/Adult_M/Animation/EmpireBow/CA_M_EmpBow_CarryASword:Properties.Animations[0].DefaultWeaponAnimation.AssetPathName | BBQ/Content/_Kazan_/Design/Monster/Human/Empire/EmpireBow/Moving/PeaceIdle/AC_EmpireBow_Equip:Properties.Animations[0].DefaultWeaponAnimation.AssetPathName,
Archer,/Game/_Art/Enemies/HeinMach/Humanoids/Archer/Animations/SourceSequences/A_EN_SRC_CA_M_EmpBow_CarryASword_Turn_L_41f192a1,BBQ/Content/_Kazan_/Art/Character/CHA_Model/Monster_Human/Adult/Adult_M/Animation/EmpireBow/Weapon/CA_M_EmpBow_CarryASword_Turn_L,RetainOriginal,OriginalDirectConsumerNotReplaced | NoBakedPlaybackCoverage,,BBQ/Content/_Kazan_/Art/Character/CHA_Model/Monster_Human/Adult/Adult_M/Animation/EmpireBow/CA_M_EmpBow_CarryASword_Turn_L:Properties.Animations[0].DefaultWeaponAnimation.AssetPathName | BBQ/Content/_Kazan_/Design/Monster/Human/Empire/EmpireBow/Moving/PeaceIdle/AC_EmpireBow_Equip_Turn_L:Properties.Animations[0].DefaultWeaponAnimation.AssetPathName,
Archer,/Game/_Art/Enemies/HeinMach/Humanoids/Archer/Animations/SourceSequences/A_EN_SRC_CA_M_EmpBow_CarryASword_Turn_R_3aba0c23,BBQ/Content/_Kazan_/Art/Character/CHA_Model/Monster_Human/Adult/Adult_M/Animation/EmpireBow/Weapon/CA_M_EmpBow_CarryASword_Turn_R,RetainOriginal,OriginalDirectConsumerNotReplaced | NoBakedPlaybackCoverage,,BBQ/Content/_Kazan_/Art/Character/CHA_Model/Monster_Human/Adult/Adult_M/Animation/EmpireBow/CA_M_EmpBow_CarryASword_Turn_R:Properties.Animations[0].DefaultWeaponAnimation.AssetPathName | BBQ/Content/_Kazan_/Design/Monster/Human/Empire/EmpireBow/Moving/PeaceIdle/AC_EmpireBow_Equip_Turn_R:Properties.Animations[0].DefaultWeaponAnimation.AssetPathName,
Archer,/Game/_Art/Enemies/HeinMach/Humanoids/Archer/Animations/SourceSequences/A_EN_SRC_CA_M_EmpBow_Die_F_c3121f23,BBQ/Content/_Kazan_/Art/Character/CHA_Model/Monster_Human/Adult/Adult_M/Animation/EmpireBow/Weapon/CA_M_EmpBow_Die_F,DeleteBackingSource,,,,/Game/_Art/Enemies/HeinMach/Humanoids/Archer/Animations/PlaybackClips/A_EN_PLAY_AC_CA_M_EmpBow_Die_F
Archer,/Game/_Art/Enemies/HeinMach/Humanoids/Archer/Animations/SourceSequences/A_EN_SRC_CA_M_EmpBow_Down_B_Loop_92a9c1b9,BBQ/Content/_Kazan_/Art/Character/CHA_Model/Monster_Human/Adult/Adult_M/Animation/EmpireBow/Weapon/CA_M_EmpBow_Down_B_Loop,RetainOriginal,NoBakedPlaybackCoverage,,,
Archer,/Game/_Art/Enemies/HeinMach/Humanoids/Archer/Animations/SourceSequences/A_EN_SRC_CA_M_EmpBow_Down_F_Loop_489d380f,BBQ/Content/_Kazan_/Art/Character/CHA_Model/Monster_Human/Adult/Adult_M/Animation/EmpireBow/Weapon/CA_M_EmpBow_Down_F_Loop,RetainOriginal,NoBakedPlaybackCoverage,,,
Archer,/Game/_Art/Enemies/HeinMach/Humanoids/Archer/Animations/SourceSequences/A_EN_SRC_CA_M_EmpBow_FastShoot_Dodge_B_4f281d3a,BBQ/Content/_Kazan_/Art/Character/CHA_Model/Monster_Human/Adult/Adult_M/Animation/EmpireBow/Weapon/CA_M_EmpBow_FastShoot_Dodge_B,RetainOriginal,OriginalDirectConsumerNotReplaced | NoBakedPlaybackCoverage,,BBQ/Content/_Kazan_/Design/Monster/Human/Empire/EmpireBow/Skill/02_FastShoot/AC_EmpireBow_FastShoot_Dodge_B:Properties.Animations[0].DefaultWeaponAnimation.AssetPathName | BBQ/Content/_Kazan_/Design/Monster/Human/Empire/EmpireBow/Skill/02_FastShoot/AC_EmpireBow_FastShoot_Dodge_B:Properties.Animations[0].DefaultWeaponAnimation.AssetPathName | BBQ/Content/_Kazan_/Design/Monster/Human/Empire/EmpireBow/Skill/02_FastShoot/AC_EmpireBow_FastShoot_Dodge_B:Properties.Animations[0].DefaultWeaponAnimation.AssetPathName,
Archer,/Game/_Art/Enemies/HeinMach/Humanoids/Archer/Animations/SourceSequences/A_EN_SRC_CA_M_EmpBow_FastShoot_Dodge_L_61aa0a9e,BBQ/Content/_Kazan_/Art/Character/CHA_Model/Monster_Human/Adult/Adult_M/Animation/EmpireBow/Weapon/CA_M_EmpBow_FastShoot_Dodge_L,RetainOriginal,OriginalDirectConsumerNotReplaced | NoBakedPlaybackCoverage,,BBQ/Content/_Kazan_/Design/Monster/Human/Empire/EmpireBow/Skill/02_FastShoot/AC_EmpireBow_FastShoot_Dodge_L:Properties.Animations[0].DefaultWeaponAnimation.AssetPathName | BBQ/Content/_Kazan_/Design/Monster/Human/Empire/EmpireBow/Skill/02_FastShoot/AC_EmpireBow_FastShoot_Dodge_L:Properties.Animations[0].DefaultWeaponAnimation.AssetPathName | BBQ/Content/_Kazan_/Design/Monster/Human/Empire/EmpireBow/Skill/02_FastShoot/AC_EmpireBow_FastShoot_Dodge_L:Properties.Animations[0].DefaultWeaponAnimation.AssetPathName,
Archer,/Game/_Art/Enemies/HeinMach/Humanoids/Archer/Animations/SourceSequences/A_EN_SRC_CA_M_EmpBow_FastShoot_Dodge_R_e9139283,BBQ/Content/_Kazan_/Art/Character/CHA_Model/Monster_Human/Adult/Adult_M/Animation/EmpireBow/Weapon/CA_M_EmpBow_FastShoot_Dodge_R,RetainOriginal,OriginalDirectConsumerNotReplaced | NoBakedPlaybackCoverage,,BBQ/Content/_Kazan_/Design/Monster/Human/Empire/EmpireBow/Skill/02_FastShoot/AC_EmpireBow_FastShoot_Dodge_R:Properties.Animations[0].DefaultWeaponAnimation.AssetPathName | BBQ/Content/_Kazan_/Design/Monster/Human/Empire/EmpireBow/Skill/02_FastShoot/AC_EmpireBow_FastShoot_Dodge_R:Properties.Animations[0].DefaultWeaponAnimation.AssetPathName | BBQ/Content/_Kazan_/Design/Monster/Human/Empire/EmpireBow/Skill/02_FastShoot/AC_EmpireBow_FastShoot_Dodge_R:Properties.Animations[0].DefaultWeaponAnimation.AssetPathName,
Archer,/Game/_Art/Enemies/HeinMach/Humanoids/Archer/Animations/SourceSequences/A_EN_SRC_CA_M_EmpBow_FastShoot_Fail_19324cfe,BBQ/Content/_Kazan_/Art/Character/CHA_Model/Monster_Human/Adult/Adult_M/Animation/EmpireBow/Weapon/CA_M_EmpBow_FastShoot_Fail,RetainOriginal,OriginalDirectConsumerNotReplaced | NoBakedPlaybackCoverage,,BBQ/Content/_Kazan_/Design/Monster/Human/Empire/EmpireBow/Skill/02_FastShoot/AC_EmpireBow_FastShoot_Fail:Properties.Animations[0].DefaultWeaponAnimation.AssetPathName | BBQ/Content/_Kazan_/Design/Monster/Human/Empire/EmpireBow/Skill/02_FastShoot/AC_EmpireBow_FastShoot_Fail:Properties.Animations[0].DefaultWeaponAnimation.AssetPathName | BBQ/Content/_Kazan_/Design/Monster/Human/Empire/EmpireBow/Skill/02_FastShoot/AC_EmpireBow_FastShoot_Fail:Properties.Animations[0].DefaultWeaponAnimation.AssetPathName,
Archer,/Game/_Art/Enemies/HeinMach/Humanoids/Archer/Animations/SourceSequences/A_EN_SRC_CA_M_EmpBow_FastShoot_Shoot_be60adab,BBQ/Content/_Kazan_/Art/Character/CHA_Model/Monster_Human/Adult/Adult_M/Animation/EmpireBow/Weapon/CA_M_EmpBow_FastShoot_Shoot,RetainOriginal,OriginalDirectConsumerNotReplaced | NoBakedPlaybackCoverage,,BBQ/Content/_Kazan_/Design/Monster/Human/Empire/EmpireBow/Skill/02_FastShoot/AC_EmpireBow_FastShoot_Shoot:Properties.Animations[0].DefaultWeaponAnimation.AssetPathName | BBQ/Content/_Kazan_/Design/Monster/Human/Empire/EmpireBow/Skill/02_FastShoot/AC_EmpireBow_FastShoot_Shoot:Properties.Animations[0].DefaultWeaponAnimation.AssetPathName | BBQ/Content/_Kazan_/Design/Monster/Human/Empire/EmpireBow/Skill/02_FastShoot/AC_EmpireBow_FastShoot_Shoot:Properties.Animations[0].DefaultWeaponAnimation.AssetPathName,
Archer,/Game/_Art/Enemies/HeinMach/Humanoids/Archer/Animations/SourceSequences/A_EN_SRC_CA_M_EmpBow_FootSword_9ef9fa34,BBQ/Content/_Kazan_/Art/Character/CHA_Model/Monster_Human/Adult/Adult_M/Animation/EmpireBow/Weapon/CA_M_EmpBow_FootSword,RetainOriginal,OriginalDirectConsumerNotReplaced | NoBakedPlaybackCoverage,,BBQ/Content/_Kazan_/Art/Character/CHA_Model/Monster_Human/Adult/Adult_M/Animation/EmpireBow/CA_M_EmpBow_FootSword:Properties.Animations[0].DefaultWeaponAnimation.AssetPathName | BBQ/Content/_Kazan_/Design/Monster/Human/Empire/EmpireBow/Moving/PeaceIdle/AC_EmpireBow_UnEquip:Properties.Animations[0].DefaultWeaponAnimation.AssetPathName,
Archer,/Game/_Art/Enemies/HeinMach/Humanoids/Archer/Animations/SourceSequences/A_EN_SRC_CA_M_EmpBow_Getup_B_3c363008,BBQ/Content/_Kazan_/Art/Character/CHA_Model/Monster_Human/Adult/Adult_M/Animation/EmpireBow/Weapon/CA_M_EmpBow_Getup_B,RetainOriginal,OriginalDirectConsumerNotReplaced | NoBakedPlaybackCoverage,,BBQ/Content/_Kazan_/Design/Monster/Human/Empire/EmpireBow/Moving/Reaction/AC_EmpireBow_Getup_B:Properties.Animations[0].DefaultWeaponAnimation.AssetPathName,
Archer,/Game/_Art/Enemies/HeinMach/Humanoids/Archer/Animations/SourceSequences/A_EN_SRC_CA_M_EmpBow_Getup_F_c6f6729e,BBQ/Content/_Kazan_/Art/Character/CHA_Model/Monster_Human/Adult/Adult_M/Animation/EmpireBow/Weapon/CA_M_EmpBow_Getup_F,RetainOriginal,OriginalDirectConsumerNotReplaced | NoBakedPlaybackCoverage,,BBQ/Content/_Kazan_/Design/Monster/Human/Empire/EmpireBow/Moving/Reaction/AC_EmpireBow_Getup_F:Properties.Animations[0].DefaultWeaponAnimation.AssetPathName,
Archer,/Game/_Art/Enemies/HeinMach/Humanoids/Archer/Animations/SourceSequences/A_EN_SRC_CA_M_EmpBow_NoBattleChairSit_End_01_ca08d3cc,BBQ/Content/_Kazan_/Art/Character/CHA_Model/Monster_Human/Adult/Adult_M/Animation/EmpireBow/Weapon/CA_M_EmpBow_NoBattleChairSit_End_01,RetainOriginal,OriginalDirectConsumerNotReplaced | NoBakedPlaybackCoverage,,BBQ/Content/_Kazan_/Design/Monster/Human/Empire/EmpireBow/Moving/Reaction/AC_EmpireBow_Basic_ChairSit_End_01:Properties.Animations[0].DefaultWeaponAnimation.AssetPathName | BBQ/Content/_Kazan_/Design/Monster/Human/Empire/EmpireBow/Moving/Reaction/AC_EmpireBow_Basic_ChairSit_End_01:Properties.Animations[0].DefaultWeaponAnimation.AssetPathName | BBQ/Content/_Kazan_/Design/Monster/Human/Empire/EmpireBow/Moving/Reaction/AC_EmpireBow_Basic_ChairSit_End_01:Properties.Animations[0].DefaultWeaponAnimation.AssetPathName,
Archer,/Game/_Art/Enemies/HeinMach/Humanoids/Archer/Animations/SourceSequences/A_EN_SRC_CA_M_EmpBow_NoBattleGuard_End_01_20c24284,BBQ/Content/_Kazan_/Art/Character/CHA_Model/Monster_Human/Adult/Adult_M/Animation/EmpireBow/Weapon/CA_M_EmpBow_NoBattleGuard_End_01,RetainOriginal,OriginalDirectConsumerNotReplaced | NoBakedPlaybackCoverage,,BBQ/Content/_Kazan_/Design/Monster/Human/Empire/EmpireBow/Moving/Reaction/AC_EmpireBow_Basic_Guard_End_01:Properties.Animations[0].DefaultWeaponAnimation.AssetPathName | BBQ/Content/_Kazan_/Design/Monster/Human/Empire/EmpireBow/Moving/Reaction/AC_EmpireBow_Basic_Guard_End_01:Properties.Animations[0].DefaultWeaponAnimation.AssetPathName | BBQ/Content/_Kazan_/Design/Monster/Human/Empire/EmpireBow/Moving/Reaction/AC_EmpireBow_Basic_Guard_End_01:Properties.Animations[0].DefaultWeaponAnimation.AssetPathName,
Archer,/Game/_Art/Enemies/HeinMach/Humanoids/Archer/Animations/SourceSequences/A_EN_SRC_CA_M_EmpBow_NoBattleGuard_Loop_01_c2faf1c2,BBQ/Content/_Kazan_/Art/Character/CHA_Model/Monster_Human/Adult/Adult_M/Animation/EmpireBow/Weapon/CA_M_EmpBow_NoBattleGuard_Loop_01,RetainOriginal,OriginalDirectConsumerNotReplaced | NoBakedPlaybackCoverage,,BBQ/Content/_Kazan_/Design/Monster/Human/Empire/EmpireBow/Moving/Reaction/AC_EmpireBow_Basic_Guard_Loop_01:Properties.Animations[0].DefaultWeaponAnimation.AssetPathName | BBQ/Content/_Kazan_/Design/Monster/Human/Empire/EmpireBow/Moving/Reaction/AC_EmpireBow_Basic_Guard_Loop_01:Properties.Animations[0].DefaultWeaponAnimation.AssetPathName | BBQ/Content/_Kazan_/Design/Monster/Human/Empire/EmpireBow/Moving/Reaction/AC_EmpireBow_Basic_Guard_Loop_01:Properties.Animations[0].DefaultWeaponAnimation.AssetPathName,
Archer,/Game/_Art/Enemies/HeinMach/Humanoids/Archer/Animations/SourceSequences/A_EN_SRC_CA_M_EmpBow_NoBattleSearch_End_02_f8cbe71d,BBQ/Content/_Kazan_/Art/Character/CHA_Model/Monster_Human/Adult/Adult_M/Animation/EmpireBow/Weapon/CA_M_EmpBow_NoBattleSearch_End_02,RetainOriginal,OriginalDirectConsumerNotReplaced | NoBakedPlaybackCoverage,,BBQ/Content/_Kazan_/Design/Monster/Human/Empire/EmpireBow/Moving/Reaction/AC_EmpireBow_Basic_Search_End_01:Properties.Animations[0].DefaultWeaponAnimation.AssetPathName | BBQ/Content/_Kazan_/Design/Monster/Human/Empire/EmpireBow/Moving/Reaction/AC_EmpireBow_Basic_Search_End_01:Properties.Animations[0].DefaultWeaponAnimation.AssetPathName | BBQ/Content/_Kazan_/Design/Monster/Human/Empire/EmpireBow/Moving/Reaction/AC_EmpireBow_Basic_Search_End_01:Properties.Animations[0].DefaultWeaponAnimation.AssetPathName,
Archer,/Game/_Art/Enemies/HeinMach/Humanoids/Archer/Animations/SourceSequences/A_EN_SRC_CA_M_EmpBow_NoBattleSit_End_01_7d6cda73,BBQ/Content/_Kazan_/Art/Character/CHA_Model/Monster_Human/Adult/Adult_M/Animation/EmpireBow/Weapon/CA_M_EmpBow_NoBattleSit_End_01,RetainOriginal,OriginalDirectConsumerNotReplaced | NoBakedPlaybackCoverage,,BBQ/Content/_Kazan_/Design/Monster/Human/Empire/EmpireBow/Moving/Reaction/AC_EmpireBow_Basic_Sit_End_01:Properties.Animations[0].DefaultWeaponAnimation.AssetPathName | BBQ/Content/_Kazan_/Design/Monster/Human/Empire/EmpireBow/Moving/Reaction/AC_EmpireBow_Basic_Sit_End_01:Properties.Animations[0].DefaultWeaponAnimation.AssetPathName | BBQ/Content/_Kazan_/Design/Monster/Human/Empire/EmpireBow/Moving/Reaction/AC_EmpireBow_Basic_Sit_End_01:Properties.Animations[0].DefaultWeaponAnimation.AssetPathName,
Archer,/Game/_Art/Enemies/HeinMach/Humanoids/Archer/Animations/SourceSequences/A_EN_SRC_CA_M_EmpBow_NoBattleTalk_End_01_bcb959f4,BBQ/Content/_Kazan_/Art/Character/CHA_Model/Monster_Human/Adult/Adult_M/Animation/EmpireBow/Weapon/CA_M_EmpBow_NoBattleTalk_End_01,RetainOriginal,OriginalDirectConsumerNotReplaced | NoBakedPlaybackCoverage,,BBQ/Content/_Kazan_/Design/Monster/Human/Empire/EmpireBow/Moving/Reaction/AC_EmirepBow_Basic_Talk_End_01:Properties.Animations[0].DefaultWeaponAnimation.AssetPathName | BBQ/Content/_Kazan_/Design/Monster/Human/Empire/EmpireBow/Moving/Reaction/AC_EmirepBow_Basic_Talk_End_01:Properties.Animations[0].DefaultWeaponAnimation.AssetPathName | BBQ/Content/_Kazan_/Design/Monster/Human/Empire/EmpireBow/Moving/Reaction/AC_EmirepBow_Basic_Talk_End_01:Properties.Animations[0].DefaultWeaponAnimation.AssetPathName,
Archer,/Game/_Art/Enemies/HeinMach/Humanoids/Archer/Animations/SourceSequences/A_EN_SRC_CA_M_EmpBow_NoBattle_Basic_End_01_6d8a70f5,BBQ/Content/_Kazan_/Art/Character/CHA_Model/Monster_Human/Adult/Adult_M/Animation/EmpireBow/Weapon/CA_M_EmpBow_NoBattle_Basic_End_01,RetainOriginal,OriginalDirectConsumerNotReplaced | NoBakedPlaybackCoverage,,BBQ/Content/_Kazan_/Design/Monster/Human/Empire/EmpireBow/Moving/Reaction/AC_EmpireBow_Basic_End_01:Properties.Animations[0].DefaultWeaponAnimation.AssetPathName | BBQ/Content/_Kazan_/Design/Monster/Human/Empire/EmpireBow/Moving/Reaction/AC_EmpireBow_Basic_End_01:Properties.Animations[0].DefaultWeaponAnimation.AssetPathName | BBQ/Content/_Kazan_/Design/Monster/Human/Empire/EmpireBow/Moving/Reaction/AC_EmpireBow_Basic_End_01:Properties.Animations[0].DefaultWeaponAnimation.AssetPathName,
Archer,/Game/_Art/Enemies/HeinMach/Humanoids/Archer/Animations/SourceSequences/A_EN_SRC_CA_M_EmpBow_NoBattle_Basic_Loop_01_72e4aa0f,BBQ/Content/_Kazan_/Art/Character/CHA_Model/Monster_Human/Adult/Adult_M/Animation/EmpireBow/Weapon/CA_M_EmpBow_NoBattle_Basic_Loop_01,RetainOriginal,OriginalDirectConsumerNotReplaced | NoBakedPlaybackCoverage,,BBQ/Content/_Kazan_/Design/Monster/Human/Empire/EmpireBow/Moving/Reaction/AC_EmpireBow_Basic_Loop_01:Properties.Animations[0].DefaultWeaponAnimation.AssetPathName | BBQ/Content/_Kazan_/Design/Monster/Human/Empire/EmpireBow/Moving/Reaction/AC_EmpireBow_Basic_Loop_01:Properties.Animations[0].DefaultWeaponAnimation.AssetPathName | BBQ/Content/_Kazan_/Design/Monster/Human/Empire/EmpireBow/Moving/Reaction/AC_EmpireBow_Basic_Loop_01:Properties.Animations[0].DefaultWeaponAnimation.AssetPathName,
Archer,/Game/_Art/Enemies/HeinMach/Humanoids/Archer/Animations/SourceSequences/A_EN_SRC_CA_M_EmpBow_Stand_F_b1c41e36,BBQ/Content/_Kazan_/Art/Character/CHA_Model/Monster_Human/Adult/Adult_M/Animation/EmpireBow/Weapon/CA_M_EmpBow_Stand_F,RetainOriginal,CurrentProjectConsumer | OriginalDirectConsumerNotReplaced | NoBakedPlaybackCoverage,/Game/_Art/Enemies/HeinMach/Humanoids/Archer/Blueprints/BP_EN_Archer_U01_L01 | /Game/_Art/Enemies/HeinMach/Humanoids/Archer/Blueprints/BP_EN_Archer_U01_L02 | /Game/_Art/Enemies/HeinMach/Humanoids/Archer/Blueprints/BP_EN_Archer_U02_L01 | /Game/_Art/Enemies/HeinMach/Humanoids/Archer/Blueprints/BP_EN_Archer_U02_L02,BBQ/Content/_Kazan_/Art/Character/CHA_Model/Monster_Human/Adult/Adult_M/Animation/EmpireBow/CA_M_EmpBow_Stand_F:Properties.Animations[0].DefaultWeaponAnimation.AssetPathName | BBQ/Content/_Kazan_/Art/Character/CHA_Model/Monster_Human/Adult/Adult_M/Animation/EmpireBow/CA_M_Human_Adult_M_EmpireBow_Vigilant_LookAround:Properties.Animations[0].DefaultWeaponAnimation.AssetPathName | BBQ/Content/_Kazan_/Design/Monster/Human/Empire/EmpireBow/Base_Setting/WS_EmpireBow_Bow:Properties.DefaultAnimation.ObjectPath | BBQ/Content/_Kazan_/Design/Monster/Human/Empire/EmpireBow/Base_Setting/WS_EmpireBow_Bow_StormPass_InnerTrial:Properties.DefaultAnimation.ObjectPath | BBQ/Content/_Kazan_/Design/Monster/Human/Empire/EmpireBow/Base_Setting/WS_EmpireBow_Early_Bow:Properties.DefaultAnimation.ObjectPath | BBQ/Content/_Kazan_/Design/Monster/Human/Empire/EmpireBow/Moving/Reaction/AC_EmpireBow_DamageGrapple_Atk_01:Properties.Animations[0].DefaultWeaponAnimation.AssetPathName | BBQ/Content/_Kazan_/Design/Monster/Human/Empire/EmpireBow/Moving/Reaction/AC_EmpireBow_DamageGrapple_Atk_02:Properties.Animations[0].DefaultWeaponAnimation.AssetPathName | BBQ/Content/_Kazan_/Design/Monster/Human/Empire/EmpireBow/Moving/Reaction/AC_EmpireBow_Groggy_End:Properties.Animations[0].DefaultWeaponAnimation.AssetPathName | BBQ/Content/_Kazan_/Design/Monster/Human/Empire/EmpireBow/Moving/Reaction/AC_EmpireBow_Groggy_Loop:Properties.Animations[0].DefaultWeaponAnimation.AssetPathName | BBQ/Content/_Kazan_/Design/Monster/Human/Empire/EmpireBow/Moving/Reaction/AC_EmpireBow_Run_F:Properties.Animations[0].DefaultWeaponAnimation.AssetPathName | BBQ/Content/_Kazan_/Design/Monster/Human/Empire/EmpireBow/Moving/Reaction/AC_EmpireBow_Stand_F:Properties.Animations[0].DefaultWeaponAnimation.AssetPathName | BBQ/Content/_Kazan_/Design/Monster/Human/Empire/EmpireBow/Moving/Reaction/AC_EmpireBow_Turn_L:Properties.Animations[0].DefaultWeaponAnimation.AssetPathName | BBQ/Content/_Kazan_/Design/Monster/Human/Empire/EmpireBow/Moving/Reaction/AC_EmpireBow_Turn_L_180:Properties.Animations[0].DefaultWeaponAnimation.AssetPathName | BBQ/Content/_Kazan_/Design/Monster/Human/Empire/EmpireBow/Moving/Reaction/AC_EmpireBow_Turn_R:Properties.Animations[0].DefaultWeaponAnimation.AssetPathName | BBQ/Content/_Kazan_/Design/Monster/Human/Empire/EmpireBow/Moving/Reaction/AC_EmpireBow_Turn_R_180:Properties.Animations[0].DefaultWeaponAnimation.AssetPathName | BBQ/Content/_Kazan_/Design/Monster/Human/Empire/EmpireBow/Moving/Reaction/AC_EmpireBow_Walk_F:Properties.Animations[0].DefaultWeaponAnimation.AssetPathName | BBQ/Content/_Kazan_/Design/Monster/Human/Empire/EmpireBow/Skill/01_BasicShoot/AC_EmpireBow_BasicShoot_Stand:Properties.Animations[0].DefaultWeaponAnimation.AssetPathName | BBQ/Content/_Kazan_/Design/Monster/Human/Empire/EmpireBow/Skill/01_BasicShoot/AC_EmpireBow_BasicShoot_Stand:Properties.Animations[0].DefaultWeaponAnimation.AssetPathName | BBQ/Content/_Kazan_/Design/Monster/Human/Empire/EmpireBow/Skill/01_BasicShoot/AC_EmpireBow_BasicShoot_Stand:Properties.Animations[0].DefaultWeaponAnimation.AssetPathName | BBQ/Content/_Kazan_/Design/Monster/Human/Empire/EmpireBow/Skill/02_FastShoot/AC_EmpireBow_FastShoot_Start:Properties.Animations[0].DefaultWeaponAnimation.AssetPathName | BBQ/Content/_Kazan_/Design/Monster/Human/Empire/EmpireBow/Skill/04_TurnKick/AC_EmpireBow_TunrKick_Start:Properties.Animations[0].DefaultWeaponAnimation.AssetPathName | BBQ/Content/_Kazan_/Design/Monster/Human/Empire/EmpireBow/Skill/04_TurnKick/AC_EmpireBow_TunrKick_Start:Properties.Animations[0].DefaultWeaponAnimation.AssetPathName | BBQ/Content/_Kazan_/Design/Monster/Human/Empire/EmpireBow/Skill/04_TurnKick/AC_EmpireBow_TunrKick_Start:Properties.Animations[0].DefaultWeaponAnimation.AssetPathName | BBQ/Content/_Kazan_/Design/Monster/Human/Empire/EmpireBow/Skill/Vigilant/FreakOut_Armed/AC_EmpireBow_Vigilant_FreakOut_Armed:Properties.Animations[0].DefaultWeaponAnimation.AssetPathName,
Archer,/Game/_Art/Enemies/HeinMach/Humanoids/Archer/Animations/SourceSequences/A_EN_SRC_CA_M_EmpBow_Stand_Peace_F_dc5a01d8,BBQ/Content/_Kazan_/Art/Character/CHA_Model/Monster_Human/Adult/Adult_M/Animation/EmpireBow/Weapon/CA_M_EmpBow_Stand_Peace_F,RetainOriginal,OriginalDirectConsumerNotReplaced,,BBQ/Content/_Kazan_/Art/Character/CHA_Model/Monster_Human/Adult/Adult_M/Animation/EmpireBow/CA_M_EmpBow_Run_Peace_F:Properties.Animations[0].DefaultWeaponAnimation.AssetPathName | BBQ/Content/_Kazan_/Art/Character/CHA_Model/Monster_Human/Adult/Adult_M/Animation/EmpireBow/CA_M_EmpBow_Stand_Peace_F:Properties.Animations[0].DefaultWeaponAnimation.AssetPathName | BBQ/Content/_Kazan_/Art/Character/CHA_Model/Monster_Human/Adult/Adult_M/Animation/EmpireBow/CA_M_EmpBow_Turn_Peace_L:Properties.Animations[0].DefaultWeaponAnimation.AssetPathName | BBQ/Content/_Kazan_/Art/Character/CHA_Model/Monster_Human/Adult/Adult_M/Animation/EmpireBow/CA_M_EmpBow_Turn_Peace_R:Properties.Animations[0].DefaultWeaponAnimation.AssetPathName | BBQ/Content/_Kazan_/Art/Character/CHA_Model/Monster_Human/Adult/Adult_M/Animation/EmpireBow/CA_M_EmpBow_Walk_Peace_F:Properties.Animations[0].DefaultWeaponAnimation.AssetPathName | BBQ/Content/_Kazan_/Design/Monster/Human/Empire/EmpireBow/Moving/PeaceIdle/AC_EmpireBow_Stand_Peace:Properties.Animations[0].DefaultWeaponAnimation.AssetPathName | BBQ/Content/_Kazan_/Design/Monster/Human/Empire/EmpireBow/Skill/Vigilant/FreakOut_UnArmed/AC_EmpireBow_Vigilant_FreakOut_UnArmed:Properties.Animations[0].DefaultWeaponAnimation.AssetPathName,/Game/_Art/Enemies/HeinMach/Humanoids/Archer/Animations/PlaybackClips/A_EN_PLAY_AC_EmpBow_Peace
Archer,/Game/_Art/Enemies/HeinMach/Humanoids/Archer/Animations/SourceSequences/A_EN_SRC_CA_M_EmpBow_TurnKick_Attack_70cda1c4,BBQ/Content/_Kazan_/Art/Character/CHA_Model/Monster_Human/Adult/Adult_M/Animation/EmpireBow/Weapon/CA_M_EmpBow_TurnKick_Attack,RetainOriginal,OriginalDirectConsumerNotReplaced | NoBakedPlaybackCoverage,,BBQ/Content/_Kazan_/Design/Monster/Human/Empire/EmpireBow/Skill/00_DestroyObject/AC_EmpireBow_TurnKick_DestroyObject:Properties.Animations[0].DefaultWeaponAnimation.AssetPathName | BBQ/Content/_Kazan_/Design/Monster/Human/Empire/EmpireBow/Skill/00_DestroyObject/AC_EmpireBow_TurnKick_DestroyObject:Properties.Animations[0].DefaultWeaponAnimation.AssetPathName | BBQ/Content/_Kazan_/Design/Monster/Human/Empire/EmpireBow/Skill/00_DestroyObject/AC_EmpireBow_TurnKick_DestroyObject:Properties.Animations[0].DefaultWeaponAnimation.AssetPathName | BBQ/Content/_Kazan_/Design/Monster/Human/Empire/EmpireBow/Skill/04_TurnKick/AC_EmpireBow_TurnKick_Attack:Properties.Animations[0].DefaultWeaponAnimation.AssetPathName | BBQ/Content/_Kazan_/Design/Monster/Human/Empire/EmpireBow/Skill/04_TurnKick/AC_EmpireBow_TurnKick_Attack:Properties.Animations[0].DefaultWeaponAnimation.AssetPathName | BBQ/Content/_Kazan_/Design/Monster/Human/Empire/EmpireBow/Skill/04_TurnKick/AC_EmpireBow_TurnKick_Attack:Properties.Animations[0].DefaultWeaponAnimation.AssetPathName,
Archer,/Game/_Art/Enemies/HeinMach/Humanoids/Archer/Animations/SourceSequences/A_EN_SRC_CA_M_EmpBow_TurnKick_Move_c54401a0,BBQ/Content/_Kazan_/Art/Character/CHA_Model/Monster_Human/Adult/Adult_M/Animation/EmpireBow/Weapon/CA_M_EmpBow_TurnKick_Move,RetainOriginal,OriginalDirectConsumerNotReplaced | NoBakedPlaybackCoverage,,BBQ/Content/_Kazan_/Design/Monster/Human/Empire/EmpireBow/Skill/04_TurnKick/AC_EmpireBow_TurnKick_Move:Properties.Animations[0].DefaultWeaponAnimation.AssetPathName | BBQ/Content/_Kazan_/Design/Monster/Human/Empire/EmpireBow/Skill/04_TurnKick/AC_EmpireBow_TurnKick_Move:Properties.Animations[0].DefaultWeaponAnimation.AssetPathName | BBQ/Content/_Kazan_/Design/Monster/Human/Empire/EmpireBow/Skill/04_TurnKick/AC_EmpireBow_TurnKick_Move:Properties.Animations[0].DefaultWeaponAnimation.AssetPathName,
Mage,/Game/_Art/Enemies/OtherRegions/Humanoids/Mage/Animations/SourceSequences/A_EN_SRC_CA_M_EMagic_Basic_End_01,BBQ/Content/_Kazan_/Art/Character/CHA_Model/Monster_Human/Adult/Adult_M/Animation/EmpireMagic/CA_M_EMagic_Basic_End_01,DeleteBackingSource,,,,/Game/_Art/Enemies/OtherRegions/Humanoids/Mage/Animations/PlaybackClips/A_EN_PLAY_AC_EmpireMagic_Basic_End_01
Mage,/Game/_Art/Enemies/OtherRegions/Humanoids/Mage/Animations/SourceSequences/A_EN_SRC_CA_M_EMagic_Basic_Loop_01,BBQ/Content/_Kazan_/Art/Character/CHA_Model/Monster_Human/Adult/Adult_M/Animation/EmpireMagic/CA_M_EMagic_Basic_Loop_01,DeleteBackingSource,,,,/Game/_Art/Enemies/OtherRegions/Humanoids/Mage/Animations/PlaybackClips/A_EN_PLAY_AC_EmpireMagic_Basic_Loop_01
Mage,/Game/_Art/Enemies/OtherRegions/Humanoids/Mage/Animations/SourceSequences/A_EN_SRC_CA_M_EMagic_Basic_Search_End_02,BBQ/Content/_Kazan_/Art/Character/CHA_Model/Monster_Human/Adult/Adult_M/Animation/EmpireMagic/CA_M_EMagic_Basic_Search_End_02,DeleteBackingSource,,,,/Game/_Art/Enemies/OtherRegions/Humanoids/Mage/Animations/PlaybackClips/A_EN_PLAY_AC_EmpireMagic_Basic_Search_End_02
Mage,/Game/_Art/Enemies/OtherRegions/Humanoids/Mage/Animations/SourceSequences/A_EN_SRC_CA_M_EMagic_Basic_Search_Loop_02,BBQ/Content/_Kazan_/Art/Character/CHA_Model/Monster_Human/Adult/Adult_M/Animation/EmpireMagic/CA_M_EMagic_Basic_Search_Loop_02,DeleteBackingSource,,,,/Game/_Art/Enemies/OtherRegions/Humanoids/Mage/Animations/PlaybackClips/A_EN_PLAY_AC_EmpireMagic_Basic_Search_Loop_02
Mage,/Game/_Art/Enemies/OtherRegions/Humanoids/Mage/Animations/SourceSequences/A_EN_SRC_CA_M_EMagic_CarryASword,BBQ/Content/_Kazan_/Art/Character/CHA_Model/Monster_Human/Adult/Adult_M/Animation/EmpireMagic/CA_M_EMagic_CarryASword,DeleteBackingSource,,,,/Game/_Art/Enemies/OtherRegions/Humanoids/Mage/Animations/PlaybackClips/A_EN_PLAY_AC_EmpireMagic_Equip
Mage,/Game/_Art/Enemies/OtherRegions/Humanoids/Mage/Animations/SourceSequences/A_EN_SRC_CA_M_EMagic_CarryASword_Turn_L,BBQ/Content/_Kazan_/Art/Character/CHA_Model/Monster_Human/Adult/Adult_M/Animation/EmpireMagic/CA_M_EMagic_CarryASword_Turn_L,DeleteBackingSource,,,,/Game/_Art/Enemies/OtherRegions/Humanoids/Mage/Animations/PlaybackClips/A_EN_PLAY_AC_EmpireMagic_Equip_Turn_L
Mage,/Game/_Art/Enemies/OtherRegions/Humanoids/Mage/Animations/SourceSequences/A_EN_SRC_CA_M_EMagic_CarryASword_Turn_R,BBQ/Content/_Kazan_/Art/Character/CHA_Model/Monster_Human/Adult/Adult_M/Animation/EmpireMagic/CA_M_EMagic_CarryASword_Turn_R,DeleteBackingSource,,,,/Game/_Art/Enemies/OtherRegions/Humanoids/Mage/Animations/PlaybackClips/A_EN_PLAY_AC_EmpireMagic_Equip_Turn_R
Mage,/Game/_Art/Enemies/OtherRegions/Humanoids/Mage/Animations/SourceSequences/A_EN_SRC_CA_M_EMagic_ClimbingWall_Down_End,BBQ/Content/_Kazan_/Art/Character/CHA_Model/Monster_Human/Adult/Adult_M/Animation/EmpireMagic/CA_M_EMagic_ClimbingWall_Down_End,RetainOriginal,NoBakedPlaybackCoverage,,,
Mage,/Game/_Art/Enemies/OtherRegions/Humanoids/Mage/Animations/SourceSequences/A_EN_SRC_CA_M_EMagic_ClimbingWall_Down_L,BBQ/Content/_Kazan_/Art/Character/CHA_Model/Monster_Human/Adult/Adult_M/Animation/EmpireMagic/CA_M_EMagic_ClimbingWall_Down_L,RetainOriginal,NoBakedPlaybackCoverage,,,
Mage,/Game/_Art/Enemies/OtherRegions/Humanoids/Mage/Animations/SourceSequences/A_EN_SRC_CA_M_EMagic_ClimbingWall_Down_R,BBQ/Content/_Kazan_/Art/Character/CHA_Model/Monster_Human/Adult/Adult_M/Animation/EmpireMagic/CA_M_EMagic_ClimbingWall_Down_R,RetainOriginal,NoBakedPlaybackCoverage,,,
Mage,/Game/_Art/Enemies/OtherRegions/Humanoids/Mage/Animations/SourceSequences/A_EN_SRC_CA_M_EMagic_ClimbingWall_Down_Start,BBQ/Content/_Kazan_/Art/Character/CHA_Model/Monster_Human/Adult/Adult_M/Animation/EmpireMagic/CA_M_EMagic_ClimbingWall_Down_Start,RetainOriginal,NoBakedPlaybackCoverage,,,
Mage,/Game/_Art/Enemies/OtherRegions/Humanoids/Mage/Animations/SourceSequences/A_EN_SRC_CA_M_EMagic_ClimbingWall_Loop_L_Idle,BBQ/Content/_Kazan_/Art/Character/CHA_Model/Monster_Human/Adult/Adult_M/Animation/EmpireMagic/CA_M_EMagic_ClimbingWall_Loop_L_Idle,RetainOriginal,NoBakedPlaybackCoverage,,,
Mage,/Game/_Art/Enemies/OtherRegions/Humanoids/Mage/Animations/SourceSequences/A_EN_SRC_CA_M_EMagic_ClimbingWall_Loop_R_Idle,BBQ/Content/_Kazan_/Art/Character/CHA_Model/Monster_Human/Adult/Adult_M/Animation/EmpireMagic/CA_M_EMagic_ClimbingWall_Loop_R_Idle,RetainOriginal,NoBakedPlaybackCoverage,,,
Mage,/Game/_Art/Enemies/OtherRegions/Humanoids/Mage/Animations/SourceSequences/A_EN_SRC_CA_M_EMagic_ClimbingWall_Up_End,BBQ/Content/_Kazan_/Art/Character/CHA_Model/Monster_Human/Adult/Adult_M/Animation/EmpireMagic/CA_M_EMagic_ClimbingWall_Up_End,RetainOriginal,NoBakedPlaybackCoverage,,,
Mage,/Game/_Art/Enemies/OtherRegions/Humanoids/Mage/Animations/SourceSequences/A_EN_SRC_CA_M_EMagic_ClimbingWall_Up_L,BBQ/Content/_Kazan_/Art/Character/CHA_Model/Monster_Human/Adult/Adult_M/Animation/EmpireMagic/CA_M_EMagic_ClimbingWall_Up_L,RetainOriginal,NoBakedPlaybackCoverage,,,
Mage,/Game/_Art/Enemies/OtherRegions/Humanoids/Mage/Animations/SourceSequences/A_EN_SRC_CA_M_EMagic_ClimbingWall_Up_R,BBQ/Content/_Kazan_/Art/Character/CHA_Model/Monster_Human/Adult/Adult_M/Animation/EmpireMagic/CA_M_EMagic_ClimbingWall_Up_R,RetainOriginal,NoBakedPlaybackCoverage,,,
Mage,/Game/_Art/Enemies/OtherRegions/Humanoids/Mage/Animations/SourceSequences/A_EN_SRC_CA_M_EMagic_ClimbingWall_Up_Start,BBQ/Content/_Kazan_/Art/Character/CHA_Model/Monster_Human/Adult/Adult_M/Animation/EmpireMagic/CA_M_EMagic_ClimbingWall_Up_Start,RetainOriginal,NoBakedPlaybackCoverage,,,
Mage,/Game/_Art/Enemies/OtherRegions/Humanoids/Mage/Animations/SourceSequences/A_EN_SRC_CA_M_EMagic_DamageAir_B,BBQ/Content/_Kazan_/Art/Character/CHA_Model/Monster_Human/Adult/Adult_M/Animation/EmpireMagic/CA_M_EMagic_DamageAir_B,DeleteBackingSource,,,,/Game/_Art/Enemies/OtherRegions/Humanoids/Mage/Animations/PlaybackClips/A_EN_PLAY_AC_EmpireMagic_DamageAir_B_Down | /Game/_Art/Enemies/OtherRegions/Humanoids/Mage/Animations/PlaybackClips/A_EN_PLAY_AC_EmpireMagic_DamageAir_B_Land | /Game/_Art/Enemies/OtherRegions/Humanoids/Mage/Animations/PlaybackClips/A_EN_PLAY_AC_EmpireMagic_DamageAir_B_Peak | /Game/_Art/Enemies/OtherRegions/Humanoids/Mage/Animations/PlaybackClips/A_EN_PLAY_AC_EmpireMagic_DamageAir_B_Up
Mage,/Game/_Art/Enemies/OtherRegions/Humanoids/Mage/Animations/SourceSequences/A_EN_SRC_CA_M_EMagic_DamageAir_F,BBQ/Content/_Kazan_/Art/Character/CHA_Model/Monster_Human/Adult/Adult_M/Animation/EmpireMagic/CA_M_EMagic_DamageAir_F,DeleteBackingSource,,,,/Game/_Art/Enemies/OtherRegions/Humanoids/Mage/Animations/PlaybackClips/A_EN_PLAY_AC_EmpireMagic_DamageAir_F_Down | /Game/_Art/Enemies/OtherRegions/Humanoids/Mage/Animations/PlaybackClips/A_EN_PLAY_AC_EmpireMagic_DamageAir_F_Land | /Game/_Art/Enemies/OtherRegions/Humanoids/Mage/Animations/PlaybackClips/A_EN_PLAY_AC_EmpireMagic_DamageAir_F_Peak | /Game/_Art/Enemies/OtherRegions/Humanoids/Mage/Animations/PlaybackClips/A_EN_PLAY_AC_EmpireMagic_DamageAir_F_Up
Mage,/Game/_Art/Enemies/OtherRegions/Humanoids/Mage/Animations/SourceSequences/A_EN_SRC_CA_M_EMagic_DamageDown_B,BBQ/Content/_Kazan_/Art/Character/CHA_Model/Monster_Human/Adult/Adult_M/Animation/EmpireMagic/CA_M_EMagic_DamageDown_B,RetainOriginal,NoBakedPlaybackCoverage,,,
Mage,/Game/_Art/Enemies/OtherRegions/Humanoids/Mage/Animations/SourceSequences/A_EN_SRC_CA_M_EMagic_DamageDown_F,BBQ/Content/_Kazan_/Art/Character/CHA_Model/Monster_Human/Adult/Adult_M/Animation/EmpireMagic/CA_M_EMagic_DamageDown_F,RetainOriginal,NoBakedPlaybackCoverage,,,
Mage,/Game/_Art/Enemies/OtherRegions/Humanoids/Mage/Animations/SourceSequences/A_EN_SRC_CA_M_EMagic_DamageGrapple_Atk_01,BBQ/Content/_Kazan_/Art/Character/CHA_Model/Monster_Human/Adult/Adult_M/Animation/EmpireMagic/CA_M_EMagic_DamageGrapple_Atk_01,DeleteBackingSource,,,,/Game/_Art/Enemies/OtherRegions/Humanoids/Mage/Animations/PlaybackClips/A_EN_PLAY_AC_EmpireMagic_DamageGrapple_Atk_01
Mage,/Game/_Art/Enemies/OtherRegions/Humanoids/Mage/Animations/SourceSequences/A_EN_SRC_CA_M_EMagic_DamageGrapple_Atk_02,BBQ/Content/_Kazan_/Art/Character/CHA_Model/Monster_Human/Adult/Adult_M/Animation/EmpireMagic/CA_M_EMagic_DamageGrapple_Atk_02,DeleteBackingSource,,,,/Game/_Art/Enemies/OtherRegions/Humanoids/Mage/Animations/PlaybackClips/A_EN_PLAY_AC_EmpireMagic_DamageGrapple_Atk_02
Mage,/Game/_Art/Enemies/OtherRegions/Humanoids/Mage/Animations/SourceSequences/A_EN_SRC_CA_M_EMagic_DamageGrapple_Atk_B_01,BBQ/Content/_Kazan_/Art/Character/CHA_Model/Monster_Human/Adult/Adult_M/Animation/EmpireMagic/CA_M_EMagic_DamageGrapple_Atk_B_01,DeleteBackingSource,,,,/Game/_Art/Enemies/OtherRegions/Humanoids/Mage/Animations/PlaybackClips/A_EN_PLAY_AC_EMagic_DamageGrapple_Atk_B_01
Mage,/Game/_Art/Enemies/OtherRegions/Humanoids/Mage/Animations/SourceSequences/A_EN_SRC_CA_M_EMagic_DamageGrapple_Atk_B_02,BBQ/Content/_Kazan_/Art/Character/CHA_Model/Monster_Human/Adult/Adult_M/Animation/EmpireMagic/CA_M_EMagic_DamageGrapple_Atk_B_02,DeleteBackingSource,,,,/Game/_Art/Enemies/OtherRegions/Humanoids/Mage/Animations/PlaybackClips/A_EN_PLAY_AC_EMagic_DamageGrapple_Atk_B_02
Mage,/Game/_Art/Enemies/OtherRegions/Humanoids/Mage/Animations/SourceSequences/A_EN_SRC_CA_M_EMagic_DamageNormal_D_B,BBQ/Content/_Kazan_/Art/Character/CHA_Model/Monster_Human/Adult/Adult_M/Animation/EmpireMagic/CA_M_EMagic_DamageNormal_D_B,DeleteBackingSource,,,,/Game/_Art/Enemies/OtherRegions/Humanoids/Mage/Animations/PlaybackClips/A_EN_PLAY_AC_EmpireMagic_DamageNormal_D_B
Mage,/Game/_Art/Enemies/OtherRegions/Humanoids/Mage/Animations/SourceSequences/A_EN_SRC_CA_M_EMagic_DamageNormal_D_F,BBQ/Content/_Kazan_/Art/Character/CHA_Model/Monster_Human/Adult/Adult_M/Animation/EmpireMagic/CA_M_EMagic_DamageNormal_D_F,DeleteBackingSource,,,,/Game/_Art/Enemies/OtherRegions/Humanoids/Mage/Animations/PlaybackClips/A_EN_PLAY_AC_EmpireMagic_DamageNormal_D_F
Mage,/Game/_Art/Enemies/OtherRegions/Humanoids/Mage/Animations/SourceSequences/A_EN_SRC_CA_M_EMagic_DamageNormal_L_F,BBQ/Content/_Kazan_/Art/Character/CHA_Model/Monster_Human/Adult/Adult_M/Animation/EmpireMagic/CA_M_EMagic_DamageNormal_L_F,DeleteBackingSource,,,,/Game/_Art/Enemies/OtherRegions/Humanoids/Mage/Animations/PlaybackClips/A_EN_PLAY_AC_EmpireMagic_DamageNormal_L_F
Mage,/Game/_Art/Enemies/OtherRegions/Humanoids/Mage/Animations/SourceSequences/A_EN_SRC_CA_M_EMagic_DamageNormal_R_F,BBQ/Content/_Kazan_/Art/Character/CHA_Model/Monster_Human/Adult/Adult_M/Animation/EmpireMagic/CA_M_EMagic_DamageNormal_R_F,DeleteBackingSource,,,,/Game/_Art/Enemies/OtherRegions/Humanoids/Mage/Animations/PlaybackClips/A_EN_PLAY_AC_EmpireMagic_DamageNormal_R_F
Mage,/Game/_Art/Enemies/OtherRegions/Humanoids/Mage/Animations/SourceSequences/A_EN_SRC_CA_M_EMagic_DamageNormal_U_B,BBQ/Content/_Kazan_/Art/Character/CHA_Model/Monster_Human/Adult/Adult_M/Animation/EmpireMagic/CA_M_EMagic_DamageNormal_U_B,DeleteBackingSource,,,,/Game/_Art/Enemies/OtherRegions/Humanoids/Mage/Animations/PlaybackClips/A_EN_PLAY_AC_EmpireMagic_DamageNormal_U_B
Mage,/Game/_Art/Enemies/OtherRegions/Humanoids/Mage/Animations/SourceSequences/A_EN_SRC_CA_M_EMagic_DamageNormal_U_F,BBQ/Content/_Kazan_/Art/Character/CHA_Model/Monster_Human/Adult/Adult_M/Animation/EmpireMagic/CA_M_EMagic_DamageNormal_U_F,DeleteBackingSource,,,,/Game/_Art/Enemies/OtherRegions/Humanoids/Mage/Animations/PlaybackClips/A_EN_PLAY_AC_EmpireMagic_DamageNormal_U_F
Mage,/Game/_Art/Enemies/OtherRegions/Humanoids/Mage/Animations/SourceSequences/A_EN_SRC_CA_M_EMagic_DamageParry_F,BBQ/Content/_Kazan_/Art/Character/CHA_Model/Monster_Human/Adult/Adult_M/Animation/EmpireMagic/CA_M_EMagic_DamageParry_F,DeleteBackingSource,,,,/Game/_Art/Enemies/OtherRegions/Humanoids/Mage/Animations/PlaybackClips/A_EN_PLAY_AC_M_EMagic_DamageParry_F
Mage,/Game/_Art/Enemies/OtherRegions/Humanoids/Mage/Animations/SourceSequences/A_EN_SRC_CA_M_EMagic_DamageStrong_D_F,BBQ/Content/_Kazan_/Art/Character/CHA_Model/Monster_Human/Adult/Adult_M/Animation/EmpireMagic/CA_M_EMagic_DamageStrong_D_F,DeleteBackingSource,,,,/Game/_Art/Enemies/OtherRegions/Humanoids/Mage/Animations/PlaybackClips/A_EN_PLAY_AC_EmpireMagic_DamageStrong_D_F
Mage,/Game/_Art/Enemies/OtherRegions/Humanoids/Mage/Animations/SourceSequences/A_EN_SRC_CA_M_EMagic_DamageStrong_D_F2,BBQ/Content/_Kazan_/Art/Character/CHA_Model/Monster_Human/Adult/Adult_M/Animation/EmpireMagic/CA_M_EMagic_DamageStrong_D_F2,DeleteBackingSource,,,,/Game/_Art/Enemies/OtherRegions/Humanoids/Mage/Animations/PlaybackClips/A_EN_PLAY_AC_EmpireMagic_DamageStrong_D_F_2
Mage,/Game/_Art/Enemies/OtherRegions/Humanoids/Mage/Animations/SourceSequences/A_EN_SRC_CA_M_EMagic_DamageStrong_L_F,BBQ/Content/_Kazan_/Art/Character/CHA_Model/Monster_Human/Adult/Adult_M/Animation/EmpireMagic/CA_M_EMagic_DamageStrong_L_F,DeleteBackingSource,,,,/Game/_Art/Enemies/OtherRegions/Humanoids/Mage/Animations/PlaybackClips/A_EN_PLAY_AC_EmpireMagic_DamageStrong_L_F
Mage,/Game/_Art/Enemies/OtherRegions/Humanoids/Mage/Animations/SourceSequences/A_EN_SRC_CA_M_EMagic_DamageStrong_R_F,BBQ/Content/_Kazan_/Art/Character/CHA_Model/Monster_Human/Adult/Adult_M/Animation/EmpireMagic/CA_M_EMagic_DamageStrong_R_F,DeleteBackingSource,,,,/Game/_Art/Enemies/OtherRegions/Humanoids/Mage/Animations/PlaybackClips/A_EN_PLAY_AC_EmpireMagic_DamageStrong_R_F
Mage,/Game/_Art/Enemies/OtherRegions/Humanoids/Mage/Animations/SourceSequences/A_EN_SRC_CA_M_EMagic_DamageStrong_U_F,BBQ/Content/_Kazan_/Art/Character/CHA_Model/Monster_Human/Adult/Adult_M/Animation/EmpireMagic/CA_M_EMagic_DamageStrong_U_F,DeleteBackingSource,,,,/Game/_Art/Enemies/OtherRegions/Humanoids/Mage/Animations/PlaybackClips/A_EN_PLAY_AC_EmpireMagic_DamageStrong_U_F
Mage,/Game/_Art/Enemies/OtherRegions/Humanoids/Mage/Animations/SourceSequences/A_EN_SRC_CA_M_EMagic_DamageWeak_D_F,BBQ/Content/_Kazan_/Art/Character/CHA_Model/Monster_Human/Adult/Adult_M/Animation/EmpireMagic/CA_M_EMagic_DamageWeak_D_F,DeleteBackingSource,,,,/Game/_Art/Enemies/OtherRegions/Humanoids/Mage/Animations/PlaybackClips/A_EN_PLAY_AC_EmpireMagic_DamageWeak_D_F
Mage,/Game/_Art/Enemies/OtherRegions/Humanoids/Mage/Animations/SourceSequences/A_EN_SRC_CA_M_EMagic_DamageWeak_L_F,BBQ/Content/_Kazan_/Art/Character/CHA_Model/Monster_Human/Adult/Adult_M/Animation/EmpireMagic/CA_M_EMagic_DamageWeak_L_F,DeleteBackingSource,,,,/Game/_Art/Enemies/OtherRegions/Humanoids/Mage/Animations/PlaybackClips/A_EN_PLAY_AC_EmpireMagic_DamageWeak_L_F
Mage,/Game/_Art/Enemies/OtherRegions/Humanoids/Mage/Animations/SourceSequences/A_EN_SRC_CA_M_EMagic_DamageWeak_R_F,BBQ/Content/_Kazan_/Art/Character/CHA_Model/Monster_Human/Adult/Adult_M/Animation/EmpireMagic/CA_M_EMagic_DamageWeak_R_F,DeleteBackingSource,,,,/Game/_Art/Enemies/OtherRegions/Humanoids/Mage/Animations/PlaybackClips/A_EN_PLAY_AC_EmpireMagic_DamageWeak_R_F
Mage,/Game/_Art/Enemies/OtherRegions/Humanoids/Mage/Animations/SourceSequences/A_EN_SRC_CA_M_EMagic_DamageWeak_U_F,BBQ/Content/_Kazan_/Art/Character/CHA_Model/Monster_Human/Adult/Adult_M/Animation/EmpireMagic/CA_M_EMagic_DamageWeak_U_F,DeleteBackingSource,,,,/Game/_Art/Enemies/OtherRegions/Humanoids/Mage/Animations/PlaybackClips/A_EN_PLAY_AC_EmpireMagic_DamageWeak_U_F
Mage,/Game/_Art/Enemies/OtherRegions/Humanoids/Mage/Animations/SourceSequences/A_EN_SRC_CA_M_EMagic_Die_F,BBQ/Content/_Kazan_/Art/Character/CHA_Model/Monster_Human/Adult/Adult_M/Animation/EmpireMagic/CA_M_EMagic_Die_F,DeleteBackingSource,,,,/Game/_Art/Enemies/OtherRegions/Humanoids/Mage/Animations/PlaybackClips/A_EN_PLAY_AC_EmpireMagic_Ground_Die_F
Mage,/Game/_Art/Enemies/OtherRegions/Humanoids/Mage/Animations/SourceSequences/A_EN_SRC_CA_M_EMagic_Down_B_Loop,BBQ/Content/_Kazan_/Art/Character/CHA_Model/Monster_Human/Adult/Adult_M/Animation/EmpireMagic/CA_M_EMagic_Down_B_Loop,DeleteBackingSource,,,,/Game/_Art/Enemies/OtherRegions/Humanoids/Mage/Animations/PlaybackClips/A_EN_PLAY_AC_EmpireMagic_Down_Die_B | /Game/_Art/Enemies/OtherRegions/Humanoids/Mage/Animations/PlaybackClips/A_EN_PLAY_AC_EmpireMagic_Down_Loop_B
Mage,/Game/_Art/Enemies/OtherRegions/Humanoids/Mage/Animations/SourceSequences/A_EN_SRC_CA_M_EMagic_Down_F_Loop,BBQ/Content/_Kazan_/Art/Character/CHA_Model/Monster_Human/Adult/Adult_M/Animation/EmpireMagic/CA_M_EMagic_Down_F_Loop,DeleteBackingSource,,,,/Game/_Art/Enemies/OtherRegions/Humanoids/Mage/Animations/PlaybackClips/A_EN_PLAY_AC_EmpireMagic_Down_Die_F | /Game/_Art/Enemies/OtherRegions/Humanoids/Mage/Animations/PlaybackClips/A_EN_PLAY_AC_EmpireMagic_Down_Loop_F
Mage,/Game/_Art/Enemies/OtherRegions/Humanoids/Mage/Animations/SourceSequences/A_EN_SRC_CA_M_EMagic_FallDown_Loop,BBQ/Content/_Kazan_/Art/Character/CHA_Model/Monster_Human/Adult/Adult_M/Animation/EmpireMagic/CA_M_EMagic_FallDown_Loop,RetainOriginal,NoBakedPlaybackCoverage,,,
Mage,/Game/_Art/Enemies/OtherRegions/Humanoids/Mage/Animations/SourceSequences/A_EN_SRC_CA_M_EMagic_FallDown_Start,BBQ/Content/_Kazan_/Art/Character/CHA_Model/Monster_Human/Adult/Adult_M/Animation/EmpireMagic/CA_M_EMagic_FallDown_Start,RetainOriginal,NoBakedPlaybackCoverage,,,
Mage,/Game/_Art/Enemies/OtherRegions/Humanoids/Mage/Animations/SourceSequences/A_EN_SRC_CA_M_EMagic_FireBall_End,BBQ/Content/_Kazan_/Art/Character/CHA_Model/Monster_Human/Adult/Adult_M/Animation/EmpireMagic/CA_M_EMagic_FireBall_End,DeleteBackingSource,,,,/Game/_Art/Enemies/OtherRegions/Humanoids/Mage/Animations/PlaybackClips/A_EN_PLAY_AC_EmpireMagic_FireBall_End | /Game/_Art/Enemies/OtherRegions/Humanoids/Mage/Animations/PlaybackClips/A_EN_PLAY_AC_EmpireMagic_StartFireBall_02_End
Mage,/Game/_Art/Enemies/OtherRegions/Humanoids/Mage/Animations/SourceSequences/A_EN_SRC_CA_M_EMagic_FireBall_Loop,BBQ/Content/_Kazan_/Art/Character/CHA_Model/Monster_Human/Adult/Adult_M/Animation/EmpireMagic/CA_M_EMagic_FireBall_Loop,DeleteBackingSource,,,,/Game/_Art/Enemies/OtherRegions/Humanoids/Mage/Animations/PlaybackClips/A_EN_PLAY_AC_EmpireMagic_FireBall_Loop
Mage,/Game/_Art/Enemies/OtherRegions/Humanoids/Mage/Animations/SourceSequences/A_EN_SRC_CA_M_EMagic_FireBall_Start,BBQ/Content/_Kazan_/Art/Character/CHA_Model/Monster_Human/Adult/Adult_M/Animation/EmpireMagic/CA_M_EMagic_FireBall_Start,DeleteBackingSource,,,,/Game/_Art/Enemies/OtherRegions/Humanoids/Mage/Animations/PlaybackClips/A_EN_PLAY_AC_EmpireMagic_FireBall_Start | /Game/_Art/Enemies/OtherRegions/Humanoids/Mage/Animations/PlaybackClips/A_EN_PLAY_AC_EmpireMagic_StartFireBall_01_Start_01 | /Game/_Art/Enemies/OtherRegions/Humanoids/Mage/Animations/PlaybackClips/A_EN_PLAY_AC_EmpireMagic_StartFireBall_01_Start_02
Mage,/Game/_Art/Enemies/OtherRegions/Humanoids/Mage/Animations/SourceSequences/A_EN_SRC_CA_M_EMagic_FireLine,BBQ/Content/_Kazan_/Art/Character/CHA_Model/Monster_Human/Adult/Adult_M/Animation/EmpireMagic/CA_M_EMagic_FireLine,DeleteBackingSource,,,,/Game/_Art/Enemies/OtherRegions/Humanoids/Mage/Animations/PlaybackClips/A_EN_PLAY_AC_EmpireMagic_FireLine_Dodge_B_Shoot | /Game/_Art/Enemies/OtherRegions/Humanoids/Mage/Animations/PlaybackClips/A_EN_PLAY_AC_EmpireMagic_FireLine_Shoot
Mage,/Game/_Art/Enemies/OtherRegions/Humanoids/Mage/Animations/SourceSequences/A_EN_SRC_CA_M_EMagic_FireLine_Dodge_B,BBQ/Content/_Kazan_/Art/Character/CHA_Model/Monster_Human/Adult/Adult_M/Animation/EmpireMagic/CA_M_EMagic_FireLine_Dodge_B,DeleteBackingSource,,,,/Game/_Art/Enemies/OtherRegions/Humanoids/Mage/Animations/PlaybackClips/A_EN_PLAY_AC_EmpireMagic_FireLine_Dodge_B
Mage,/Game/_Art/Enemies/OtherRegions/Humanoids/Mage/Animations/SourceSequences/A_EN_SRC_CA_M_EMagic_FireRandom_End,BBQ/Content/_Kazan_/Art/Character/CHA_Model/Monster_Human/Adult/Adult_M/Animation/EmpireMagic/CA_M_EMagic_FireRandom_End,DeleteBackingSource,,,,/Game/_Art/Enemies/OtherRegions/Humanoids/Mage/Animations/PlaybackClips/A_EN_PLAY_AC_EmpireMagic_FireRandom_End
Mage,/Game/_Art/Enemies/OtherRegions/Humanoids/Mage/Animations/SourceSequences/A_EN_SRC_CA_M_EMagic_FireRandom_Loop,BBQ/Content/_Kazan_/Art/Character/CHA_Model/Monster_Human/Adult/Adult_M/Animation/EmpireMagic/CA_M_EMagic_FireRandom_Loop,DeleteBackingSource,,,,/Game/_Art/Enemies/OtherRegions/Humanoids/Mage/Animations/PlaybackClips/A_EN_PLAY_AC_EmpireMagic_FireRandom_Loop_Back | /Game/_Art/Enemies/OtherRegions/Humanoids/Mage/Animations/PlaybackClips/A_EN_PLAY_AC_EmpireMagic_FireRandom_Loop_Front
Mage,/Game/_Art/Enemies/OtherRegions/Humanoids/Mage/Animations/SourceSequences/A_EN_SRC_CA_M_EMagic_FireRandom_Start,BBQ/Content/_Kazan_/Art/Character/CHA_Model/Monster_Human/Adult/Adult_M/Animation/EmpireMagic/CA_M_EMagic_FireRandom_Start,DeleteBackingSource,,,,/Game/_Art/Enemies/OtherRegions/Humanoids/Mage/Animations/PlaybackClips/A_EN_PLAY_AC_EmpireMagic_FireRandom_Start
Mage,/Game/_Art/Enemies/OtherRegions/Humanoids/Mage/Animations/SourceSequences/A_EN_SRC_CA_M_EMagic_FootSword,BBQ/Content/_Kazan_/Art/Character/CHA_Model/Monster_Human/Adult/Adult_M/Animation/EmpireMagic/CA_M_EMagic_FootSword,DeleteBackingSource,,,,/Game/_Art/Enemies/OtherRegions/Humanoids/Mage/Animations/PlaybackClips/A_EN_PLAY_AC_EmpireMagic_UnEquip
Mage,/Game/_Art/Enemies/OtherRegions/Humanoids/Mage/Animations/SourceSequences/A_EN_SRC_CA_M_EMagic_Getup_B,BBQ/Content/_Kazan_/Art/Character/CHA_Model/Monster_Human/Adult/Adult_M/Animation/EmpireMagic/CA_M_EMagic_Getup_B,DeleteBackingSource,,,,/Game/_Art/Enemies/OtherRegions/Humanoids/Mage/Animations/PlaybackClips/A_EN_PLAY_AC_EmpireMagic_Getup_B
Mage,/Game/_Art/Enemies/OtherRegions/Humanoids/Mage/Animations/SourceSequences/A_EN_SRC_CA_M_EMagic_Getup_F,BBQ/Content/_Kazan_/Art/Character/CHA_Model/Monster_Human/Adult/Adult_M/Animation/EmpireMagic/CA_M_EMagic_Getup_F,DeleteBackingSource,,,,/Game/_Art/Enemies/OtherRegions/Humanoids/Mage/Animations/PlaybackClips/A_EN_PLAY_AC_EmpireMagic_Getup_F
Mage,/Game/_Art/Enemies/OtherRegions/Humanoids/Mage/Animations/SourceSequences/A_EN_SRC_CA_M_EMagic_Groggy_F_End,BBQ/Content/_Kazan_/Art/Character/CHA_Model/Monster_Human/Adult/Adult_M/Animation/EmpireMagic/CA_M_EMagic_Groggy_F_End,DeleteBackingSource,,,,/Game/_Art/Enemies/OtherRegions/Humanoids/Mage/Animations/PlaybackClips/A_EN_PLAY_AC_EmpireMagic_Groggy_End
Mage,/Game/_Art/Enemies/OtherRegions/Humanoids/Mage/Animations/SourceSequences/A_EN_SRC_CA_M_EMagic_Groggy_F_Loop,BBQ/Content/_Kazan_/Art/Character/CHA_Model/Monster_Human/Adult/Adult_M/Animation/EmpireMagic/CA_M_EMagic_Groggy_F_Loop,DeleteBackingSource,,,,/Game/_Art/Enemies/OtherRegions/Humanoids/Mage/Animations/PlaybackClips/A_EN_PLAY_AC_EmpireMagic_Groggy_Loop
Mage,/Game/_Art/Enemies/OtherRegions/Humanoids/Mage/Animations/SourceSequences/A_EN_SRC_CA_M_EMagic_Groggy_F_Start,BBQ/Content/_Kazan_/Art/Character/CHA_Model/Monster_Human/Adult/Adult_M/Animation/EmpireMagic/CA_M_EMagic_Groggy_F_Start,DeleteBackingSource,,,,/Game/_Art/Enemies/OtherRegions/Humanoids/Mage/Animations/PlaybackClips/A_EN_PLAY_AC_EmpireMagic_Groggy_Start
Mage,/Game/_Art/Enemies/OtherRegions/Humanoids/Mage/Animations/SourceSequences/A_EN_SRC_CA_M_EMagic_LockOnWalk_B,BBQ/Content/_Kazan_/Art/Character/CHA_Model/Monster_Human/Adult/Adult_M/Animation/EmpireMagic/CA_M_EMagic_LockOnWalk_B,RetainOriginal,OriginalDirectConsumerNotReplaced,,BBQ/Content/_Kazan_/Design/Monster/Human/Empire/EmpireMagic/Moving/Move/BS_EmpireMagic_LockOnMove:Properties.SampleData[2].Animation.ObjectPath,/Game/_Art/Enemies/OtherRegions/Humanoids/Mage/Animations/PlaybackClips/A_EN_PLAY_AC_EmpireMagic_LockOnWalk_B
Mage,/Game/_Art/Enemies/OtherRegions/Humanoids/Mage/Animations/SourceSequences/A_EN_SRC_CA_M_EMagic_LockOnWalk_F,BBQ/Content/_Kazan_/Art/Character/CHA_Model/Monster_Human/Adult/Adult_M/Animation/EmpireMagic/CA_M_EMagic_LockOnWalk_F,RetainOriginal,OriginalDirectConsumerNotReplaced,,BBQ/Content/_Kazan_/Design/Monster/Human/Empire/EmpireMagic/Moving/Move/BS_EmpireMagic_LockOnMove:Properties.SampleData[1].Animation.ObjectPath,/Game/_Art/Enemies/OtherRegions/Humanoids/Mage/Animations/PlaybackClips/A_EN_PLAY_AC_EmpireMagic_LockOnWalk_F
Mage,/Game/_Art/Enemies/OtherRegions/Humanoids/Mage/Animations/SourceSequences/A_EN_SRC_CA_M_EMagic_LockOnWalk_L,BBQ/Content/_Kazan_/Art/Character/CHA_Model/Monster_Human/Adult/Adult_M/Animation/EmpireMagic/CA_M_EMagic_LockOnWalk_L,RetainOriginal,OriginalDirectConsumerNotReplaced,,BBQ/Content/_Kazan_/Design/Monster/Human/Empire/EmpireMagic/Moving/Move/BS_EmpireMagic_LockOnMove:Properties.SampleData[3].Animation.ObjectPath,/Game/_Art/Enemies/OtherRegions/Humanoids/Mage/Animations/PlaybackClips/A_EN_PLAY_AC_EmpireMagic_LockOnWalk_L
Mage,/Game/_Art/Enemies/OtherRegions/Humanoids/Mage/Animations/SourceSequences/A_EN_SRC_CA_M_EMagic_LockOnWalk_R,BBQ/Content/_Kazan_/Art/Character/CHA_Model/Monster_Human/Adult/Adult_M/Animation/EmpireMagic/CA_M_EMagic_LockOnWalk_R,RetainOriginal,OriginalDirectConsumerNotReplaced,,BBQ/Content/_Kazan_/Design/Monster/Human/Empire/EmpireMagic/Moving/Move/BS_EmpireMagic_LockOnMove:Properties.SampleData[4].Animation.ObjectPath,/Game/_Art/Enemies/OtherRegions/Humanoids/Mage/Animations/PlaybackClips/A_EN_PLAY_AC_EmpireMagic_LockOnWalk_R
Mage,/Game/_Art/Enemies/OtherRegions/Humanoids/Mage/Animations/SourceSequences/A_EN_SRC_CA_M_EMagic_NoBattleChairSit_End_01,BBQ/Content/_Kazan_/Art/Character/CHA_Model/Monster_Human/Adult/Adult_M/Animation/EmpireMagic/CA_M_EMagic_NoBattleChairSit_End_01,DeleteBackingSource,,,,/Game/_Art/Enemies/OtherRegions/Humanoids/Mage/Animations/PlaybackClips/A_EN_PLAY_AC_EmpireMagic_Basic_ChairSit_End_01
Mage,/Game/_Art/Enemies/OtherRegions/Humanoids/Mage/Animations/SourceSequences/A_EN_SRC_CA_M_EMagic_NoBattleChairSit_Loop_01,BBQ/Content/_Kazan_/Art/Character/CHA_Model/Monster_Human/Adult/Adult_M/Animation/EmpireMagic/CA_M_EMagic_NoBattleChairSit_Loop_01,DeleteBackingSource,,,,/Game/_Art/Enemies/OtherRegions/Humanoids/Mage/Animations/PlaybackClips/A_EN_PLAY_AC_EmpireMagic_Basic_ChairSit_Loop_01
Mage,/Game/_Art/Enemies/OtherRegions/Humanoids/Mage/Animations/SourceSequences/A_EN_SRC_CA_M_EMagic_NoBattleSearch_End_01,BBQ/Content/_Kazan_/Art/Character/CHA_Model/Monster_Human/Adult/Adult_M/Animation/EmpireMagic/CA_M_EMagic_NoBattleSearch_End_01,DeleteBackingSource,,,,/Game/_Art/Enemies/OtherRegions/Humanoids/Mage/Animations/PlaybackClips/A_EN_PLAY_AC_EmpireMagic_Basic_Search_End_01
Mage,/Game/_Art/Enemies/OtherRegions/Humanoids/Mage/Animations/SourceSequences/A_EN_SRC_CA_M_EMagic_NoBattleSearch_Loop_01,BBQ/Content/_Kazan_/Art/Character/CHA_Model/Monster_Human/Adult/Adult_M/Animation/EmpireMagic/CA_M_EMagic_NoBattleSearch_Loop_01,DeleteBackingSource,,,,/Game/_Art/Enemies/OtherRegions/Humanoids/Mage/Animations/PlaybackClips/A_EN_PLAY_AC_EmpireMagic_Basic_Search_Loop_01
Mage,/Game/_Art/Enemies/OtherRegions/Humanoids/Mage/Animations/SourceSequences/A_EN_SRC_CA_M_EMagic_NoBattleSit_End_01,BBQ/Content/_Kazan_/Art/Character/CHA_Model/Monster_Human/Adult/Adult_M/Animation/EmpireMagic/CA_M_EMagic_NoBattleSit_End_01,DeleteBackingSource,,,,/Game/_Art/Enemies/OtherRegions/Humanoids/Mage/Animations/PlaybackClips/A_EN_PLAY_AC_EmpireMagic_Basic_Sit_End_01
Mage,/Game/_Art/Enemies/OtherRegions/Humanoids/Mage/Animations/SourceSequences/A_EN_SRC_CA_M_EMagic_NoBattleSit_Loop_01,BBQ/Content/_Kazan_/Art/Character/CHA_Model/Monster_Human/Adult/Adult_M/Animation/EmpireMagic/CA_M_EMagic_NoBattleSit_Loop_01,DeleteBackingSource,,,,/Game/_Art/Enemies/OtherRegions/Humanoids/Mage/Animations/PlaybackClips/A_EN_PLAY_AC_EmpireMagic_Basic_Sit_Loop_01
Mage,/Game/_Art/Enemies/OtherRegions/Humanoids/Mage/Animations/SourceSequences/A_EN_SRC_CA_M_EMagic_NoBattleTalk_End_01,BBQ/Content/_Kazan_/Art/Character/CHA_Model/Monster_Human/Adult/Adult_M/Animation/EmpireMagic/CA_M_EMagic_NoBattleTalk_End_01,DeleteBackingSource,,,,/Game/_Art/Enemies/OtherRegions/Humanoids/Mage/Animations/PlaybackClips/A_EN_PLAY_AC_EmpireMagic_Basic_Talk_End_01
Mage,/Game/_Art/Enemies/OtherRegions/Humanoids/Mage/Animations/SourceSequences/A_EN_SRC_CA_M_EMagic_NoBattleTalk_Loop_01,BBQ/Content/_Kazan_/Art/Character/CHA_Model/Monster_Human/Adult/Adult_M/Animation/EmpireMagic/CA_M_EMagic_NoBattleTalk_Loop_01,DeleteBackingSource,,,,/Game/_Art/Enemies/OtherRegions/Humanoids/Mage/Animations/PlaybackClips/A_EN_PLAY_AC_EmpireMagic_Basic_Talk_Loop_01
Mage,/Game/_Art/Enemies/OtherRegions/Humanoids/Mage/Animations/SourceSequences/A_EN_SRC_CA_M_EMagic_Run_F,BBQ/Content/_Kazan_/Art/Character/CHA_Model/Monster_Human/Adult/Adult_M/Animation/EmpireMagic/CA_M_EMagic_Run_F,RetainOriginal,OriginalDirectConsumerNotReplaced,,BBQ/Content/_Kazan_/Design/Monster/Human/Empire/EmpireMagic/Moving/Move/BS_EmpireMagic_NormalMove:Properties.SampleData[2].Animation.ObjectPath,/Game/_Art/Enemies/OtherRegions/Humanoids/Mage/Animations/PlaybackClips/A_EN_PLAY_AC_EmpireMagic_Run_F
Mage,/Game/_Art/Enemies/OtherRegions/Humanoids/Mage/Animations/SourceSequences/A_EN_SRC_CA_M_EMagic_Run_Peace_F,BBQ/Content/_Kazan_/Art/Character/CHA_Model/Monster_Human/Adult/Adult_M/Animation/EmpireMagic/CA_M_EMagic_Run_Peace_F,RetainOriginal,OriginalDirectConsumerNotReplaced | NoBakedPlaybackCoverage,,BBQ/Content/_Kazan_/Design/Monster/Human/Empire/EmpireMagic/Moving/Move/BS_EmpireMagic_PeaceMove:Properties.SampleData[2].Animation.ObjectPath,
Mage,/Game/_Art/Enemies/OtherRegions/Humanoids/Mage/Animations/SourceSequences/A_EN_SRC_CA_M_EMagic_Stand_F,BBQ/Content/_Kazan_/Art/Character/CHA_Model/Monster_Human/Adult/Adult_M/Animation/EmpireMagic/CA_M_EMagic_Stand_F,RetainOriginal,OriginalDirectConsumerNotReplaced,,BBQ/Content/_Kazan_/Design/Monster/Human/Empire/EmpireMagic/Moving/Move/BS_EmpireMagic_LockOnMove:Properties.SampleData[0].Animation.ObjectPath | BBQ/Content/_Kazan_/Design/Monster/Human/Empire/EmpireMagic/Moving/Move/BS_EmpireMagic_NormalMove:Properties.SampleData[0].Animation.ObjectPath,/Game/_Art/Enemies/OtherRegions/Humanoids/Mage/Animations/PlaybackClips/A_EN_PLAY_AC_EmpireMagic_Stand_F | /Game/_Art/Enemies/OtherRegions/Humanoids/Mage/Animations/PlaybackClips/A_EN_PLAY_AC_EmpireMagic_StartFireBall_00_Idle
Mage,/Game/_Art/Enemies/OtherRegions/Humanoids/Mage/Animations/SourceSequences/A_EN_SRC_CA_M_EMagic_Stand_Peace_F,BBQ/Content/_Kazan_/Art/Character/CHA_Model/Monster_Human/Adult/Adult_M/Animation/EmpireMagic/CA_M_EMagic_Stand_Peace_F,RetainOriginal,OriginalDirectConsumerNotReplaced | NoBakedPlaybackCoverage,,BBQ/Content/_Kazan_/Design/Monster/Human/Empire/EmpireMagic/Moving/Move/BS_EmpireMagic_PeaceMove:Properties.SampleData[1].Animation.ObjectPath,
Mage,/Game/_Art/Enemies/OtherRegions/Humanoids/Mage/Animations/SourceSequences/A_EN_SRC_CA_M_EMagic_Turn_L,BBQ/Content/_Kazan_/Art/Character/CHA_Model/Monster_Human/Adult/Adult_M/Animation/EmpireMagic/CA_M_EMagic_Turn_L,DeleteBackingSource,,,,/Game/_Art/Enemies/OtherRegions/Humanoids/Mage/Animations/PlaybackClips/A_EN_PLAY_AC_EmpireMagic_Turn_L
Mage,/Game/_Art/Enemies/OtherRegions/Humanoids/Mage/Animations/SourceSequences/A_EN_SRC_CA_M_EMagic_Turn_L_180,BBQ/Content/_Kazan_/Art/Character/CHA_Model/Monster_Human/Adult/Adult_M/Animation/EmpireMagic/CA_M_EMagic_Turn_L_180,DeleteBackingSource,,,,/Game/_Art/Enemies/OtherRegions/Humanoids/Mage/Animations/PlaybackClips/A_EN_PLAY_AC_EmpireMagic_Turn_L_180
Mage,/Game/_Art/Enemies/OtherRegions/Humanoids/Mage/Animations/SourceSequences/A_EN_SRC_CA_M_EMagic_Turn_Peace_L,BBQ/Content/_Kazan_/Art/Character/CHA_Model/Monster_Human/Adult/Adult_M/Animation/EmpireMagic/CA_M_EMagic_Turn_Peace_L,DeleteBackingSource,,,,/Game/_Art/Enemies/OtherRegions/Humanoids/Mage/Animations/PlaybackClips/A_EN_PLAY_AC_EmpireMagic_Turn_L_Peace
Mage,/Game/_Art/Enemies/OtherRegions/Humanoids/Mage/Animations/SourceSequences/A_EN_SRC_CA_M_EMagic_Turn_Peace_R,BBQ/Content/_Kazan_/Art/Character/CHA_Model/Monster_Human/Adult/Adult_M/Animation/EmpireMagic/CA_M_EMagic_Turn_Peace_R,DeleteBackingSource,,,,/Game/_Art/Enemies/OtherRegions/Humanoids/Mage/Animations/PlaybackClips/A_EN_PLAY_AC_EmpireMagic_Turn_R_Peace
Mage,/Game/_Art/Enemies/OtherRegions/Humanoids/Mage/Animations/SourceSequences/A_EN_SRC_CA_M_EMagic_Turn_R,BBQ/Content/_Kazan_/Art/Character/CHA_Model/Monster_Human/Adult/Adult_M/Animation/EmpireMagic/CA_M_EMagic_Turn_R,DeleteBackingSource,,,,/Game/_Art/Enemies/HeinMach/Humanoids/Archer/Animations/PlaybackClips/A_EN_PLAY_AC_EmpireBow_Turn_R | /Game/_Art/Enemies/OtherRegions/Humanoids/Mage/Animations/PlaybackClips/A_EN_PLAY_AC_EmpireMagic_Turn_R
Mage,/Game/_Art/Enemies/OtherRegions/Humanoids/Mage/Animations/SourceSequences/A_EN_SRC_CA_M_EMagic_Turn_R_180,BBQ/Content/_Kazan_/Art/Character/CHA_Model/Monster_Human/Adult/Adult_M/Animation/EmpireMagic/CA_M_EMagic_Turn_R_180,DeleteBackingSource,,,,/Game/_Art/Enemies/OtherRegions/Humanoids/Mage/Animations/PlaybackClips/A_EN_PLAY_AC_EmpireMagic_Turn_R_180
Mage,/Game/_Art/Enemies/OtherRegions/Humanoids/Mage/Animations/SourceSequences/A_EN_SRC_CA_M_EMagic_Walk_F,BBQ/Content/_Kazan_/Art/Character/CHA_Model/Monster_Human/Adult/Adult_M/Animation/EmpireMagic/CA_M_EMagic_Walk_F,RetainOriginal,OriginalDirectConsumerNotReplaced,,BBQ/Content/_Kazan_/Design/Monster/Human/Empire/EmpireMagic/Moving/Move/BS_EmpireMagic_NormalMove:Properties.SampleData[1].Animation.ObjectPath,/Game/_Art/Enemies/OtherRegions/Humanoids/Mage/Animations/PlaybackClips/A_EN_PLAY_AC_EmpireMagic_Walk_F
Mage,/Game/_Art/Enemies/OtherRegions/Humanoids/Mage/Animations/SourceSequences/A_EN_SRC_CA_M_EMagic_Walk_Peace_F,BBQ/Content/_Kazan_/Art/Character/CHA_Model/Monster_Human/Adult/Adult_M/Animation/EmpireMagic/CA_M_EMagic_Walk_Peace_F,RetainOriginal,OriginalDirectConsumerNotReplaced | NoBakedPlaybackCoverage,,BBQ/Content/_Kazan_/Design/Monster/Human/Empire/EmpireMagic/Moving/Move/BS_EmpireMagic_PeaceMove:Properties.SampleData[0].Animation.ObjectPath,
Mage,/Game/_Art/Enemies/OtherRegions/Humanoids/Mage/Animations/SourceSequences/A_EN_SRC_CA_M_Human_Adult_M_EmpireMagic_Vigilant_FreakOut_Equip,BBQ/Content/_Kazan_/Art/Character/CHA_Model/Monster_Human/Adult/Adult_M/Animation/EmpireMagic/CA_M_Human_Adult_M_EmpireMagic_Vigilant_FreakOut_Equip,DeleteBackingSource,,,,/Game/_Art/Enemies/OtherRegions/Humanoids/Mage/Animations/PlaybackClips/A_EN_PLAY_AC_EmpireMagic_Vigilant_FreakOut_Armed
Mage,/Game/_Art/Enemies/OtherRegions/Humanoids/Mage/Animations/SourceSequences/A_EN_SRC_CA_M_Human_Adult_M_EmpireMagic_Vigilant_FreakOut_UnEquip,BBQ/Content/_Kazan_/Art/Character/CHA_Model/Monster_Human/Adult/Adult_M/Animation/EmpireMagic/CA_M_Human_Adult_M_EmpireMagic_Vigilant_FreakOut_UnEquip,DeleteBackingSource,,,,/Game/_Art/Enemies/OtherRegions/Humanoids/Mage/Animations/PlaybackClips/A_EN_PLAY_AC_EmpireMagic_Vigilant_FreakOut_UnArmed
Mage,/Game/_Art/Enemies/OtherRegions/Humanoids/Mage/Animations/SourceSequences/A_EN_SRC_CA_M_Human_Adult_M_EmpireMagic_Vigilant_LookAround,BBQ/Content/_Kazan_/Art/Character/CHA_Model/Monster_Human/Adult/Adult_M/Animation/EmpireMagic/CA_M_Human_Adult_M_EmpireMagic_Vigilant_LookAround,DeleteBackingSource,,,,/Game/_Art/Enemies/OtherRegions/Humanoids/Mage/Animations/PlaybackClips/A_EN_PLAY_AC_EmpireMagic_Vigilant_LookAround
Swordsman,/Game/_Art/Enemies/HeinMach/Humanoids/Swordsman/Animations/SourceSequences/A_EN_SRC_CA_M_EmpSwd_Ballista_Ballista_Hand_End,BBQ/Content/_Kazan_/Art/Character/CHA_Model/Monster_Human/Adult/Adult_M/Animation/EmpireSword3/CA_M_EmpSwd_Ballista_Ballista_Hand_End,DeleteBackingSource,,,,/Game/_Art/Enemies/HeinMach/Humanoids/Swordsman/Animations/PlaybackClips/A_EN_PLAY_AC_EmpireSword_Ballista_Reload
Swordsman,/Game/_Art/Enemies/HeinMach/Humanoids/Swordsman/Animations/SourceSequences/A_EN_SRC_CA_M_EmpSwd_Ballista_Hand_Battle,BBQ/Content/_Kazan_/Art/Character/CHA_Model/Monster_Human/Adult/Adult_M/Animation/EmpireSword3/CA_M_EmpSwd_Ballista_Hand_Battle,DeleteBackingSource,,,,/Game/_Art/Enemies/HeinMach/Humanoids/Swordsman/Animations/PlaybackClips/A_EN_PLAY_AC_EmpireSword_Ballista_HandBattle
Swordsman,/Game/_Art/Enemies/HeinMach/Humanoids/Swordsman/Animations/SourceSequences/A_EN_SRC_CA_M_EmpSwd_Ballista_Hand_Idle,BBQ/Content/_Kazan_/Art/Character/CHA_Model/Monster_Human/Adult/Adult_M/Animation/EmpireSword3/CA_M_EmpSwd_Ballista_Hand_Idle,DeleteBackingSource,,,,/Game/_Art/Enemies/HeinMach/Humanoids/Swordsman/Animations/PlaybackClips/A_EN_PLAY_AC_EmpireSword_Ballista_Idle | /Game/_Art/Enemies/HeinMach/Humanoids/Swordsman/Animations/PlaybackClips/A_EN_PLAY_AC_EmpireSword_Ballista_Loop
Swordsman,/Game/_Art/Enemies/HeinMach/Humanoids/Swordsman/Animations/SourceSequences/A_EN_SRC_CA_M_EmpSwd_Ballista_Hand_Start,BBQ/Content/_Kazan_/Art/Character/CHA_Model/Monster_Human/Adult/Adult_M/Animation/EmpireSword3/CA_M_EmpSwd_Ballista_Hand_Start,DeleteBackingSource,,,,/Game/_Art/Enemies/HeinMach/Humanoids/Swordsman/Animations/PlaybackClips/A_EN_PLAY_AC_EmpireSword_Ballista_Attack
Swordsman,/Game/_Art/Enemies/HeinMach/Humanoids/Swordsman/Animations/SourceSequences/A_EN_SRC_CA_M_EmpSwd_CarryASword,BBQ/Content/_Kazan_/Art/Character/CHA_Model/Monster_Human/Adult/Adult_M/Animation/EmpireSword3/CA_M_EmpSwd_CarryASword,DeleteBackingSource,,,,/Game/_Art/Enemies/HeinMach/Humanoids/Swordsman/Animations/PlaybackClips/A_EN_PLAY_AC_EmpireSword_Fear_Battle
Swordsman,/Game/_Art/Enemies/HeinMach/Humanoids/Swordsman/Animations/SourceSequences/A_EN_SRC_CA_M_EmpSwd_CarryASword02,BBQ/Content/_Kazan_/Art/Character/CHA_Model/Monster_Human/Adult/Adult_M/Animation/EmpireSword3/CA_M_EmpSwd_CarryASword02,DeleteBackingSource,,,,/Game/_Art/Enemies/HeinMach/Humanoids/Swordsman/Animations/PlaybackClips/A_EN_PLAY_AC_EmpireSword_Equip
Swordsman,/Game/_Art/Enemies/HeinMach/Humanoids/Swordsman/Animations/SourceSequences/A_EN_SRC_CA_M_EmpSwd_CarryASword_Turn_L,BBQ/Content/_Kazan_/Art/Character/CHA_Model/Monster_Human/Adult/Adult_M/Animation/EmpireSword3/CA_M_EmpSwd_CarryASword_Turn_L,DeleteBackingSource,,,,/Game/_Art/Enemies/HeinMach/Humanoids/Swordsman/Animations/PlaybackClips/A_EN_PLAY_AC_EmpireSword_Equip_Turn_L
Swordsman,/Game/_Art/Enemies/HeinMach/Humanoids/Swordsman/Animations/SourceSequences/A_EN_SRC_CA_M_EmpSwd_CarryASword_Turn_R,BBQ/Content/_Kazan_/Art/Character/CHA_Model/Monster_Human/Adult/Adult_M/Animation/EmpireSword3/CA_M_EmpSwd_CarryASword_Turn_R,DeleteBackingSource,,,,/Game/_Art/Enemies/HeinMach/Humanoids/Swordsman/Animations/PlaybackClips/A_EN_PLAY_AC_EmpireSword_Equip_Turn_R
Swordsman,/Game/_Art/Enemies/HeinMach/Humanoids/Swordsman/Animations/SourceSequences/A_EN_SRC_CA_M_EmpSwd_ClimbingWall_Down_End,BBQ/Content/_Kazan_/Art/Character/CHA_Model/Monster_Human/Adult/Adult_M/Animation/EmpireSword3/CA_M_EmpSwd_ClimbingWall_Down_End,DeleteBackingSource,,,,/Game/_Art/Enemies/HeinMach/Humanoids/Swordsman/Animations/PlaybackClips/A_EN_PLAY_AC_EmpireSword_ClimbingWall_Down_End
Swordsman,/Game/_Art/Enemies/HeinMach/Humanoids/Swordsman/Animations/SourceSequences/A_EN_SRC_CA_M_EmpSwd_ClimbingWall_Down_L,BBQ/Content/_Kazan_/Art/Character/CHA_Model/Monster_Human/Adult/Adult_M/Animation/EmpireSword3/CA_M_EmpSwd_ClimbingWall_Down_L,DeleteBackingSource,,,,/Game/_Art/Enemies/HeinMach/Humanoids/Swordsman/Animations/PlaybackClips/A_EN_PLAY_AC_EmpireSword_ClimbingWall_Down_L
Swordsman,/Game/_Art/Enemies/HeinMach/Humanoids/Swordsman/Animations/SourceSequences/A_EN_SRC_CA_M_EmpSwd_ClimbingWall_Down_R,BBQ/Content/_Kazan_/Art/Character/CHA_Model/Monster_Human/Adult/Adult_M/Animation/EmpireSword3/CA_M_EmpSwd_ClimbingWall_Down_R,DeleteBackingSource,,,,/Game/_Art/Enemies/HeinMach/Humanoids/Swordsman/Animations/PlaybackClips/A_EN_PLAY_AC_EmpireSword_ClimbingWall_Down_R
Swordsman,/Game/_Art/Enemies/HeinMach/Humanoids/Swordsman/Animations/SourceSequences/A_EN_SRC_CA_M_EmpSwd_ClimbingWall_Down_Start,BBQ/Content/_Kazan_/Art/Character/CHA_Model/Monster_Human/Adult/Adult_M/Animation/EmpireSword3/CA_M_EmpSwd_ClimbingWall_Down_Start,DeleteBackingSource,,,,/Game/_Art/Enemies/HeinMach/Humanoids/Swordsman/Animations/PlaybackClips/A_EN_PLAY_AC_EmpireSword_ClimbingWall_Down_Start
Swordsman,/Game/_Art/Enemies/HeinMach/Humanoids/Swordsman/Animations/SourceSequences/A_EN_SRC_CA_M_EmpSwd_ClimbingWall_Loop_L_Idle,BBQ/Content/_Kazan_/Art/Character/CHA_Model/Monster_Human/Adult/Adult_M/Animation/EmpireSword3/CA_M_EmpSwd_ClimbingWall_Loop_L_Idle,DeleteBackingSource,,,,/Game/_Art/Enemies/HeinMach/Humanoids/Swordsman/Animations/PlaybackClips/A_EN_PLAY_AC_EmpireSword_ClimbingWall_Loop_L_Idle
Swordsman,/Game/_Art/Enemies/HeinMach/Humanoids/Swordsman/Animations/SourceSequences/A_EN_SRC_CA_M_EmpSwd_ClimbingWall_Loop_R_Idle,BBQ/Content/_Kazan_/Art/Character/CHA_Model/Monster_Human/Adult/Adult_M/Animation/EmpireSword3/CA_M_EmpSwd_ClimbingWall_Loop_R_Idle,DeleteBackingSource,,,,/Game/_Art/Enemies/HeinMach/Humanoids/Swordsman/Animations/PlaybackClips/A_EN_PLAY_AC_EmpireSword_ClimbingWall_Loop_R_Idle
Swordsman,/Game/_Art/Enemies/HeinMach/Humanoids/Swordsman/Animations/SourceSequences/A_EN_SRC_CA_M_EmpSwd_ClimbingWall_Up_End,BBQ/Content/_Kazan_/Art/Character/CHA_Model/Monster_Human/Adult/Adult_M/Animation/EmpireSword3/CA_M_EmpSwd_ClimbingWall_Up_End,DeleteBackingSource,,,,/Game/_Art/Enemies/HeinMach/Humanoids/Swordsman/Animations/PlaybackClips/A_EN_PLAY_AC_EmpireSword_ClimbingWall_Up_End
Swordsman,/Game/_Art/Enemies/HeinMach/Humanoids/Swordsman/Animations/SourceSequences/A_EN_SRC_CA_M_EmpSwd_ClimbingWall_Up_L,BBQ/Content/_Kazan_/Art/Character/CHA_Model/Monster_Human/Adult/Adult_M/Animation/EmpireSword3/CA_M_EmpSwd_ClimbingWall_Up_L,DeleteBackingSource,,,,/Game/_Art/Enemies/HeinMach/Humanoids/Swordsman/Animations/PlaybackClips/A_EN_PLAY_AC_EmpireSword_ClimbingWall_Up_L
Swordsman,/Game/_Art/Enemies/HeinMach/Humanoids/Swordsman/Animations/SourceSequences/A_EN_SRC_CA_M_EmpSwd_ClimbingWall_Up_R,BBQ/Content/_Kazan_/Art/Character/CHA_Model/Monster_Human/Adult/Adult_M/Animation/EmpireSword3/CA_M_EmpSwd_ClimbingWall_Up_R,DeleteBackingSource,,,,/Game/_Art/Enemies/HeinMach/Humanoids/Swordsman/Animations/PlaybackClips/A_EN_PLAY_AC_EmpireSword_ClimbingWall_Up_R
Swordsman,/Game/_Art/Enemies/HeinMach/Humanoids/Swordsman/Animations/SourceSequences/A_EN_SRC_CA_M_EmpSwd_ClimbingWall_Up_Start,BBQ/Content/_Kazan_/Art/Character/CHA_Model/Monster_Human/Adult/Adult_M/Animation/EmpireSword3/CA_M_EmpSwd_ClimbingWall_Up_Start,DeleteBackingSource,,,,/Game/_Art/Enemies/HeinMach/Humanoids/Swordsman/Animations/PlaybackClips/A_EN_PLAY_AC_EmpireSword_ClimbingWall_Up_Start
Swordsman,/Game/_Art/Enemies/HeinMach/Humanoids/Swordsman/Animations/SourceSequences/A_EN_SRC_CA_M_EmpSwd_DamageAir_B,BBQ/Content/_Kazan_/Art/Character/CHA_Model/Monster_Human/Adult/Adult_M/Animation/EmpireSword3/CA_M_EmpSwd_DamageAir_B,DeleteBackingSource,,,,/Game/_Art/Enemies/HeinMach/Humanoids/Swordsman/Animations/PlaybackClips/A_EN_PLAY_AC_EmpireSword_DamageAir_B_Down | /Game/_Art/Enemies/HeinMach/Humanoids/Swordsman/Animations/PlaybackClips/A_EN_PLAY_AC_EmpireSword_DamageAir_B_Land | /Game/_Art/Enemies/HeinMach/Humanoids/Swordsman/Animations/PlaybackClips/A_EN_PLAY_AC_EmpireSword_DamageAir_B_Peak | /Game/_Art/Enemies/HeinMach/Humanoids/Swordsman/Animations/PlaybackClips/A_EN_PLAY_AC_EmpireSword_DamageAir_B_Up
Swordsman,/Game/_Art/Enemies/HeinMach/Humanoids/Swordsman/Animations/SourceSequences/A_EN_SRC_CA_M_EmpSwd_DamageAir_F,BBQ/Content/_Kazan_/Art/Character/CHA_Model/Monster_Human/Adult/Adult_M/Animation/EmpireSword3/CA_M_EmpSwd_DamageAir_F,DeleteBackingSource,,,,/Game/_Art/Enemies/HeinMach/Humanoids/Swordsman/Animations/PlaybackClips/A_EN_PLAY_AC_EmpireSword_DamageAir_F_Down | /Game/_Art/Enemies/HeinMach/Humanoids/Swordsman/Animations/PlaybackClips/A_EN_PLAY_AC_EmpireSword_DamageAir_F_Land | /Game/_Art/Enemies/HeinMach/Humanoids/Swordsman/Animations/PlaybackClips/A_EN_PLAY_AC_EmpireSword_DamageAir_F_Peak | /Game/_Art/Enemies/HeinMach/Humanoids/Swordsman/Animations/PlaybackClips/A_EN_PLAY_AC_EmpireSword_DamageAir_F_Up
Swordsman,/Game/_Art/Enemies/HeinMach/Humanoids/Swordsman/Animations/SourceSequences/A_EN_SRC_CA_M_EmpSwd_DamageDown_B,BBQ/Content/_Kazan_/Art/Character/CHA_Model/Monster_Human/Adult/Adult_M/Animation/EmpireSword3/CA_M_EmpSwd_DamageDown_B,DeleteBackingSource,,,,/Game/_Art/Enemies/OtherRegions/Humanoids/Mage/Animations/PlaybackClips/A_EN_PLAY_AC_EmpireMagic_DamageDown_B | /Game/_Art/Enemies/HeinMach/Humanoids/Swordsman/Animations/PlaybackClips/A_EN_PLAY_AC_EmpireSword_DamageDown_B
Swordsman,/Game/_Art/Enemies/HeinMach/Humanoids/Swordsman/Animations/SourceSequences/A_EN_SRC_CA_M_EmpSwd_DamageDown_F,BBQ/Content/_Kazan_/Art/Character/CHA_Model/Monster_Human/Adult/Adult_M/Animation/EmpireSword3/CA_M_EmpSwd_DamageDown_F,DeleteBackingSource,,,,/Game/_Art/Enemies/OtherRegions/Humanoids/Mage/Animations/PlaybackClips/A_EN_PLAY_AC_EmpireMagic_DamageDown_F | /Game/_Art/Enemies/HeinMach/Humanoids/Swordsman/Animations/PlaybackClips/A_EN_PLAY_AC_EmpireSword_DamageDown_F
Swordsman,/Game/_Art/Enemies/HeinMach/Humanoids/Swordsman/Animations/SourceSequences/A_EN_SRC_CA_M_EmpSwd_DamageGrapple_Atk_01,BBQ/Content/_Kazan_/Art/Character/CHA_Model/Monster_Human/Adult/Adult_M/Animation/EmpireSword3/CA_M_EmpSwd_DamageGrapple_Atk_01,DeleteBackingSource,,,,/Game/_Art/Enemies/HeinMach/Humanoids/Swordsman/Animations/PlaybackClips/A_EN_PLAY_AC_EmpireSword_DamageGrapple_Atk_01
Swordsman,/Game/_Art/Enemies/HeinMach/Humanoids/Swordsman/Animations/SourceSequences/A_EN_SRC_CA_M_EmpSwd_DamageGrapple_Atk_02,BBQ/Content/_Kazan_/Art/Character/CHA_Model/Monster_Human/Adult/Adult_M/Animation/EmpireSword3/CA_M_EmpSwd_DamageGrapple_Atk_02,DeleteBackingSource,,,,/Game/_Art/Enemies/HeinMach/Humanoids/Swordsman/Animations/PlaybackClips/A_EN_PLAY_AC_EmpireSword_DamageGrapple_Atk_02
Swordsman,/Game/_Art/Enemies/HeinMach/Humanoids/Swordsman/Animations/SourceSequences/A_EN_SRC_CA_M_EmpSwd_DamageGrapple_Atk_B_01,BBQ/Content/_Kazan_/Art/Character/CHA_Model/Monster_Human/Adult/Adult_M/Animation/EmpireSword3/CA_M_EmpSwd_DamageGrapple_Atk_B_01,DeleteBackingSource,,,,/Game/_Art/Enemies/HeinMach/Humanoids/Swordsman/Animations/PlaybackClips/A_EN_PLAY_AC_EmpSwd_DamageGrapple_Atk_B_01
Swordsman,/Game/_Art/Enemies/HeinMach/Humanoids/Swordsman/Animations/SourceSequences/A_EN_SRC_CA_M_EmpSwd_DamageGrapple_Atk_B_02,BBQ/Content/_Kazan_/Art/Character/CHA_Model/Monster_Human/Adult/Adult_M/Animation/EmpireSword3/CA_M_EmpSwd_DamageGrapple_Atk_B_02,DeleteBackingSource,,,,/Game/_Art/Enemies/HeinMach/Humanoids/Swordsman/Animations/PlaybackClips/A_EN_PLAY_AC_EmpSwd_DamageGrapple_Atk_B_02
Swordsman,/Game/_Art/Enemies/HeinMach/Humanoids/Swordsman/Animations/SourceSequences/A_EN_SRC_CA_M_EmpSwd_DamageNormal_D_B,BBQ/Content/_Kazan_/Art/Character/CHA_Model/Monster_Human/Adult/Adult_M/Animation/EmpireSword3/CA_M_EmpSwd_DamageNormal_D_B,DeleteBackingSource,,,,/Game/_Art/Enemies/HeinMach/Humanoids/Swordsman/Animations/PlaybackClips/A_EN_PLAY_AC_EmpireSword_DamageNormal_D_B
Swordsman,/Game/_Art/Enemies/HeinMach/Humanoids/Swordsman/Animations/SourceSequences/A_EN_SRC_CA_M_EmpSwd_DamageNormal_D_F,BBQ/Content/_Kazan_/Art/Character/CHA_Model/Monster_Human/Adult/Adult_M/Animation/EmpireSword3/CA_M_EmpSwd_DamageNormal_D_F,DeleteBackingSource,,,,/Game/_Art/Enemies/HeinMach/Humanoids/Swordsman/Animations/PlaybackClips/A_EN_PLAY_AC_EmpireSword_DamageNormal_D_F
Swordsman,/Game/_Art/Enemies/HeinMach/Humanoids/Swordsman/Animations/SourceSequences/A_EN_SRC_CA_M_EmpSwd_DamageNormal_D_F2,BBQ/Content/_Kazan_/Art/Character/CHA_Model/Monster_Human/Adult/Adult_M/Animation/EmpireSword3/CA_M_EmpSwd_DamageNormal_D_F2,DeleteBackingSource,,,,/Game/_Art/Enemies/HeinMach/Humanoids/Swordsman/Animations/PlaybackClips/A_EN_PLAY_AC_EmpireSword_DamageNormal_D_F_2
Swordsman,/Game/_Art/Enemies/HeinMach/Humanoids/Swordsman/Animations/SourceSequences/A_EN_SRC_CA_M_EmpSwd_DamageNormal_L_F,BBQ/Content/_Kazan_/Art/Character/CHA_Model/Monster_Human/Adult/Adult_M/Animation/EmpireSword3/CA_M_EmpSwd_DamageNormal_L_F,DeleteBackingSource,,,,/Game/_Art/Enemies/HeinMach/Humanoids/Swordsman/Animations/PlaybackClips/A_EN_PLAY_AC_EmpireSword_DamageNormal_L_F
Swordsman,/Game/_Art/Enemies/HeinMach/Humanoids/Swordsman/Animations/SourceSequences/A_EN_SRC_CA_M_EmpSwd_DamageNormal_L_F2,BBQ/Content/_Kazan_/Art/Character/CHA_Model/Monster_Human/Adult/Adult_M/Animation/EmpireSword3/CA_M_EmpSwd_DamageNormal_L_F2,DeleteBackingSource,,,,/Game/_Art/Enemies/HeinMach/Humanoids/Swordsman/Animations/PlaybackClips/A_EN_PLAY_AC_EmpireSword_DamageNormal_L_F_2
Swordsman,/Game/_Art/Enemies/HeinMach/Humanoids/Swordsman/Animations/SourceSequences/A_EN_SRC_CA_M_EmpSwd_DamageNormal_R_F,BBQ/Content/_Kazan_/Art/Character/CHA_Model/Monster_Human/Adult/Adult_M/Animation/EmpireSword3/CA_M_EmpSwd_DamageNormal_R_F,DeleteBackingSource,,,,/Game/_Art/Enemies/HeinMach/Humanoids/Swordsman/Animations/PlaybackClips/A_EN_PLAY_AC_EmpireSword_DamageNormal_R_F
Swordsman,/Game/_Art/Enemies/HeinMach/Humanoids/Swordsman/Animations/SourceSequences/A_EN_SRC_CA_M_EmpSwd_DamageNormal_R_F2,BBQ/Content/_Kazan_/Art/Character/CHA_Model/Monster_Human/Adult/Adult_M/Animation/EmpireSword3/CA_M_EmpSwd_DamageNormal_R_F2,DeleteBackingSource,,,,/Game/_Art/Enemies/HeinMach/Humanoids/Swordsman/Animations/PlaybackClips/A_EN_PLAY_AC_EmpireSword_DamageNormal_R_F_2
Swordsman,/Game/_Art/Enemies/HeinMach/Humanoids/Swordsman/Animations/SourceSequences/A_EN_SRC_CA_M_EmpSwd_DamageNormal_U_B,BBQ/Content/_Kazan_/Art/Character/CHA_Model/Monster_Human/Adult/Adult_M/Animation/EmpireSword3/CA_M_EmpSwd_DamageNormal_U_B,DeleteBackingSource,,,,/Game/_Art/Enemies/HeinMach/Humanoids/Swordsman/Animations/PlaybackClips/A_EN_PLAY_AC_EmpireSword_DamageNormal_U_B
Swordsman,/Game/_Art/Enemies/HeinMach/Humanoids/Swordsman/Animations/SourceSequences/A_EN_SRC_CA_M_EmpSwd_DamageNormal_U_F,BBQ/Content/_Kazan_/Art/Character/CHA_Model/Monster_Human/Adult/Adult_M/Animation/EmpireSword3/CA_M_EmpSwd_DamageNormal_U_F,DeleteBackingSource,,,,/Game/_Art/Enemies/HeinMach/Humanoids/Swordsman/Animations/PlaybackClips/A_EN_PLAY_AC_EmpireSword_DamageNormal_U_F
Swordsman,/Game/_Art/Enemies/HeinMach/Humanoids/Swordsman/Animations/SourceSequences/A_EN_SRC_CA_M_EmpSwd_DamageNormal_U_F2,BBQ/Content/_Kazan_/Art/Character/CHA_Model/Monster_Human/Adult/Adult_M/Animation/EmpireSword3/CA_M_EmpSwd_DamageNormal_U_F2,DeleteBackingSource,,,,/Game/_Art/Enemies/HeinMach/Humanoids/Swordsman/Animations/PlaybackClips/A_EN_PLAY_AC_EmpireSword_DamageNormal_U_F_2
Swordsman,/Game/_Art/Enemies/HeinMach/Humanoids/Swordsman/Animations/SourceSequences/A_EN_SRC_CA_M_EmpSwd_DamageParry_F,BBQ/Content/_Kazan_/Art/Character/CHA_Model/Monster_Human/Adult/Adult_M/Animation/EmpireSword3/CA_M_EmpSwd_DamageParry_F,DeleteBackingSource,,,,/Game/_Art/Enemies/HeinMach/Humanoids/Swordsman/Animations/PlaybackClips/A_EN_PLAY_AC_M_EmpSwd_DamageParry_F
Swordsman,/Game/_Art/Enemies/HeinMach/Humanoids/Swordsman/Animations/SourceSequences/A_EN_SRC_CA_M_EmpSwd_DamageStrong_D_F,BBQ/Content/_Kazan_/Art/Character/CHA_Model/Monster_Human/Adult/Adult_M/Animation/EmpireSword3/CA_M_EmpSwd_DamageStrong_D_F,DeleteBackingSource,,,,/Game/_Art/Enemies/HeinMach/Humanoids/Swordsman/Animations/PlaybackClips/A_EN_PLAY_AC_EmpireSword_DamageStrong_D_F
Swordsman,/Game/_Art/Enemies/HeinMach/Humanoids/Swordsman/Animations/SourceSequences/A_EN_SRC_CA_M_EmpSwd_DamageStrong_D_F2,BBQ/Content/_Kazan_/Art/Character/CHA_Model/Monster_Human/Adult/Adult_M/Animation/EmpireSword3/CA_M_EmpSwd_DamageStrong_D_F2,DeleteBackingSource,,,,/Game/_Art/Enemies/HeinMach/Humanoids/Swordsman/Animations/PlaybackClips/A_EN_PLAY_AC_EmpireSword_DamageStrong_D_F_2
Swordsman,/Game/_Art/Enemies/HeinMach/Humanoids/Swordsman/Animations/SourceSequences/A_EN_SRC_CA_M_EmpSwd_DamageStrong_L_F,BBQ/Content/_Kazan_/Art/Character/CHA_Model/Monster_Human/Adult/Adult_M/Animation/EmpireSword3/CA_M_EmpSwd_DamageStrong_L_F,DeleteBackingSource,,,,/Game/_Art/Enemies/HeinMach/Humanoids/Swordsman/Animations/PlaybackClips/A_EN_PLAY_AC_EmpireSword_DamageStrong_L_F
Swordsman,/Game/_Art/Enemies/HeinMach/Humanoids/Swordsman/Animations/SourceSequences/A_EN_SRC_CA_M_EmpSwd_DamageStrong_L_F2,BBQ/Content/_Kazan_/Art/Character/CHA_Model/Monster_Human/Adult/Adult_M/Animation/EmpireSword3/CA_M_EmpSwd_DamageStrong_L_F2,DeleteBackingSource,,,,/Game/_Art/Enemies/HeinMach/Humanoids/Swordsman/Animations/PlaybackClips/A_EN_PLAY_AC_EmpireSword_DamageStrong_L_F_2
Swordsman,/Game/_Art/Enemies/HeinMach/Humanoids/Swordsman/Animations/SourceSequences/A_EN_SRC_CA_M_EmpSwd_DamageStrong_R_F,BBQ/Content/_Kazan_/Art/Character/CHA_Model/Monster_Human/Adult/Adult_M/Animation/EmpireSword3/CA_M_EmpSwd_DamageStrong_R_F,DeleteBackingSource,,,,/Game/_Art/Enemies/HeinMach/Humanoids/Swordsman/Animations/PlaybackClips/A_EN_PLAY_AC_EmpireSword_DamageStrong_R_F
Swordsman,/Game/_Art/Enemies/HeinMach/Humanoids/Swordsman/Animations/SourceSequences/A_EN_SRC_CA_M_EmpSwd_DamageStrong_R_F2,BBQ/Content/_Kazan_/Art/Character/CHA_Model/Monster_Human/Adult/Adult_M/Animation/EmpireSword3/CA_M_EmpSwd_DamageStrong_R_F2,DeleteBackingSource,,,,/Game/_Art/Enemies/HeinMach/Humanoids/Swordsman/Animations/PlaybackClips/A_EN_PLAY_AC_EmpireSword_DamageStrong_R_F_2
Swordsman,/Game/_Art/Enemies/HeinMach/Humanoids/Swordsman/Animations/SourceSequences/A_EN_SRC_CA_M_EmpSwd_DamageStrong_U_F,BBQ/Content/_Kazan_/Art/Character/CHA_Model/Monster_Human/Adult/Adult_M/Animation/EmpireSword3/CA_M_EmpSwd_DamageStrong_U_F,DeleteBackingSource,,,,/Game/_Art/Enemies/HeinMach/Humanoids/Swordsman/Animations/PlaybackClips/A_EN_PLAY_AC_EmpireSword_DamageStrong_U_F
Swordsman,/Game/_Art/Enemies/HeinMach/Humanoids/Swordsman/Animations/SourceSequences/A_EN_SRC_CA_M_EmpSwd_DamageStrong_U_F2,BBQ/Content/_Kazan_/Art/Character/CHA_Model/Monster_Human/Adult/Adult_M/Animation/EmpireSword3/CA_M_EmpSwd_DamageStrong_U_F2,DeleteBackingSource,,,,/Game/_Art/Enemies/HeinMach/Humanoids/Swordsman/Animations/PlaybackClips/A_EN_PLAY_AC_EmpireSword_DamageStrong_U_F_2
Swordsman,/Game/_Art/Enemies/HeinMach/Humanoids/Swordsman/Animations/SourceSequences/A_EN_SRC_CA_M_EmpSwd_DamageWeak_D_F,BBQ/Content/_Kazan_/Art/Character/CHA_Model/Monster_Human/Adult/Adult_M/Animation/EmpireSword3/CA_M_EmpSwd_DamageWeak_D_F,DeleteBackingSource,,,,/Game/_Art/Enemies/HeinMach/Humanoids/Swordsman/Animations/PlaybackClips/A_EN_PLAY_AC_EmpireSword_DamageWeak_D_F
Swordsman,/Game/_Art/Enemies/HeinMach/Humanoids/Swordsman/Animations/SourceSequences/A_EN_SRC_CA_M_EmpSwd_DamageWeak_L_F,BBQ/Content/_Kazan_/Art/Character/CHA_Model/Monster_Human/Adult/Adult_M/Animation/EmpireSword3/CA_M_EmpSwd_DamageWeak_L_F,DeleteBackingSource,,,,/Game/_Art/Enemies/HeinMach/Humanoids/Swordsman/Animations/PlaybackClips/A_EN_PLAY_AC_EmpireSword_DamageWeak_L_F
Swordsman,/Game/_Art/Enemies/HeinMach/Humanoids/Swordsman/Animations/SourceSequences/A_EN_SRC_CA_M_EmpSwd_DamageWeak_R_F,BBQ/Content/_Kazan_/Art/Character/CHA_Model/Monster_Human/Adult/Adult_M/Animation/EmpireSword3/CA_M_EmpSwd_DamageWeak_R_F,DeleteBackingSource,,,,/Game/_Art/Enemies/HeinMach/Humanoids/Swordsman/Animations/PlaybackClips/A_EN_PLAY_AC_EmpireSword_DamageWeak_R_F
Swordsman,/Game/_Art/Enemies/HeinMach/Humanoids/Swordsman/Animations/SourceSequences/A_EN_SRC_CA_M_EmpSwd_DamageWeak_U_F,BBQ/Content/_Kazan_/Art/Character/CHA_Model/Monster_Human/Adult/Adult_M/Animation/EmpireSword3/CA_M_EmpSwd_DamageWeak_U_F,DeleteBackingSource,,,,/Game/_Art/Enemies/HeinMach/Humanoids/Swordsman/Animations/PlaybackClips/A_EN_PLAY_AC_EmpireSword_DamageWeak_U_F
Swordsman,/Game/_Art/Enemies/HeinMach/Humanoids/Swordsman/Animations/SourceSequences/A_EN_SRC_CA_M_EmpSwd_Die_F,BBQ/Content/_Kazan_/Art/Character/CHA_Model/Monster_Human/Adult/Adult_M/Animation/EmpireSword3/CA_M_EmpSwd_Die_F,DeleteBackingSource,,,,/Game/_Art/Enemies/HeinMach/Humanoids/Swordsman/Animations/PlaybackClips/A_EN_PLAY_AC_EmpireSword_Ground_Die_F | /Game/_Art/Enemies/HeinMach/Humanoids/Swordsman/Animations/PlaybackClips/A_EN_PLAY_AC_EmpireSword_Ground_Die_F_Wraith
Swordsman,/Game/_Art/Enemies/HeinMach/Humanoids/Swordsman/Animations/SourceSequences/A_EN_SRC_CA_M_EmpSwd_Die_F2,BBQ/Content/_Kazan_/Art/Character/CHA_Model/Monster_Human/Adult/Adult_M/Animation/EmpireSword3/CA_M_EmpSwd_Die_F2,DeleteBackingSource,,,,/Game/_Art/Enemies/HeinMach/Humanoids/Swordsman/Animations/PlaybackClips/A_EN_PLAY_AC_EmpireSword_Ground_Die_F_2 | /Game/_Art/Enemies/HeinMach/Humanoids/Swordsman/Animations/PlaybackClips/A_EN_PLAY_AC_EmpireSword_Ground_Die_F_Wraith02
Swordsman,/Game/_Art/Enemies/HeinMach/Humanoids/Swordsman/Animations/SourceSequences/A_EN_SRC_CA_M_EmpSwd_Down_Loop_B,BBQ/Content/_Kazan_/Art/Character/CHA_Model/Monster_Human/Adult/Adult_M/Animation/EmpireSword3/CA_M_EmpSwd_Down_Loop_B,DeleteBackingSource,,,,/Game/_Art/Enemies/HeinMach/Humanoids/Swordsman/Animations/PlaybackClips/A_EN_PLAY_AC_EmpireSword_Down_Die_B | /Game/_Art/Enemies/HeinMach/Humanoids/Swordsman/Animations/PlaybackClips/A_EN_PLAY_AC_EmpireSword_Down_Die_B_Wraith | /Game/_Art/Enemies/HeinMach/Humanoids/Swordsman/Animations/PlaybackClips/A_EN_PLAY_AC_EmpireSword_Down_Loop_B
Swordsman,/Game/_Art/Enemies/HeinMach/Humanoids/Swordsman/Animations/SourceSequences/A_EN_SRC_CA_M_EmpSwd_Down_Loop_F,BBQ/Content/_Kazan_/Art/Character/CHA_Model/Monster_Human/Adult/Adult_M/Animation/EmpireSword3/CA_M_EmpSwd_Down_Loop_F,DeleteBackingSource,,,,/Game/_Art/Enemies/HeinMach/Humanoids/Swordsman/Animations/PlaybackClips/A_EN_PLAY_AC_EmpireSword_Down_Die_F | /Game/_Art/Enemies/HeinMach/Humanoids/Swordsman/Animations/PlaybackClips/A_EN_PLAY_AC_EmpireSword_Down_Die_F_Wraith | /Game/_Art/Enemies/HeinMach/Humanoids/Swordsman/Animations/PlaybackClips/A_EN_PLAY_AC_EmpireSword_Down_Loop_F
Swordsman,/Game/_Art/Enemies/HeinMach/Humanoids/Swordsman/Animations/SourceSequences/A_EN_SRC_CA_M_EmpSwd_FallDown_Loop,BBQ/Content/_Kazan_/Art/Character/CHA_Model/Monster_Human/Adult/Adult_M/Animation/EmpireSword3/CA_M_EmpSwd_FallDown_Loop,RetainOriginal,NoBakedPlaybackCoverage,,,
Swordsman,/Game/_Art/Enemies/HeinMach/Humanoids/Swordsman/Animations/SourceSequences/A_EN_SRC_CA_M_EmpSwd_FallDown_Start,BBQ/Content/_Kazan_/Art/Character/CHA_Model/Monster_Human/Adult/Adult_M/Animation/EmpireSword3/CA_M_EmpSwd_FallDown_Start,RetainOriginal,NoBakedPlaybackCoverage,,,
Swordsman,/Game/_Art/Enemies/HeinMach/Humanoids/Swordsman/Animations/SourceSequences/A_EN_SRC_CA_M_EmpSwd_FootSword,BBQ/Content/_Kazan_/Art/Character/CHA_Model/Monster_Human/Adult/Adult_M/Animation/EmpireSword3/CA_M_EmpSwd_FootSword,RetainOriginal,NoBakedPlaybackCoverage,,,
Swordsman,/Game/_Art/Enemies/HeinMach/Humanoids/Swordsman/Animations/SourceSequences/A_EN_SRC_CA_M_EmpSwd_FootSword02,BBQ/Content/_Kazan_/Art/Character/CHA_Model/Monster_Human/Adult/Adult_M/Animation/EmpireSword3/CA_M_EmpSwd_FootSword02,DeleteBackingSource,,,,/Game/_Art/Enemies/HeinMach/Humanoids/Swordsman/Animations/PlaybackClips/A_EN_PLAY_AC_EmpireSword_UnEquip
Swordsman,/Game/_Art/Enemies/HeinMach/Humanoids/Swordsman/Animations/SourceSequences/A_EN_SRC_CA_M_EmpSwd_FreakOutWithNoWeapon,BBQ/Content/_Kazan_/Art/Character/CHA_Model/Monster_Human/Adult/Adult_M/Animation/EmpireSword3/CA_M_EmpSwd_FreakOutWithNoWeapon,RetainOriginal,NoBakedPlaybackCoverage,,,
Swordsman,/Game/_Art/Enemies/HeinMach/Humanoids/Swordsman/Animations/SourceSequences/A_EN_SRC_CA_M_EmpSwd_FreakOutWithWeapon,BBQ/Content/_Kazan_/Art/Character/CHA_Model/Monster_Human/Adult/Adult_M/Animation/EmpireSword3/CA_M_EmpSwd_FreakOutWithWeapon,RetainOriginal,NoBakedPlaybackCoverage,,,
Swordsman,/Game/_Art/Enemies/HeinMach/Humanoids/Swordsman/Animations/SourceSequences/A_EN_SRC_CA_M_EmpSwd_Getup_B,BBQ/Content/_Kazan_/Art/Character/CHA_Model/Monster_Human/Adult/Adult_M/Animation/EmpireSword3/CA_M_EmpSwd_Getup_B,DeleteBackingSource,,,,/Game/_Art/Enemies/HeinMach/Humanoids/Swordsman/Animations/PlaybackClips/A_EN_PLAY_AC_EmpireSword_Getup_B
Swordsman,/Game/_Art/Enemies/HeinMach/Humanoids/Swordsman/Animations/SourceSequences/A_EN_SRC_CA_M_EmpSwd_Getup_F,BBQ/Content/_Kazan_/Art/Character/CHA_Model/Monster_Human/Adult/Adult_M/Animation/EmpireSword3/CA_M_EmpSwd_Getup_F,DeleteBackingSource,,,,/Game/_Art/Enemies/HeinMach/Humanoids/Swordsman/Animations/PlaybackClips/A_EN_PLAY_AC_EmpireSword_Getup_F
Swordsman,/Game/_Art/Enemies/HeinMach/Humanoids/Swordsman/Animations/SourceSequences/A_EN_SRC_CA_M_EmpSwd_Groggy_F_End,BBQ/Content/_Kazan_/Art/Character/CHA_Model/Monster_Human/Adult/Adult_M/Animation/EmpireSword3/CA_M_EmpSwd_Groggy_F_End,DeleteBackingSource,,,,/Game/_Art/Enemies/HeinMach/Humanoids/Swordsman/Animations/PlaybackClips/A_EN_PLAY_AC_EmpireSword_Groggy_End
Swordsman,/Game/_Art/Enemies/HeinMach/Humanoids/Swordsman/Animations/SourceSequences/A_EN_SRC_CA_M_EmpSwd_Groggy_F_Loop,BBQ/Content/_Kazan_/Art/Character/CHA_Model/Monster_Human/Adult/Adult_M/Animation/EmpireSword3/CA_M_EmpSwd_Groggy_F_Loop,DeleteBackingSource,,,,/Game/_Art/Enemies/HeinMach/Humanoids/Swordsman/Animations/PlaybackClips/A_EN_PLAY_AC_EmpireSword_Groggy_Loop
Swordsman,/Game/_Art/Enemies/HeinMach/Humanoids/Swordsman/Animations/SourceSequences/A_EN_SRC_CA_M_EmpSwd_Groggy_F_Start,BBQ/Content/_Kazan_/Art/Character/CHA_Model/Monster_Human/Adult/Adult_M/Animation/EmpireSword3/CA_M_EmpSwd_Groggy_F_Start,DeleteBackingSource,,,,/Game/_Art/Enemies/HeinMach/Humanoids/Swordsman/Animations/PlaybackClips/A_EN_PLAY_AC_EmpireSword_Groggy_Start
Swordsman,/Game/_Art/Enemies/HeinMach/Humanoids/Swordsman/Animations/SourceSequences/A_EN_SRC_CA_M_EmpSwd_LockOnWalk_B,BBQ/Content/_Kazan_/Art/Character/CHA_Model/Monster_Human/Adult/Adult_M/Animation/EmpireSword3/CA_M_EmpSwd_LockOnWalk_B,RetainOriginal,OriginalDirectConsumerNotReplaced,,BBQ/Content/_Kazan_/Design/Monster/Human/Empire/EmpireSword/Moving/Move/BS_EmpireSword_LockOnMove:Properties.SampleData[3].Animation.ObjectPath,/Game/_Art/Enemies/HeinMach/Humanoids/Swordsman/Animations/PlaybackClips/A_EN_PLAY_AC_EmpireSword_LockOnWalk_B | /Game/_Art/Enemies/HeinMach/Humanoids/Swordsman/Animations/PlaybackClips/A_EN_PLAY_AC_EmpireSword_Pierce_LockOnWalk_B
Swordsman,/Game/_Art/Enemies/HeinMach/Humanoids/Swordsman/Animations/SourceSequences/A_EN_SRC_CA_M_EmpSwd_LockOnWalk_F,BBQ/Content/_Kazan_/Art/Character/CHA_Model/Monster_Human/Adult/Adult_M/Animation/EmpireSword3/CA_M_EmpSwd_LockOnWalk_F,RetainOriginal,OriginalDirectConsumerNotReplaced,,BBQ/Content/_Kazan_/Design/Monster/Human/Empire/EmpireSword/Moving/Move/BS_EmpireSword_LockOnMove:Properties.SampleData[2].Animation.ObjectPath,/Game/_Art/Enemies/HeinMach/Humanoids/Swordsman/Animations/PlaybackClips/A_EN_PLAY_AC_EmpireSword_LockOnWalk_F
Swordsman,/Game/_Art/Enemies/HeinMach/Humanoids/Swordsman/Animations/SourceSequences/A_EN_SRC_CA_M_EmpSwd_LockOnWalk_L,BBQ/Content/_Kazan_/Art/Character/CHA_Model/Monster_Human/Adult/Adult_M/Animation/EmpireSword3/CA_M_EmpSwd_LockOnWalk_L,RetainOriginal,OriginalDirectConsumerNotReplaced,,BBQ/Content/_Kazan_/Design/Monster/Human/Empire/EmpireSword/Moving/Move/BS_EmpireSword_LockOnMove:Properties.SampleData[1].Animation.ObjectPath,/Game/_Art/Enemies/HeinMach/Humanoids/Swordsman/Animations/PlaybackClips/A_EN_PLAY_AC_EmpireSword_LockOnWalk_L
Swordsman,/Game/_Art/Enemies/HeinMach/Humanoids/Swordsman/Animations/SourceSequences/A_EN_SRC_CA_M_EmpSwd_LockOnWalk_R,BBQ/Content/_Kazan_/Art/Character/CHA_Model/Monster_Human/Adult/Adult_M/Animation/EmpireSword3/CA_M_EmpSwd_LockOnWalk_R,RetainOriginal,OriginalDirectConsumerNotReplaced,,BBQ/Content/_Kazan_/Design/Monster/Human/Empire/EmpireSword/Moving/Move/BS_EmpireSword_LockOnMove:Properties.SampleData[4].Animation.ObjectPath,/Game/_Art/Enemies/HeinMach/Humanoids/Swordsman/Animations/PlaybackClips/A_EN_PLAY_AC_EmpireSword_LockOnWalk_R
Swordsman,/Game/_Art/Enemies/HeinMach/Humanoids/Swordsman/Animations/SourceSequences/A_EN_SRC_CA_M_EmpSwd_NoBattleChairSit_End_01,BBQ/Content/_Kazan_/Art/Character/CHA_Model/Monster_Human/Adult/Adult_M/Animation/EmpireSword3/CA_M_EmpSwd_NoBattleChairSit_End_01,DeleteBackingSource,,,,/Game/_Art/Enemies/HeinMach/Humanoids/Swordsman/Animations/PlaybackClips/A_EN_PLAY_AC_EmpireSword_Basic_ChairSit_End_01
Swordsman,/Game/_Art/Enemies/HeinMach/Humanoids/Swordsman/Animations/SourceSequences/A_EN_SRC_CA_M_EmpSwd_NoBattleChairSit_End_02,BBQ/Content/_Kazan_/Art/Character/CHA_Model/Monster_Human/Adult/Adult_M/Animation/EmpireSword3/CA_M_EmpSwd_NoBattleChairSit_End_02,DeleteBackingSource,,,,/Game/_Art/Enemies/HeinMach/Humanoids/Swordsman/Animations/PlaybackClips/A_EN_PLAY_AC_EmpireSword_Basic_ChairSit_End_02
Swordsman,/Game/_Art/Enemies/HeinMach/Humanoids/Swordsman/Animations/SourceSequences/A_EN_SRC_CA_M_EmpSwd_NoBattleChairSit_Loop_01,BBQ/Content/_Kazan_/Art/Character/CHA_Model/Monster_Human/Adult/Adult_M/Animation/EmpireSword3/CA_M_EmpSwd_NoBattleChairSit_Loop_01,DeleteBackingSource,,,,/Game/_Art/Enemies/HeinMach/Humanoids/Swordsman/Animations/PlaybackClips/A_EN_PLAY_AC_EmpireSword_Basic_ChairSit_Loop_01
Swordsman,/Game/_Art/Enemies/HeinMach/Humanoids/Swordsman/Animations/SourceSequences/A_EN_SRC_CA_M_EmpSwd_NoBattleChairSit_Loop_02,BBQ/Content/_Kazan_/Art/Character/CHA_Model/Monster_Human/Adult/Adult_M/Animation/EmpireSword3/CA_M_EmpSwd_NoBattleChairSit_Loop_02,DeleteBackingSource,,,,/Game/_Art/Enemies/HeinMach/Humanoids/Swordsman/Animations/PlaybackClips/A_EN_PLAY_AC_EmpireSword_Basic_ChairSit_Loop_02
Swordsman,/Game/_Art/Enemies/HeinMach/Humanoids/Swordsman/Animations/SourceSequences/A_EN_SRC_CA_M_EmpSwd_NoBattleGuard_End_02,BBQ/Content/_Kazan_/Art/Character/CHA_Model/Monster_Human/Adult/Adult_M/Animation/EmpireSword3/CA_M_EmpSwd_NoBattleGuard_End_02,DeleteBackingSource,,,,/Game/_Art/Enemies/HeinMach/Humanoids/Swordsman/Animations/PlaybackClips/A_EN_PLAY_AC_EmpireSword_Basic_Guard_End_01
Swordsman,/Game/_Art/Enemies/HeinMach/Humanoids/Swordsman/Animations/SourceSequences/A_EN_SRC_CA_M_EmpSwd_NoBattleGuard_Loop_02,BBQ/Content/_Kazan_/Art/Character/CHA_Model/Monster_Human/Adult/Adult_M/Animation/EmpireSword3/CA_M_EmpSwd_NoBattleGuard_Loop_02,DeleteBackingSource,,,,/Game/_Art/Enemies/HeinMach/Humanoids/Swordsman/Animations/PlaybackClips/A_EN_PLAY_AC_EmpireSword_Basic_Guard_Loop_01
Swordsman,/Game/_Art/Enemies/HeinMach/Humanoids/Swordsman/Animations/SourceSequences/A_EN_SRC_CA_M_EmpSwd_NoBattlePain_End_01,BBQ/Content/_Kazan_/Art/Character/CHA_Model/Monster_Human/Adult/Adult_M/Animation/EmpireSword3/CA_M_EmpSwd_NoBattlePain_End_01,RetainOriginal,NoBakedPlaybackCoverage,,,
Swordsman,/Game/_Art/Enemies/HeinMach/Humanoids/Swordsman/Animations/SourceSequences/A_EN_SRC_CA_M_EmpSwd_NoBattlePain_End_02,BBQ/Content/_Kazan_/Art/Character/CHA_Model/Monster_Human/Adult/Adult_M/Animation/EmpireSword3/CA_M_EmpSwd_NoBattlePain_End_02,RetainOriginal,NoBakedPlaybackCoverage,,,
Swordsman,/Game/_Art/Enemies/HeinMach/Humanoids/Swordsman/Animations/SourceSequences/A_EN_SRC_CA_M_EmpSwd_NoBattlePain_End_03,BBQ/Content/_Kazan_/Art/Character/CHA_Model/Monster_Human/Adult/Adult_M/Animation/EmpireSword3/CA_M_EmpSwd_NoBattlePain_End_03,RetainOriginal,NoBakedPlaybackCoverage,,,
Swordsman,/Game/_Art/Enemies/HeinMach/Humanoids/Swordsman/Animations/SourceSequences/A_EN_SRC_CA_M_EmpSwd_NoBattlePain_End_04,BBQ/Content/_Kazan_/Art/Character/CHA_Model/Monster_Human/Adult/Adult_M/Animation/EmpireSword3/CA_M_EmpSwd_NoBattlePain_End_04,RetainOriginal,NoBakedPlaybackCoverage,,,
Swordsman,/Game/_Art/Enemies/HeinMach/Humanoids/Swordsman/Animations/SourceSequences/A_EN_SRC_CA_M_EmpSwd_NoBattlePain_Loop_01,BBQ/Content/_Kazan_/Art/Character/CHA_Model/Monster_Human/Adult/Adult_M/Animation/EmpireSword3/CA_M_EmpSwd_NoBattlePain_Loop_01,RetainOriginal,NoBakedPlaybackCoverage,,,
Swordsman,/Game/_Art/Enemies/HeinMach/Humanoids/Swordsman/Animations/SourceSequences/A_EN_SRC_CA_M_EmpSwd_NoBattlePain_Loop_02,BBQ/Content/_Kazan_/Art/Character/CHA_Model/Monster_Human/Adult/Adult_M/Animation/EmpireSword3/CA_M_EmpSwd_NoBattlePain_Loop_02,RetainOriginal,NoBakedPlaybackCoverage,,,
Swordsman,/Game/_Art/Enemies/HeinMach/Humanoids/Swordsman/Animations/SourceSequences/A_EN_SRC_CA_M_EmpSwd_NoBattlePain_Loop_03,BBQ/Content/_Kazan_/Art/Character/CHA_Model/Monster_Human/Adult/Adult_M/Animation/EmpireSword3/CA_M_EmpSwd_NoBattlePain_Loop_03,RetainOriginal,NoBakedPlaybackCoverage,,,
Swordsman,/Game/_Art/Enemies/HeinMach/Humanoids/Swordsman/Animations/SourceSequences/A_EN_SRC_CA_M_EmpSwd_NoBattlePain_Loop_04,BBQ/Content/_Kazan_/Art/Character/CHA_Model/Monster_Human/Adult/Adult_M/Animation/EmpireSword3/CA_M_EmpSwd_NoBattlePain_Loop_04,RetainOriginal,NoBakedPlaybackCoverage,,,
Swordsman,/Game/_Art/Enemies/HeinMach/Humanoids/Swordsman/Animations/SourceSequences/A_EN_SRC_CA_M_EmpSwd_NoBattleSearch_End_01,BBQ/Content/_Kazan_/Art/Character/CHA_Model/Monster_Human/Adult/Adult_M/Animation/EmpireSword3/CA_M_EmpSwd_NoBattleSearch_End_01,DeleteBackingSource,,,,/Game/_Art/Enemies/HeinMach/Humanoids/Swordsman/Animations/PlaybackClips/A_EN_PLAY_AC_EmpireSword_Basic_Search_End_01
Swordsman,/Game/_Art/Enemies/HeinMach/Humanoids/Swordsman/Animations/SourceSequences/A_EN_SRC_CA_M_EmpSwd_NoBattleSearch_Loop_01,BBQ/Content/_Kazan_/Art/Character/CHA_Model/Monster_Human/Adult/Adult_M/Animation/EmpireSword3/CA_M_EmpSwd_NoBattleSearch_Loop_01,DeleteBackingSource,,,,/Game/_Art/Enemies/HeinMach/Humanoids/Swordsman/Animations/PlaybackClips/A_EN_PLAY_AC_EmpireSword_Basic_Search_Loop_01
Swordsman,/Game/_Art/Enemies/HeinMach/Humanoids/Swordsman/Animations/SourceSequences/A_EN_SRC_CA_M_EmpSwd_NoBattleSit_End_01,BBQ/Content/_Kazan_/Art/Character/CHA_Model/Monster_Human/Adult/Adult_M/Animation/EmpireSword3/CA_M_EmpSwd_NoBattleSit_End_01,DeleteBackingSource,,,,/Game/_Art/Enemies/HeinMach/Humanoids/Swordsman/Animations/PlaybackClips/A_EN_PLAY_AC_EmpireSword_Basic_Sit_End_01
Swordsman,/Game/_Art/Enemies/HeinMach/Humanoids/Swordsman/Animations/SourceSequences/A_EN_SRC_CA_M_EmpSwd_NoBattleSit_End_02,BBQ/Content/_Kazan_/Art/Character/CHA_Model/Monster_Human/Adult/Adult_M/Animation/EmpireSword3/CA_M_EmpSwd_NoBattleSit_End_02,DeleteBackingSource,,,,/Game/_Art/Enemies/HeinMach/Humanoids/Swordsman/Animations/PlaybackClips/A_EN_PLAY_AC_EmpireSword_Basic_Sit_End_02
Swordsman,/Game/_Art/Enemies/HeinMach/Humanoids/Swordsman/Animations/SourceSequences/A_EN_SRC_CA_M_EmpSwd_NoBattleSit_End_03,BBQ/Content/_Kazan_/Art/Character/CHA_Model/Monster_Human/Adult/Adult_M/Animation/EmpireSword3/CA_M_EmpSwd_NoBattleSit_End_03,DeleteBackingSource,,,,/Game/_Art/Enemies/HeinMach/Humanoids/Swordsman/Animations/PlaybackClips/A_EN_PLAY_AC_EmpireSword_Basic_Sit_End_03
Swordsman,/Game/_Art/Enemies/HeinMach/Humanoids/Swordsman/Animations/SourceSequences/A_EN_SRC_CA_M_EmpSwd_NoBattleSit_End_03-1,BBQ/Content/_Kazan_/Art/Character/CHA_Model/Monster_Human/Adult/Adult_M/Animation/EmpireSword3/CA_M_EmpSwd_NoBattleSit_End_03-1,DeleteBackingSource,,,,/Game/_Art/Enemies/HeinMach/Humanoids/Swordsman/Animations/PlaybackClips/A_EN_PLAY_AC_EmpireSword_Basic_Sit_End_04
Swordsman,/Game/_Art/Enemies/HeinMach/Humanoids/Swordsman/Animations/SourceSequences/A_EN_SRC_CA_M_EmpSwd_NoBattleSit_Loop_01,BBQ/Content/_Kazan_/Art/Character/CHA_Model/Monster_Human/Adult/Adult_M/Animation/EmpireSword3/CA_M_EmpSwd_NoBattleSit_Loop_01,DeleteBackingSource,,,,/Game/_Art/Enemies/HeinMach/Humanoids/Swordsman/Animations/PlaybackClips/A_EN_PLAY_AC_EmpireSword_Basic_Sit_Loop_01
Swordsman,/Game/_Art/Enemies/HeinMach/Humanoids/Swordsman/Animations/SourceSequences/A_EN_SRC_CA_M_EmpSwd_NoBattleSit_Loop_02,BBQ/Content/_Kazan_/Art/Character/CHA_Model/Monster_Human/Adult/Adult_M/Animation/EmpireSword3/CA_M_EmpSwd_NoBattleSit_Loop_02,DeleteBackingSource,,,,/Game/_Art/Enemies/HeinMach/Humanoids/Swordsman/Animations/PlaybackClips/A_EN_PLAY_AC_EmpireSword_Basic_Sit_Loop_02
Swordsman,/Game/_Art/Enemies/HeinMach/Humanoids/Swordsman/Animations/SourceSequences/A_EN_SRC_CA_M_EmpSwd_NoBattleSit_Loop_03,BBQ/Content/_Kazan_/Art/Character/CHA_Model/Monster_Human/Adult/Adult_M/Animation/EmpireSword3/CA_M_EmpSwd_NoBattleSit_Loop_03,DeleteBackingSource,,,,/Game/_Art/Enemies/HeinMach/Humanoids/Swordsman/Animations/PlaybackClips/A_EN_PLAY_AC_EmpireSword_Basic_Sit_Loop_03
Swordsman,/Game/_Art/Enemies/HeinMach/Humanoids/Swordsman/Animations/SourceSequences/A_EN_SRC_CA_M_EmpSwd_NoBattleSit_Loop_03-1,BBQ/Content/_Kazan_/Art/Character/CHA_Model/Monster_Human/Adult/Adult_M/Animation/EmpireSword3/CA_M_EmpSwd_NoBattleSit_Loop_03-1,DeleteBackingSource,,,,/Game/_Art/Enemies/HeinMach/Humanoids/Swordsman/Animations/PlaybackClips/A_EN_PLAY_AC_EmpireSword_Basic_Sit_Loop_04
Swordsman,/Game/_Art/Enemies/HeinMach/Humanoids/Swordsman/Animations/SourceSequences/A_EN_SRC_CA_M_EmpSwd_NoBattleTalk_End_01,BBQ/Content/_Kazan_/Art/Character/CHA_Model/Monster_Human/Adult/Adult_M/Animation/EmpireSword3/CA_M_EmpSwd_NoBattleTalk_End_01,DeleteBackingSource,,,,/Game/_Art/Enemies/HeinMach/Humanoids/Swordsman/Animations/PlaybackClips/A_EN_PLAY_AC_EmpireSword_Basic_Talk_End_01
Swordsman,/Game/_Art/Enemies/HeinMach/Humanoids/Swordsman/Animations/SourceSequences/A_EN_SRC_CA_M_EmpSwd_NoBattleTalk_End_02,BBQ/Content/_Kazan_/Art/Character/CHA_Model/Monster_Human/Adult/Adult_M/Animation/EmpireSword3/CA_M_EmpSwd_NoBattleTalk_End_02,DeleteBackingSource,,,,/Game/_Art/Enemies/HeinMach/Humanoids/Swordsman/Animations/PlaybackClips/A_EN_PLAY_AC_EmpireSword_Basic_Talk_End_02
Swordsman,/Game/_Art/Enemies/HeinMach/Humanoids/Swordsman/Animations/SourceSequences/A_EN_SRC_CA_M_EmpSwd_NoBattleTalk_Loop_01,BBQ/Content/_Kazan_/Art/Character/CHA_Model/Monster_Human/Adult/Adult_M/Animation/EmpireSword3/CA_M_EmpSwd_NoBattleTalk_Loop_01,DeleteBackingSource,,,,/Game/_Art/Enemies/HeinMach/Humanoids/Swordsman/Animations/PlaybackClips/A_EN_PLAY_AC_EmpireSword_Basic_Talk_Loop_01
Swordsman,/Game/_Art/Enemies/HeinMach/Humanoids/Swordsman/Animations/SourceSequences/A_EN_SRC_CA_M_EmpSwd_NoBattleTalk_Loop_02,BBQ/Content/_Kazan_/Art/Character/CHA_Model/Monster_Human/Adult/Adult_M/Animation/EmpireSword3/CA_M_EmpSwd_NoBattleTalk_Loop_02,DeleteBackingSource,,,,/Game/_Art/Enemies/HeinMach/Humanoids/Swordsman/Animations/PlaybackClips/A_EN_PLAY_AC_EmpireSword_Basic_Talk_Loop_02
Swordsman,/Game/_Art/Enemies/HeinMach/Humanoids/Swordsman/Animations/SourceSequences/A_EN_SRC_CA_M_EmpSwd_NoBattleTraining_End_01,BBQ/Content/_Kazan_/Art/Character/CHA_Model/Monster_Human/Adult/Adult_M/Animation/EmpireSword3/CA_M_EmpSwd_NoBattleTraining_End_01,DeleteBackingSource,,,,/Game/_Art/Enemies/HeinMach/Humanoids/Swordsman/Animations/PlaybackClips/A_EN_PLAY_AC_EmpireSword_Basic_Training_End_01
Swordsman,/Game/_Art/Enemies/HeinMach/Humanoids/Swordsman/Animations/SourceSequences/A_EN_SRC_CA_M_EmpSwd_NoBattleTraining_End_02,BBQ/Content/_Kazan_/Art/Character/CHA_Model/Monster_Human/Adult/Adult_M/Animation/EmpireSword3/CA_M_EmpSwd_NoBattleTraining_End_02,DeleteBackingSource,,,,/Game/_Art/Enemies/HeinMach/Humanoids/Swordsman/Animations/PlaybackClips/A_EN_PLAY_AC_EmpireSword_Basic_Training_End_02
Swordsman,/Game/_Art/Enemies/HeinMach/Humanoids/Swordsman/Animations/SourceSequences/A_EN_SRC_CA_M_EmpSwd_NoBattleTraining_Loop_01,BBQ/Content/_Kazan_/Art/Character/CHA_Model/Monster_Human/Adult/Adult_M/Animation/EmpireSword3/CA_M_EmpSwd_NoBattleTraining_Loop_01,DeleteBackingSource,,,,/Game/_Art/Enemies/HeinMach/Humanoids/Swordsman/Animations/PlaybackClips/A_EN_PLAY_AC_EmpireSword_Basic_Training_Loop_01
Swordsman,/Game/_Art/Enemies/HeinMach/Humanoids/Swordsman/Animations/SourceSequences/A_EN_SRC_CA_M_EmpSwd_NoBattleTraining_Loop_02,BBQ/Content/_Kazan_/Art/Character/CHA_Model/Monster_Human/Adult/Adult_M/Animation/EmpireSword3/CA_M_EmpSwd_NoBattleTraining_Loop_02,DeleteBackingSource,,,,/Game/_Art/Enemies/HeinMach/Humanoids/Swordsman/Animations/PlaybackClips/A_EN_PLAY_AC_EmpireSword_Basic_Training_Loop_02
Swordsman,/Game/_Art/Enemies/HeinMach/Humanoids/Swordsman/Animations/SourceSequences/A_EN_SRC_CA_M_EmpSwd_NoBattle_Basic_End_01,BBQ/Content/_Kazan_/Art/Character/CHA_Model/Monster_Human/Adult/Adult_M/Animation/EmpireSword3/CA_M_EmpSwd_NoBattle_Basic_End_01,DeleteBackingSource,,,,/Game/_Art/Enemies/HeinMach/Humanoids/Swordsman/Animations/PlaybackClips/A_EN_PLAY_AC_EmpireSword_Basic_End_01
Swordsman,/Game/_Art/Enemies/HeinMach/Humanoids/Swordsman/Animations/SourceSequences/A_EN_SRC_CA_M_EmpSwd_NoBattle_Basic_End_02,BBQ/Content/_Kazan_/Art/Character/CHA_Model/Monster_Human/Adult/Adult_M/Animation/EmpireSword3/CA_M_EmpSwd_NoBattle_Basic_End_02,DeleteBackingSource,,,,/Game/_Art/Enemies/HeinMach/Humanoids/Swordsman/Animations/PlaybackClips/A_EN_PLAY_AC_EmpireSword_Basic_End_02
Swordsman,/Game/_Art/Enemies/HeinMach/Humanoids/Swordsman/Animations/SourceSequences/A_EN_SRC_CA_M_EmpSwd_NoBattle_Basic_End_03,BBQ/Content/_Kazan_/Art/Character/CHA_Model/Monster_Human/Adult/Adult_M/Animation/EmpireSword3/CA_M_EmpSwd_NoBattle_Basic_End_03,DeleteBackingSource,,,,/Game/_Art/Enemies/HeinMach/Humanoids/Swordsman/Animations/PlaybackClips/A_EN_PLAY_AC_EmpireSword_Basic_End_03
Swordsman,/Game/_Art/Enemies/HeinMach/Humanoids/Swordsman/Animations/SourceSequences/A_EN_SRC_CA_M_EmpSwd_NoBattle_Basic_End_04,BBQ/Content/_Kazan_/Art/Character/CHA_Model/Monster_Human/Adult/Adult_M/Animation/EmpireSword3/CA_M_EmpSwd_NoBattle_Basic_End_04,DeleteBackingSource,,,,/Game/_Art/Enemies/HeinMach/Humanoids/Swordsman/Animations/PlaybackClips/A_EN_PLAY_AC_EmpireSword_Basic_End_04
Swordsman,/Game/_Art/Enemies/HeinMach/Humanoids/Swordsman/Animations/SourceSequences/A_EN_SRC_CA_M_EmpSwd_NoBattle_Basic_End_05,BBQ/Content/_Kazan_/Art/Character/CHA_Model/Monster_Human/Adult/Adult_M/Animation/EmpireSword3/CA_M_EmpSwd_NoBattle_Basic_End_05,DeleteBackingSource,,,,/Game/_Art/Enemies/HeinMach/Humanoids/Swordsman/Animations/PlaybackClips/A_EN_PLAY_AC_EmpireSword_Basic_End_05
Swordsman,/Game/_Art/Enemies/HeinMach/Humanoids/Swordsman/Animations/SourceSequences/A_EN_SRC_CA_M_EmpSwd_NoBattle_Basic_End_06,BBQ/Content/_Kazan_/Art/Character/CHA_Model/Monster_Human/Adult/Adult_M/Animation/EmpireSword3/CA_M_EmpSwd_NoBattle_Basic_End_06,DeleteBackingSource,,,,/Game/_Art/Enemies/HeinMach/Humanoids/Swordsman/Animations/PlaybackClips/A_EN_PLAY_AC_EmpireSword_Basic_End_06
Swordsman,/Game/_Art/Enemies/HeinMach/Humanoids/Swordsman/Animations/SourceSequences/A_EN_SRC_CA_M_EmpSwd_NoBattle_Basic_Loop_01,BBQ/Content/_Kazan_/Art/Character/CHA_Model/Monster_Human/Adult/Adult_M/Animation/EmpireSword3/CA_M_EmpSwd_NoBattle_Basic_Loop_01,DeleteBackingSource,,,,/Game/_Art/Enemies/HeinMach/Humanoids/Swordsman/Animations/PlaybackClips/A_EN_PLAY_AC_EmpireSword_Basic_Loop_01
Swordsman,/Game/_Art/Enemies/HeinMach/Humanoids/Swordsman/Animations/SourceSequences/A_EN_SRC_CA_M_EmpSwd_NoBattle_Basic_Loop_02,BBQ/Content/_Kazan_/Art/Character/CHA_Model/Monster_Human/Adult/Adult_M/Animation/EmpireSword3/CA_M_EmpSwd_NoBattle_Basic_Loop_02,DeleteBackingSource,,,,/Game/_Art/Enemies/HeinMach/Humanoids/Swordsman/Animations/PlaybackClips/A_EN_PLAY_AC_EmpireSword_Basic_Loop_02
Swordsman,/Game/_Art/Enemies/HeinMach/Humanoids/Swordsman/Animations/SourceSequences/A_EN_SRC_CA_M_EmpSwd_NoBattle_Basic_Loop_03,BBQ/Content/_Kazan_/Art/Character/CHA_Model/Monster_Human/Adult/Adult_M/Animation/EmpireSword3/CA_M_EmpSwd_NoBattle_Basic_Loop_03,DeleteBackingSource,,,,/Game/_Art/Enemies/HeinMach/Humanoids/Swordsman/Animations/PlaybackClips/A_EN_PLAY_AC_EmpireSword_Basic_Loop_03
Swordsman,/Game/_Art/Enemies/HeinMach/Humanoids/Swordsman/Animations/SourceSequences/A_EN_SRC_CA_M_EmpSwd_NoBattle_Basic_Loop_04,BBQ/Content/_Kazan_/Art/Character/CHA_Model/Monster_Human/Adult/Adult_M/Animation/EmpireSword3/CA_M_EmpSwd_NoBattle_Basic_Loop_04,DeleteBackingSource,,,,/Game/_Art/Enemies/HeinMach/Humanoids/Swordsman/Animations/PlaybackClips/A_EN_PLAY_AC_EmpireSword_Basic_Loop_04
Swordsman,/Game/_Art/Enemies/HeinMach/Humanoids/Swordsman/Animations/SourceSequences/A_EN_SRC_CA_M_EmpSwd_NoBattle_Basic_Loop_05,BBQ/Content/_Kazan_/Art/Character/CHA_Model/Monster_Human/Adult/Adult_M/Animation/EmpireSword3/CA_M_EmpSwd_NoBattle_Basic_Loop_05,DeleteBackingSource,,,,/Game/_Art/Enemies/HeinMach/Humanoids/Swordsman/Animations/PlaybackClips/A_EN_PLAY_AC_EmpireSword_Basic_Loop_05
Swordsman,/Game/_Art/Enemies/HeinMach/Humanoids/Swordsman/Animations/SourceSequences/A_EN_SRC_CA_M_EmpSwd_NoBattle_Basic_Loop_06,BBQ/Content/_Kazan_/Art/Character/CHA_Model/Monster_Human/Adult/Adult_M/Animation/EmpireSword3/CA_M_EmpSwd_NoBattle_Basic_Loop_06,DeleteBackingSource,,,,/Game/_Art/Enemies/HeinMach/Humanoids/Swordsman/Animations/PlaybackClips/A_EN_PLAY_AC_EmpireSword_Basic_Loop_06
Swordsman,/Game/_Art/Enemies/HeinMach/Humanoids/Swordsman/Animations/SourceSequences/A_EN_SRC_CA_M_EmpSwd_NoBattle_Coward_Loop_01,BBQ/Content/_Kazan_/Art/Character/CHA_Model/Monster_Human/Adult/Adult_M/Animation/EmpireSword3/CA_M_EmpSwd_NoBattle_Coward_Loop_01,DeleteBackingSource,,,,/Game/_Art/Enemies/HeinMach/Humanoids/Swordsman/Animations/PlaybackClips/A_EN_PLAY_AC_EmpireSword_Basic_Coward_Loop_01
Swordsman,/Game/_Art/Enemies/HeinMach/Humanoids/Swordsman/Animations/SourceSequences/A_EN_SRC_CA_M_EmpSwd_Pierce_Step1,BBQ/Content/_Kazan_/Art/Character/CHA_Model/Monster_Human/Adult/Adult_M/Animation/EmpireSword3/CA_M_EmpSwd_Pierce_Step1,DeleteBackingSource,,,,/Game/_Art/Enemies/HeinMach/Humanoids/Swordsman/Animations/PlaybackClips/A_EN_PLAY_AC_EmpireSword_Pierce_Step1
Swordsman,/Game/_Art/Enemies/HeinMach/Humanoids/Swordsman/Animations/SourceSequences/A_EN_SRC_CA_M_EmpSwd_Pierce_Step2,BBQ/Content/_Kazan_/Art/Character/CHA_Model/Monster_Human/Adult/Adult_M/Animation/EmpireSword3/CA_M_EmpSwd_Pierce_Step2,DeleteBackingSource,,,,/Game/_Art/Enemies/HeinMach/Humanoids/Swordsman/Animations/PlaybackClips/A_EN_PLAY_AC_EmpireSword_Pierce_Step2
Swordsman,/Game/_Art/Enemies/HeinMach/Humanoids/Swordsman/Animations/SourceSequences/A_EN_SRC_CA_M_EmpSwd_Push_Kick,BBQ/Content/_Kazan_/Art/Character/CHA_Model/Monster_Human/Adult/Adult_M/Animation/EmpireSword3/CA_M_EmpSwd_Push_Kick,DeleteBackingSource,,,,/Game/_Art/Enemies/HeinMach/Humanoids/Swordsman/Animations/PlaybackClips/A_EN_PLAY_AC_EmpireSword_Push_Kick
Swordsman,/Game/_Art/Enemies/HeinMach/Humanoids/Swordsman/Animations/SourceSequences/A_EN_SRC_CA_M_EmpSwd_Run_F,BBQ/Content/_Kazan_/Art/Character/CHA_Model/Monster_Human/Adult/Adult_M/Animation/EmpireSword3/CA_M_EmpSwd_Run_F,RetainOriginal,OriginalDirectConsumerNotReplaced,,BBQ/Content/_Kazan_/Design/Monster/Human/Empire/EmpireSword/Moving/Move/BS_EmpireSword_NormalMove:Properties.SampleData[2].Animation.ObjectPath,/Game/_Art/Enemies/HeinMach/Humanoids/Swordsman/Animations/PlaybackClips/A_EN_PLAY_AC_EmpireSword_Run_F
Swordsman,/Game/_Art/Enemies/HeinMach/Humanoids/Swordsman/Animations/SourceSequences/A_EN_SRC_CA_M_EmpSwd_Run_F_02,BBQ/Content/_Kazan_/Art/Character/CHA_Model/Monster_Human/Adult/Adult_M/Animation/EmpireSword3/CA_M_EmpSwd_Run_F_02,RetainOriginal,OriginalDirectConsumerNotReplaced | NoBakedPlaybackCoverage,,BBQ/Content/_Kazan_/Design/Monster/Human/Empire/EmpireSword/Moving/Move/BS_EmpireSword_NormalMove_2:Properties.SampleData[2].Animation.ObjectPath,
Swordsman,/Game/_Art/Enemies/HeinMach/Humanoids/Swordsman/Animations/SourceSequences/A_EN_SRC_CA_M_EmpSwd_Run_Peace_F,BBQ/Content/_Kazan_/Art/Character/CHA_Model/Monster_Human/Adult/Adult_M/Animation/EmpireSword3/CA_M_EmpSwd_Run_Peace_F,RetainOriginal,OriginalDirectConsumerNotReplaced,,BBQ/Content/_Kazan_/Design/Monster/Human/Empire/EmpireSword/Moving/Move/BS_EmpireSword_PeaceMove:Properties.SampleData[1].Animation.ObjectPath,/Game/_Art/Enemies/HeinMach/Humanoids/Swordsman/Animations/PlaybackClips/A_EN_PLAY_AC_EmpireSword_Run_Peace_F
Swordsman,/Game/_Art/Enemies/HeinMach/Humanoids/Swordsman/Animations/SourceSequences/A_EN_SRC_CA_M_EmpSwd_RushAttack_End,BBQ/Content/_Kazan_/Art/Character/CHA_Model/Monster_Human/Adult/Adult_M/Animation/EmpireSword3/CA_M_EmpSwd_RushAttack_End,DeleteBackingSource,,,,/Game/_Art/Enemies/HeinMach/Humanoids/Swordsman/Animations/PlaybackClips/A_EN_PLAY_AC_EmpireSword_RushAttack_End
Swordsman,/Game/_Art/Enemies/HeinMach/Humanoids/Swordsman/Animations/SourceSequences/A_EN_SRC_CA_M_EmpSwd_RushAttack_Hit,BBQ/Content/_Kazan_/Art/Character/CHA_Model/Monster_Human/Adult/Adult_M/Animation/EmpireSword3/CA_M_EmpSwd_RushAttack_Hit,DeleteBackingSource,,,,/Game/_Art/Enemies/HeinMach/Humanoids/Swordsman/Animations/PlaybackClips/A_EN_PLAY_AC_EmpireSword_RushAttack_Hit
Swordsman,/Game/_Art/Enemies/HeinMach/Humanoids/Swordsman/Animations/SourceSequences/A_EN_SRC_CA_M_EmpSwd_RushAttack_Loop,BBQ/Content/_Kazan_/Art/Character/CHA_Model/Monster_Human/Adult/Adult_M/Animation/EmpireSword3/CA_M_EmpSwd_RushAttack_Loop,DeleteBackingSource,,,,/Game/_Art/Enemies/HeinMach/Humanoids/Swordsman/Animations/PlaybackClips/A_EN_PLAY_AC_EmpireSword_RushAttack_Loop
Swordsman,/Game/_Art/Enemies/HeinMach/Humanoids/Swordsman/Animations/SourceSequences/A_EN_SRC_CA_M_EmpSwd_RushAttack_Start,BBQ/Content/_Kazan_/Art/Character/CHA_Model/Monster_Human/Adult/Adult_M/Animation/EmpireSword3/CA_M_EmpSwd_RushAttack_Start,DeleteBackingSource,,,,/Game/_Art/Enemies/HeinMach/Humanoids/Swordsman/Animations/PlaybackClips/A_EN_PLAY_AC_EmpireSword_RushAttack_Start
Swordsman,/Game/_Art/Enemies/HeinMach/Humanoids/Swordsman/Animations/SourceSequences/A_EN_SRC_CA_M_EmpSwd_Slash_Step1,BBQ/Content/_Kazan_/Art/Character/CHA_Model/Monster_Human/Adult/Adult_M/Animation/EmpireSword3/CA_M_EmpSwd_Slash_Step1,DeleteBackingSource,,,,/Game/_Art/Enemies/HeinMach/Humanoids/Swordsman/Animations/PlaybackClips/A_EN_PLAY_AC_EmpireSword_Slash_Step1
Swordsman,/Game/_Art/Enemies/HeinMach/Humanoids/Swordsman/Animations/SourceSequences/A_EN_SRC_CA_M_EmpSwd_Slash_Step2,BBQ/Content/_Kazan_/Art/Character/CHA_Model/Monster_Human/Adult/Adult_M/Animation/EmpireSword3/CA_M_EmpSwd_Slash_Step2,DeleteBackingSource,,,,/Game/_Art/Enemies/HeinMach/Humanoids/Swordsman/Animations/PlaybackClips/A_EN_PLAY_AC_EmpireSword_Slash_Step2
Swordsman,/Game/_Art/Enemies/HeinMach/Humanoids/Swordsman/Animations/SourceSequences/A_EN_SRC_CA_M_EmpSwd_Smash,BBQ/Content/_Kazan_/Art/Character/CHA_Model/Monster_Human/Adult/Adult_M/Animation/EmpireSword3/CA_M_EmpSwd_Smash,DeleteBackingSource,,,,/Game/_Art/Enemies/HeinMach/Humanoids/Swordsman/Animations/PlaybackClips/A_EN_PLAY_AC_EmpireSword_Smash
Swordsman,/Game/_Art/Enemies/HeinMach/Humanoids/Swordsman/Animations/SourceSequences/A_EN_SRC_CA_M_EmpSwd_Stand_F,BBQ/Content/_Kazan_/Art/Character/CHA_Model/Monster_Human/Adult/Adult_M/Animation/EmpireSword3/CA_M_EmpSwd_Stand_F,RetainOriginal,CurrentProjectConsumer | OriginalDirectConsumerNotReplaced,/Game/_Art/Enemies/HeinMach/Humanoids/Swordsman/Blueprints/BP_EN_Swordsman_U01_L01 | /Game/_Art/Enemies/HeinMach/Humanoids/Swordsman/Blueprints/BP_EN_Swordsman_U01_L02 | /Game/_Art/Enemies/HeinMach/Humanoids/Swordsman/Blueprints/BP_EN_Swordsman_U02_L01 | /Game/_Art/Enemies/HeinMach/Humanoids/Swordsman/Blueprints/BP_EN_Swordsman_U02_L02,BBQ/Content/_Kazan_/Design/Monster/Human/Empire/EmpireSword/Base_Setting/AP_EmpireSword:Properties.Idle.ObjectPath | BBQ/Content/_Kazan_/Design/Monster/Human/Empire/EmpireSword/Base_Setting/AP_EmpireSword:Properties.AnimMapIDToAsset[51].Value.ObjectPath | BBQ/Content/_Kazan_/Design/Monster/Human/Empire/EmpireSword/Base_Setting/AP_EmpireSword:Properties.AnimMapAssetToID[51].Key | BBQ/Content/_Kazan_/Design/Monster/Human/Empire/EmpireSword/HeinMach/AP_EmpireSword_Sick_Down_F:Properties.Idle.ObjectPath | BBQ/Content/_Kazan_/Design/Monster/Human/Empire/EmpireSword/HeinMach/AP_EmpireSword_Sick_Down_F:Properties.AnimMapIDToAsset[4].Value.ObjectPath | BBQ/Content/_Kazan_/Design/Monster/Human/Empire/EmpireSword/HeinMach/AP_EmpireSword_Sick_Down_F:Properties.AnimMapAssetToID[4].Key | BBQ/Content/_Kazan_/Design/Monster/Human/Empire/EmpireSword/Moving/Move/BS_EmpireSword_LockOnMove:Properties.SampleData[0].Animation.ObjectPath | BBQ/Content/_Kazan_/Design/Monster/Human/Empire/EmpireSword/Moving/Move/BS_EmpireSword_NormalMove:Properties.SampleData[0].Animation.ObjectPath | BBQ/Content/_Kazan_/Design/Monster/Human/Empire/EmpireSword/Moving/Move/BS_EmpireSword_NormalMove_2:Properties.SampleData[0].Animation.ObjectPath,/Game/_Art/Enemies/HeinMach/Humanoids/Swordsman/Animations/PlaybackClips/A_EN_PLAY_AC_EmpireSword_Stand_F | /Game/_Art/Enemies/HeinMach/Humanoids/Swordsman/Animations/PlaybackClips/A_EN_PLAY_AC_EmpireSword_Push_Kick_Loop | /Game/_Art/Enemies/HeinMach/Humanoids/Swordsman/Animations/PlaybackClips/A_EN_PLAY_AC_EmpireSword_Push_Kick_Ready | /Game/_Art/Enemies/HeinMach/Humanoids/Swordsman/Animations/PlaybackClips/A_EN_PLAY_AC_EmpireSword_Stand_F_9c49ca6b
Swordsman,/Game/_Art/Enemies/HeinMach/Humanoids/Swordsman/Animations/SourceSequences/A_EN_SRC_CA_M_EmpSwd_Stand_Peace02_F,BBQ/Content/_Kazan_/Art/Character/CHA_Model/Monster_Human/Adult/Adult_M/Animation/EmpireSword3/CA_M_EmpSwd_Stand_Peace02_F,DeleteBackingSource,,,,/Game/_Art/Enemies/HeinMach/Humanoids/Swordsman/Animations/PlaybackClips/A_EN_PLAY_AC_EmpireSword_Stand_Peace_F
Swordsman,/Game/_Art/Enemies/HeinMach/Humanoids/Swordsman/Animations/SourceSequences/A_EN_SRC_CA_M_EmpSwd_Stand_Peace_F,BBQ/Content/_Kazan_/Art/Character/CHA_Model/Monster_Human/Adult/Adult_M/Animation/EmpireSword3/CA_M_EmpSwd_Stand_Peace_F,RetainOriginal,OriginalDirectConsumerNotReplaced | NoBakedPlaybackCoverage,,BBQ/Content/_Kazan_/Design/Monster/Human/Empire/EmpireSword/Moving/Move/BS_EmpireSword_PeaceMove:Properties.SampleData[2].Animation.ObjectPath,
Swordsman,/Game/_Art/Enemies/HeinMach/Humanoids/Swordsman/Animations/SourceSequences/A_EN_SRC_CA_M_EmpSwd_Turn_L,BBQ/Content/_Kazan_/Art/Character/CHA_Model/Monster_Human/Adult/Adult_M/Animation/EmpireSword3/CA_M_EmpSwd_Turn_L,DeleteBackingSource,,,,/Game/_Art/Enemies/HeinMach/Humanoids/Swordsman/Animations/PlaybackClips/A_EN_PLAY_AC_EmpireSword_Turn_L
Swordsman,/Game/_Art/Enemies/HeinMach/Humanoids/Swordsman/Animations/SourceSequences/A_EN_SRC_CA_M_EmpSwd_Turn_L_180,BBQ/Content/_Kazan_/Art/Character/CHA_Model/Monster_Human/Adult/Adult_M/Animation/EmpireSword3/CA_M_EmpSwd_Turn_L_180,DeleteBackingSource,,,,/Game/_Art/Enemies/HeinMach/Humanoids/Swordsman/Animations/PlaybackClips/A_EN_PLAY_AC_EmpireSword_Turn_L_180
Swordsman,/Game/_Art/Enemies/HeinMach/Humanoids/Swordsman/Animations/SourceSequences/A_EN_SRC_CA_M_EmpSwd_Turn_Peace02_L,BBQ/Content/_Kazan_/Art/Character/CHA_Model/Monster_Human/Adult/Adult_M/Animation/EmpireSword3/CA_M_EmpSwd_Turn_Peace02_L,DeleteBackingSource,,,,/Game/_Art/Enemies/HeinMach/Humanoids/Swordsman/Animations/PlaybackClips/A_EN_PLAY_AC_EmpireSword_Turn_L_Peace
Swordsman,/Game/_Art/Enemies/HeinMach/Humanoids/Swordsman/Animations/SourceSequences/A_EN_SRC_CA_M_EmpSwd_Turn_Peace02_R,BBQ/Content/_Kazan_/Art/Character/CHA_Model/Monster_Human/Adult/Adult_M/Animation/EmpireSword3/CA_M_EmpSwd_Turn_Peace02_R,DeleteBackingSource,,,,/Game/_Art/Enemies/HeinMach/Humanoids/Swordsman/Animations/PlaybackClips/A_EN_PLAY_AC_EmpireSword_Turn_R_Peace
Swordsman,/Game/_Art/Enemies/HeinMach/Humanoids/Swordsman/Animations/SourceSequences/A_EN_SRC_CA_M_EmpSwd_Turn_Peace_L,BBQ/Content/_Kazan_/Art/Character/CHA_Model/Monster_Human/Adult/Adult_M/Animation/EmpireSword3/CA_M_EmpSwd_Turn_Peace_L,RetainOriginal,NoBakedPlaybackCoverage,,,
Swordsman,/Game/_Art/Enemies/HeinMach/Humanoids/Swordsman/Animations/SourceSequences/A_EN_SRC_CA_M_EmpSwd_Turn_Peace_L_180,BBQ/Content/_Kazan_/Art/Character/CHA_Model/Monster_Human/Adult/Adult_M/Animation/EmpireSword3/CA_M_EmpSwd_Turn_Peace_L_180,DeleteBackingSource,,,,/Game/_Art/Enemies/HeinMach/Humanoids/Swordsman/Animations/PlaybackClips/A_EN_PLAY_AC_EmpireSword_Turn_L_Peace_180
Swordsman,/Game/_Art/Enemies/HeinMach/Humanoids/Swordsman/Animations/SourceSequences/A_EN_SRC_CA_M_EmpSwd_Turn_Peace_R,BBQ/Content/_Kazan_/Art/Character/CHA_Model/Monster_Human/Adult/Adult_M/Animation/EmpireSword3/CA_M_EmpSwd_Turn_Peace_R,RetainOriginal,NoBakedPlaybackCoverage,,,
Swordsman,/Game/_Art/Enemies/HeinMach/Humanoids/Swordsman/Animations/SourceSequences/A_EN_SRC_CA_M_EmpSwd_Turn_Peace_R_180,BBQ/Content/_Kazan_/Art/Character/CHA_Model/Monster_Human/Adult/Adult_M/Animation/EmpireSword3/CA_M_EmpSwd_Turn_Peace_R_180,DeleteBackingSource,,,,/Game/_Art/Enemies/HeinMach/Humanoids/Swordsman/Animations/PlaybackClips/A_EN_PLAY_AC_EmpireSword_Turn_R_Peace_180
Swordsman,/Game/_Art/Enemies/HeinMach/Humanoids/Swordsman/Animations/SourceSequences/A_EN_SRC_CA_M_EmpSwd_Turn_R,BBQ/Content/_Kazan_/Art/Character/CHA_Model/Monster_Human/Adult/Adult_M/Animation/EmpireSword3/CA_M_EmpSwd_Turn_R,DeleteBackingSource,,,,/Game/_Art/Enemies/HeinMach/Humanoids/Swordsman/Animations/PlaybackClips/A_EN_PLAY_AC_EmpireSword_Turn_R
Swordsman,/Game/_Art/Enemies/HeinMach/Humanoids/Swordsman/Animations/SourceSequences/A_EN_SRC_CA_M_EmpSwd_Turn_R_180,BBQ/Content/_Kazan_/Art/Character/CHA_Model/Monster_Human/Adult/Adult_M/Animation/EmpireSword3/CA_M_EmpSwd_Turn_R_180,DeleteBackingSource,,,,/Game/_Art/Enemies/HeinMach/Humanoids/Swordsman/Animations/PlaybackClips/A_EN_PLAY_AC_EmpireSword_Turn_R_180
Swordsman,/Game/_Art/Enemies/HeinMach/Humanoids/Swordsman/Animations/SourceSequences/A_EN_SRC_CA_M_EmpSwd_Walk_F,BBQ/Content/_Kazan_/Art/Character/CHA_Model/Monster_Human/Adult/Adult_M/Animation/EmpireSword3/CA_M_EmpSwd_Walk_F,RetainOriginal,OriginalDirectConsumerNotReplaced,,BBQ/Content/_Kazan_/Design/Monster/Human/Empire/EmpireSword/Moving/Move/BS_EmpireSword_NormalMove:Properties.SampleData[1].Animation.ObjectPath,/Game/_Art/Enemies/HeinMach/Humanoids/Swordsman/Animations/PlaybackClips/A_EN_PLAY_AC_EmpireSword_Walk_F
Swordsman,/Game/_Art/Enemies/HeinMach/Humanoids/Swordsman/Animations/SourceSequences/A_EN_SRC_CA_M_EmpSwd_Walk_F_02,BBQ/Content/_Kazan_/Art/Character/CHA_Model/Monster_Human/Adult/Adult_M/Animation/EmpireSword3/CA_M_EmpSwd_Walk_F_02,RetainOriginal,OriginalDirectConsumerNotReplaced | NoBakedPlaybackCoverage,,BBQ/Content/_Kazan_/Design/Monster/Human/Empire/EmpireSword/Moving/Move/BS_EmpireSword_NormalMove_2:Properties.SampleData[1].Animation.ObjectPath,
Swordsman,/Game/_Art/Enemies/HeinMach/Humanoids/Swordsman/Animations/SourceSequences/A_EN_SRC_CA_M_EmpSwd_Walk_Peace02_F,BBQ/Content/_Kazan_/Art/Character/CHA_Model/Monster_Human/Adult/Adult_M/Animation/EmpireSword3/CA_M_EmpSwd_Walk_Peace02_F,DeleteBackingSource,,,,/Game/_Art/Enemies/HeinMach/Humanoids/Swordsman/Animations/PlaybackClips/A_EN_PLAY_AC_EmpireSword_Walk_Peace_F
Swordsman,/Game/_Art/Enemies/HeinMach/Humanoids/Swordsman/Animations/SourceSequences/A_EN_SRC_CA_M_EmpSwd_Walk_Peace_F,BBQ/Content/_Kazan_/Art/Character/CHA_Model/Monster_Human/Adult/Adult_M/Animation/EmpireSword3/CA_M_EmpSwd_Walk_Peace_F,RetainOriginal,OriginalDirectConsumerNotReplaced | NoBakedPlaybackCoverage,,BBQ/Content/_Kazan_/Design/Monster/Human/Empire/EmpireSword/Moving/Move/BS_EmpireSword_PeaceMove:Properties.SampleData[0].Animation.ObjectPath,
Swordsman,/Game/_Art/Enemies/HeinMach/Humanoids/Swordsman/Animations/SourceSequences/A_EN_SRC_CA_M_EmpSwd_WatchOut,BBQ/Content/_Kazan_/Art/Character/CHA_Model/Monster_Human/Adult/Adult_M/Animation/EmpireSword3/CA_M_EmpSwd_WatchOut,RetainOriginal,NoBakedPlaybackCoverage,,,
Swordsman,/Game/_Art/Enemies/HeinMach/Humanoids/Swordsman/Animations/SourceSequences/A_EN_SRC_CA_M_Human_Adult_M_EmpireSword_Vigilant_FreakOut_Equip,BBQ/Content/_Kazan_/Art/Character/CHA_Model/Monster_Human/Adult/Adult_M/Animation/EmpireSword3/CA_M_Human_Adult_M_EmpireSword_Vigilant_FreakOut_Equip,DeleteBackingSource,,,,/Game/_Art/Enemies/HeinMach/Humanoids/Swordsman/Animations/PlaybackClips/A_EN_PLAY_AC_EmpireSword_Vigilant_FreakOut_Armed
Swordsman,/Game/_Art/Enemies/HeinMach/Humanoids/Swordsman/Animations/SourceSequences/A_EN_SRC_CA_M_Human_Adult_M_EmpireSword_Vigilant_FreakOut_UnEquip,BBQ/Content/_Kazan_/Art/Character/CHA_Model/Monster_Human/Adult/Adult_M/Animation/EmpireSword3/CA_M_Human_Adult_M_EmpireSword_Vigilant_FreakOut_UnEquip,DeleteBackingSource,,,,/Game/_Art/Enemies/HeinMach/Humanoids/Swordsman/Animations/PlaybackClips/A_EN_PLAY_AC_EmpireSword_Vigilant_FreakOut_UnArmed
Swordsman,/Game/_Art/Enemies/HeinMach/Humanoids/Swordsman/Animations/SourceSequences/A_EN_SRC_CA_M_Human_Adult_M_EmpireSword_Vigilant_LookAround,BBQ/Content/_Kazan_/Art/Character/CHA_Model/Monster_Human/Adult/Adult_M/Animation/EmpireSword3/CA_M_Human_Adult_M_EmpireSword_Vigilant_LookAround,DeleteBackingSource,,,,/Game/_Art/Enemies/HeinMach/Humanoids/Swordsman/Animations/PlaybackClips/A_EN_PLAY_AC_EmpireSword_Vigilant_LookAround
SwordShield,/Game/_Art/Enemies/HeinMach/Humanoids/SwordShield/Animations/SourceSequences/A_EN_SRC_CA_M_EmpireSwordShield_Basic_End_01,BBQ/Content/_Kazan_/Art/Character/CHA_Model/Monster_Human/Adult/Adult_M/Animation/EmpireSwordShield/CA_M_EmpireSwordShield_Basic_End_01,DeleteBackingSource,,,,/Game/_Art/Enemies/HeinMach/Humanoids/SwordShield/Animations/PlaybackClips/A_EN_PLAY_AC_EmpireSwordShield_Basic_End_01
SwordShield,/Game/_Art/Enemies/HeinMach/Humanoids/SwordShield/Animations/SourceSequences/A_EN_SRC_CA_M_EmpireSwordShield_Basic_End_02,BBQ/Content/_Kazan_/Art/Character/CHA_Model/Monster_Human/Adult/Adult_M/Animation/EmpireSwordShield/CA_M_EmpireSwordShield_Basic_End_02,DeleteBackingSource,,,,/Game/_Art/Enemies/HeinMach/Humanoids/SwordShield/Animations/PlaybackClips/A_EN_PLAY_AC_EmpireSwordShield_Basic_End_02
SwordShield,/Game/_Art/Enemies/HeinMach/Humanoids/SwordShield/Animations/SourceSequences/A_EN_SRC_CA_M_EmpireSwordShield_Basic_End_03,BBQ/Content/_Kazan_/Art/Character/CHA_Model/Monster_Human/Adult/Adult_M/Animation/EmpireSwordShield/CA_M_EmpireSwordShield_Basic_End_03,DeleteBackingSource,,,,/Game/_Art/Enemies/HeinMach/Humanoids/SwordShield/Animations/PlaybackClips/A_EN_PLAY_AC_EmpireSwordShield_Basic_End_03
SwordShield,/Game/_Art/Enemies/HeinMach/Humanoids/SwordShield/Animations/SourceSequences/A_EN_SRC_CA_M_EmpireSwordShield_Basic_Loop_01,BBQ/Content/_Kazan_/Art/Character/CHA_Model/Monster_Human/Adult/Adult_M/Animation/EmpireSwordShield/CA_M_EmpireSwordShield_Basic_Loop_01,DeleteBackingSource,,,,/Game/_Art/Enemies/HeinMach/Humanoids/SwordShield/Animations/PlaybackClips/A_EN_PLAY_AC_EmpireSwordShield_Basic_Loop_01
SwordShield,/Game/_Art/Enemies/HeinMach/Humanoids/SwordShield/Animations/SourceSequences/A_EN_SRC_CA_M_EmpireSwordShield_Basic_Loop_02,BBQ/Content/_Kazan_/Art/Character/CHA_Model/Monster_Human/Adult/Adult_M/Animation/EmpireSwordShield/CA_M_EmpireSwordShield_Basic_Loop_02,DeleteBackingSource,,,,/Game/_Art/Enemies/HeinMach/Humanoids/SwordShield/Animations/PlaybackClips/A_EN_PLAY_AC_EmpireSwordShield_Basic_Loop_02
SwordShield,/Game/_Art/Enemies/HeinMach/Humanoids/SwordShield/Animations/SourceSequences/A_EN_SRC_CA_M_EmpireSwordShield_Basic_Loop_03,BBQ/Content/_Kazan_/Art/Character/CHA_Model/Monster_Human/Adult/Adult_M/Animation/EmpireSwordShield/CA_M_EmpireSwordShield_Basic_Loop_03,DeleteBackingSource,,,,/Game/_Art/Enemies/HeinMach/Humanoids/SwordShield/Animations/PlaybackClips/A_EN_PLAY_AC_EmpireSwordShield_Basic_Loop_03
SwordShield,/Game/_Art/Enemies/HeinMach/Humanoids/SwordShield/Animations/SourceSequences/A_EN_SRC_CA_M_EmpireSwordShield_Basic_Sit_End_01,BBQ/Content/_Kazan_/Art/Character/CHA_Model/Monster_Human/Adult/Adult_M/Animation/EmpireSwordShield/CA_M_EmpireSwordShield_Basic_Sit_End_01,DeleteBackingSource,,,,/Game/_Art/Enemies/HeinMach/Humanoids/SwordShield/Animations/PlaybackClips/A_EN_PLAY_AC_EmpireSwordShield_Basic_Sit_End_01
SwordShield,/Game/_Art/Enemies/HeinMach/Humanoids/SwordShield/Animations/SourceSequences/A_EN_SRC_CA_M_EmpireSwordShield_Basic_Sit_Loop_01,BBQ/Content/_Kazan_/Art/Character/CHA_Model/Monster_Human/Adult/Adult_M/Animation/EmpireSwordShield/CA_M_EmpireSwordShield_Basic_Sit_Loop_01,DeleteBackingSource,,,,/Game/_Art/Enemies/HeinMach/Humanoids/SwordShield/Animations/PlaybackClips/A_EN_PLAY_AC_EmpireSwordShield_Basic_Sit_Loop_01
SwordShield,/Game/_Art/Enemies/HeinMach/Humanoids/SwordShield/Animations/SourceSequences/A_EN_SRC_CA_M_EmpireSwordShield_Basic_Talk_End_01,BBQ/Content/_Kazan_/Art/Character/CHA_Model/Monster_Human/Adult/Adult_M/Animation/EmpireSwordShield/CA_M_EmpireSwordShield_Basic_Talk_End_01,DeleteBackingSource,,,,/Game/_Art/Enemies/HeinMach/Humanoids/SwordShield/Animations/PlaybackClips/A_EN_PLAY_AC_EmpireSwordShield_Basic_Talk_End_01
SwordShield,/Game/_Art/Enemies/HeinMach/Humanoids/SwordShield/Animations/SourceSequences/A_EN_SRC_CA_M_EmpireSwordShield_Basic_Talk_Loop_01,BBQ/Content/_Kazan_/Art/Character/CHA_Model/Monster_Human/Adult/Adult_M/Animation/EmpireSwordShield/CA_M_EmpireSwordShield_Basic_Talk_Loop_01,DeleteBackingSource,,,,/Game/_Art/Enemies/HeinMach/Humanoids/SwordShield/Animations/PlaybackClips/A_EN_PLAY_AC_EmpireSwordShield_Basic_Talk_Loop_01
SwordShield,/Game/_Art/Enemies/HeinMach/Humanoids/SwordShield/Animations/SourceSequences/A_EN_SRC_CA_M_EmpireSwordShield_DamageAir_B,BBQ/Content/_Kazan_/Art/Character/CHA_Model/Monster_Human/Adult/Adult_M/Animation/EmpireSwordShield/CA_M_EmpireSwordShield_DamageAir_B,DeleteBackingSource,,,,/Game/_Art/Enemies/HeinMach/Humanoids/SwordShield/Animations/PlaybackClips/A_EN_PLAY_AC_Empire_SwordShield_DamageAir_B_Down | /Game/_Art/Enemies/HeinMach/Humanoids/SwordShield/Animations/PlaybackClips/A_EN_PLAY_AC_Empire_SwordShield_DamageAir_B_Land | /Game/_Art/Enemies/HeinMach/Humanoids/SwordShield/Animations/PlaybackClips/A_EN_PLAY_AC_Empire_SwordShield_DamageAir_B_Peak | /Game/_Art/Enemies/HeinMach/Humanoids/SwordShield/Animations/PlaybackClips/A_EN_PLAY_AC_Empire_SwordShield_DamageAir_B_Up
SwordShield,/Game/_Art/Enemies/HeinMach/Humanoids/SwordShield/Animations/SourceSequences/A_EN_SRC_CA_M_EmpireSwordShield_DamageAir_F,BBQ/Content/_Kazan_/Art/Character/CHA_Model/Monster_Human/Adult/Adult_M/Animation/EmpireSwordShield/CA_M_EmpireSwordShield_DamageAir_F,DeleteBackingSource,,,,/Game/_Art/Enemies/HeinMach/Humanoids/SwordShield/Animations/PlaybackClips/A_EN_PLAY_AC_Empire_SwordShield_DamageAir_F_Down | /Game/_Art/Enemies/HeinMach/Humanoids/SwordShield/Animations/PlaybackClips/A_EN_PLAY_AC_Empire_SwordShield_DamageAir_F_Land | /Game/_Art/Enemies/HeinMach/Humanoids/SwordShield/Animations/PlaybackClips/A_EN_PLAY_AC_Empire_SwordShield_DamageAir_F_Peak | /Game/_Art/Enemies/HeinMach/Humanoids/SwordShield/Animations/PlaybackClips/A_EN_PLAY_AC_Empire_SwordShield_DamageAir_F_Up
SwordShield,/Game/_Art/Enemies/HeinMach/Humanoids/SwordShield/Animations/SourceSequences/A_EN_SRC_CA_M_EmpireSwordShield_DamageDown_B,BBQ/Content/_Kazan_/Art/Character/CHA_Model/Monster_Human/Adult/Adult_M/Animation/EmpireSwordShield/CA_M_EmpireSwordShield_DamageDown_B,DeleteBackingSource,,,,/Game/_Art/Enemies/HeinMach/Humanoids/SwordShield/Animations/PlaybackClips/A_EN_PLAY_AC_Empire_SwordShield_DamageDown_B
SwordShield,/Game/_Art/Enemies/HeinMach/Humanoids/SwordShield/Animations/SourceSequences/A_EN_SRC_CA_M_EmpireSwordShield_DamageDown_F,BBQ/Content/_Kazan_/Art/Character/CHA_Model/Monster_Human/Adult/Adult_M/Animation/EmpireSwordShield/CA_M_EmpireSwordShield_DamageDown_F,DeleteBackingSource,,,,/Game/_Art/Enemies/HeinMach/Humanoids/SwordShield/Animations/PlaybackClips/A_EN_PLAY_AC_Empire_SwordShield_DamageDown_F
SwordShield,/Game/_Art/Enemies/HeinMach/Humanoids/SwordShield/Animations/SourceSequences/A_EN_SRC_CA_M_EmpireSwordShield_DamageGrapple_Atk_01,BBQ/Content/_Kazan_/Art/Character/CHA_Model/Monster_Human/Adult/Adult_M/Animation/EmpireSwordShield/CA_M_EmpireSwordShield_DamageGrapple_Atk_01,DeleteBackingSource,,,,/Game/_Art/Enemies/HeinMach/Humanoids/SwordShield/Animations/PlaybackClips/A_EN_PLAY_AC_Empire_SwordShield_DamageGrapple_Atk_01
SwordShield,/Game/_Art/Enemies/HeinMach/Humanoids/SwordShield/Animations/SourceSequences/A_EN_SRC_CA_M_EmpireSwordShield_DamageGrapple_Atk_02,BBQ/Content/_Kazan_/Art/Character/CHA_Model/Monster_Human/Adult/Adult_M/Animation/EmpireSwordShield/CA_M_EmpireSwordShield_DamageGrapple_Atk_02,DeleteBackingSource,,,,/Game/_Art/Enemies/HeinMach/Humanoids/SwordShield/Animations/PlaybackClips/A_EN_PLAY_AC_Empire_SwordShield_DamageGrapple_Atk_02
SwordShield,/Game/_Art/Enemies/HeinMach/Humanoids/SwordShield/Animations/SourceSequences/A_EN_SRC_CA_M_EmpireSwordShield_DamageGrapple_Atk_B_01,BBQ/Content/_Kazan_/Art/Character/CHA_Model/Monster_Human/Adult/Adult_M/Animation/EmpireSwordShield/CA_M_EmpireSwordShield_DamageGrapple_Atk_B_01,DeleteBackingSource,,,,/Game/_Art/Enemies/HeinMach/Humanoids/SwordShield/Animations/PlaybackClips/A_EN_PLAY_AC_Empire_SwordShield_DamageGrapple_Atk_B_01
SwordShield,/Game/_Art/Enemies/HeinMach/Humanoids/SwordShield/Animations/SourceSequences/A_EN_SRC_CA_M_EmpireSwordShield_DamageGrapple_Atk_B_02,BBQ/Content/_Kazan_/Art/Character/CHA_Model/Monster_Human/Adult/Adult_M/Animation/EmpireSwordShield/CA_M_EmpireSwordShield_DamageGrapple_Atk_B_02,DeleteBackingSource,,,,/Game/_Art/Enemies/HeinMach/Humanoids/SwordShield/Animations/PlaybackClips/A_EN_PLAY_AC_Empire_SwordShield_DamageGrapple_Atk_B_02
SwordShield,/Game/_Art/Enemies/HeinMach/Humanoids/SwordShield/Animations/SourceSequences/A_EN_SRC_CA_M_EmpireSwordShield_DamageNormal_D_B,BBQ/Content/_Kazan_/Art/Character/CHA_Model/Monster_Human/Adult/Adult_M/Animation/EmpireSwordShield/CA_M_EmpireSwordShield_DamageNormal_D_B,DeleteBackingSource,,,,/Game/_Art/Enemies/HeinMach/Humanoids/SwordShield/Animations/PlaybackClips/A_EN_PLAY_AC_Empire_SwordShield_DamageNormal_D_B
SwordShield,/Game/_Art/Enemies/HeinMach/Humanoids/SwordShield/Animations/SourceSequences/A_EN_SRC_CA_M_EmpireSwordShield_DamageNormal_D_F,BBQ/Content/_Kazan_/Art/Character/CHA_Model/Monster_Human/Adult/Adult_M/Animation/EmpireSwordShield/CA_M_EmpireSwordShield_DamageNormal_D_F,DeleteBackingSource,,,,/Game/_Art/Enemies/HeinMach/Humanoids/SwordShield/Animations/PlaybackClips/A_EN_PLAY_AC_Empire_SwordShield_DamageNormal_D_F
SwordShield,/Game/_Art/Enemies/HeinMach/Humanoids/SwordShield/Animations/SourceSequences/A_EN_SRC_CA_M_EmpireSwordShield_DamageNormal_L_F,BBQ/Content/_Kazan_/Art/Character/CHA_Model/Monster_Human/Adult/Adult_M/Animation/EmpireSwordShield/CA_M_EmpireSwordShield_DamageNormal_L_F,DeleteBackingSource,,,,/Game/_Art/Enemies/HeinMach/Humanoids/SwordShield/Animations/PlaybackClips/A_EN_PLAY_AC_Empire_SwordShield_DamageNormal_L_F
SwordShield,/Game/_Art/Enemies/HeinMach/Humanoids/SwordShield/Animations/SourceSequences/A_EN_SRC_CA_M_EmpireSwordShield_DamageNormal_R_F,BBQ/Content/_Kazan_/Art/Character/CHA_Model/Monster_Human/Adult/Adult_M/Animation/EmpireSwordShield/CA_M_EmpireSwordShield_DamageNormal_R_F,DeleteBackingSource,,,,/Game/_Art/Enemies/HeinMach/Humanoids/SwordShield/Animations/PlaybackClips/A_EN_PLAY_AC_Empire_SwordShield_DamageNormal_R_F
SwordShield,/Game/_Art/Enemies/HeinMach/Humanoids/SwordShield/Animations/SourceSequences/A_EN_SRC_CA_M_EmpireSwordShield_DamageNormal_U_B,BBQ/Content/_Kazan_/Art/Character/CHA_Model/Monster_Human/Adult/Adult_M/Animation/EmpireSwordShield/CA_M_EmpireSwordShield_DamageNormal_U_B,DeleteBackingSource,,,,/Game/_Art/Enemies/HeinMach/Humanoids/SwordShield/Animations/PlaybackClips/A_EN_PLAY_AC_Empire_SwordShield_DamageNormal_U_B
SwordShield,/Game/_Art/Enemies/HeinMach/Humanoids/SwordShield/Animations/SourceSequences/A_EN_SRC_CA_M_EmpireSwordShield_DamageNormal_U_F,BBQ/Content/_Kazan_/Art/Character/CHA_Model/Monster_Human/Adult/Adult_M/Animation/EmpireSwordShield/CA_M_EmpireSwordShield_DamageNormal_U_F,DeleteBackingSource,,,,/Game/_Art/Enemies/HeinMach/Humanoids/SwordShield/Animations/PlaybackClips/A_EN_PLAY_AC_Empire_SwordShield_DamageNormal_U_F
SwordShield,/Game/_Art/Enemies/HeinMach/Humanoids/SwordShield/Animations/SourceSequences/A_EN_SRC_CA_M_EmpireSwordShield_DamageParry_F,BBQ/Content/_Kazan_/Art/Character/CHA_Model/Monster_Human/Adult/Adult_M/Animation/EmpireSwordShield/CA_M_EmpireSwordShield_DamageParry_F,DeleteBackingSource,,,,/Game/_Art/Enemies/HeinMach/Humanoids/SwordShield/Animations/PlaybackClips/A_EN_PLAY_AC_M_Empire_SwordShield_DamageParry_F
SwordShield,/Game/_Art/Enemies/HeinMach/Humanoids/SwordShield/Animations/SourceSequences/A_EN_SRC_CA_M_EmpireSwordShield_DamageStrong_D_F,BBQ/Content/_Kazan_/Art/Character/CHA_Model/Monster_Human/Adult/Adult_M/Animation/EmpireSwordShield/CA_M_EmpireSwordShield_DamageStrong_D_F,DeleteBackingSource,,,,/Game/_Art/Enemies/HeinMach/Humanoids/SwordShield/Animations/PlaybackClips/A_EN_PLAY_AC_Empire_SwordShield_DamageStrong_D_F
SwordShield,/Game/_Art/Enemies/HeinMach/Humanoids/SwordShield/Animations/SourceSequences/A_EN_SRC_CA_M_EmpireSwordShield_DamageStrong_D_F2,BBQ/Content/_Kazan_/Art/Character/CHA_Model/Monster_Human/Adult/Adult_M/Animation/EmpireSwordShield/CA_M_EmpireSwordShield_DamageStrong_D_F2,DeleteBackingSource,,,,/Game/_Art/Enemies/HeinMach/Humanoids/SwordShield/Animations/PlaybackClips/A_EN_PLAY_AC_Empire_SwordShield_DamageStrong_D_F_2
SwordShield,/Game/_Art/Enemies/HeinMach/Humanoids/SwordShield/Animations/SourceSequences/A_EN_SRC_CA_M_EmpireSwordShield_DamageStrong_L_F,BBQ/Content/_Kazan_/Art/Character/CHA_Model/Monster_Human/Adult/Adult_M/Animation/EmpireSwordShield/CA_M_EmpireSwordShield_DamageStrong_L_F,DeleteBackingSource,,,,/Game/_Art/Enemies/HeinMach/Humanoids/SwordShield/Animations/PlaybackClips/A_EN_PLAY_AC_Empire_SwordShield_DamageStrong_L_F
SwordShield,/Game/_Art/Enemies/HeinMach/Humanoids/SwordShield/Animations/SourceSequences/A_EN_SRC_CA_M_EmpireSwordShield_DamageStrong_R_F,BBQ/Content/_Kazan_/Art/Character/CHA_Model/Monster_Human/Adult/Adult_M/Animation/EmpireSwordShield/CA_M_EmpireSwordShield_DamageStrong_R_F,DeleteBackingSource,,,,/Game/_Art/Enemies/HeinMach/Humanoids/SwordShield/Animations/PlaybackClips/A_EN_PLAY_AC_Empire_SwordShield_DamageStrong_R_F
SwordShield,/Game/_Art/Enemies/HeinMach/Humanoids/SwordShield/Animations/SourceSequences/A_EN_SRC_CA_M_EmpireSwordShield_DamageStrong_U_F,BBQ/Content/_Kazan_/Art/Character/CHA_Model/Monster_Human/Adult/Adult_M/Animation/EmpireSwordShield/CA_M_EmpireSwordShield_DamageStrong_U_F,DeleteBackingSource,,,,/Game/_Art/Enemies/HeinMach/Humanoids/SwordShield/Animations/PlaybackClips/A_EN_PLAY_AC_Empire_SwordShield_DamageStrong_U_F
SwordShield,/Game/_Art/Enemies/HeinMach/Humanoids/SwordShield/Animations/SourceSequences/A_EN_SRC_CA_M_EmpireSwordShield_DamageWeak_D_F,BBQ/Content/_Kazan_/Art/Character/CHA_Model/Monster_Human/Adult/Adult_M/Animation/EmpireSwordShield/CA_M_EmpireSwordShield_DamageWeak_D_F,DeleteBackingSource,,,,/Game/_Art/Enemies/HeinMach/Humanoids/SwordShield/Animations/PlaybackClips/A_EN_PLAY_AC_Empire_SwordShield_DamageWeak_D_F
SwordShield,/Game/_Art/Enemies/HeinMach/Humanoids/SwordShield/Animations/SourceSequences/A_EN_SRC_CA_M_EmpireSwordShield_DamageWeak_L_F,BBQ/Content/_Kazan_/Art/Character/CHA_Model/Monster_Human/Adult/Adult_M/Animation/EmpireSwordShield/CA_M_EmpireSwordShield_DamageWeak_L_F,DeleteBackingSource,,,,/Game/_Art/Enemies/HeinMach/Humanoids/SwordShield/Animations/PlaybackClips/A_EN_PLAY_AC_Empire_SwordShield_DamageWeak_L_F
SwordShield,/Game/_Art/Enemies/HeinMach/Humanoids/SwordShield/Animations/SourceSequences/A_EN_SRC_CA_M_EmpireSwordShield_DamageWeak_R_F,BBQ/Content/_Kazan_/Art/Character/CHA_Model/Monster_Human/Adult/Adult_M/Animation/EmpireSwordShield/CA_M_EmpireSwordShield_DamageWeak_R_F,DeleteBackingSource,,,,/Game/_Art/Enemies/HeinMach/Humanoids/SwordShield/Animations/PlaybackClips/A_EN_PLAY_AC_Empire_SwordShield_DamageWeak_R_F
SwordShield,/Game/_Art/Enemies/HeinMach/Humanoids/SwordShield/Animations/SourceSequences/A_EN_SRC_CA_M_EmpireSwordShield_DamageWeak_U_F,BBQ/Content/_Kazan_/Art/Character/CHA_Model/Monster_Human/Adult/Adult_M/Animation/EmpireSwordShield/CA_M_EmpireSwordShield_DamageWeak_U_F,DeleteBackingSource,,,,/Game/_Art/Enemies/HeinMach/Humanoids/SwordShield/Animations/PlaybackClips/A_EN_PLAY_AC_Empire_SwordShield_DamageWeak_U_F
SwordShield,/Game/_Art/Enemies/HeinMach/Humanoids/SwordShield/Animations/SourceSequences/A_EN_SRC_CA_M_EmpireSwordShield_Die_F,BBQ/Content/_Kazan_/Art/Character/CHA_Model/Monster_Human/Adult/Adult_M/Animation/EmpireSwordShield/CA_M_EmpireSwordShield_Die_F,DeleteBackingSource,,,,/Game/_Art/Enemies/HeinMach/Humanoids/SwordShield/Animations/PlaybackClips/A_EN_PLAY_AC_Empire_SwordShield_Ground_Die_F
SwordShield,/Game/_Art/Enemies/HeinMach/Humanoids/SwordShield/Animations/SourceSequences/A_EN_SRC_CA_M_EmpireSwordShield_Down_B_Loop,BBQ/Content/_Kazan_/Art/Character/CHA_Model/Monster_Human/Adult/Adult_M/Animation/EmpireSwordShield/CA_M_EmpireSwordShield_Down_B_Loop,DeleteBackingSource,,,,/Game/_Art/Enemies/HeinMach/Humanoids/SwordShield/Animations/PlaybackClips/A_EN_PLAY_AC_Empire_SwordShield_Down_Die_B | /Game/_Art/Enemies/HeinMach/Humanoids/SwordShield/Animations/PlaybackClips/A_EN_PLAY_AC_Empire_SwordShield_Down_Loop_B
SwordShield,/Game/_Art/Enemies/HeinMach/Humanoids/SwordShield/Animations/SourceSequences/A_EN_SRC_CA_M_EmpireSwordShield_Down_F_Loop,BBQ/Content/_Kazan_/Art/Character/CHA_Model/Monster_Human/Adult/Adult_M/Animation/EmpireSwordShield/CA_M_EmpireSwordShield_Down_F_Loop,DeleteBackingSource,,,,/Game/_Art/Enemies/HeinMach/Humanoids/SwordShield/Animations/PlaybackClips/A_EN_PLAY_AC_Empire_SwordShield_Down_Die_F | /Game/_Art/Enemies/HeinMach/Humanoids/SwordShield/Animations/PlaybackClips/A_EN_PLAY_AC_Empire_SwordShield_Down_Loop_F
SwordShield,/Game/_Art/Enemies/HeinMach/Humanoids/SwordShield/Animations/SourceSequences/A_EN_SRC_CA_M_EmpireSwordShield_FallDown_End,BBQ/Content/_Kazan_/Art/Character/CHA_Model/Monster_Human/Adult/Adult_M/Animation/EmpireSwordShield/CA_M_EmpireSwordShield_FallDown_End,RetainOriginal,NoBakedPlaybackCoverage,,,
SwordShield,/Game/_Art/Enemies/HeinMach/Humanoids/SwordShield/Animations/SourceSequences/A_EN_SRC_CA_M_EmpireSwordShield_FallDown_Loop,BBQ/Content/_Kazan_/Art/Character/CHA_Model/Monster_Human/Adult/Adult_M/Animation/EmpireSwordShield/CA_M_EmpireSwordShield_FallDown_Loop,RetainOriginal,NoBakedPlaybackCoverage,,,
SwordShield,/Game/_Art/Enemies/HeinMach/Humanoids/SwordShield/Animations/SourceSequences/A_EN_SRC_CA_M_EmpireSwordShield_FallDown_Start,BBQ/Content/_Kazan_/Art/Character/CHA_Model/Monster_Human/Adult/Adult_M/Animation/EmpireSwordShield/CA_M_EmpireSwordShield_FallDown_Start,RetainOriginal,NoBakedPlaybackCoverage,,,
SwordShield,/Game/_Art/Enemies/HeinMach/Humanoids/SwordShield/Animations/SourceSequences/A_EN_SRC_CA_M_EmpireSwordShield_Getup_B,BBQ/Content/_Kazan_/Art/Character/CHA_Model/Monster_Human/Adult/Adult_M/Animation/EmpireSwordShield/CA_M_EmpireSwordShield_Getup_B,DeleteBackingSource,,,,/Game/_Art/Enemies/HeinMach/Humanoids/SwordShield/Animations/PlaybackClips/A_EN_PLAY_AC_Empire_SwordShield_Getup_B
SwordShield,/Game/_Art/Enemies/HeinMach/Humanoids/SwordShield/Animations/SourceSequences/A_EN_SRC_CA_M_EmpireSwordShield_Getup_F,BBQ/Content/_Kazan_/Art/Character/CHA_Model/Monster_Human/Adult/Adult_M/Animation/EmpireSwordShield/CA_M_EmpireSwordShield_Getup_F,DeleteBackingSource,,,,/Game/_Art/Enemies/HeinMach/Humanoids/SwordShield/Animations/PlaybackClips/A_EN_PLAY_AC_Empire_SwordShield_Getup_F
SwordShield,/Game/_Art/Enemies/HeinMach/Humanoids/SwordShield/Animations/SourceSequences/A_EN_SRC_CA_M_EmpireSwordShield_Groggy_F_End,BBQ/Content/_Kazan_/Art/Character/CHA_Model/Monster_Human/Adult/Adult_M/Animation/EmpireSwordShield/CA_M_EmpireSwordShield_Groggy_F_End,DeleteBackingSource,,,,/Game/_Art/Enemies/HeinMach/Humanoids/SwordShield/Animations/PlaybackClips/A_EN_PLAY_AC_Empire_SwordShield_Groggy_End
SwordShield,/Game/_Art/Enemies/HeinMach/Humanoids/SwordShield/Animations/SourceSequences/A_EN_SRC_CA_M_EmpireSwordShield_Groggy_F_Loop,BBQ/Content/_Kazan_/Art/Character/CHA_Model/Monster_Human/Adult/Adult_M/Animation/EmpireSwordShield/CA_M_EmpireSwordShield_Groggy_F_Loop,DeleteBackingSource,,,,/Game/_Art/Enemies/HeinMach/Humanoids/SwordShield/Animations/PlaybackClips/A_EN_PLAY_AC_Empire_SwordShield_Groggy_Loop
SwordShield,/Game/_Art/Enemies/HeinMach/Humanoids/SwordShield/Animations/SourceSequences/A_EN_SRC_CA_M_EmpireSwordShield_Groggy_F_Start,BBQ/Content/_Kazan_/Art/Character/CHA_Model/Monster_Human/Adult/Adult_M/Animation/EmpireSwordShield/CA_M_EmpireSwordShield_Groggy_F_Start,DeleteBackingSource,,,,/Game/_Art/Enemies/HeinMach/Humanoids/SwordShield/Animations/PlaybackClips/A_EN_PLAY_AC_Empire_SwordShield_Groggy_Start
SwordShield,/Game/_Art/Enemies/HeinMach/Humanoids/SwordShield/Animations/SourceSequences/A_EN_SRC_CA_M_EmpireSwordShield_Guard_Broken,BBQ/Content/_Kazan_/Art/Character/CHA_Model/Monster_Human/Adult/Adult_M/Animation/EmpireSwordShield/CA_M_EmpireSwordShield_Guard_Broken,DeleteBackingSource,,,,/Game/_Art/Enemies/HeinMach/Humanoids/SwordShield/Animations/PlaybackClips/A_EN_PLAY_AC_Empire_SwordShield_Guard_Broken | /Game/_Art/Enemies/HeinMach/Humanoids/SwordShield/Animations/PlaybackClips/A_EN_PLAY_AC_Empire_SwordShield_Guard_Broken_Full | /Game/_Art/Enemies/HeinMach/Humanoids/SwordShield/Animations/PlaybackClips/A_EN_PLAY_AC_Empire_SwordShield_Guard_Broken_Full_New | /Game/_Art/Enemies/HeinMach/Humanoids/SwordShield/Animations/PlaybackClips/A_EN_PLAY_AC_Empire_SwordShield_GuardReaction_Broken | /Game/_Art/Enemies/HeinMach/Humanoids/SwordShield/Animations/PlaybackClips/A_EN_PLAY_AC_Empire_SwordShield_GuardReaction_Broken_Full
SwordShield,/Game/_Art/Enemies/HeinMach/Humanoids/SwordShield/Animations/SourceSequences/A_EN_SRC_CA_M_EmpireSwordShield_Guard_End,BBQ/Content/_Kazan_/Art/Character/CHA_Model/Monster_Human/Adult/Adult_M/Animation/EmpireSwordShield/CA_M_EmpireSwordShield_Guard_End,DeleteBackingSource,,,,/Game/_Art/Enemies/HeinMach/Humanoids/SwordShield/Animations/PlaybackClips/A_EN_PLAY_AC_Empire_SwordShield_Guard_End | /Game/_Art/Enemies/HeinMach/Humanoids/SwordShield/Animations/PlaybackClips/A_EN_PLAY_AC_Empire_SwordShield_GuardReaction_End
SwordShield,/Game/_Art/Enemies/HeinMach/Humanoids/SwordShield/Animations/SourceSequences/A_EN_SRC_CA_M_EmpireSwordShield_Guard_Hit,BBQ/Content/_Kazan_/Art/Character/CHA_Model/Monster_Human/Adult/Adult_M/Animation/EmpireSwordShield/CA_M_EmpireSwordShield_Guard_Hit,DeleteBackingSource,,,,/Game/_Art/Enemies/HeinMach/Humanoids/SwordShield/Animations/PlaybackClips/A_EN_PLAY_AC_Empire_SwordShield_Guard_Hit | /Game/_Art/Enemies/HeinMach/Humanoids/SwordShield/Animations/PlaybackClips/A_EN_PLAY_AC_Empire_SwordShield_GuardReaction_Hit
SwordShield,/Game/_Art/Enemies/HeinMach/Humanoids/SwordShield/Animations/SourceSequences/A_EN_SRC_CA_M_EmpireSwordShield_Guard_Loop,BBQ/Content/_Kazan_/Art/Character/CHA_Model/Monster_Human/Adult/Adult_M/Animation/EmpireSwordShield/CA_M_EmpireSwordShield_Guard_Loop,DeleteBackingSource,,,,/Game/_Art/Enemies/HeinMach/Humanoids/SwordShield/Animations/PlaybackClips/A_EN_PLAY_AC_Empire_SwordShield_Guard_Loop
SwordShield,/Game/_Art/Enemies/HeinMach/Humanoids/SwordShield/Animations/SourceSequences/A_EN_SRC_CA_M_EmpireSwordShield_Guard_Start,BBQ/Content/_Kazan_/Art/Character/CHA_Model/Monster_Human/Adult/Adult_M/Animation/EmpireSwordShield/CA_M_EmpireSwordShield_Guard_Start,DeleteBackingSource,,,,/Game/_Art/Enemies/HeinMach/Humanoids/SwordShield/Animations/PlaybackClips/A_EN_PLAY_AC_Empire_SwordShield_Guard_Start
SwordShield,/Game/_Art/Enemies/HeinMach/Humanoids/SwordShield/Animations/SourceSequences/A_EN_SRC_CA_M_EmpireSwordShield_LockOnWalk_B,BBQ/Content/_Kazan_/Art/Character/CHA_Model/Monster_Human/Adult/Adult_M/Animation/EmpireSwordShield/CA_M_EmpireSwordShield_LockOnWalk_B,RetainOriginal,OriginalDirectConsumerNotReplaced,,BBQ/Content/_Kazan_/Design/Monster/Human/Empire/Empire_SwordShield/Moving/Move/BS_Empire_SwordShield_LockOnMove:Properties.SampleData[3].Animation.ObjectPath,/Game/_Art/Enemies/HeinMach/Humanoids/SwordShield/Animations/PlaybackClips/A_EN_PLAY_AC_Empire_SwordShield_LockOnWalk_B
SwordShield,/Game/_Art/Enemies/HeinMach/Humanoids/SwordShield/Animations/SourceSequences/A_EN_SRC_CA_M_EmpireSwordShield_LockOnWalk_F,BBQ/Content/_Kazan_/Art/Character/CHA_Model/Monster_Human/Adult/Adult_M/Animation/EmpireSwordShield/CA_M_EmpireSwordShield_LockOnWalk_F,RetainOriginal,OriginalDirectConsumerNotReplaced,,BBQ/Content/_Kazan_/Design/Monster/Human/Empire/Empire_SwordShield/Moving/Move/BS_Empire_SwordShield_LockOnMove:Properties.SampleData[2].Animation.ObjectPath,/Game/_Art/Enemies/HeinMach/Humanoids/SwordShield/Animations/PlaybackClips/A_EN_PLAY_AC_Empire_SwordShield_LockOnWalk_F
SwordShield,/Game/_Art/Enemies/HeinMach/Humanoids/SwordShield/Animations/SourceSequences/A_EN_SRC_CA_M_EmpireSwordShield_LockOnWalk_L,BBQ/Content/_Kazan_/Art/Character/CHA_Model/Monster_Human/Adult/Adult_M/Animation/EmpireSwordShield/CA_M_EmpireSwordShield_LockOnWalk_L,RetainOriginal,OriginalDirectConsumerNotReplaced,,BBQ/Content/_Kazan_/Design/Monster/Human/Empire/Empire_SwordShield/Moving/Move/BS_Empire_SwordShield_LockOnMove:Properties.SampleData[1].Animation.ObjectPath,/Game/_Art/Enemies/HeinMach/Humanoids/SwordShield/Animations/PlaybackClips/A_EN_PLAY_AC_Empire_SwordShield_LockOnWalk_L
SwordShield,/Game/_Art/Enemies/HeinMach/Humanoids/SwordShield/Animations/SourceSequences/A_EN_SRC_CA_M_EmpireSwordShield_LockOnWalk_R,BBQ/Content/_Kazan_/Art/Character/CHA_Model/Monster_Human/Adult/Adult_M/Animation/EmpireSwordShield/CA_M_EmpireSwordShield_LockOnWalk_R,RetainOriginal,OriginalDirectConsumerNotReplaced,,BBQ/Content/_Kazan_/Design/Monster/Human/Empire/Empire_SwordShield/Moving/Move/BS_Empire_SwordShield_LockOnMove:Properties.SampleData[4].Animation.ObjectPath,/Game/_Art/Enemies/HeinMach/Humanoids/SwordShield/Animations/PlaybackClips/A_EN_PLAY_AC_Empire_SwordShield_LockOnWalk_R
SwordShield,/Game/_Art/Enemies/HeinMach/Humanoids/SwordShield/Animations/SourceSequences/A_EN_SRC_CA_M_EmpireSwordShield_Pierce,BBQ/Content/_Kazan_/Art/Character/CHA_Model/Monster_Human/Adult/Adult_M/Animation/EmpireSwordShield/CA_M_EmpireSwordShield_Pierce,DeleteBackingSource,,,,/Game/_Art/Enemies/HeinMach/Humanoids/SwordShield/Animations/PlaybackClips/A_EN_PLAY_AC_Empire_SwordShield_Pierce
SwordShield,/Game/_Art/Enemies/HeinMach/Humanoids/SwordShield/Animations/SourceSequences/A_EN_SRC_CA_M_EmpireSwordShield_Run_F,BBQ/Content/_Kazan_/Art/Character/CHA_Model/Monster_Human/Adult/Adult_M/Animation/EmpireSwordShield/CA_M_EmpireSwordShield_Run_F,RetainOriginal,OriginalDirectConsumerNotReplaced,,BBQ/Content/_Kazan_/Design/Monster/Human/Empire/Empire_SwordShield/Moving/Move/BS_Empire_SwordShield_NormalMove:Properties.SampleData[2].Animation.ObjectPath,/Game/_Art/Enemies/HeinMach/Humanoids/SwordShield/Animations/PlaybackClips/A_EN_PLAY_AC_Empire_SwordShield_Run_F
SwordShield,/Game/_Art/Enemies/HeinMach/Humanoids/SwordShield/Animations/SourceSequences/A_EN_SRC_CA_M_EmpireSwordShield_Run_F_02,BBQ/Content/_Kazan_/Art/Character/CHA_Model/Monster_Human/Adult/Adult_M/Animation/EmpireSwordShield/CA_M_EmpireSwordShield_Run_F_02,RetainOriginal,NoBakedPlaybackCoverage,,,
SwordShield,/Game/_Art/Enemies/HeinMach/Humanoids/SwordShield/Animations/SourceSequences/A_EN_SRC_CA_M_EmpireSwordShield_ShieldCrash,BBQ/Content/_Kazan_/Art/Character/CHA_Model/Monster_Human/Adult/Adult_M/Animation/EmpireSwordShield/CA_M_EmpireSwordShield_ShieldCrash,DeleteBackingSource,,,,/Game/_Art/Enemies/HeinMach/Humanoids/SwordShield/Animations/PlaybackClips/A_EN_PLAY_AC_Empire_SwordShield_ShieldCrash
SwordShield,/Game/_Art/Enemies/HeinMach/Humanoids/SwordShield/Animations/SourceSequences/A_EN_SRC_CA_M_EmpireSwordShield_Stand_F,BBQ/Content/_Kazan_/Art/Character/CHA_Model/Monster_Human/Adult/Adult_M/Animation/EmpireSwordShield/CA_M_EmpireSwordShield_Stand_F,RetainOriginal,CurrentProjectConsumer | OriginalDirectConsumerNotReplaced,/Game/_Art/Enemies/HeinMach/Humanoids/SwordShield/Blueprints/BP_EN_SwordShield_U01_L01 | /Game/_Art/Enemies/HeinMach/Humanoids/SwordShield/Blueprints/BP_EN_SwordShield_U01_L02 | /Game/_Art/Enemies/HeinMach/Humanoids/SwordShield/Blueprints/BP_EN_SwordShield_U02_L01 | /Game/_Art/Enemies/HeinMach/Humanoids/SwordShield/Blueprints/BP_EN_SwordShield_U02_L02,BBQ/Content/_Kazan_/Design/Monster/Human/Empire/Empire_SwordShield/Base_Setting/AP_Empire_SwordShield:Properties.Idle.ObjectPath | BBQ/Content/_Kazan_/Design/Monster/Human/Empire/Empire_SwordShield/Base_Setting/AP_Empire_SwordShield:Properties.AnimMapIDToAsset[39].Value.ObjectPath | BBQ/Content/_Kazan_/Design/Monster/Human/Empire/Empire_SwordShield/Base_Setting/AP_Empire_SwordShield:Properties.AnimMapAssetToID[39].Key | BBQ/Content/_Kazan_/Design/Monster/Human/Empire/Empire_SwordShield/Moving/Move/BS_Empire_SwordShield_LockOnMove:Properties.SampleData[0].Animation.ObjectPath | BBQ/Content/_Kazan_/Design/Monster/Human/Empire/Empire_SwordShield/Moving/Move/BS_Empire_SwordShield_NormalMove:Properties.SampleData[0].Animation.ObjectPath,/Game/_Art/Enemies/HeinMach/Humanoids/SwordShield/Animations/PlaybackClips/A_EN_PLAY_AC_Empire_SwordShield_Stand_F
SwordShield,/Game/_Art/Enemies/HeinMach/Humanoids/SwordShield/Animations/SourceSequences/A_EN_SRC_CA_M_EmpireSwordShield_SwordCombo_Step01,BBQ/Content/_Kazan_/Art/Character/CHA_Model/Monster_Human/Adult/Adult_M/Animation/EmpireSwordShield/CA_M_EmpireSwordShield_SwordCombo_Step01,DeleteBackingSource,,,,/Game/_Art/Enemies/HeinMach/Humanoids/SwordShield/Animations/PlaybackClips/A_EN_PLAY_AC_Empire_SwordShield_SwordCombo_01
SwordShield,/Game/_Art/Enemies/HeinMach/Humanoids/SwordShield/Animations/SourceSequences/A_EN_SRC_CA_M_EmpireSwordShield_SwordCombo_Step02,BBQ/Content/_Kazan_/Art/Character/CHA_Model/Monster_Human/Adult/Adult_M/Animation/EmpireSwordShield/CA_M_EmpireSwordShield_SwordCombo_Step02,DeleteBackingSource,,,,/Game/_Art/Enemies/HeinMach/Humanoids/SwordShield/Animations/PlaybackClips/A_EN_PLAY_AC_Empire_SwordShield_SwordCombo_02
SwordShield,/Game/_Art/Enemies/HeinMach/Humanoids/SwordShield/Animations/SourceSequences/A_EN_SRC_CA_M_EmpireSwordShield_Turn_L,BBQ/Content/_Kazan_/Art/Character/CHA_Model/Monster_Human/Adult/Adult_M/Animation/EmpireSwordShield/CA_M_EmpireSwordShield_Turn_L,DeleteBackingSource,,,,/Game/_Art/Enemies/HeinMach/Humanoids/SwordShield/Animations/PlaybackClips/A_EN_PLAY_AC_Empire_SwordShield_Turn_L
SwordShield,/Game/_Art/Enemies/HeinMach/Humanoids/SwordShield/Animations/SourceSequences/A_EN_SRC_CA_M_EmpireSwordShield_Turn_L_180,BBQ/Content/_Kazan_/Art/Character/CHA_Model/Monster_Human/Adult/Adult_M/Animation/EmpireSwordShield/CA_M_EmpireSwordShield_Turn_L_180,DeleteBackingSource,,,,/Game/_Art/Enemies/HeinMach/Humanoids/SwordShield/Animations/PlaybackClips/A_EN_PLAY_AC_Empire_SwordShield_Turn_L_180
SwordShield,/Game/_Art/Enemies/HeinMach/Humanoids/SwordShield/Animations/SourceSequences/A_EN_SRC_CA_M_EmpireSwordShield_Turn_R,BBQ/Content/_Kazan_/Art/Character/CHA_Model/Monster_Human/Adult/Adult_M/Animation/EmpireSwordShield/CA_M_EmpireSwordShield_Turn_R,DeleteBackingSource,,,,/Game/_Art/Enemies/HeinMach/Humanoids/SwordShield/Animations/PlaybackClips/A_EN_PLAY_AC_Empire_SwordShield_Turn_R
SwordShield,/Game/_Art/Enemies/HeinMach/Humanoids/SwordShield/Animations/SourceSequences/A_EN_SRC_CA_M_EmpireSwordShield_Turn_R_180,BBQ/Content/_Kazan_/Art/Character/CHA_Model/Monster_Human/Adult/Adult_M/Animation/EmpireSwordShield/CA_M_EmpireSwordShield_Turn_R_180,DeleteBackingSource,,,,/Game/_Art/Enemies/HeinMach/Humanoids/SwordShield/Animations/PlaybackClips/A_EN_PLAY_AC_Empire_SwordShield_Turn_R_180
SwordShield,/Game/_Art/Enemies/HeinMach/Humanoids/SwordShield/Animations/SourceSequences/A_EN_SRC_CA_M_EmpireSwordShield_Walk_F,BBQ/Content/_Kazan_/Art/Character/CHA_Model/Monster_Human/Adult/Adult_M/Animation/EmpireSwordShield/CA_M_EmpireSwordShield_Walk_F,RetainOriginal,OriginalDirectConsumerNotReplaced,,BBQ/Content/_Kazan_/Design/Monster/Human/Empire/Empire_SwordShield/Moving/Move/BS_Empire_SwordShield_NormalMove:Properties.SampleData[1].Animation.ObjectPath,/Game/_Art/Enemies/HeinMach/Humanoids/SwordShield/Animations/PlaybackClips/A_EN_PLAY_AC_Empire_SwordShield_Walk_F
SwordShield,/Game/_Art/Enemies/HeinMach/Humanoids/SwordShield/Animations/SourceSequences/A_EN_SRC_CA_M_EmpireSwordShield_Walk_F_02,BBQ/Content/_Kazan_/Art/Character/CHA_Model/Monster_Human/Adult/Adult_M/Animation/EmpireSwordShield/CA_M_EmpireSwordShield_Walk_F_02,RetainOriginal,NoBakedPlaybackCoverage,,,
SwordShield,/Game/_Art/Enemies/HeinMach/Humanoids/SwordShield/Animations/SourceSequences/A_EN_SRC_CA_M_Human_Adult_M_EmpireSwordShield_Vigilant_FreakOut,BBQ/Content/_Kazan_/Art/Character/CHA_Model/Monster_Human/Adult/Adult_M/Animation/EmpireSwordShield/CA_M_Human_Adult_M_EmpireSwordShield_Vigilant_FreakOut,DeleteBackingSource,,,,/Game/_Art/Enemies/HeinMach/Humanoids/SwordShield/Animations/PlaybackClips/A_EN_PLAY_AC_Empire_SwordShield_Vigilant_FreakOut_Armed
SwordShield,/Game/_Art/Enemies/HeinMach/Humanoids/SwordShield/Animations/SourceSequences/A_EN_SRC_CA_M_Human_Adult_M_EmpireSwordShield_Vigilant_LookAround,BBQ/Content/_Kazan_/Art/Character/CHA_Model/Monster_Human/Adult/Adult_M/Animation/EmpireSwordShield/CA_M_Human_Adult_M_EmpireSwordShield_Vigilant_LookAround,DeleteBackingSource,,,,/Game/_Art/Enemies/HeinMach/Humanoids/SwordShield/Animations/PlaybackClips/A_EN_PLAY_AC_Empire_SwordShield_Vigilant_LookAround
SharedSourceReferences,/Game/_Art/Enemies/HeinMach/Humanoids/SharedSourceReferences/Animations/SourceSequences/A_EN_SRC_CA_M_Human_Adult_M_PicaAxe_DamFinalBlow_New,BBQ/Content/_Kazan_/Art/Character/CHA_Model/Monster_Human/Adult/Adult_M/Animation/PicaAxe/CA_M_Human_Adult_M_PicaAxe_DamFinalBlow_New,RetainOriginal,OriginalDirectConsumerNotReplaced,,BBQ/Content/_Kazan_/Design/Monster/Human/Empire/EmpireSword/Moving/Reaction/AC_EmpireSword_DamFinalblow:Properties.AnimationTrack.AnimSegments[0].AnimReference.ObjectPath,/Game/_Art/Enemies/HeinMach/Humanoids/Swordsman/Animations/PlaybackClips/A_EN_PLAY_AC_EmpireSword_DamFinalBlow_Wraith | /Game/_Art/Enemies/HeinMach/Humanoids/SwordShield/Animations/PlaybackClips/A_EN_PLAY_AC_Empire_SwordShield_DamFinalBlow
SharedSourceReferences,/Game/_Art/Enemies/HeinMach/Humanoids/SharedSourceReferences/Animations/SourceSequences/A_EN_SRC_CA_M_Human_Adult_M_PicaroonAxe_DamageParry_F2,BBQ/Content/_Kazan_/Art/Character/CHA_Model/Monster_Human/Adult/Adult_M/Animation/PicaAxe/CA_M_Human_Adult_M_PicaroonAxe_DamageParry_F2,DeleteBackingSource,,,,/Game/_Art/Enemies/HeinMach/Humanoids/Swordsman/Animations/PlaybackClips/A_EN_PLAY_AC_EmpireSword_Fear_Suprise
SharedSourceReferences,/Game/_Art/Enemies/HeinMach/Humanoids/SharedSourceReferences/Animations/SourceSequences/A_EN_SRC_CA_M_Human_Adult_M_PicaBow_BowStand_F,BBQ/Content/_Kazan_/Art/Character/CHA_Model/Monster_Human/Adult/Adult_M/Animation/PicaBow/CA_M_Human_Adult_M_PicaBow_BowStand_F,DeleteBackingSource,,,,/Game/_Art/Enemies/HeinMach/Humanoids/Archer/Animations/PlaybackClips/A_EN_PLAY_AC_EmpireBow_Stand_Start
SharedSourceReferences,/Game/_Art/Enemies/HeinMach/Humanoids/SharedSourceReferences/Animations/SourceSequences/A_EN_SRC_CA_M_PicaBow_ClimbingWall_Down_End,BBQ/Content/_Kazan_/Art/Character/CHA_Model/Monster_Human/Adult/Adult_M/Animation/PicaBow/CA_M_PicaBow_ClimbingWall_Down_End,DeleteBackingSource,,,,/Game/_Art/Enemies/HeinMach/Humanoids/Archer/Animations/PlaybackClips/A_EN_PLAY_AC_EmpireBow_ClimbingWall_Down_End
SharedSourceReferences,/Game/_Art/Enemies/HeinMach/Humanoids/SharedSourceReferences/Animations/SourceSequences/A_EN_SRC_CA_M_PicaBow_ClimbingWall_Down_L,BBQ/Content/_Kazan_/Art/Character/CHA_Model/Monster_Human/Adult/Adult_M/Animation/PicaBow/CA_M_PicaBow_ClimbingWall_Down_L,DeleteBackingSource,,,,/Game/_Art/Enemies/HeinMach/Humanoids/Archer/Animations/PlaybackClips/A_EN_PLAY_AC_EmpireBow_ClimbingWall_Down_L
SharedSourceReferences,/Game/_Art/Enemies/HeinMach/Humanoids/SharedSourceReferences/Animations/SourceSequences/A_EN_SRC_CA_M_PicaBow_ClimbingWall_Down_R,BBQ/Content/_Kazan_/Art/Character/CHA_Model/Monster_Human/Adult/Adult_M/Animation/PicaBow/CA_M_PicaBow_ClimbingWall_Down_R,DeleteBackingSource,,,,/Game/_Art/Enemies/HeinMach/Humanoids/Archer/Animations/PlaybackClips/A_EN_PLAY_AC_EmpireBow_ClimbingWall_Down_R
SharedSourceReferences,/Game/_Art/Enemies/HeinMach/Humanoids/SharedSourceReferences/Animations/SourceSequences/A_EN_SRC_CA_M_PicaBow_ClimbingWall_Down_Start,BBQ/Content/_Kazan_/Art/Character/CHA_Model/Monster_Human/Adult/Adult_M/Animation/PicaBow/CA_M_PicaBow_ClimbingWall_Down_Start,DeleteBackingSource,,,,/Game/_Art/Enemies/HeinMach/Humanoids/Archer/Animations/PlaybackClips/A_EN_PLAY_AC_EmpireBow_ClimbingWall_Down_Start
SharedSourceReferences,/Game/_Art/Enemies/HeinMach/Humanoids/SharedSourceReferences/Animations/SourceSequences/A_EN_SRC_CA_M_PicaBow_ClimbingWall_Loop_L_Idle,BBQ/Content/_Kazan_/Art/Character/CHA_Model/Monster_Human/Adult/Adult_M/Animation/PicaBow/CA_M_PicaBow_ClimbingWall_Loop_L_Idle,DeleteBackingSource,,,,/Game/_Art/Enemies/HeinMach/Humanoids/Archer/Animations/PlaybackClips/A_EN_PLAY_AC_EmpireBow_ClimbingWall_Loop_L_Idle
SharedSourceReferences,/Game/_Art/Enemies/HeinMach/Humanoids/SharedSourceReferences/Animations/SourceSequences/A_EN_SRC_CA_M_PicaBow_ClimbingWall_Loop_R_Idle,BBQ/Content/_Kazan_/Art/Character/CHA_Model/Monster_Human/Adult/Adult_M/Animation/PicaBow/CA_M_PicaBow_ClimbingWall_Loop_R_Idle,DeleteBackingSource,,,,/Game/_Art/Enemies/HeinMach/Humanoids/Archer/Animations/PlaybackClips/A_EN_PLAY_AC_EmpireBow_ClimbingWall_Loop_R_Idle
SharedSourceReferences,/Game/_Art/Enemies/HeinMach/Humanoids/SharedSourceReferences/Animations/SourceSequences/A_EN_SRC_CA_M_PicaBow_ClimbingWall_Up_End,BBQ/Content/_Kazan_/Art/Character/CHA_Model/Monster_Human/Adult/Adult_M/Animation/PicaBow/CA_M_PicaBow_ClimbingWall_Up_End,DeleteBackingSource,,,,/Game/_Art/Enemies/HeinMach/Humanoids/Archer/Animations/PlaybackClips/A_EN_PLAY_AC_EmpireBow_ClimbingWall_Up_End
SharedSourceReferences,/Game/_Art/Enemies/HeinMach/Humanoids/SharedSourceReferences/Animations/SourceSequences/A_EN_SRC_CA_M_PicaBow_ClimbingWall_Up_L,BBQ/Content/_Kazan_/Art/Character/CHA_Model/Monster_Human/Adult/Adult_M/Animation/PicaBow/CA_M_PicaBow_ClimbingWall_Up_L,DeleteBackingSource,,,,/Game/_Art/Enemies/HeinMach/Humanoids/Archer/Animations/PlaybackClips/A_EN_PLAY_AC_EmpireBow_ClimbingWall_Up_L
SharedSourceReferences,/Game/_Art/Enemies/HeinMach/Humanoids/SharedSourceReferences/Animations/SourceSequences/A_EN_SRC_CA_M_PicaBow_ClimbingWall_Up_R,BBQ/Content/_Kazan_/Art/Character/CHA_Model/Monster_Human/Adult/Adult_M/Animation/PicaBow/CA_M_PicaBow_ClimbingWall_Up_R,DeleteBackingSource,,,,/Game/_Art/Enemies/HeinMach/Humanoids/Archer/Animations/PlaybackClips/A_EN_PLAY_AC_EmpireBow_ClimbingWall_Up_R
SharedSourceReferences,/Game/_Art/Enemies/HeinMach/Humanoids/SharedSourceReferences/Animations/SourceSequences/A_EN_SRC_CA_M_PicaBow_ClimbingWall_Up_Start,BBQ/Content/_Kazan_/Art/Character/CHA_Model/Monster_Human/Adult/Adult_M/Animation/PicaBow/CA_M_PicaBow_ClimbingWall_Up_Start,DeleteBackingSource,,,,/Game/_Art/Enemies/HeinMach/Humanoids/Archer/Animations/PlaybackClips/A_EN_PLAY_AC_EmpireBow_ClimbingWall_Up_Start
SharedSourceReferences,/Game/_Art/Enemies/HeinMach/Humanoids/SharedSourceReferences/Animations/SourceSequences/A_EN_SRC_CA_M_Human_Adult_M_LOD_Pose,BBQ/Content/_Kazan_/Art/Character/CHA_Model/Monster_Human/Adult/Adult_M/Animation/PicaClub/CA_M_Human_Adult_M_LOD_Pose,RetainOriginal,OriginalDirectConsumerNotReplaced | NoBakedPlaybackCoverage,,BBQ/Content/_Kazan_/Art/Character/CHA_Model/Monster_Human/Adult/Adult_M/Model/C_M_Human_Adult_M:Properties.LODInfo[2].BakePose.ObjectPath | BBQ/Content/_Kazan_/Art/Character/CHA_Model/Monster_Human/Adult/Adult_M/Model/C_M_Human_Adult_M_EmptyMesh:Properties.LODInfo[2].BakePose.ObjectPath | BBQ/Content/_Kazan_/Art/Character/CHA_Model/Monster_Human/Adult/Adult_M/Model/Face/C_M_Human_Adult_M_Nude_Face003:Properties.LODInfo[2].BakePose.ObjectPath | BBQ/Content/_Kazan_/Art/Character/CHA_Model/Monster_Human/Adult/Adult_M/Model/Face/C_M_Human_Adult_M_Nude_Face004:Properties.LODInfo[2].BakePose.ObjectPath | BBQ/Content/_Kazan_/Art/Character/CHA_Model/Monster_Human/Adult/Adult_M/Model/Face/C_M_Human_Adult_M_Nude_Face005:Properties.LODInfo[2].BakePose.ObjectPath | BBQ/Content/_Kazan_/Art/Character/CHA_Model/Monster_Human/Adult/Adult_M/Model/Face/C_M_Human_Adult_M_Wounded_Face001:Properties.LODInfo[2].BakePose.ObjectPath | BBQ/Content/_Kazan_/Art/Character/CHA_Model/Monster_Human/Adult/Adult_M/Model/Face/C_M_Human_Adult_M_Wounded_Face002:Properties.LODInfo[2].BakePose.ObjectPath | BBQ/Content/_Kazan_/Art/Character/CHA_Model/Monster_Human/Adult/Adult_M/Model/Face/C_M_Human_Adult_M_Wounded_Face003:Properties.LODInfo[2].BakePose.ObjectPath | BBQ/Content/_Kazan_/Art/Character/CHA_Model/Monster_Human/Adult/Adult_M/Model/Face/C_M_Human_Adult_M_Wounded_Face004:Properties.LODInfo[2].BakePose.ObjectPath | BBQ/Content/_Kazan_/Art/Character/CHA_Model/Monster_Human/Adult/Adult_M/Model/Face/C_M_Human_Adult_M_Wounded_Face005:Properties.LODInfo[2].BakePose.ObjectPath | BBQ/Content/_Kazan_/Art/Character/CHA_Model/Monster_Human/Adult/Adult_M/Model/Hair/C_M_Human_Adult_M_Empire_Hair001V4:Properties.LODInfo[2].BakePose.ObjectPath | BBQ/Content/_Kazan_/Art/Character/CHA_Model/Monster_Human/Adult/Adult_M/Model/Hair/C_M_Human_Adult_M_Empire_Hair002V4:Properties.LODInfo[2].BakePose.ObjectPath | BBQ/Content/_Kazan_/Art/Character/CHA_Model/Monster_Human/Adult/Adult_M/Model/Hair/C_M_Human_Adult_M_Empire_Hair003V4:Properties.LODInfo[2].BakePose.ObjectPath | BBQ/Content/_Kazan_/Art/Character/CHA_Model/Monster_Human/Adult/Adult_M/Model/Hair/C_M_Human_Adult_M_Empire_Hair004:Properties.LODInfo[2].BakePose.ObjectPath | BBQ/Content/_Kazan_/Art/Character/CHA_Model/Monster_Human/Adult/Adult_M/Model/Hair/C_M_Human_Adult_M_Empire_Hair501V2:Properties.LODInfo[2].BakePose.ObjectPath | BBQ/Content/_Kazan_/Art/Character/CHA_Model/Monster_Human/Adult/Adult_M/Model/Hair/C_M_Human_Adult_M_Empire_Hair503:Properties.LODInfo[2].BakePose.ObjectPath | BBQ/Content/_Kazan_/Art/Character/CHA_Model/Monster_Human/Adult/Adult_M/Model/Lower/C_M_Human_Adult_M_Empire_Lower001V4:Properties.LODInfo[2].BakePose.ObjectPath | BBQ/Content/_Kazan_/Art/Character/CHA_Model/Monster_Human/Adult/Adult_M/Model/Lower/C_M_Human_Adult_M_Empire_Lower002V4:Properties.LODInfo[2].BakePose.ObjectPath | BBQ/Content/_Kazan_/Art/Character/CHA_Model/Monster_Human/Adult/Adult_M/Model/Lower/C_M_Human_Adult_M_Empire_Lower003V4:Properties.LODInfo[2].BakePose.ObjectPath | BBQ/Content/_Kazan_/Art/Character/CHA_Model/Monster_Human/Adult/Adult_M/Model/Lower/C_M_Human_Adult_M_Empire_Lower004:Properties.LODInfo[2].BakePose.ObjectPath | BBQ/Content/_Kazan_/Art/Character/CHA_Model/Monster_Human/Adult/Adult_M/Model/Lower/C_M_Human_Adult_M_Empire_Lower004V3:Properties.LODInfo[2].BakePose.ObjectPath | BBQ/Content/_Kazan_/Art/Character/CHA_Model/Monster_Human/Adult/Adult_M/Model/Upper/C_M_Human_Adult_M_Empire_Upper001V4:Properties.LODInfo[2].BakePose.ObjectPath | BBQ/Content/_Kazan_/Art/Character/CHA_Model/Monster_Human/Adult/Adult_M/Model/Upper/C_M_Human_Adult_M_Empire_Upper002V4:Properties.LODInfo[2].BakePose.ObjectPath | BBQ/Content/_Kazan_/Art/Character/CHA_Model/Monster_Human/Adult/Adult_M/Model/Upper/C_M_Human_Adult_M_Empire_Upper003V4:Properties.LODInfo[2].BakePose.ObjectPath | BBQ/Content/_Kazan_/Art/Character/CHA_Model/Monster_Human/Adult/Adult_M/Model/Upper/C_M_Human_Adult_M_Empire_Upper004:Properties.LODInfo[2].BakePose.ObjectPath | BBQ/Content/_Kazan_/Art/Character/CHA_Model/Monster_Human/Adult/Adult_M/Model/Upper/C_M_Human_Adult_M_Empire_Upper004V3:Properties.LODInfo[2].BakePose.ObjectPath,
SharedSourceReferences,/Game/_Art/Enemies/HeinMach/Humanoids/SharedSourceReferences/Animations/SourceSequences/A_EN_SRC_CA_M_Human_Adult_M_PicaClub_Run,BBQ/Content/_Kazan_/Art/Character/CHA_Model/Monster_Human/Adult/Adult_M/Animation/PicaClub/CA_M_Human_Adult_M_PicaClub_Run,RetainOriginal,OriginalDirectConsumerNotReplaced | NoBakedPlaybackCoverage,,BBQ/Content/_Kazan_/Design/Monster/Human/Picaroon/PicaroonClub/Moving/Move/BS_PicaroonClub_NormalMove:Properties.SampleData[2].Animation.ObjectPath,
SharedSourceReferences,/Game/_Art/Enemies/HeinMach/Humanoids/SharedSourceReferences/Animations/SourceSequences/A_EN_SRC_CA_M_Human_Adult_M_PicaClub_Stand_F,BBQ/Content/_Kazan_/Art/Character/CHA_Model/Monster_Human/Adult/Adult_M/Animation/PicaClub/CA_M_Human_Adult_M_PicaClub_Stand_F,RetainOriginal,OriginalDirectConsumerNotReplaced | NoBakedPlaybackCoverage,,BBQ/Content/_Kazan_/Design/Monster/Human/Picaroon/PicaroonClub/Moving/Move/BS_PicaroonClub_NormalMove:Properties.SampleData[0].Animation.ObjectPath,
SharedSourceReferences,/Game/_Art/Enemies/HeinMach/Humanoids/SharedSourceReferences/Animations/SourceSequences/A_EN_SRC_CA_M_Human_Adult_M_PicaClub_Walk_F,BBQ/Content/_Kazan_/Art/Character/CHA_Model/Monster_Human/Adult/Adult_M/Animation/PicaClub/CA_M_Human_Adult_M_PicaClub_Walk_F,RetainOriginal,OriginalDirectConsumerNotReplaced | NoBakedPlaybackCoverage,,BBQ/Content/_Kazan_/Design/Monster/Human/Picaroon/PicaroonClub/Moving/Move/BS_PicaroonClub_NormalMove:Properties.SampleData[1].Animation.ObjectPath,
SharedSourceReferences,/Game/_Art/Enemies/HeinMach/Humanoids/SharedSourceReferences/Animations/SourceSequences/A_EN_SRC_CA_M_PicaCoward_Run_F_Fear_Ty3,BBQ/Content/_Kazan_/Art/Character/CHA_Model/Monster_Human/Adult/Adult_M/Animation/PicaCoward/CA_M_PicaCoward_Run_F_Fear_Ty3,RetainOriginal,OriginalDirectConsumerNotReplaced,,BBQ/Content/_Kazan_/Design/Monster/Human/Empire/EmpireSword/Skill/Fear/SB_EmpireSword_Fear_New:Properties.SubStateInfos[0].Value.SkillAnimation.ObjectPath,/Game/_Art/Enemies/HeinMach/Humanoids/Swordsman/Animations/PlaybackClips/A_EN_PLAY_AC_EmpireSword_Fear_Start
SharedSourceReferences,/Game/_Art/Enemies/HeinMach/Humanoids/SharedSourceReferences/Animations/SourceSequences/A_EN_SRC_CA_M_Human_Elite_M_LOD_Pose,BBQ/Content/_Kazan_/Art/Character/CHA_Model/Monster_Human/Elite/Elite_M/Animation/CA_M_Human_Elite_M_LOD_Pose,RetainOriginal,OriginalDirectConsumerNotReplaced | NoBakedPlaybackCoverage,,BBQ/Content/_Kazan_/Art/Character/CHA_Model/Monster_Human/Elite/Elite_M/Model/C_M_Human_Elite_M_EmptyMesh:Properties.LODInfo[2].BakePose.ObjectPath | BBQ/Content/_Kazan_/Art/Character/CHA_Model/Monster_Human/Elite/Elite_M/Model/Hair/C_M_Human_Elite_M_Empire_Hair001V2:Properties.LODInfo[2].BakePose.ObjectPath | BBQ/Content/_Kazan_/Art/Character/CHA_Model/Monster_Human/Elite/Elite_M/Model/Lower/C_M_Human_Elite_M_Empire_Lower001V2:Properties.LODInfo[2].BakePose.ObjectPath | BBQ/Content/_Kazan_/Art/Character/CHA_Model/Monster_Human/Elite/Elite_M/Model/Upper/C_M_Human_Elite_M_Empire_Upper001V2:Properties.LODInfo[2].BakePose.ObjectPath,
SharedSourceReferences,/Game/_Art/Enemies/HeinMach/Humanoids/SharedSourceReferences/Animations/SourceSequences/A_EN_SRC_CA_M_EmpireMagic_Basic_End_01,BBQ/Content/_Kazan_/Art/Character/CHA_Model/Monster_Human/Elite/Elite_M/Animation/EMace/CA_M_EmpireMagic_Basic_End_01,RetainOriginal,NoBakedPlaybackCoverage,,,
SharedSourceReferences,/Game/_Art/Enemies/HeinMach/Humanoids/SharedSourceReferences/Animations/SourceSequences/A_EN_SRC_CA_M_EmpireMagic_Basic_Loop_01,BBQ/Content/_Kazan_/Art/Character/CHA_Model/Monster_Human/Elite/Elite_M/Animation/EMace/CA_M_EmpireMagic_Basic_Loop_01,RetainOriginal,NoBakedPlaybackCoverage,,,
SharedSourceReferences,/Game/_Art/Enemies/HeinMach/Humanoids/SharedSourceReferences/Animations/SourceSequences/A_EN_SRC_CA_ESpearShield_DamageDown_B,BBQ/Content/_Kazan_/Art/Character/CHA_Model/Monster_Human/Elite/Elite_M/Animation/ESpearShield/ESpearShield_New/CA_ESpearShield_DamageDown_B,DeleteBackingSource,,,,/Game/_Art/Enemies/OtherRegions/Humanoids/EliteShield_SourceReferences/Animations/PlaybackClips/A_EN_PLAY_AC_ESpearShield_DamageDown_B
HeavySwordsman,/Game/_Art/Enemies/HeinMach/Humanoids/HeavySwordsman/Animations/SourceSequences/A_EN_SRC_CA_M_ESwordHArmor_DamageDown_B,BBQ/Content/_Kazan_/Art/Character/CHA_Model/Monster_Human/Elite/Elite_M/Animation/ESwordHArmor/CA_M_ESwordHArmor_DamageDown_B,DeleteBackingSource,,,,/Game/_Art/Enemies/HeinMach/Humanoids/HeavySwordsman/Animations/PlaybackClips/A_EN_PLAY_AC_Empire_SwordHArmor_DamageDown_B
HeavySwordsman,/Game/_Art/Enemies/HeinMach/Humanoids/HeavySwordsman/Animations/SourceSequences/A_EN_SRC_CA_M_ESwordHArmor_DamageDown_F,BBQ/Content/_Kazan_/Art/Character/CHA_Model/Monster_Human/Elite/Elite_M/Animation/ESwordHArmor/CA_M_ESwordHArmor_DamageDown_F,DeleteBackingSource,,,,/Game/_Art/Enemies/HeinMach/Humanoids/HeavySwordsman/Animations/PlaybackClips/A_EN_PLAY_AC_Empire_SwordHArmor_DamageDown_F
HeavySwordsman,/Game/_Art/Enemies/HeinMach/Humanoids/HeavySwordsman/Animations/SourceSequences/A_EN_SRC_CA_M_ESwordHArmor_DamageGrapple_Atk_01,BBQ/Content/_Kazan_/Art/Character/CHA_Model/Monster_Human/Elite/Elite_M/Animation/ESwordHArmor/CA_M_ESwordHArmor_DamageGrapple_Atk_01,DeleteBackingSource,,,,/Game/_Art/Enemies/HeinMach/Humanoids/HeavySwordsman/Animations/PlaybackClips/A_EN_PLAY_AC_Empire_SwordHArmor_DamageGrapple_Atk_01
HeavySwordsman,/Game/_Art/Enemies/HeinMach/Humanoids/HeavySwordsman/Animations/SourceSequences/A_EN_SRC_CA_M_ESwordHArmor_DamageGrapple_Atk_02,BBQ/Content/_Kazan_/Art/Character/CHA_Model/Monster_Human/Elite/Elite_M/Animation/ESwordHArmor/CA_M_ESwordHArmor_DamageGrapple_Atk_02,DeleteBackingSource,,,,/Game/_Art/Enemies/HeinMach/Humanoids/HeavySwordsman/Animations/PlaybackClips/A_EN_PLAY_AC_Empire_SwordHArmor_DamageGrapple_Atk_02
HeavySwordsman,/Game/_Art/Enemies/HeinMach/Humanoids/HeavySwordsman/Animations/SourceSequences/A_EN_SRC_CA_M_ESwordHArmor_DamageGrapple_Atk_B_01,BBQ/Content/_Kazan_/Art/Character/CHA_Model/Monster_Human/Elite/Elite_M/Animation/ESwordHArmor/CA_M_ESwordHArmor_DamageGrapple_Atk_B_01,DeleteBackingSource,,,,/Game/_Art/Enemies/HeinMach/Humanoids/HeavySwordsman/Animations/PlaybackClips/A_EN_PLAY_AC_Empire_SwordHArmor_DamageGrapple_Atk_B_01
HeavySwordsman,/Game/_Art/Enemies/HeinMach/Humanoids/HeavySwordsman/Animations/SourceSequences/A_EN_SRC_CA_M_ESwordHArmor_DamageGrapple_Atk_B_02,BBQ/Content/_Kazan_/Art/Character/CHA_Model/Monster_Human/Elite/Elite_M/Animation/ESwordHArmor/CA_M_ESwordHArmor_DamageGrapple_Atk_B_02,DeleteBackingSource,,,,/Game/_Art/Enemies/HeinMach/Humanoids/HeavySwordsman/Animations/PlaybackClips/A_EN_PLAY_AC_Empire_SwordHArmor_DamageGrapple_Atk_B_02
HeavySwordsman,/Game/_Art/Enemies/HeinMach/Humanoids/HeavySwordsman/Animations/SourceSequences/A_EN_SRC_CA_M_ESwordHArmor_DamageNormal_D_B,BBQ/Content/_Kazan_/Art/Character/CHA_Model/Monster_Human/Elite/Elite_M/Animation/ESwordHArmor/CA_M_ESwordHArmor_DamageNormal_D_B,DeleteBackingSource,,,,/Game/_Art/Enemies/HeinMach/Humanoids/HeavySwordsman/Animations/PlaybackClips/A_EN_PLAY_AC_Empire_SwordHArmor_DamageNormal_D_B
HeavySwordsman,/Game/_Art/Enemies/HeinMach/Humanoids/HeavySwordsman/Animations/SourceSequences/A_EN_SRC_CA_M_ESwordHArmor_DamageNormal_D_F,BBQ/Content/_Kazan_/Art/Character/CHA_Model/Monster_Human/Elite/Elite_M/Animation/ESwordHArmor/CA_M_ESwordHArmor_DamageNormal_D_F,RetainOriginal,NoBakedPlaybackCoverage,,,
HeavySwordsman,/Game/_Art/Enemies/HeinMach/Humanoids/HeavySwordsman/Animations/SourceSequences/A_EN_SRC_CA_M_ESwordHArmor_DamageNormal_L_F,BBQ/Content/_Kazan_/Art/Character/CHA_Model/Monster_Human/Elite/Elite_M/Animation/ESwordHArmor/CA_M_ESwordHArmor_DamageNormal_L_F,DeleteBackingSource,,,,/Game/_Art/Enemies/HeinMach/Humanoids/HeavySwordsman/Animations/PlaybackClips/A_EN_PLAY_AC_Empire_SwordHArmor_DamageNormal_L_F
HeavySwordsman,/Game/_Art/Enemies/HeinMach/Humanoids/HeavySwordsman/Animations/SourceSequences/A_EN_SRC_CA_M_ESwordHArmor_DamageNormal_R_F,BBQ/Content/_Kazan_/Art/Character/CHA_Model/Monster_Human/Elite/Elite_M/Animation/ESwordHArmor/CA_M_ESwordHArmor_DamageNormal_R_F,DeleteBackingSource,,,,/Game/_Art/Enemies/HeinMach/Humanoids/HeavySwordsman/Animations/PlaybackClips/A_EN_PLAY_AC_Empire_SwordHArmor_DamageNormal_R_F
HeavySwordsman,/Game/_Art/Enemies/HeinMach/Humanoids/HeavySwordsman/Animations/SourceSequences/A_EN_SRC_CA_M_ESwordHArmor_DamageNormal_U_B,BBQ/Content/_Kazan_/Art/Character/CHA_Model/Monster_Human/Elite/Elite_M/Animation/ESwordHArmor/CA_M_ESwordHArmor_DamageNormal_U_B,DeleteBackingSource,,,,/Game/_Art/Enemies/HeinMach/Humanoids/HeavySwordsman/Animations/PlaybackClips/A_EN_PLAY_AC_Empire_SwordHArmor_DamageNormal_U_B
HeavySwordsman,/Game/_Art/Enemies/HeinMach/Humanoids/HeavySwordsman/Animations/SourceSequences/A_EN_SRC_CA_M_ESwordHArmor_DamageNormal_U_F,BBQ/Content/_Kazan_/Art/Character/CHA_Model/Monster_Human/Elite/Elite_M/Animation/ESwordHArmor/CA_M_ESwordHArmor_DamageNormal_U_F,DeleteBackingSource,,,,/Game/_Art/Enemies/HeinMach/Humanoids/HeavySwordsman/Animations/PlaybackClips/A_EN_PLAY_AC_Empire_SwordHArmor_DamageNormal_D_F | /Game/_Art/Enemies/HeinMach/Humanoids/HeavySwordsman/Animations/PlaybackClips/A_EN_PLAY_AC_Empire_SwordHArmor_DamageNormal_U_F
HeavySwordsman,/Game/_Art/Enemies/HeinMach/Humanoids/HeavySwordsman/Animations/SourceSequences/A_EN_SRC_CA_M_ESwordHArmor_DamageParry_F,BBQ/Content/_Kazan_/Art/Character/CHA_Model/Monster_Human/Elite/Elite_M/Animation/ESwordHArmor/CA_M_ESwordHArmor_DamageParry_F,DeleteBackingSource,,,,/Game/_Art/Enemies/HeinMach/Humanoids/HeavySwordsman/Animations/PlaybackClips/A_EN_PLAY_AC_Empire_SwordHArmor_DamageParry_F
HeavySwordsman,/Game/_Art/Enemies/HeinMach/Humanoids/HeavySwordsman/Animations/SourceSequences/A_EN_SRC_CA_M_ESwordHArmor_DamageStrong_D_F,BBQ/Content/_Kazan_/Art/Character/CHA_Model/Monster_Human/Elite/Elite_M/Animation/ESwordHArmor/CA_M_ESwordHArmor_DamageStrong_D_F,DeleteBackingSource,,,,/Game/_Art/Enemies/HeinMach/Humanoids/HeavySwordsman/Animations/PlaybackClips/A_EN_PLAY_AC_Empire_SwordHArmor_DamageStrong_D_F
HeavySwordsman,/Game/_Art/Enemies/HeinMach/Humanoids/HeavySwordsman/Animations/SourceSequences/A_EN_SRC_CA_M_ESwordHArmor_DamageStrong_D_F2,BBQ/Content/_Kazan_/Art/Character/CHA_Model/Monster_Human/Elite/Elite_M/Animation/ESwordHArmor/CA_M_ESwordHArmor_DamageStrong_D_F2,DeleteBackingSource,,,,/Game/_Art/Enemies/HeinMach/Humanoids/HeavySwordsman/Animations/PlaybackClips/A_EN_PLAY_AC_Empire_SwordHArmor_DamageStrong_D_F_2
HeavySwordsman,/Game/_Art/Enemies/HeinMach/Humanoids/HeavySwordsman/Animations/SourceSequences/A_EN_SRC_CA_M_ESwordHArmor_DamageStrong_L_F,BBQ/Content/_Kazan_/Art/Character/CHA_Model/Monster_Human/Elite/Elite_M/Animation/ESwordHArmor/CA_M_ESwordHArmor_DamageStrong_L_F,DeleteBackingSource,,,,/Game/_Art/Enemies/HeinMach/Humanoids/HeavySwordsman/Animations/PlaybackClips/A_EN_PLAY_AC_Empire_SwordHArmor_DamageStrong_L_F
HeavySwordsman,/Game/_Art/Enemies/HeinMach/Humanoids/HeavySwordsman/Animations/SourceSequences/A_EN_SRC_CA_M_ESwordHArmor_DamageStrong_R_F,BBQ/Content/_Kazan_/Art/Character/CHA_Model/Monster_Human/Elite/Elite_M/Animation/ESwordHArmor/CA_M_ESwordHArmor_DamageStrong_R_F,DeleteBackingSource,,,,/Game/_Art/Enemies/HeinMach/Humanoids/HeavySwordsman/Animations/PlaybackClips/A_EN_PLAY_AC_Empire_SwordHArmor_DamageStrong_R_F
HeavySwordsman,/Game/_Art/Enemies/HeinMach/Humanoids/HeavySwordsman/Animations/SourceSequences/A_EN_SRC_CA_M_ESwordHArmor_DamageStrong_U_F,BBQ/Content/_Kazan_/Art/Character/CHA_Model/Monster_Human/Elite/Elite_M/Animation/ESwordHArmor/CA_M_ESwordHArmor_DamageStrong_U_F,DeleteBackingSource,,,,/Game/_Art/Enemies/HeinMach/Humanoids/HeavySwordsman/Animations/PlaybackClips/A_EN_PLAY_AC_Empire_SwordHArmor_DamageStrong_U_F
HeavySwordsman,/Game/_Art/Enemies/HeinMach/Humanoids/HeavySwordsman/Animations/SourceSequences/A_EN_SRC_CA_M_ESwordHArmor_DamageWeak_D_F,BBQ/Content/_Kazan_/Art/Character/CHA_Model/Monster_Human/Elite/Elite_M/Animation/ESwordHArmor/CA_M_ESwordHArmor_DamageWeak_D_F,DeleteBackingSource,,,,/Game/_Art/Enemies/HeinMach/Humanoids/HeavySwordsman/Animations/PlaybackClips/A_EN_PLAY_AC_Empire_SwordHArmor_DamageWeak_D_F
HeavySwordsman,/Game/_Art/Enemies/HeinMach/Humanoids/HeavySwordsman/Animations/SourceSequences/A_EN_SRC_CA_M_ESwordHArmor_DamageWeak_L_F,BBQ/Content/_Kazan_/Art/Character/CHA_Model/Monster_Human/Elite/Elite_M/Animation/ESwordHArmor/CA_M_ESwordHArmor_DamageWeak_L_F,DeleteBackingSource,,,,/Game/_Art/Enemies/HeinMach/Humanoids/HeavySwordsman/Animations/PlaybackClips/A_EN_PLAY_AC_Empire_SwordHArmor_DamageWeak_L_F
HeavySwordsman,/Game/_Art/Enemies/HeinMach/Humanoids/HeavySwordsman/Animations/SourceSequences/A_EN_SRC_CA_M_ESwordHArmor_DamageWeak_R_F,BBQ/Content/_Kazan_/Art/Character/CHA_Model/Monster_Human/Elite/Elite_M/Animation/ESwordHArmor/CA_M_ESwordHArmor_DamageWeak_R_F,DeleteBackingSource,,,,/Game/_Art/Enemies/HeinMach/Humanoids/HeavySwordsman/Animations/PlaybackClips/A_EN_PLAY_AC_Empire_SwordHArmor_DamageWeak_R_F
HeavySwordsman,/Game/_Art/Enemies/HeinMach/Humanoids/HeavySwordsman/Animations/SourceSequences/A_EN_SRC_CA_M_ESwordHArmor_DamageWeak_U_F,BBQ/Content/_Kazan_/Art/Character/CHA_Model/Monster_Human/Elite/Elite_M/Animation/ESwordHArmor/CA_M_ESwordHArmor_DamageWeak_U_F,DeleteBackingSource,,,,/Game/_Art/Enemies/HeinMach/Humanoids/HeavySwordsman/Animations/PlaybackClips/A_EN_PLAY_AC_Empire_SwordHArmor_DamageWeak_U_F
HeavySwordsman,/Game/_Art/Enemies/HeinMach/Humanoids/HeavySwordsman/Animations/SourceSequences/A_EN_SRC_CA_M_ESwordHArmor_Die_F,BBQ/Content/_Kazan_/Art/Character/CHA_Model/Monster_Human/Elite/Elite_M/Animation/ESwordHArmor/CA_M_ESwordHArmor_Die_F,DeleteBackingSource,,,,/Game/_Art/Enemies/HeinMach/Humanoids/HeavySwordsman/Animations/PlaybackClips/A_EN_PLAY_AC_Empire_SwordHArmor_Die_F | /Game/_Art/Enemies/HeinMach/Humanoids/HeavySwordsman/Animations/PlaybackClips/A_EN_PLAY_AC_Empire_SwordHArmor_Die_F_Wraith
HeavySwordsman,/Game/_Art/Enemies/HeinMach/Humanoids/HeavySwordsman/Animations/SourceSequences/A_EN_SRC_CA_M_ESwordHArmor_Down_B_Loop,BBQ/Content/_Kazan_/Art/Character/CHA_Model/Monster_Human/Elite/Elite_M/Animation/ESwordHArmor/CA_M_ESwordHArmor_Down_B_Loop,DeleteBackingSource,,,,/Game/_Art/Enemies/HeinMach/Humanoids/HeavySwordsman/Animations/PlaybackClips/A_EN_PLAY_AC_Empire_SwordHArmor_Down_B_Loop
HeavySwordsman,/Game/_Art/Enemies/HeinMach/Humanoids/HeavySwordsman/Animations/SourceSequences/A_EN_SRC_CA_M_ESwordHArmor_Down_F_Loop,BBQ/Content/_Kazan_/Art/Character/CHA_Model/Monster_Human/Elite/Elite_M/Animation/ESwordHArmor/CA_M_ESwordHArmor_Down_F_Loop,DeleteBackingSource,,,,/Game/_Art/Enemies/HeinMach/Humanoids/HeavySwordsman/Animations/PlaybackClips/A_EN_PLAY_AC_Empire_SwordHArmor_Down_F_Loop
HeavySwordsman,/Game/_Art/Enemies/HeinMach/Humanoids/HeavySwordsman/Animations/SourceSequences/A_EN_SRC_CA_M_ESwordHArmor_Down_Getup_B,BBQ/Content/_Kazan_/Art/Character/CHA_Model/Monster_Human/Elite/Elite_M/Animation/ESwordHArmor/CA_M_ESwordHArmor_Down_Getup_B,DeleteBackingSource,,,,/Game/_Art/Enemies/HeinMach/Humanoids/HeavySwordsman/Animations/PlaybackClips/A_EN_PLAY_AC_Empire_SwordHArmor_Getup_B
HeavySwordsman,/Game/_Art/Enemies/HeinMach/Humanoids/HeavySwordsman/Animations/SourceSequences/A_EN_SRC_CA_M_ESwordHArmor_Down_Getup_F,BBQ/Content/_Kazan_/Art/Character/CHA_Model/Monster_Human/Elite/Elite_M/Animation/ESwordHArmor/CA_M_ESwordHArmor_Down_Getup_F,RetainOriginal,NoBakedPlaybackCoverage,,,
HeavySwordsman,/Game/_Art/Enemies/HeinMach/Humanoids/HeavySwordsman/Animations/SourceSequences/A_EN_SRC_CA_M_ESwordHArmor_FallDown_Loop,BBQ/Content/_Kazan_/Art/Character/CHA_Model/Monster_Human/Elite/Elite_M/Animation/ESwordHArmor/CA_M_ESwordHArmor_FallDown_Loop,RetainOriginal,NoBakedPlaybackCoverage,,,
HeavySwordsman,/Game/_Art/Enemies/HeinMach/Humanoids/HeavySwordsman/Animations/SourceSequences/A_EN_SRC_CA_M_ESwordHArmor_FallDown_Start,BBQ/Content/_Kazan_/Art/Character/CHA_Model/Monster_Human/Elite/Elite_M/Animation/ESwordHArmor/CA_M_ESwordHArmor_FallDown_Start,RetainOriginal,NoBakedPlaybackCoverage,,,
HeavySwordsman,/Game/_Art/Enemies/HeinMach/Humanoids/HeavySwordsman/Animations/SourceSequences/A_EN_SRC_CA_M_ESwordHArmor_Groggy_F_End,BBQ/Content/_Kazan_/Art/Character/CHA_Model/Monster_Human/Elite/Elite_M/Animation/ESwordHArmor/CA_M_ESwordHArmor_Groggy_F_End,DeleteBackingSource,,,,/Game/_Art/Enemies/HeinMach/Humanoids/HeavySwordsman/Animations/PlaybackClips/A_EN_PLAY_AC_Empire_SwordHArmor_Groggy_F_End
HeavySwordsman,/Game/_Art/Enemies/HeinMach/Humanoids/HeavySwordsman/Animations/SourceSequences/A_EN_SRC_CA_M_ESwordHArmor_Groggy_F_Loop,BBQ/Content/_Kazan_/Art/Character/CHA_Model/Monster_Human/Elite/Elite_M/Animation/ESwordHArmor/CA_M_ESwordHArmor_Groggy_F_Loop,DeleteBackingSource,,,,/Game/_Art/Enemies/HeinMach/Humanoids/HeavySwordsman/Animations/PlaybackClips/A_EN_PLAY_AC_Empire_SwordHArmor_Groggy_F_Loop
HeavySwordsman,/Game/_Art/Enemies/HeinMach/Humanoids/HeavySwordsman/Animations/SourceSequences/A_EN_SRC_CA_M_ESwordHArmor_Groggy_F_Start,BBQ/Content/_Kazan_/Art/Character/CHA_Model/Monster_Human/Elite/Elite_M/Animation/ESwordHArmor/CA_M_ESwordHArmor_Groggy_F_Start,DeleteBackingSource,,,,/Game/_Art/Enemies/HeinMach/Humanoids/HeavySwordsman/Animations/PlaybackClips/A_EN_PLAY_AC_Empire_SwordHArmor_Groggy_F_Start
HeavySwordsman,/Game/_Art/Enemies/HeinMach/Humanoids/HeavySwordsman/Animations/SourceSequences/A_EN_SRC_CA_M_ESwordHArmor_LockOnWalk_B,BBQ/Content/_Kazan_/Art/Character/CHA_Model/Monster_Human/Elite/Elite_M/Animation/ESwordHArmor/CA_M_ESwordHArmor_LockOnWalk_B,RetainOriginal,OriginalDirectConsumerNotReplaced | NoBakedPlaybackCoverage,,BBQ/Content/_Kazan_/Design/Monster/Human/Empire/Empire_SwordHArmor/Moving/Move/BS_Empire_SwordHArmor_LockOnMove:Properties.SampleData[1].Animation.ObjectPath,
HeavySwordsman,/Game/_Art/Enemies/HeinMach/Humanoids/HeavySwordsman/Animations/SourceSequences/A_EN_SRC_CA_M_ESwordHArmor_LockOnWalk_F,BBQ/Content/_Kazan_/Art/Character/CHA_Model/Monster_Human/Elite/Elite_M/Animation/ESwordHArmor/CA_M_ESwordHArmor_LockOnWalk_F,RetainOriginal,OriginalDirectConsumerNotReplaced | NoBakedPlaybackCoverage,,BBQ/Content/_Kazan_/Design/Monster/Human/Empire/Empire_SwordHArmor/Moving/Move/BS_Empire_SwordHArmor_LockOnMove:Properties.SampleData[0].Animation.ObjectPath,
HeavySwordsman,/Game/_Art/Enemies/HeinMach/Humanoids/HeavySwordsman/Animations/SourceSequences/A_EN_SRC_CA_M_ESwordHArmor_LockOnWalk_L,BBQ/Content/_Kazan_/Art/Character/CHA_Model/Monster_Human/Elite/Elite_M/Animation/ESwordHArmor/CA_M_ESwordHArmor_LockOnWalk_L,RetainOriginal,OriginalDirectConsumerNotReplaced | NoBakedPlaybackCoverage,,BBQ/Content/_Kazan_/Design/Monster/Human/Empire/Empire_SwordHArmor/Moving/Move/BS_Empire_SwordHArmor_LockOnMove:Properties.SampleData[2].Animation.ObjectPath,
HeavySwordsman,/Game/_Art/Enemies/HeinMach/Humanoids/HeavySwordsman/Animations/SourceSequences/A_EN_SRC_CA_M_ESwordHArmor_LockOnWalk_R,BBQ/Content/_Kazan_/Art/Character/CHA_Model/Monster_Human/Elite/Elite_M/Animation/ESwordHArmor/CA_M_ESwordHArmor_LockOnWalk_R,RetainOriginal,OriginalDirectConsumerNotReplaced | NoBakedPlaybackCoverage,,BBQ/Content/_Kazan_/Design/Monster/Human/Empire/Empire_SwordHArmor/Moving/Move/BS_Empire_SwordHArmor_LockOnMove:Properties.SampleData[3].Animation.ObjectPath,
HeavySwordsman,/Game/_Art/Enemies/HeinMach/Humanoids/HeavySwordsman/Animations/SourceSequences/A_EN_SRC_CA_M_ESwordHArmor_Run_F,BBQ/Content/_Kazan_/Art/Character/CHA_Model/Monster_Human/Elite/Elite_M/Animation/ESwordHArmor/CA_M_ESwordHArmor_Run_F,RetainOriginal,OriginalDirectConsumerNotReplaced | NoBakedPlaybackCoverage,,BBQ/Content/_Kazan_/Design/Monster/Human/Empire/Empire_SwordHArmor/Moving/Move/BS_Empire_SwordHArmor_NormalMove:Properties.SampleData[0].Animation.ObjectPath,
HeavySwordsman,/Game/_Art/Enemies/HeinMach/Humanoids/HeavySwordsman/Animations/SourceSequences/A_EN_SRC_CA_M_ESwordHArmor_Stand,BBQ/Content/_Kazan_/Art/Character/CHA_Model/Monster_Human/Elite/Elite_M/Animation/ESwordHArmor/CA_M_ESwordHArmor_Stand,RetainOriginal,CurrentProjectConsumer | OriginalDirectConsumerNotReplaced,/Game/_Art/Enemies/HeinMach/Humanoids/HeavySwordsman/Blueprints/BP_EN_HeavySwordsman_U01_L01,BBQ/Content/_Kazan_/Design/Monster/Human/Empire/Empire_SwordHArmor/Base_Setting/AP_Empire_SwordHArmor:Properties.Idle.ObjectPath | BBQ/Content/_Kazan_/Design/Monster/Human/Empire/Empire_SwordHArmor/Base_Setting/AP_Empire_SwordHArmor:Properties.AnimMapIDToAsset[28].Value.ObjectPath | BBQ/Content/_Kazan_/Design/Monster/Human/Empire/Empire_SwordHArmor/Base_Setting/AP_Empire_SwordHArmor:Properties.AnimMapAssetToID[28].Key | BBQ/Content/_Kazan_/Design/Monster/Human/Empire/Empire_SwordHArmor/Moving/Move/BS_Empire_SwordHArmor_LockOnMove:Properties.SampleData[4].Animation.ObjectPath | BBQ/Content/_Kazan_/Design/Monster/Human/Empire/Empire_SwordHArmor/Moving/Move/BS_Empire_SwordHArmor_NormalMove:Properties.SampleData[2].Animation.ObjectPath,/Game/_Art/Enemies/HeinMach/Humanoids/HeavySwordsman/Animations/PlaybackClips/A_EN_PLAY_AC_EmpireSwordHArmor_Falling
HeavySwordsman,/Game/_Art/Enemies/HeinMach/Humanoids/HeavySwordsman/Animations/SourceSequences/A_EN_SRC_CA_M_ESwordHArmor_SwordSting_Step1,BBQ/Content/_Kazan_/Art/Character/CHA_Model/Monster_Human/Elite/Elite_M/Animation/ESwordHArmor/CA_M_ESwordHArmor_SwordSting_Step1,DeleteBackingSource,,,,/Game/_Art/Enemies/HeinMach/Humanoids/HeavySwordsman/Animations/PlaybackClips/A_EN_PLAY_AC_EmpireSwordHArmor_SwordSting_Step1
HeavySwordsman,/Game/_Art/Enemies/HeinMach/Humanoids/HeavySwordsman/Animations/SourceSequences/A_EN_SRC_CA_M_ESwordHArmor_SwordSting_Step2,BBQ/Content/_Kazan_/Art/Character/CHA_Model/Monster_Human/Elite/Elite_M/Animation/ESwordHArmor/CA_M_ESwordHArmor_SwordSting_Step2,DeleteBackingSource,,,,/Game/_Art/Enemies/HeinMach/Humanoids/HeavySwordsman/Animations/PlaybackClips/A_EN_PLAY_AC_EmpireSwordHArmor_SwordSting_Step2
HeavySwordsman,/Game/_Art/Enemies/HeinMach/Humanoids/HeavySwordsman/Animations/SourceSequences/A_EN_SRC_CA_M_ESwordHArmor_SwordSting_Step3_2,BBQ/Content/_Kazan_/Art/Character/CHA_Model/Monster_Human/Elite/Elite_M/Animation/ESwordHArmor/CA_M_ESwordHArmor_SwordSting_Step3_2,DeleteBackingSource,,,,/Game/_Art/Enemies/HeinMach/Humanoids/HeavySwordsman/Animations/PlaybackClips/A_EN_PLAY_AC_EmpireSwordHArmor_SwordSting_Step3
HeavySwordsman,/Game/_Art/Enemies/HeinMach/Humanoids/HeavySwordsman/Animations/SourceSequences/A_EN_SRC_CA_M_ESwordHArmor_SwordSwing_01_Step1,BBQ/Content/_Kazan_/Art/Character/CHA_Model/Monster_Human/Elite/Elite_M/Animation/ESwordHArmor/CA_M_ESwordHArmor_SwordSwing_01_Step1,DeleteBackingSource,,,,/Game/_Art/Enemies/HeinMach/Humanoids/HeavySwordsman/Animations/PlaybackClips/A_EN_PLAY_AC_EmpireSwordHArmor_SwordSwing_01_Step1
HeavySwordsman,/Game/_Art/Enemies/HeinMach/Humanoids/HeavySwordsman/Animations/SourceSequences/A_EN_SRC_CA_M_ESwordHArmor_SwordSwing_01_Step2,BBQ/Content/_Kazan_/Art/Character/CHA_Model/Monster_Human/Elite/Elite_M/Animation/ESwordHArmor/CA_M_ESwordHArmor_SwordSwing_01_Step2,DeleteBackingSource,,,,/Game/_Art/Enemies/HeinMach/Humanoids/HeavySwordsman/Animations/PlaybackClips/A_EN_PLAY_AC_EmpireSwordHArmor_SwordSwing_01_Step2
HeavySwordsman,/Game/_Art/Enemies/HeinMach/Humanoids/HeavySwordsman/Animations/SourceSequences/A_EN_SRC_CA_M_ESwordHArmor_SwordSwing_01_Step3,BBQ/Content/_Kazan_/Art/Character/CHA_Model/Monster_Human/Elite/Elite_M/Animation/ESwordHArmor/CA_M_ESwordHArmor_SwordSwing_01_Step3,DeleteBackingSource,,,,/Game/_Art/Enemies/HeinMach/Humanoids/HeavySwordsman/Animations/PlaybackClips/A_EN_PLAY_AC_EmpireSwordHArmor_SwordSwing_01_Step3
HeavySwordsman,/Game/_Art/Enemies/HeinMach/Humanoids/HeavySwordsman/Animations/SourceSequences/A_EN_SRC_CA_M_ESwordHArmor_SwordSwing_01_Step4,BBQ/Content/_Kazan_/Art/Character/CHA_Model/Monster_Human/Elite/Elite_M/Animation/ESwordHArmor/CA_M_ESwordHArmor_SwordSwing_01_Step4,DeleteBackingSource,,,,/Game/_Art/Enemies/HeinMach/Humanoids/HeavySwordsman/Animations/PlaybackClips/A_EN_PLAY_AC_EmpireSwordHArmor_SwordSwing_01_Step4
HeavySwordsman,/Game/_Art/Enemies/HeinMach/Humanoids/HeavySwordsman/Animations/SourceSequences/A_EN_SRC_CA_M_ESwordHArmor_SwordSwing_02_Step1,BBQ/Content/_Kazan_/Art/Character/CHA_Model/Monster_Human/Elite/Elite_M/Animation/ESwordHArmor/CA_M_ESwordHArmor_SwordSwing_02_Step1,DeleteBackingSource,,,,/Game/_Art/Enemies/HeinMach/Humanoids/HeavySwordsman/Animations/PlaybackClips/A_EN_PLAY_AC_EmpireSwordHArmor_SwordSwing_02_Step1
HeavySwordsman,/Game/_Art/Enemies/HeinMach/Humanoids/HeavySwordsman/Animations/SourceSequences/A_EN_SRC_CA_M_ESwordHArmor_SwordSwing_02_Step2,BBQ/Content/_Kazan_/Art/Character/CHA_Model/Monster_Human/Elite/Elite_M/Animation/ESwordHArmor/CA_M_ESwordHArmor_SwordSwing_02_Step2,DeleteBackingSource,,,,/Game/_Art/Enemies/HeinMach/Humanoids/HeavySwordsman/Animations/PlaybackClips/A_EN_PLAY_AC_EmpireSwordHArmor_SwordSwing_02_Step2
HeavySwordsman,/Game/_Art/Enemies/HeinMach/Humanoids/HeavySwordsman/Animations/SourceSequences/A_EN_SRC_CA_M_ESwordHArmor_SwordSwing_03_Step1,BBQ/Content/_Kazan_/Art/Character/CHA_Model/Monster_Human/Elite/Elite_M/Animation/ESwordHArmor/CA_M_ESwordHArmor_SwordSwing_03_Step1,DeleteBackingSource,,,,/Game/_Art/Enemies/HeinMach/Humanoids/HeavySwordsman/Animations/PlaybackClips/A_EN_PLAY_AC_EmpireSwordHArmor_SwordSwing_03_Step1
HeavySwordsman,/Game/_Art/Enemies/HeinMach/Humanoids/HeavySwordsman/Animations/SourceSequences/A_EN_SRC_CA_M_ESwordHArmor_SwordSwing_03_Step2,BBQ/Content/_Kazan_/Art/Character/CHA_Model/Monster_Human/Elite/Elite_M/Animation/ESwordHArmor/CA_M_ESwordHArmor_SwordSwing_03_Step2,DeleteBackingSource,,,,/Game/_Art/Enemies/HeinMach/Humanoids/HeavySwordsman/Animations/PlaybackClips/A_EN_PLAY_AC_EmpireSwordHArmor_SwordSwing_03_Step2
HeavySwordsman,/Game/_Art/Enemies/HeinMach/Humanoids/HeavySwordsman/Animations/SourceSequences/A_EN_SRC_CA_M_ESwordHArmor_SwordSwing_03_Step3,BBQ/Content/_Kazan_/Art/Character/CHA_Model/Monster_Human/Elite/Elite_M/Animation/ESwordHArmor/CA_M_ESwordHArmor_SwordSwing_03_Step3,DeleteBackingSource,,,,/Game/_Art/Enemies/HeinMach/Humanoids/HeavySwordsman/Animations/PlaybackClips/A_EN_PLAY_AC_EmpireSwordHArmor_SwordSwing_03_Step3
HeavySwordsman,/Game/_Art/Enemies/HeinMach/Humanoids/HeavySwordsman/Animations/SourceSequences/A_EN_SRC_CA_M_ESwordHArmor_SwordSwing_Turn_L,BBQ/Content/_Kazan_/Art/Character/CHA_Model/Monster_Human/Elite/Elite_M/Animation/ESwordHArmor/CA_M_ESwordHArmor_SwordSwing_Turn_L,DeleteBackingSource,,,,/Game/_Art/Enemies/HeinMach/Humanoids/HeavySwordsman/Animations/PlaybackClips/A_EN_PLAY_AC_EmpireSwordHArmor_SwordSwing_Turn_L
HeavySwordsman,/Game/_Art/Enemies/HeinMach/Humanoids/HeavySwordsman/Animations/SourceSequences/A_EN_SRC_CA_M_ESwordHArmor_SwordSwing_Turn_R,BBQ/Content/_Kazan_/Art/Character/CHA_Model/Monster_Human/Elite/Elite_M/Animation/ESwordHArmor/CA_M_ESwordHArmor_SwordSwing_Turn_R,DeleteBackingSource,,,,/Game/_Art/Enemies/HeinMach/Humanoids/HeavySwordsman/Animations/PlaybackClips/A_EN_PLAY_AC_EmpireSwordHArmor_SwordSwing_Turn_R
HeavySwordsman,/Game/_Art/Enemies/HeinMach/Humanoids/HeavySwordsman/Animations/SourceSequences/A_EN_SRC_CA_M_ESwordHArmor_Turn_L,BBQ/Content/_Kazan_/Art/Character/CHA_Model/Monster_Human/Elite/Elite_M/Animation/ESwordHArmor/CA_M_ESwordHArmor_Turn_L,DeleteBackingSource,,,,/Game/_Art/Enemies/HeinMach/Humanoids/HeavySwordsman/Animations/PlaybackClips/A_EN_PLAY_AC_Empire_SwordHArmor_Turn_L
HeavySwordsman,/Game/_Art/Enemies/HeinMach/Humanoids/HeavySwordsman/Animations/SourceSequences/A_EN_SRC_CA_M_ESwordHArmor_Turn_L_180,BBQ/Content/_Kazan_/Art/Character/CHA_Model/Monster_Human/Elite/Elite_M/Animation/ESwordHArmor/CA_M_ESwordHArmor_Turn_L_180,DeleteBackingSource,,,,/Game/_Art/Enemies/HeinMach/Humanoids/HeavySwordsman/Animations/PlaybackClips/A_EN_PLAY_AC_Empire_SwordHArmor_Turn_L_180
HeavySwordsman,/Game/_Art/Enemies/HeinMach/Humanoids/HeavySwordsman/Animations/SourceSequences/A_EN_SRC_CA_M_ESwordHArmor_Turn_R,BBQ/Content/_Kazan_/Art/Character/CHA_Model/Monster_Human/Elite/Elite_M/Animation/ESwordHArmor/CA_M_ESwordHArmor_Turn_R,DeleteBackingSource,,,,/Game/_Art/Enemies/HeinMach/Humanoids/HeavySwordsman/Animations/PlaybackClips/A_EN_PLAY_AC_Empire_SwordHArmor_Turn_R
HeavySwordsman,/Game/_Art/Enemies/HeinMach/Humanoids/HeavySwordsman/Animations/SourceSequences/A_EN_SRC_CA_M_ESwordHArmor_Turn_R_180,BBQ/Content/_Kazan_/Art/Character/CHA_Model/Monster_Human/Elite/Elite_M/Animation/ESwordHArmor/CA_M_ESwordHArmor_Turn_R_180,DeleteBackingSource,,,,/Game/_Art/Enemies/HeinMach/Humanoids/HeavySwordsman/Animations/PlaybackClips/A_EN_PLAY_AC_Empire_SwordHArmor_Turn_R_180
HeavySwordsman,/Game/_Art/Enemies/HeinMach/Humanoids/HeavySwordsman/Animations/SourceSequences/A_EN_SRC_CA_M_ESwordHArmor_Walk_F,BBQ/Content/_Kazan_/Art/Character/CHA_Model/Monster_Human/Elite/Elite_M/Animation/ESwordHArmor/CA_M_ESwordHArmor_Walk_F,RetainOriginal,OriginalDirectConsumerNotReplaced | NoBakedPlaybackCoverage,,BBQ/Content/_Kazan_/Design/Monster/Human/Empire/Empire_SwordHArmor/Moving/Move/BS_Empire_SwordHArmor_NormalMove:Properties.SampleData[1].Animation.ObjectPath,
HeavySwordsman,/Game/_Art/Enemies/HeinMach/Humanoids/HeavySwordsman/Animations/SourceSequences/A_EN_SRC_CA_M_EmpireSwordHArmor_Basic_End_01,BBQ/Content/_Kazan_/Art/Character/CHA_Model/Monster_Human/Elite/Elite_M/Animation/ESwordHArmor/CA_M_EmpireSwordHArmor_Basic_End_01,DeleteBackingSource,,,,/Game/_Art/Enemies/HeinMach/Humanoids/HeavySwordsman/Animations/PlaybackClips/A_EN_PLAY_AC_EmpireSwordHArmor_Basic_End_01
HeavySwordsman,/Game/_Art/Enemies/HeinMach/Humanoids/HeavySwordsman/Animations/SourceSequences/A_EN_SRC_CA_M_EmpireSwordHArmor_Basic_End_02,BBQ/Content/_Kazan_/Art/Character/CHA_Model/Monster_Human/Elite/Elite_M/Animation/ESwordHArmor/CA_M_EmpireSwordHArmor_Basic_End_02,DeleteBackingSource,,,,/Game/_Art/Enemies/HeinMach/Humanoids/HeavySwordsman/Animations/PlaybackClips/A_EN_PLAY_AC_EmpireSwordHArmor_Basic_End_02
HeavySwordsman,/Game/_Art/Enemies/HeinMach/Humanoids/HeavySwordsman/Animations/SourceSequences/A_EN_SRC_CA_M_EmpireSwordHArmor_Basic_End_03,BBQ/Content/_Kazan_/Art/Character/CHA_Model/Monster_Human/Elite/Elite_M/Animation/ESwordHArmor/CA_M_EmpireSwordHArmor_Basic_End_03,DeleteBackingSource,,,,/Game/_Art/Enemies/HeinMach/Humanoids/HeavySwordsman/Animations/PlaybackClips/A_EN_PLAY_AC_EmpireSwordHArmor_Basic_End_03
HeavySwordsman,/Game/_Art/Enemies/HeinMach/Humanoids/HeavySwordsman/Animations/SourceSequences/A_EN_SRC_CA_M_EmpireSwordHArmor_Basic_Loop_01,BBQ/Content/_Kazan_/Art/Character/CHA_Model/Monster_Human/Elite/Elite_M/Animation/ESwordHArmor/CA_M_EmpireSwordHArmor_Basic_Loop_01,DeleteBackingSource,,,,/Game/_Art/Enemies/HeinMach/Humanoids/HeavySwordsman/Animations/PlaybackClips/A_EN_PLAY_AC_EmpireSwordHArmor_Basic_Loop_01
HeavySwordsman,/Game/_Art/Enemies/HeinMach/Humanoids/HeavySwordsman/Animations/SourceSequences/A_EN_SRC_CA_M_EmpireSwordHArmor_Basic_Loop_02,BBQ/Content/_Kazan_/Art/Character/CHA_Model/Monster_Human/Elite/Elite_M/Animation/ESwordHArmor/CA_M_EmpireSwordHArmor_Basic_Loop_02,DeleteBackingSource,,,,/Game/_Art/Enemies/HeinMach/Humanoids/HeavySwordsman/Animations/PlaybackClips/A_EN_PLAY_AC_EmpireSwordHArmor_Basic_Loop_02
HeavySwordsman,/Game/_Art/Enemies/HeinMach/Humanoids/HeavySwordsman/Animations/SourceSequences/A_EN_SRC_CA_M_EmpireSwordHArmor_Basic_Loop_03,BBQ/Content/_Kazan_/Art/Character/CHA_Model/Monster_Human/Elite/Elite_M/Animation/ESwordHArmor/CA_M_EmpireSwordHArmor_Basic_Loop_03,DeleteBackingSource,,,,/Game/_Art/Enemies/HeinMach/Humanoids/HeavySwordsman/Animations/PlaybackClips/A_EN_PLAY_AC_EmpireSwordHArmor_Basic_Loop_03
HeavySwordsman,/Game/_Art/Enemies/HeinMach/Humanoids/HeavySwordsman/Animations/SourceSequences/A_EN_SRC_CA_M_EmpireSwordHArmor_Basic_Search_End_01,BBQ/Content/_Kazan_/Art/Character/CHA_Model/Monster_Human/Elite/Elite_M/Animation/ESwordHArmor/CA_M_EmpireSwordHArmor_Basic_Search_End_01,DeleteBackingSource,,,,/Game/_Art/Enemies/HeinMach/Humanoids/HeavySwordsman/Animations/PlaybackClips/A_EN_PLAY_AC_EmpireSwordHArmor_Basic_Search_End_01
HeavySwordsman,/Game/_Art/Enemies/HeinMach/Humanoids/HeavySwordsman/Animations/SourceSequences/A_EN_SRC_CA_M_EmpireSwordHArmor_Basic_Search_Loop_01,BBQ/Content/_Kazan_/Art/Character/CHA_Model/Monster_Human/Elite/Elite_M/Animation/ESwordHArmor/CA_M_EmpireSwordHArmor_Basic_Search_Loop_01,DeleteBackingSource,,,,/Game/_Art/Enemies/HeinMach/Humanoids/HeavySwordsman/Animations/PlaybackClips/A_EN_PLAY_AC_EmpireSwordHArmor_Basic_Search_Loop_01
HeavySwordsman,/Game/_Art/Enemies/HeinMach/Humanoids/HeavySwordsman/Animations/SourceSequences/A_EN_SRC_CA_M_EmpireSwordHArmor_Basic_Sit_End_01,BBQ/Content/_Kazan_/Art/Character/CHA_Model/Monster_Human/Elite/Elite_M/Animation/ESwordHArmor/CA_M_EmpireSwordHArmor_Basic_Sit_End_01,DeleteBackingSource,,,,/Game/_Art/Enemies/HeinMach/Humanoids/HeavySwordsman/Animations/PlaybackClips/A_EN_PLAY_AC_EmpireSwordHArmor_Basic_Sit_End_01
HeavySwordsman,/Game/_Art/Enemies/HeinMach/Humanoids/HeavySwordsman/Animations/SourceSequences/A_EN_SRC_CA_M_EmpireSwordHArmor_Basic_Sit_Loop_01,BBQ/Content/_Kazan_/Art/Character/CHA_Model/Monster_Human/Elite/Elite_M/Animation/ESwordHArmor/CA_M_EmpireSwordHArmor_Basic_Sit_Loop_01,DeleteBackingSource,,,,/Game/_Art/Enemies/HeinMach/Humanoids/HeavySwordsman/Animations/PlaybackClips/A_EN_PLAY_AC_EmpireSwordHArmor_Basic_Sit_Loop_01
HeavySwordsman,/Game/_Art/Enemies/HeinMach/Humanoids/HeavySwordsman/Animations/SourceSequences/A_EN_SRC_CA_M_EmpireSwordHArmor_Basic_Talk_End_01,BBQ/Content/_Kazan_/Art/Character/CHA_Model/Monster_Human/Elite/Elite_M/Animation/ESwordHArmor/CA_M_EmpireSwordHArmor_Basic_Talk_End_01,DeleteBackingSource,,,,/Game/_Art/Enemies/HeinMach/Humanoids/HeavySwordsman/Animations/PlaybackClips/A_EN_PLAY_AC_EmpireSwordHArmor_Basic_Talk_End_01
HeavySwordsman,/Game/_Art/Enemies/HeinMach/Humanoids/HeavySwordsman/Animations/SourceSequences/A_EN_SRC_CA_M_EmpireSwordHArmor_Basic_Talk_Loop_01,BBQ/Content/_Kazan_/Art/Character/CHA_Model/Monster_Human/Elite/Elite_M/Animation/ESwordHArmor/CA_M_EmpireSwordHArmor_Basic_Talk_Loop_01,DeleteBackingSource,,,,/Game/_Art/Enemies/HeinMach/Humanoids/HeavySwordsman/Animations/PlaybackClips/A_EN_PLAY_AC_EmpireSwordHArmor_Basic_Talk_Loop_01
HeavySwordsman,/Game/_Art/Enemies/HeinMach/Humanoids/HeavySwordsman/Animations/SourceSequences/A_EN_SRC_CA_M_Human_Elite_M_ESwordHArmor_Vigilant_FreakOut,BBQ/Content/_Kazan_/Art/Character/CHA_Model/Monster_Human/Elite/Elite_M/Animation/ESwordHArmor/CA_M_Human_Elite_M_ESwordHArmor_Vigilant_FreakOut,DeleteBackingSource,,,,/Game/_Art/Enemies/HeinMach/Humanoids/HeavySwordsman/Animations/PlaybackClips/A_EN_PLAY_AC_Empire_SwordHArmor_Vigilant_FreakOut_Armed
HeavySwordsman,/Game/_Art/Enemies/HeinMach/Humanoids/HeavySwordsman/Animations/SourceSequences/A_EN_SRC_CA_M_Human_Elite_M_ESwordHArmor_Vigilant_LookAround,BBQ/Content/_Kazan_/Art/Character/CHA_Model/Monster_Human/Elite/Elite_M/Animation/ESwordHArmor/CA_M_Human_Elite_M_ESwordHArmor_Vigilant_LookAround,DeleteBackingSource,,,,/Game/_Art/Enemies/HeinMach/Humanoids/HeavySwordsman/Animations/PlaybackClips/A_EN_PLAY_AC_Empire_SwordHArmor_Vigilant_LookAround
EliteShield_SourceReferences,/Game/_Art/Enemies/OtherRegions/Humanoids/EliteShield_SourceReferences/Animations/SourceSequences/A_EN_SRC_CA_ESwordShield_DamageGrapple_Atk_B_01,BBQ/Content/_Kazan_/Art/Character/CHA_Model/Monster_Human/Elite/Elite_M/Animation/ESwordShield/CA_ESwordShield_DamageGrapple_Atk_B_01,DeleteBackingSource,,,,/Game/_Art/Enemies/OtherRegions/Humanoids/EliteShield_SourceReferences/Animations/PlaybackClips/A_EN_PLAY_AC_ESwordShield_DamageGrapple_Atk_B_01
EliteShield_SourceReferences,/Game/_Art/Enemies/OtherRegions/Humanoids/EliteShield_SourceReferences/Animations/SourceSequences/A_EN_SRC_CA_ESwordShield_DamageGrapple_Atk_B_02,BBQ/Content/_Kazan_/Art/Character/CHA_Model/Monster_Human/Elite/Elite_M/Animation/ESwordShield/CA_ESwordShield_DamageGrapple_Atk_B_02,DeleteBackingSource,,,,/Game/_Art/Enemies/OtherRegions/Humanoids/EliteShield_SourceReferences/Animations/PlaybackClips/A_EN_PLAY_AC_ESwordShield_DamageGrapple_Atk_B_02
EliteShield_SourceReferences,/Game/_Art/Enemies/OtherRegions/Humanoids/EliteShield_SourceReferences/Animations/SourceSequences/A_EN_SRC_CA_ESwordShield_BackCounter,BBQ/Content/_Kazan_/Art/Character/CHA_Model/Monster_Human/Elite/Elite_M/Animation/ESwordShield/ESwordShield_New/CA_ESwordShield_BackCounter,DeleteBackingSource,,,,/Game/_Art/Enemies/OtherRegions/Humanoids/EliteShield_SourceReferences/Animations/PlaybackClips/A_EN_PLAY_AC_EmpireSwordShield_BackCounter
EliteShield_SourceReferences,/Game/_Art/Enemies/OtherRegions/Humanoids/EliteShield_SourceReferences/Animations/SourceSequences/A_EN_SRC_CA_ESwordShield_Basic_End_02,BBQ/Content/_Kazan_/Art/Character/CHA_Model/Monster_Human/Elite/Elite_M/Animation/ESwordShield/ESwordShield_New/CA_ESwordShield_Basic_End_02,DeleteBackingSource,,,,/Game/_Art/Enemies/OtherRegions/Humanoids/EliteShield_SourceReferences/Animations/PlaybackClips/A_EN_PLAY_AC_EmpireSwordShield_E_Basic_End_02
EliteShield_SourceReferences,/Game/_Art/Enemies/OtherRegions/Humanoids/EliteShield_SourceReferences/Animations/SourceSequences/A_EN_SRC_CA_ESwordShield_Basic_End_03,BBQ/Content/_Kazan_/Art/Character/CHA_Model/Monster_Human/Elite/Elite_M/Animation/ESwordShield/ESwordShield_New/CA_ESwordShield_Basic_End_03,DeleteBackingSource,,,,/Game/_Art/Enemies/OtherRegions/Humanoids/EliteShield_SourceReferences/Animations/PlaybackClips/A_EN_PLAY_AC_EmpireSwordShield_E_Basic_End_03
EliteShield_SourceReferences,/Game/_Art/Enemies/OtherRegions/Humanoids/EliteShield_SourceReferences/Animations/SourceSequences/A_EN_SRC_CA_ESwordShield_Basic_Loop_02,BBQ/Content/_Kazan_/Art/Character/CHA_Model/Monster_Human/Elite/Elite_M/Animation/ESwordShield/ESwordShield_New/CA_ESwordShield_Basic_Loop_02,DeleteBackingSource,,,,/Game/_Art/Enemies/OtherRegions/Humanoids/EliteShield_SourceReferences/Animations/PlaybackClips/A_EN_PLAY_AC_EmpireSwordShield_E_Basic_Loop_02
EliteShield_SourceReferences,/Game/_Art/Enemies/OtherRegions/Humanoids/EliteShield_SourceReferences/Animations/SourceSequences/A_EN_SRC_CA_ESwordShield_Basic_Loop_03,BBQ/Content/_Kazan_/Art/Character/CHA_Model/Monster_Human/Elite/Elite_M/Animation/ESwordShield/ESwordShield_New/CA_ESwordShield_Basic_Loop_03,DeleteBackingSource,,,,/Game/_Art/Enemies/OtherRegions/Humanoids/EliteShield_SourceReferences/Animations/PlaybackClips/A_EN_PLAY_AC_EmpireSwordShield_E_Basic_Loop_03
EliteShield_SourceReferences,/Game/_Art/Enemies/OtherRegions/Humanoids/EliteShield_SourceReferences/Animations/SourceSequences/A_EN_SRC_CA_ESwordShield_ChargeCrash_Loop,BBQ/Content/_Kazan_/Art/Character/CHA_Model/Monster_Human/Elite/Elite_M/Animation/ESwordShield/ESwordShield_New/CA_ESwordShield_ChargeCrash_Loop,DeleteBackingSource,,,,/Game/_Art/Enemies/OtherRegions/Humanoids/EliteShield_SourceReferences/Animations/PlaybackClips/A_EN_PLAY_AC_EmpireSwordShield_ChargeCrash_Loop
EliteShield_SourceReferences,/Game/_Art/Enemies/OtherRegions/Humanoids/EliteShield_SourceReferences/Animations/SourceSequences/A_EN_SRC_CA_ESwordShield_ChargeCrash_ShiledSmash,BBQ/Content/_Kazan_/Art/Character/CHA_Model/Monster_Human/Elite/Elite_M/Animation/ESwordShield/ESwordShield_New/CA_ESwordShield_ChargeCrash_ShiledSmash,DeleteBackingSource,,,,/Game/_Art/Enemies/OtherRegions/Humanoids/EliteShield_SourceReferences/Animations/PlaybackClips/A_EN_PLAY_AC_EmpireSwordShield_ChargeCrash_End_ShieldSmash
EliteShield_SourceReferences,/Game/_Art/Enemies/OtherRegions/Humanoids/EliteShield_SourceReferences/Animations/SourceSequences/A_EN_SRC_CA_ESwordShield_ChargeCrash_Start,BBQ/Content/_Kazan_/Art/Character/CHA_Model/Monster_Human/Elite/Elite_M/Animation/ESwordShield/ESwordShield_New/CA_ESwordShield_ChargeCrash_Start,DeleteBackingSource,,,,/Game/_Art/Enemies/OtherRegions/Humanoids/EliteShield_SourceReferences/Animations/PlaybackClips/A_EN_PLAY_AC_EmpireSwordShield_ChargeCrash_GuardStart | /Game/_Art/Enemies/OtherRegions/Humanoids/EliteShield_SourceReferences/Animations/PlaybackClips/A_EN_PLAY_AC_EmpireSwordShield_ChargeCrash_Start
EliteShield_SourceReferences,/Game/_Art/Enemies/OtherRegions/Humanoids/EliteShield_SourceReferences/Animations/SourceSequences/A_EN_SRC_CA_ESwordShield_ChargeCrash_Thrust,BBQ/Content/_Kazan_/Art/Character/CHA_Model/Monster_Human/Elite/Elite_M/Animation/ESwordShield/ESwordShield_New/CA_ESwordShield_ChargeCrash_Thrust,DeleteBackingSource,,,,/Game/_Art/Enemies/OtherRegions/Humanoids/EliteShield_SourceReferences/Animations/PlaybackClips/A_EN_PLAY_AC_EmpireSwordShield_ChargeCrash_End_Thrust
EliteShield_SourceReferences,/Game/_Art/Enemies/OtherRegions/Humanoids/EliteShield_SourceReferences/Animations/SourceSequences/A_EN_SRC_CA_ESwordShield_DamFinalblow,BBQ/Content/_Kazan_/Art/Character/CHA_Model/Monster_Human/Elite/Elite_M/Animation/ESwordShield/ESwordShield_New/CA_ESwordShield_DamFinalblow,DeleteBackingSource,,,,/Game/_Art/Enemies/HeinMach/Humanoids/HeavySwordsman/Animations/PlaybackClips/A_EN_PLAY_AC_Empire_SwordHArmor_DamageFinalBlow | /Game/_Art/Enemies/HeinMach/Humanoids/HeavySwordsman/Animations/PlaybackClips/A_EN_PLAY_AC_Empire_SwordHArmor_DamageFinalBlow_Wraith | /Game/_Art/Enemies/OtherRegions/Humanoids/EliteShield_SourceReferences/Animations/PlaybackClips/A_EN_PLAY_AC_ESwordShield_DamageFinalBlow | /Game/_Art/Enemies/OtherRegions/Humanoids/EliteShield_SourceReferences/Animations/PlaybackClips/A_EN_PLAY_AC_ESwordShield_DamageFinalBlow_Wraith
EliteShield_SourceReferences,/Game/_Art/Enemies/OtherRegions/Humanoids/EliteShield_SourceReferences/Animations/SourceSequences/A_EN_SRC_CA_ESwordShield_DamageDown_F,BBQ/Content/_Kazan_/Art/Character/CHA_Model/Monster_Human/Elite/Elite_M/Animation/ESwordShield/ESwordShield_New/CA_ESwordShield_DamageDown_F,DeleteBackingSource,,,,/Game/_Art/Enemies/OtherRegions/Humanoids/EliteShield_SourceReferences/Animations/PlaybackClips/A_EN_PLAY_AC_ESwordShield_DamageDown_F
EliteShield_SourceReferences,/Game/_Art/Enemies/OtherRegions/Humanoids/EliteShield_SourceReferences/Animations/SourceSequences/A_EN_SRC_CA_ESwordShield_DamageGrapple_Atk_01,BBQ/Content/_Kazan_/Art/Character/CHA_Model/Monster_Human/Elite/Elite_M/Animation/ESwordShield/ESwordShield_New/CA_ESwordShield_DamageGrapple_Atk_01,DeleteBackingSource,,,,/Game/_Art/Enemies/OtherRegions/Humanoids/EliteShield_SourceReferences/Animations/PlaybackClips/A_EN_PLAY_AC_ESwordShield_DamageGrapple_Atk_01
EliteShield_SourceReferences,/Game/_Art/Enemies/OtherRegions/Humanoids/EliteShield_SourceReferences/Animations/SourceSequences/A_EN_SRC_CA_ESwordShield_DamageGrapple_Atk_02,BBQ/Content/_Kazan_/Art/Character/CHA_Model/Monster_Human/Elite/Elite_M/Animation/ESwordShield/ESwordShield_New/CA_ESwordShield_DamageGrapple_Atk_02,DeleteBackingSource,,,,/Game/_Art/Enemies/OtherRegions/Humanoids/EliteShield_SourceReferences/Animations/PlaybackClips/A_EN_PLAY_AC_ESwordShield_DamageGrapple_Atk_02
EliteShield_SourceReferences,/Game/_Art/Enemies/OtherRegions/Humanoids/EliteShield_SourceReferences/Animations/SourceSequences/A_EN_SRC_CA_ESwordShield_DamageNormal_D_B,BBQ/Content/_Kazan_/Art/Character/CHA_Model/Monster_Human/Elite/Elite_M/Animation/ESwordShield/ESwordShield_New/CA_ESwordShield_DamageNormal_D_B,DeleteBackingSource,,,,/Game/_Art/Enemies/OtherRegions/Humanoids/EliteShield_SourceReferences/Animations/PlaybackClips/A_EN_PLAY_AC_ESwordShield_DamageNormal_D_B
EliteShield_SourceReferences,/Game/_Art/Enemies/OtherRegions/Humanoids/EliteShield_SourceReferences/Animations/SourceSequences/A_EN_SRC_CA_ESwordShield_DamageNormal_D_F,BBQ/Content/_Kazan_/Art/Character/CHA_Model/Monster_Human/Elite/Elite_M/Animation/ESwordShield/ESwordShield_New/CA_ESwordShield_DamageNormal_D_F,DeleteBackingSource,,,,/Game/_Art/Enemies/OtherRegions/Humanoids/EliteShield_SourceReferences/Animations/PlaybackClips/A_EN_PLAY_AC_ESwordShield_DamageNormal_D_F
EliteShield_SourceReferences,/Game/_Art/Enemies/OtherRegions/Humanoids/EliteShield_SourceReferences/Animations/SourceSequences/A_EN_SRC_CA_ESwordShield_DamageNormal_L_F,BBQ/Content/_Kazan_/Art/Character/CHA_Model/Monster_Human/Elite/Elite_M/Animation/ESwordShield/ESwordShield_New/CA_ESwordShield_DamageNormal_L_F,DeleteBackingSource,,,,/Game/_Art/Enemies/OtherRegions/Humanoids/EliteShield_SourceReferences/Animations/PlaybackClips/A_EN_PLAY_AC_ESwordShield_DamageNormal_L_F
EliteShield_SourceReferences,/Game/_Art/Enemies/OtherRegions/Humanoids/EliteShield_SourceReferences/Animations/SourceSequences/A_EN_SRC_CA_ESwordShield_DamageNormal_R_F,BBQ/Content/_Kazan_/Art/Character/CHA_Model/Monster_Human/Elite/Elite_M/Animation/ESwordShield/ESwordShield_New/CA_ESwordShield_DamageNormal_R_F,DeleteBackingSource,,,,/Game/_Art/Enemies/OtherRegions/Humanoids/EliteShield_SourceReferences/Animations/PlaybackClips/A_EN_PLAY_AC_ESwordShield_DamageNormal_R_F
EliteShield_SourceReferences,/Game/_Art/Enemies/OtherRegions/Humanoids/EliteShield_SourceReferences/Animations/SourceSequences/A_EN_SRC_CA_ESwordShield_DamageNormal_U_B,BBQ/Content/_Kazan_/Art/Character/CHA_Model/Monster_Human/Elite/Elite_M/Animation/ESwordShield/ESwordShield_New/CA_ESwordShield_DamageNormal_U_B,DeleteBackingSource,,,,/Game/_Art/Enemies/OtherRegions/Humanoids/EliteShield_SourceReferences/Animations/PlaybackClips/A_EN_PLAY_AC_ESwordShield_DamageNormal_U_B
EliteShield_SourceReferences,/Game/_Art/Enemies/OtherRegions/Humanoids/EliteShield_SourceReferences/Animations/SourceSequences/A_EN_SRC_CA_ESwordShield_DamageNormal_U_F,BBQ/Content/_Kazan_/Art/Character/CHA_Model/Monster_Human/Elite/Elite_M/Animation/ESwordShield/ESwordShield_New/CA_ESwordShield_DamageNormal_U_F,DeleteBackingSource,,,,/Game/_Art/Enemies/OtherRegions/Humanoids/EliteShield_SourceReferences/Animations/PlaybackClips/A_EN_PLAY_AC_ESwordShield_DamageNormal_U_F
EliteShield_SourceReferences,/Game/_Art/Enemies/OtherRegions/Humanoids/EliteShield_SourceReferences/Animations/SourceSequences/A_EN_SRC_CA_ESwordShield_DamageParry_F,BBQ/Content/_Kazan_/Art/Character/CHA_Model/Monster_Human/Elite/Elite_M/Animation/ESwordShield/ESwordShield_New/CA_ESwordShield_DamageParry_F,DeleteBackingSource,,,,/Game/_Art/Enemies/OtherRegions/Humanoids/EliteShield_SourceReferences/Animations/PlaybackClips/A_EN_PLAY_AC_ESwordShield_DamageParry_F
EliteShield_SourceReferences,/Game/_Art/Enemies/OtherRegions/Humanoids/EliteShield_SourceReferences/Animations/SourceSequences/A_EN_SRC_CA_ESwordShield_DamageStrong_D_F,BBQ/Content/_Kazan_/Art/Character/CHA_Model/Monster_Human/Elite/Elite_M/Animation/ESwordShield/ESwordShield_New/CA_ESwordShield_DamageStrong_D_F,DeleteBackingSource,,,,/Game/_Art/Enemies/OtherRegions/Humanoids/EliteShield_SourceReferences/Animations/PlaybackClips/A_EN_PLAY_AC_ESwordShield_DamageStrong_D_F
EliteShield_SourceReferences,/Game/_Art/Enemies/OtherRegions/Humanoids/EliteShield_SourceReferences/Animations/SourceSequences/A_EN_SRC_CA_ESwordShield_DamageStrong_D_F2,BBQ/Content/_Kazan_/Art/Character/CHA_Model/Monster_Human/Elite/Elite_M/Animation/ESwordShield/ESwordShield_New/CA_ESwordShield_DamageStrong_D_F2,DeleteBackingSource,,,,/Game/_Art/Enemies/OtherRegions/Humanoids/EliteShield_SourceReferences/Animations/PlaybackClips/A_EN_PLAY_AC_ESwordShield_DamageStrong_D_F_2
EliteShield_SourceReferences,/Game/_Art/Enemies/OtherRegions/Humanoids/EliteShield_SourceReferences/Animations/SourceSequences/A_EN_SRC_CA_ESwordShield_DamageStrong_L_F,BBQ/Content/_Kazan_/Art/Character/CHA_Model/Monster_Human/Elite/Elite_M/Animation/ESwordShield/ESwordShield_New/CA_ESwordShield_DamageStrong_L_F,DeleteBackingSource,,,,/Game/_Art/Enemies/OtherRegions/Humanoids/EliteShield_SourceReferences/Animations/PlaybackClips/A_EN_PLAY_AC_ESwordShield_DamageStrong_L_F
EliteShield_SourceReferences,/Game/_Art/Enemies/OtherRegions/Humanoids/EliteShield_SourceReferences/Animations/SourceSequences/A_EN_SRC_CA_ESwordShield_DamageStrong_R_F,BBQ/Content/_Kazan_/Art/Character/CHA_Model/Monster_Human/Elite/Elite_M/Animation/ESwordShield/ESwordShield_New/CA_ESwordShield_DamageStrong_R_F,DeleteBackingSource,,,,/Game/_Art/Enemies/OtherRegions/Humanoids/EliteShield_SourceReferences/Animations/PlaybackClips/A_EN_PLAY_AC_ESwordShield_DamageStrong_R_F
EliteShield_SourceReferences,/Game/_Art/Enemies/OtherRegions/Humanoids/EliteShield_SourceReferences/Animations/SourceSequences/A_EN_SRC_CA_ESwordShield_DamageStrong_U_F,BBQ/Content/_Kazan_/Art/Character/CHA_Model/Monster_Human/Elite/Elite_M/Animation/ESwordShield/ESwordShield_New/CA_ESwordShield_DamageStrong_U_F,DeleteBackingSource,,,,/Game/_Art/Enemies/OtherRegions/Humanoids/EliteShield_SourceReferences/Animations/PlaybackClips/A_EN_PLAY_AC_ESwordShield_DamageStrong_U_F
EliteShield_SourceReferences,/Game/_Art/Enemies/OtherRegions/Humanoids/EliteShield_SourceReferences/Animations/SourceSequences/A_EN_SRC_CA_ESwordShield_DamageWeak_D_F,BBQ/Content/_Kazan_/Art/Character/CHA_Model/Monster_Human/Elite/Elite_M/Animation/ESwordShield/ESwordShield_New/CA_ESwordShield_DamageWeak_D_F,DeleteBackingSource,,,,/Game/_Art/Enemies/OtherRegions/Humanoids/EliteShield_SourceReferences/Animations/PlaybackClips/A_EN_PLAY_AC_ESwordShield_DamageWeak_D_F
EliteShield_SourceReferences,/Game/_Art/Enemies/OtherRegions/Humanoids/EliteShield_SourceReferences/Animations/SourceSequences/A_EN_SRC_CA_ESwordShield_DamageWeak_L_F,BBQ/Content/_Kazan_/Art/Character/CHA_Model/Monster_Human/Elite/Elite_M/Animation/ESwordShield/ESwordShield_New/CA_ESwordShield_DamageWeak_L_F,DeleteBackingSource,,,,/Game/_Art/Enemies/OtherRegions/Humanoids/EliteShield_SourceReferences/Animations/PlaybackClips/A_EN_PLAY_AC_ESwordShield_DamageWeak_L_F
EliteShield_SourceReferences,/Game/_Art/Enemies/OtherRegions/Humanoids/EliteShield_SourceReferences/Animations/SourceSequences/A_EN_SRC_CA_ESwordShield_DamageWeak_R_F,BBQ/Content/_Kazan_/Art/Character/CHA_Model/Monster_Human/Elite/Elite_M/Animation/ESwordShield/ESwordShield_New/CA_ESwordShield_DamageWeak_R_F,DeleteBackingSource,,,,/Game/_Art/Enemies/OtherRegions/Humanoids/EliteShield_SourceReferences/Animations/PlaybackClips/A_EN_PLAY_AC_ESwordShield_DamageWeak_R_F
EliteShield_SourceReferences,/Game/_Art/Enemies/OtherRegions/Humanoids/EliteShield_SourceReferences/Animations/SourceSequences/A_EN_SRC_CA_ESwordShield_DamageWeak_U_F,BBQ/Content/_Kazan_/Art/Character/CHA_Model/Monster_Human/Elite/Elite_M/Animation/ESwordShield/ESwordShield_New/CA_ESwordShield_DamageWeak_U_F,DeleteBackingSource,,,,/Game/_Art/Enemies/OtherRegions/Humanoids/EliteShield_SourceReferences/Animations/PlaybackClips/A_EN_PLAY_AC_ESwordShield_DamageWeak_U_F
EliteShield_SourceReferences,/Game/_Art/Enemies/OtherRegions/Humanoids/EliteShield_SourceReferences/Animations/SourceSequences/A_EN_SRC_CA_ESwordShield_Defence_Loop,BBQ/Content/_Kazan_/Art/Character/CHA_Model/Monster_Human/Elite/Elite_M/Animation/ESwordShield/ESwordShield_New/CA_ESwordShield_Defence_Loop,DeleteBackingSource,,,,/Game/_Art/Enemies/OtherRegions/Humanoids/EliteShield_SourceReferences/Animations/PlaybackClips/A_EN_PLAY_AC_ESwordShield_Defence_Loop
EliteShield_SourceReferences,/Game/_Art/Enemies/OtherRegions/Humanoids/EliteShield_SourceReferences/Animations/SourceSequences/A_EN_SRC_CA_ESwordShield_Die_F,BBQ/Content/_Kazan_/Art/Character/CHA_Model/Monster_Human/Elite/Elite_M/Animation/ESwordShield/ESwordShield_New/CA_ESwordShield_Die_F,DeleteBackingSource,,,,/Game/_Art/Enemies/OtherRegions/Humanoids/EliteShield_SourceReferences/Animations/PlaybackClips/A_EN_PLAY_AC_ESwordShield_Die_F | /Game/_Art/Enemies/OtherRegions/Humanoids/EliteShield_SourceReferences/Animations/PlaybackClips/A_EN_PLAY_AC_ESwordShield_Die_F_Wraith
EliteShield_SourceReferences,/Game/_Art/Enemies/OtherRegions/Humanoids/EliteShield_SourceReferences/Animations/SourceSequences/A_EN_SRC_CA_ESwordShield_Down_B_Loop,BBQ/Content/_Kazan_/Art/Character/CHA_Model/Monster_Human/Elite/Elite_M/Animation/ESwordShield/ESwordShield_New/CA_ESwordShield_Down_B_Loop,DeleteBackingSource,,,,/Game/_Art/Enemies/OtherRegions/Humanoids/EliteShield_SourceReferences/Animations/PlaybackClips/A_EN_PLAY_AC_ESwordShield_Down_B_Loop
EliteShield_SourceReferences,/Game/_Art/Enemies/OtherRegions/Humanoids/EliteShield_SourceReferences/Animations/SourceSequences/A_EN_SRC_CA_ESwordShield_Down_F_Loop,BBQ/Content/_Kazan_/Art/Character/CHA_Model/Monster_Human/Elite/Elite_M/Animation/ESwordShield/ESwordShield_New/CA_ESwordShield_Down_F_Loop,DeleteBackingSource,,,,/Game/_Art/Enemies/OtherRegions/Humanoids/EliteShield_SourceReferences/Animations/PlaybackClips/A_EN_PLAY_AC_ESwordShield_Down_F_Loop
EliteShield_SourceReferences,/Game/_Art/Enemies/OtherRegions/Humanoids/EliteShield_SourceReferences/Animations/SourceSequences/A_EN_SRC_CA_ESwordShield_Execution_Success,BBQ/Content/_Kazan_/Art/Character/CHA_Model/Monster_Human/Elite/Elite_M/Animation/ESwordShield/ESwordShield_New/CA_ESwordShield_Execution_Success,DeleteBackingSource,,,,/Game/_Art/Enemies/OtherRegions/Humanoids/EliteShield_SourceReferences/Animations/PlaybackClips/A_EN_PLAY_AC_EmpireSwordShield_JustGuardCounter_Execution
EliteShield_SourceReferences,/Game/_Art/Enemies/OtherRegions/Humanoids/EliteShield_SourceReferences/Animations/SourceSequences/A_EN_SRC_CA_ESwordShield_Getup_B,BBQ/Content/_Kazan_/Art/Character/CHA_Model/Monster_Human/Elite/Elite_M/Animation/ESwordShield/ESwordShield_New/CA_ESwordShield_Getup_B,DeleteBackingSource,,,,/Game/_Art/Enemies/OtherRegions/Humanoids/EliteShield_SourceReferences/Animations/PlaybackClips/A_EN_PLAY_AC_ESwordShield_Getup_B
EliteShield_SourceReferences,/Game/_Art/Enemies/OtherRegions/Humanoids/EliteShield_SourceReferences/Animations/SourceSequences/A_EN_SRC_CA_ESwordShield_Getup_F,BBQ/Content/_Kazan_/Art/Character/CHA_Model/Monster_Human/Elite/Elite_M/Animation/ESwordShield/ESwordShield_New/CA_ESwordShield_Getup_F,DeleteBackingSource,,,,/Game/_Art/Enemies/HeinMach/Humanoids/HeavySwordsman/Animations/PlaybackClips/A_EN_PLAY_AC_Empire_SwordHArmor_Getup_F | /Game/_Art/Enemies/OtherRegions/Humanoids/EliteShield_SourceReferences/Animations/PlaybackClips/A_EN_PLAY_AC_ESwordShield_Getup_F
EliteShield_SourceReferences,/Game/_Art/Enemies/OtherRegions/Humanoids/EliteShield_SourceReferences/Animations/SourceSequences/A_EN_SRC_CA_ESwordShield_Groggy_F_End,BBQ/Content/_Kazan_/Art/Character/CHA_Model/Monster_Human/Elite/Elite_M/Animation/ESwordShield/ESwordShield_New/CA_ESwordShield_Groggy_F_End,DeleteBackingSource,,,,/Game/_Art/Enemies/OtherRegions/Humanoids/EliteShield_SourceReferences/Animations/PlaybackClips/A_EN_PLAY_AC_ESwordShield_Groggy_F_End
EliteShield_SourceReferences,/Game/_Art/Enemies/OtherRegions/Humanoids/EliteShield_SourceReferences/Animations/SourceSequences/A_EN_SRC_CA_ESwordShield_Groggy_F_Loop,BBQ/Content/_Kazan_/Art/Character/CHA_Model/Monster_Human/Elite/Elite_M/Animation/ESwordShield/ESwordShield_New/CA_ESwordShield_Groggy_F_Loop,DeleteBackingSource,,,,/Game/_Art/Enemies/OtherRegions/Humanoids/EliteShield_SourceReferences/Animations/PlaybackClips/A_EN_PLAY_AC_ESwordShield_Groggy_F_Loop
EliteShield_SourceReferences,/Game/_Art/Enemies/OtherRegions/Humanoids/EliteShield_SourceReferences/Animations/SourceSequences/A_EN_SRC_CA_ESwordShield_Groggy_F_Start,BBQ/Content/_Kazan_/Art/Character/CHA_Model/Monster_Human/Elite/Elite_M/Animation/ESwordShield/ESwordShield_New/CA_ESwordShield_Groggy_F_Start,DeleteBackingSource,,,,/Game/_Art/Enemies/OtherRegions/Humanoids/EliteShield_SourceReferences/Animations/PlaybackClips/A_EN_PLAY_AC_ESwordShield_Groggy_F_Start
EliteShield_SourceReferences,/Game/_Art/Enemies/OtherRegions/Humanoids/EliteShield_SourceReferences/Animations/SourceSequences/A_EN_SRC_CA_ESwordShield_Guard_Broken,BBQ/Content/_Kazan_/Art/Character/CHA_Model/Monster_Human/Elite/Elite_M/Animation/ESwordShield/ESwordShield_New/CA_ESwordShield_Guard_Broken,DeleteBackingSource,,,,/Game/_Art/Enemies/OtherRegions/Humanoids/EliteShield_SourceReferences/Animations/PlaybackClips/A_EN_PLAY_AC_ESwordShield_Guard_Broken | /Game/_Art/Enemies/OtherRegions/Humanoids/EliteShield_SourceReferences/Animations/PlaybackClips/A_EN_PLAY_AC_EmpireSwordShield_GuardCounter_Broken_Full | /Game/_Art/Enemies/OtherRegions/Humanoids/EliteShield_SourceReferences/Animations/PlaybackClips/A_EN_PLAY_AC_EmpireSwordShield_Guard_Broken | /Game/_Art/Enemies/OtherRegions/Humanoids/EliteShield_SourceReferences/Animations/PlaybackClips/A_EN_PLAY_AC_EmpireSwordShield_Guard_Broken_Full
EliteShield_SourceReferences,/Game/_Art/Enemies/OtherRegions/Humanoids/EliteShield_SourceReferences/Animations/SourceSequences/A_EN_SRC_CA_ESwordShield_Guard_Counter,BBQ/Content/_Kazan_/Art/Character/CHA_Model/Monster_Human/Elite/Elite_M/Animation/ESwordShield/ESwordShield_New/CA_ESwordShield_Guard_Counter,DeleteBackingSource,,,,/Game/_Art/Enemies/OtherRegions/Humanoids/EliteShield_SourceReferences/Animations/PlaybackClips/A_EN_PLAY_AC_ESwordShield_Guard_Counter | /Game/_Art/Enemies/OtherRegions/Humanoids/EliteShield_SourceReferences/Animations/PlaybackClips/A_EN_PLAY_AC_EmpireSwordShield_GuardCounter_Burst_Start | /Game/_Art/Enemies/OtherRegions/Humanoids/EliteShield_SourceReferences/Animations/PlaybackClips/A_EN_PLAY_AC_EmpireSwordShield_GuardCounter_Level_Start | /Game/_Art/Enemies/OtherRegions/Humanoids/EliteShield_SourceReferences/Animations/PlaybackClips/A_EN_PLAY_AC_EmpireSwordShield_GuardCounter_Smash | /Game/_Art/Enemies/OtherRegions/Humanoids/EliteShield_SourceReferences/Animations/PlaybackClips/A_EN_PLAY_AC_EmpireSwordShield_GuardCounter_Start | /Game/_Art/Enemies/OtherRegions/Humanoids/EliteShield_SourceReferences/Animations/PlaybackClips/A_EN_PLAY_AC_EmpireSwordShield_GuardCounter_Step | /Game/_Art/Enemies/OtherRegions/Humanoids/EliteShield_SourceReferences/Animations/PlaybackClips/A_EN_PLAY_AC_EmpireSwordShield_JustGuardCounter_Smash | /Game/_Art/Enemies/OtherRegions/Humanoids/EliteShield_SourceReferences/Animations/PlaybackClips/A_EN_PLAY_AC_EmpireSwordShield_JustGuardCounter_Start_New | /Game/_Art/Enemies/OtherRegions/Humanoids/EliteShield_SourceReferences/Animations/PlaybackClips/A_EN_PLAY_AC_EmpireSwordShield_JustGuardCounter_Step | /Game/_Art/Enemies/OtherRegions/Humanoids/EliteShield_SourceReferences/Animations/PlaybackClips/A_EN_PLAY_AC_EmpireSwordShield_ChargeSmash | /Game/_Art/Enemies/OtherRegions/Humanoids/EliteShield_SourceReferences/Animations/PlaybackClips/A_EN_PLAY_AC_EmpireSwordShield_ChargeSmash_Step | /Game/_Art/Enemies/OtherRegions/Humanoids/EliteShield_SourceReferences/Animations/PlaybackClips/A_EN_PLAY_AC_EmpireSwordShield_JustGuardCounter_empty_proto
EliteShield_SourceReferences,/Game/_Art/Enemies/OtherRegions/Humanoids/EliteShield_SourceReferences/Animations/SourceSequences/A_EN_SRC_CA_ESwordShield_Guard_End,BBQ/Content/_Kazan_/Art/Character/CHA_Model/Monster_Human/Elite/Elite_M/Animation/ESwordShield/ESwordShield_New/CA_ESwordShield_Guard_End,DeleteBackingSource,,,,/Game/_Art/Enemies/OtherRegions/Humanoids/EliteShield_SourceReferences/Animations/PlaybackClips/A_EN_PLAY_AC_ESwordShield_Guard_End | /Game/_Art/Enemies/OtherRegions/Humanoids/EliteShield_SourceReferences/Animations/PlaybackClips/A_EN_PLAY_AC_EmpireSwordShield_Guard_End
EliteShield_SourceReferences,/Game/_Art/Enemies/OtherRegions/Humanoids/EliteShield_SourceReferences/Animations/SourceSequences/A_EN_SRC_CA_ESwordShield_Guard_Hit,BBQ/Content/_Kazan_/Art/Character/CHA_Model/Monster_Human/Elite/Elite_M/Animation/ESwordShield/ESwordShield_New/CA_ESwordShield_Guard_Hit,DeleteBackingSource,,,,/Game/_Art/Enemies/OtherRegions/Humanoids/EliteShield_SourceReferences/Animations/PlaybackClips/A_EN_PLAY_AC_ESwordShield_Guard_Hit | /Game/_Art/Enemies/OtherRegions/Humanoids/EliteShield_SourceReferences/Animations/PlaybackClips/A_EN_PLAY_AC_EmpireSwordShield_Guard_Hit
EliteShield_SourceReferences,/Game/_Art/Enemies/OtherRegions/Humanoids/EliteShield_SourceReferences/Animations/SourceSequences/A_EN_SRC_CA_ESwordShield_Guard_Loop,BBQ/Content/_Kazan_/Art/Character/CHA_Model/Monster_Human/Elite/Elite_M/Animation/ESwordShield/ESwordShield_New/CA_ESwordShield_Guard_Loop,RetainOriginal,OriginalDirectConsumerNotReplaced,,BBQ/Content/_Kazan_/Design/Monster/Human/Empire/Empire_SwordShield_E/Moving/Move/BS_Empire_SwordShield_E_LockOnMove:Properties.SampleData[4].Animation.ObjectPath,/Game/_Art/Enemies/OtherRegions/Humanoids/EliteShield_SourceReferences/Animations/PlaybackClips/A_EN_PLAY_AC_EmpireSwordShield_Guard_Loop | /Game/_Art/Enemies/OtherRegions/Humanoids/EliteShield_SourceReferences/Animations/PlaybackClips/A_EN_PLAY_AC_EmpireSwordShield_GuardCounter_Level_Loop
EliteShield_SourceReferences,/Game/_Art/Enemies/OtherRegions/Humanoids/EliteShield_SourceReferences/Animations/SourceSequences/A_EN_SRC_CA_ESwordShield_Guard_Start,BBQ/Content/_Kazan_/Art/Character/CHA_Model/Monster_Human/Elite/Elite_M/Animation/ESwordShield/ESwordShield_New/CA_ESwordShield_Guard_Start,DeleteBackingSource,,,,/Game/_Art/Enemies/OtherRegions/Humanoids/EliteShield_SourceReferences/Animations/PlaybackClips/A_EN_PLAY_AC_EmpireSwordShield_Guard_Start
EliteShield_SourceReferences,/Game/_Art/Enemies/OtherRegions/Humanoids/EliteShield_SourceReferences/Animations/SourceSequences/A_EN_SRC_CA_ESwordShield_LockOnWalk_B,BBQ/Content/_Kazan_/Art/Character/CHA_Model/Monster_Human/Elite/Elite_M/Animation/ESwordShield/ESwordShield_New/CA_ESwordShield_LockOnWalk_B,RetainOriginal,OriginalDirectConsumerNotReplaced | NoBakedPlaybackCoverage,,BBQ/Content/_Kazan_/Design/Monster/Human/Empire/Empire_SwordShield_E/Moving/Move/BS_Empire_SwordShield_E_LockOnMove:Properties.SampleData[2].Animation.ObjectPath,
EliteShield_SourceReferences,/Game/_Art/Enemies/OtherRegions/Humanoids/EliteShield_SourceReferences/Animations/SourceSequences/A_EN_SRC_CA_ESwordShield_LockOnWalk_F,BBQ/Content/_Kazan_/Art/Character/CHA_Model/Monster_Human/Elite/Elite_M/Animation/ESwordShield/ESwordShield_New/CA_ESwordShield_LockOnWalk_F,RetainOriginal,OriginalDirectConsumerNotReplaced | NoBakedPlaybackCoverage,,BBQ/Content/_Kazan_/Design/Monster/Human/Empire/Empire_SwordShield_E/Moving/Move/BS_Empire_SwordShield_E_LockOnMove:Properties.SampleData[0].Animation.ObjectPath,
EliteShield_SourceReferences,/Game/_Art/Enemies/OtherRegions/Humanoids/EliteShield_SourceReferences/Animations/SourceSequences/A_EN_SRC_CA_ESwordShield_LockOnWalk_L,BBQ/Content/_Kazan_/Art/Character/CHA_Model/Monster_Human/Elite/Elite_M/Animation/ESwordShield/ESwordShield_New/CA_ESwordShield_LockOnWalk_L,RetainOriginal,OriginalDirectConsumerNotReplaced | NoBakedPlaybackCoverage,,BBQ/Content/_Kazan_/Design/Monster/Human/Empire/Empire_SwordShield_E/Moving/Move/BS_Empire_SwordShield_E_LockOnMove:Properties.SampleData[3].Animation.ObjectPath,
EliteShield_SourceReferences,/Game/_Art/Enemies/OtherRegions/Humanoids/EliteShield_SourceReferences/Animations/SourceSequences/A_EN_SRC_CA_ESwordShield_LockOnWalk_R,BBQ/Content/_Kazan_/Art/Character/CHA_Model/Monster_Human/Elite/Elite_M/Animation/ESwordShield/ESwordShield_New/CA_ESwordShield_LockOnWalk_R,RetainOriginal,OriginalDirectConsumerNotReplaced | NoBakedPlaybackCoverage,,BBQ/Content/_Kazan_/Design/Monster/Human/Empire/Empire_SwordShield_E/Moving/Move/BS_Empire_SwordShield_E_LockOnMove:Properties.SampleData[1].Animation.ObjectPath,
EliteShield_SourceReferences,/Game/_Art/Enemies/OtherRegions/Humanoids/EliteShield_SourceReferences/Animations/SourceSequences/A_EN_SRC_CA_ESwordShield_NoBattle_Basic_LoopEnd_01,BBQ/Content/_Kazan_/Art/Character/CHA_Model/Monster_Human/Elite/Elite_M/Animation/ESwordShield/ESwordShield_New/CA_ESwordShield_NoBattle_Basic_LoopEnd_01,DeleteBackingSource,,,,/Game/_Art/Enemies/OtherRegions/Humanoids/EliteShield_SourceReferences/Animations/PlaybackClips/A_EN_PLAY_AC_EmpireSwordShield_E_Basic_End_01
EliteShield_SourceReferences,/Game/_Art/Enemies/OtherRegions/Humanoids/EliteShield_SourceReferences/Animations/SourceSequences/A_EN_SRC_CA_ESwordShield_NoBattle_Basic_Loop_01,BBQ/Content/_Kazan_/Art/Character/CHA_Model/Monster_Human/Elite/Elite_M/Animation/ESwordShield/ESwordShield_New/CA_ESwordShield_NoBattle_Basic_Loop_01,DeleteBackingSource,,,,/Game/_Art/Enemies/OtherRegions/Humanoids/EliteShield_SourceReferences/Animations/PlaybackClips/A_EN_PLAY_AC_EmpireSwordShield_E_Basic_Loop_01
EliteShield_SourceReferences,/Game/_Art/Enemies/OtherRegions/Humanoids/EliteShield_SourceReferences/Animations/SourceSequences/A_EN_SRC_CA_ESwordShield_NoBattle_Basic_Talk_01,BBQ/Content/_Kazan_/Art/Character/CHA_Model/Monster_Human/Elite/Elite_M/Animation/ESwordShield/ESwordShield_New/CA_ESwordShield_NoBattle_Basic_Talk_01,DeleteBackingSource,,,,/Game/_Art/Enemies/OtherRegions/Humanoids/EliteShield_SourceReferences/Animations/PlaybackClips/A_EN_PLAY_AC_EmpireSwordShield_E_Basic_Talk_Loop_01
EliteShield_SourceReferences,/Game/_Art/Enemies/OtherRegions/Humanoids/EliteShield_SourceReferences/Animations/SourceSequences/A_EN_SRC_CA_ESwordShield_NoBattle_Basic_Talk_End_01,BBQ/Content/_Kazan_/Art/Character/CHA_Model/Monster_Human/Elite/Elite_M/Animation/ESwordShield/ESwordShield_New/CA_ESwordShield_NoBattle_Basic_Talk_End_01,DeleteBackingSource,,,,/Game/_Art/Enemies/OtherRegions/Humanoids/EliteShield_SourceReferences/Animations/PlaybackClips/A_EN_PLAY_AC_EmpireSwordShield_E_Basic_Talk_End_01
EliteShield_SourceReferences,/Game/_Art/Enemies/OtherRegions/Humanoids/EliteShield_SourceReferences/Animations/SourceSequences/A_EN_SRC_CA_ESwordShield_Run_F,BBQ/Content/_Kazan_/Art/Character/CHA_Model/Monster_Human/Elite/Elite_M/Animation/ESwordShield/ESwordShield_New/CA_ESwordShield_Run_F,RetainOriginal,OriginalDirectConsumerNotReplaced,,BBQ/Content/_Kazan_/Design/Monster/Human/Empire/Empire_SwordShield_E/Moving/Move/BS_Empire_SwordShield_E_NormalMove:Properties.SampleData[0].Animation.ObjectPath,/Game/_Art/Enemies/OtherRegions/Humanoids/EliteShield_SourceReferences/Animations/PlaybackClips/A_EN_PLAY_AC_ESwordShield_Run_F
EliteShield_SourceReferences,/Game/_Art/Enemies/OtherRegions/Humanoids/EliteShield_SourceReferences/Animations/SourceSequences/A_EN_SRC_CA_ESwordShield_ShieldSmash,BBQ/Content/_Kazan_/Art/Character/CHA_Model/Monster_Human/Elite/Elite_M/Animation/ESwordShield/ESwordShield_New/CA_ESwordShield_ShieldSmash,DeleteBackingSource,,,,/Game/_Art/Enemies/OtherRegions/Humanoids/EliteShield_SourceReferences/Animations/PlaybackClips/A_EN_PLAY_AC_EmpireSwordShield_ShieldSmash | /Game/_Art/Enemies/OtherRegions/Humanoids/EliteShield_SourceReferences/Animations/PlaybackClips/A_EN_PLAY_AC_EmpireSwordShield_ShieldSmash_2
EliteShield_SourceReferences,/Game/_Art/Enemies/OtherRegions/Humanoids/EliteShield_SourceReferences/Animations/SourceSequences/A_EN_SRC_CA_ESwordShield_ShieldStamp,BBQ/Content/_Kazan_/Art/Character/CHA_Model/Monster_Human/Elite/Elite_M/Animation/ESwordShield/ESwordShield_New/CA_ESwordShield_ShieldStamp,DeleteBackingSource,,,,/Game/_Art/Enemies/OtherRegions/Humanoids/EliteShield_SourceReferences/Animations/PlaybackClips/A_EN_PLAY_AC_EmpireSwordShield_ShieldStamp
EliteShield_SourceReferences,/Game/_Art/Enemies/OtherRegions/Humanoids/EliteShield_SourceReferences/Animations/SourceSequences/A_EN_SRC_CA_ESwordShield_ShiledCrash,BBQ/Content/_Kazan_/Art/Character/CHA_Model/Monster_Human/Elite/Elite_M/Animation/ESwordShield/ESwordShield_New/CA_ESwordShield_ShiledCrash,DeleteBackingSource,,,,/Game/_Art/Enemies/OtherRegions/Humanoids/EliteShield_SourceReferences/Animations/PlaybackClips/A_EN_PLAY_AC_EmpireSwordShield_ShieldCrash
EliteShield_SourceReferences,/Game/_Art/Enemies/OtherRegions/Humanoids/EliteShield_SourceReferences/Animations/SourceSequences/A_EN_SRC_CA_ESwordShield_Stand_F,BBQ/Content/_Kazan_/Art/Character/CHA_Model/Monster_Human/Elite/Elite_M/Animation/ESwordShield/ESwordShield_New/CA_ESwordShield_Stand_F,RetainOriginal,OriginalDirectConsumerNotReplaced,,BBQ/Content/_Kazan_/Design/Monster/Human/Empire/Empire_SwordShield_E/Moving/Move/BS_Empire_SwordShield_E_NormalMove:Properties.SampleData[1].Animation.ObjectPath,/Game/_Art/Enemies/OtherRegions/Humanoids/EliteShield_SourceReferences/Animations/PlaybackClips/A_EN_PLAY_AC_ESwordShield_Falling | /Game/_Art/Enemies/OtherRegions/Humanoids/EliteShield_SourceReferences/Animations/PlaybackClips/A_EN_PLAY_AC_ESwordShield_Stand_F | /Game/_Art/Enemies/OtherRegions/Humanoids/EliteShield_SourceReferences/Animations/PlaybackClips/A_EN_PLAY_AC_EmpireSwordShield_E_StormPass_InnerTrial_Spawn_End | /Game/_Art/Enemies/OtherRegions/Humanoids/EliteShield_SourceReferences/Animations/PlaybackClips/A_EN_PLAY_AC_EmpireSwordShield_E_StormPass_InnerTrial_Spawn_End_Loop
EliteShield_SourceReferences,/Game/_Art/Enemies/OtherRegions/Humanoids/EliteShield_SourceReferences/Animations/SourceSequences/A_EN_SRC_CA_ESwordShield_SwordSting_Step1,BBQ/Content/_Kazan_/Art/Character/CHA_Model/Monster_Human/Elite/Elite_M/Animation/ESwordShield/ESwordShield_New/CA_ESwordShield_SwordSting_Step1,DeleteBackingSource,,,,/Game/_Art/Enemies/OtherRegions/Humanoids/EliteShield_SourceReferences/Animations/PlaybackClips/A_EN_PLAY_AC_EmpireSwordShield_SwordSting_Step1
EliteShield_SourceReferences,/Game/_Art/Enemies/OtherRegions/Humanoids/EliteShield_SourceReferences/Animations/SourceSequences/A_EN_SRC_CA_ESwordShield_SwordSting_Step2,BBQ/Content/_Kazan_/Art/Character/CHA_Model/Monster_Human/Elite/Elite_M/Animation/ESwordShield/ESwordShield_New/CA_ESwordShield_SwordSting_Step2,DeleteBackingSource,,,,/Game/_Art/Enemies/OtherRegions/Humanoids/EliteShield_SourceReferences/Animations/PlaybackClips/A_EN_PLAY_AC_EmpireSwordShield_GuardCounter_Burst_Step2_New | /Game/_Art/Enemies/OtherRegions/Humanoids/EliteShield_SourceReferences/Animations/PlaybackClips/A_EN_PLAY_AC_EmpireSwordShield_SwordSting_Step2
EliteShield_SourceReferences,/Game/_Art/Enemies/OtherRegions/Humanoids/EliteShield_SourceReferences/Animations/SourceSequences/A_EN_SRC_CA_ESwordShield_SwordSting_Step3_1,BBQ/Content/_Kazan_/Art/Character/CHA_Model/Monster_Human/Elite/Elite_M/Animation/ESwordShield/ESwordShield_New/CA_ESwordShield_SwordSting_Step3_1,DeleteBackingSource,,,,/Game/_Art/Enemies/OtherRegions/Humanoids/EliteShield_SourceReferences/Animations/PlaybackClips/A_EN_PLAY_AC_EmpireSwordShield_SwordSting_Step3_1
EliteShield_SourceReferences,/Game/_Art/Enemies/OtherRegions/Humanoids/EliteShield_SourceReferences/Animations/SourceSequences/A_EN_SRC_CA_ESwordShield_SwordSting_Step3_2,BBQ/Content/_Kazan_/Art/Character/CHA_Model/Monster_Human/Elite/Elite_M/Animation/ESwordShield/ESwordShield_New/CA_ESwordShield_SwordSting_Step3_2,DeleteBackingSource,,,,/Game/_Art/Enemies/OtherRegions/Humanoids/EliteShield_SourceReferences/Animations/PlaybackClips/A_EN_PLAY_AC_EmpireSwordShield_GuardCounter_Burst_Step3 | /Game/_Art/Enemies/OtherRegions/Humanoids/EliteShield_SourceReferences/Animations/PlaybackClips/A_EN_PLAY_AC_EmpireSwordShield_JustGuardCounter_Thrust | /Game/_Art/Enemies/OtherRegions/Humanoids/EliteShield_SourceReferences/Animations/PlaybackClips/A_EN_PLAY_AC_EmpireSwordShield_SwordSting_Step3_2 | /Game/_Art/Enemies/OtherRegions/Humanoids/EliteShield_SourceReferences/Animations/PlaybackClips/A_EN_PLAY_AC_EmpireSwordShield_JustGuardCounter_empty_proto | /Game/_Art/Enemies/OtherRegions/Humanoids/EliteShield_SourceReferences/Animations/PlaybackClips/A_EN_PLAY_AC_EmpireSwordShield_ChargeCrash_Thrust
EliteShield_SourceReferences,/Game/_Art/Enemies/OtherRegions/Humanoids/EliteShield_SourceReferences/Animations/SourceSequences/A_EN_SRC_CA_ESwordShield_SwordSting_Step3_3,BBQ/Content/_Kazan_/Art/Character/CHA_Model/Monster_Human/Elite/Elite_M/Animation/ESwordShield/ESwordShield_New/CA_ESwordShield_SwordSting_Step3_3,DeleteBackingSource,,,,/Game/_Art/Enemies/OtherRegions/Humanoids/EliteShield_SourceReferences/Animations/PlaybackClips/A_EN_PLAY_AC_EmpireSwordShield_SwordSting_Step3_3
EliteShield_SourceReferences,/Game/_Art/Enemies/OtherRegions/Humanoids/EliteShield_SourceReferences/Animations/SourceSequences/A_EN_SRC_CA_ESwordShield_SwordSting_Stop,BBQ/Content/_Kazan_/Art/Character/CHA_Model/Monster_Human/Elite/Elite_M/Animation/ESwordShield/ESwordShield_New/CA_ESwordShield_SwordSting_Stop,DeleteBackingSource,,,,/Game/_Art/Enemies/OtherRegions/Humanoids/EliteShield_SourceReferences/Animations/PlaybackClips/A_EN_PLAY_AC_EmpireSwordShield_SwordSting_Stop
EliteShield_SourceReferences,/Game/_Art/Enemies/OtherRegions/Humanoids/EliteShield_SourceReferences/Animations/SourceSequences/A_EN_SRC_CA_ESwordShield_SwordSwing_01_Step1,BBQ/Content/_Kazan_/Art/Character/CHA_Model/Monster_Human/Elite/Elite_M/Animation/ESwordShield/ESwordShield_New/CA_ESwordShield_SwordSwing_01_Step1,DeleteBackingSource,,,,/Game/_Art/Enemies/OtherRegions/Humanoids/EliteShield_SourceReferences/Animations/PlaybackClips/A_EN_PLAY_AC_EmpireSwordShield_SwordSwing_Combo1_Step1 | /Game/_Art/Enemies/OtherRegions/Humanoids/EliteShield_SourceReferences/Animations/PlaybackClips/A_EN_PLAY_AC_EmpireSwordShield_JustGuardCounter_empty_proto
EliteShield_SourceReferences,/Game/_Art/Enemies/OtherRegions/Humanoids/EliteShield_SourceReferences/Animations/SourceSequences/A_EN_SRC_CA_ESwordShield_SwordSwing_01_Step2,BBQ/Content/_Kazan_/Art/Character/CHA_Model/Monster_Human/Elite/Elite_M/Animation/ESwordShield/ESwordShield_New/CA_ESwordShield_SwordSwing_01_Step2,DeleteBackingSource,,,,/Game/_Art/Enemies/OtherRegions/Humanoids/EliteShield_SourceReferences/Animations/PlaybackClips/A_EN_PLAY_AC_EmpireSwordShield_JustGuardCounter_Combo_Step2 | /Game/_Art/Enemies/OtherRegions/Humanoids/EliteShield_SourceReferences/Animations/PlaybackClips/A_EN_PLAY_AC_EmpireSwordShield_SwordSwing_Combo1_Step2 | /Game/_Art/Enemies/OtherRegions/Humanoids/EliteShield_SourceReferences/Animations/PlaybackClips/A_EN_PLAY_AC_EmpireSwordShield_JustGuardCounter_empty_proto
EliteShield_SourceReferences,/Game/_Art/Enemies/OtherRegions/Humanoids/EliteShield_SourceReferences/Animations/SourceSequences/A_EN_SRC_CA_ESwordShield_SwordSwing_01_Step3,BBQ/Content/_Kazan_/Art/Character/CHA_Model/Monster_Human/Elite/Elite_M/Animation/ESwordShield/ESwordShield_New/CA_ESwordShield_SwordSwing_01_Step3,DeleteBackingSource,,,,/Game/_Art/Enemies/OtherRegions/Humanoids/EliteShield_SourceReferences/Animations/PlaybackClips/A_EN_PLAY_AC_EmpireSwordShield_JustGuardCounter_Combo2_Step1 | /Game/_Art/Enemies/OtherRegions/Humanoids/EliteShield_SourceReferences/Animations/PlaybackClips/A_EN_PLAY_AC_EmpireSwordShield_JustGuardCounter_Combo_Step3 | /Game/_Art/Enemies/OtherRegions/Humanoids/EliteShield_SourceReferences/Animations/PlaybackClips/A_EN_PLAY_AC_EmpireSwordShield_SwordSwing_Combo1_Step3 | /Game/_Art/Enemies/OtherRegions/Humanoids/EliteShield_SourceReferences/Animations/PlaybackClips/A_EN_PLAY_AC_EmpireSwordShield_JustGuardCounter_empty_proto
EliteShield_SourceReferences,/Game/_Art/Enemies/OtherRegions/Humanoids/EliteShield_SourceReferences/Animations/SourceSequences/A_EN_SRC_CA_ESwordShield_SwordSwing_01_Step4,BBQ/Content/_Kazan_/Art/Character/CHA_Model/Monster_Human/Elite/Elite_M/Animation/ESwordShield/ESwordShield_New/CA_ESwordShield_SwordSwing_01_Step4,DeleteBackingSource,,,,/Game/_Art/Enemies/OtherRegions/Humanoids/EliteShield_SourceReferences/Animations/PlaybackClips/A_EN_PLAY_AC_EmpireSwordShield_JustGuardCounter_Combo_Step1 | /Game/_Art/Enemies/OtherRegions/Humanoids/EliteShield_SourceReferences/Animations/PlaybackClips/A_EN_PLAY_AC_EmpireSwordShield_SwordSwing_Combo1_Step4 | /Game/_Art/Enemies/OtherRegions/Humanoids/EliteShield_SourceReferences/Animations/PlaybackClips/A_EN_PLAY_AC_EmpireSwordShield_JustGuardCounter_empty_proto
EliteShield_SourceReferences,/Game/_Art/Enemies/OtherRegions/Humanoids/EliteShield_SourceReferences/Animations/SourceSequences/A_EN_SRC_CA_ESwordShield_SwordSwing_02_Step1,BBQ/Content/_Kazan_/Art/Character/CHA_Model/Monster_Human/Elite/Elite_M/Animation/ESwordShield/ESwordShield_New/CA_ESwordShield_SwordSwing_02_Step1,DeleteBackingSource,,,,/Game/_Art/Enemies/OtherRegions/Humanoids/EliteShield_SourceReferences/Animations/PlaybackClips/A_EN_PLAY_AC_EmpireSwordShield_SwordSwing_Combo2_Step1 | /Game/_Art/Enemies/OtherRegions/Humanoids/EliteShield_SourceReferences/Animations/PlaybackClips/A_EN_PLAY_AC_EmpireSwordShield_JustGuardCounter_empty_proto
EliteShield_SourceReferences,/Game/_Art/Enemies/OtherRegions/Humanoids/EliteShield_SourceReferences/Animations/SourceSequences/A_EN_SRC_CA_ESwordShield_SwordSwing_02_Step2,BBQ/Content/_Kazan_/Art/Character/CHA_Model/Monster_Human/Elite/Elite_M/Animation/ESwordShield/ESwordShield_New/CA_ESwordShield_SwordSwing_02_Step2,DeleteBackingSource,,,,/Game/_Art/Enemies/OtherRegions/Humanoids/EliteShield_SourceReferences/Animations/PlaybackClips/A_EN_PLAY_AC_EmpireSwordShield_SwordSwing_Combo2_Step2 | /Game/_Art/Enemies/OtherRegions/Humanoids/EliteShield_SourceReferences/Animations/PlaybackClips/A_EN_PLAY_AC_EmpireSwordShield_JustGuardCounter_empty_proto
EliteShield_SourceReferences,/Game/_Art/Enemies/OtherRegions/Humanoids/EliteShield_SourceReferences/Animations/SourceSequences/A_EN_SRC_CA_ESwordShield_SwordSwing_03_Step1,BBQ/Content/_Kazan_/Art/Character/CHA_Model/Monster_Human/Elite/Elite_M/Animation/ESwordShield/ESwordShield_New/CA_ESwordShield_SwordSwing_03_Step1,DeleteBackingSource,,,,/Game/_Art/Enemies/OtherRegions/Humanoids/EliteShield_SourceReferences/Animations/PlaybackClips/A_EN_PLAY_AC_EmpireSwordShield_SwordSwing_Combo3_Step1
EliteShield_SourceReferences,/Game/_Art/Enemies/OtherRegions/Humanoids/EliteShield_SourceReferences/Animations/SourceSequences/A_EN_SRC_CA_ESwordShield_SwordSwing_03_Step2,BBQ/Content/_Kazan_/Art/Character/CHA_Model/Monster_Human/Elite/Elite_M/Animation/ESwordShield/ESwordShield_New/CA_ESwordShield_SwordSwing_03_Step2,DeleteBackingSource,,,,/Game/_Art/Enemies/OtherRegions/Humanoids/EliteShield_SourceReferences/Animations/PlaybackClips/A_EN_PLAY_AC_EmpireSwordShield_SwordSwing_Combo3_Step2
EliteShield_SourceReferences,/Game/_Art/Enemies/OtherRegions/Humanoids/EliteShield_SourceReferences/Animations/SourceSequences/A_EN_SRC_CA_ESwordShield_SwordSwing_03_Step3,BBQ/Content/_Kazan_/Art/Character/CHA_Model/Monster_Human/Elite/Elite_M/Animation/ESwordShield/ESwordShield_New/CA_ESwordShield_SwordSwing_03_Step3,DeleteBackingSource,,,,/Game/_Art/Enemies/OtherRegions/Humanoids/EliteShield_SourceReferences/Animations/PlaybackClips/A_EN_PLAY_AC_EmpireSwordShield_GuardCounter_Burst_Step4 | /Game/_Art/Enemies/OtherRegions/Humanoids/EliteShield_SourceReferences/Animations/PlaybackClips/A_EN_PLAY_AC_EmpireSwordShield_JustGuardCounter_Combo2_Step2 | /Game/_Art/Enemies/OtherRegions/Humanoids/EliteShield_SourceReferences/Animations/PlaybackClips/A_EN_PLAY_AC_EmpireSwordShield_SwordSwing_Combo3_Step3 | /Game/_Art/Enemies/OtherRegions/Humanoids/EliteShield_SourceReferences/Animations/PlaybackClips/A_EN_PLAY_AC_EmpireSwordShield_JustGuardCounter_empty_proto | /Game/_Art/Enemies/OtherRegions/Humanoids/EliteShield_SourceReferences/Animations/PlaybackClips/A_EN_PLAY_AC_EmpireSwordShield_BurstStrike
EliteShield_SourceReferences,/Game/_Art/Enemies/OtherRegions/Humanoids/EliteShield_SourceReferences/Animations/SourceSequences/A_EN_SRC_CA_ESwordShield_SwordSwing_Turn_L,BBQ/Content/_Kazan_/Art/Character/CHA_Model/Monster_Human/Elite/Elite_M/Animation/ESwordShield/ESwordShield_New/CA_ESwordShield_SwordSwing_Turn_L,DeleteBackingSource,,,,/Game/_Art/Enemies/OtherRegions/Humanoids/EliteShield_SourceReferences/Animations/PlaybackClips/A_EN_PLAY_AC_EmpireSwordShield_GuardCounter_Burst_Turn_L | /Game/_Art/Enemies/OtherRegions/Humanoids/EliteShield_SourceReferences/Animations/PlaybackClips/A_EN_PLAY_AC_EmpireSwordShield_SwordSwing_Turn_L | /Game/_Art/Enemies/OtherRegions/Humanoids/EliteShield_SourceReferences/Animations/PlaybackClips/A_EN_PLAY_AC_EmpireSwordShield_BurstStrike_Turn_F
EliteShield_SourceReferences,/Game/_Art/Enemies/OtherRegions/Humanoids/EliteShield_SourceReferences/Animations/SourceSequences/A_EN_SRC_CA_ESwordShield_SwordSwing_Turn_R,BBQ/Content/_Kazan_/Art/Character/CHA_Model/Monster_Human/Elite/Elite_M/Animation/ESwordShield/ESwordShield_New/CA_ESwordShield_SwordSwing_Turn_R,DeleteBackingSource,,,,/Game/_Art/Enemies/OtherRegions/Humanoids/EliteShield_SourceReferences/Animations/PlaybackClips/A_EN_PLAY_AC_EmpireSwordShield_SwordSwing_Turn_R
EliteShield_SourceReferences,/Game/_Art/Enemies/OtherRegions/Humanoids/EliteShield_SourceReferences/Animations/SourceSequences/A_EN_SRC_CA_ESwordShield_Turn_L,BBQ/Content/_Kazan_/Art/Character/CHA_Model/Monster_Human/Elite/Elite_M/Animation/ESwordShield/ESwordShield_New/CA_ESwordShield_Turn_L,DeleteBackingSource,,,,/Game/_Art/Enemies/OtherRegions/Humanoids/EliteShield_SourceReferences/Animations/PlaybackClips/A_EN_PLAY_AC_ESwordShield_Turn_L
EliteShield_SourceReferences,/Game/_Art/Enemies/OtherRegions/Humanoids/EliteShield_SourceReferences/Animations/SourceSequences/A_EN_SRC_CA_ESwordShield_Turn_L_180,BBQ/Content/_Kazan_/Art/Character/CHA_Model/Monster_Human/Elite/Elite_M/Animation/ESwordShield/ESwordShield_New/CA_ESwordShield_Turn_L_180,DeleteBackingSource,,,,/Game/_Art/Enemies/OtherRegions/Humanoids/EliteShield_SourceReferences/Animations/PlaybackClips/A_EN_PLAY_AC_ESwordShield_Turn_L_180
EliteShield_SourceReferences,/Game/_Art/Enemies/OtherRegions/Humanoids/EliteShield_SourceReferences/Animations/SourceSequences/A_EN_SRC_CA_ESwordShield_Turn_R,BBQ/Content/_Kazan_/Art/Character/CHA_Model/Monster_Human/Elite/Elite_M/Animation/ESwordShield/ESwordShield_New/CA_ESwordShield_Turn_R,DeleteBackingSource,,,,/Game/_Art/Enemies/OtherRegions/Humanoids/EliteShield_SourceReferences/Animations/PlaybackClips/A_EN_PLAY_AC_ESwordShield_Turn_R
EliteShield_SourceReferences,/Game/_Art/Enemies/OtherRegions/Humanoids/EliteShield_SourceReferences/Animations/SourceSequences/A_EN_SRC_CA_ESwordShield_Turn_R_180,BBQ/Content/_Kazan_/Art/Character/CHA_Model/Monster_Human/Elite/Elite_M/Animation/ESwordShield/ESwordShield_New/CA_ESwordShield_Turn_R_180,DeleteBackingSource,,,,/Game/_Art/Enemies/OtherRegions/Humanoids/EliteShield_SourceReferences/Animations/PlaybackClips/A_EN_PLAY_AC_ESwordShield_Turn_R_180
EliteShield_SourceReferences,/Game/_Art/Enemies/OtherRegions/Humanoids/EliteShield_SourceReferences/Animations/SourceSequences/A_EN_SRC_CA_ESwordShield_Walk_F,BBQ/Content/_Kazan_/Art/Character/CHA_Model/Monster_Human/Elite/Elite_M/Animation/ESwordShield/ESwordShield_New/CA_ESwordShield_Walk_F,RetainOriginal,OriginalDirectConsumerNotReplaced,,BBQ/Content/_Kazan_/Design/Monster/Human/Empire/Empire_SwordShield_E/Moving/Move/BS_Empire_SwordShield_E_NormalMove:Properties.SampleData[2].Animation.ObjectPath,/Game/_Art/Enemies/OtherRegions/Humanoids/EliteShield_SourceReferences/Animations/PlaybackClips/A_EN_PLAY_AC_ESwordShield_Walk_F | /Game/_Art/Enemies/OtherRegions/Humanoids/EliteShield_SourceReferences/Animations/PlaybackClips/A_EN_PLAY_AC_EmpireSwordShield_E_Walk_F
EliteShield_SourceReferences,/Game/_Art/Enemies/OtherRegions/Humanoids/EliteShield_SourceReferences/Animations/SourceSequences/A_EN_SRC_CA_M_Human_Elite_M_ESwordShield_Vigilant_FreakOut,BBQ/Content/_Kazan_/Art/Character/CHA_Model/Monster_Human/Elite/Elite_M/Animation/ESwordShield/ESwordShield_New/CA_M_Human_Elite_M_ESwordShield_Vigilant_FreakOut,DeleteBackingSource,,,,/Game/_Art/Enemies/OtherRegions/Humanoids/EliteShield_SourceReferences/Animations/PlaybackClips/A_EN_PLAY_AC_EmpireSwordShield_E_Vigilant_FreakOut_Armed
EliteShield_SourceReferences,/Game/_Art/Enemies/OtherRegions/Humanoids/EliteShield_SourceReferences/Animations/SourceSequences/A_EN_SRC_CA_M_Human_Elite_M_ESwordShield_Vigilant_LookAround,BBQ/Content/_Kazan_/Art/Character/CHA_Model/Monster_Human/Elite/Elite_M/Animation/ESwordShield/ESwordShield_New/CA_M_Human_Elite_M_ESwordShield_Vigilant_LookAround,DeleteBackingSource,,,,/Game/_Art/Enemies/OtherRegions/Humanoids/EliteShield_SourceReferences/Animations/PlaybackClips/A_EN_PLAY_AC_EmpireSwordShield_E_Vigilant_LookAround
SharedSourceReferences,/Game/_Art/Enemies/HeinMach/Humanoids/SharedSourceReferences/Animations/SourceSequences/A_EN_SRC_CA_M_Human_Elite_M_PicaClub_DamageFinalBlow,BBQ/Content/_Kazan_/Art/Character/CHA_Model/Monster_Human/Elite/Elite_M/Animation/PicaClub/CA_M_Human_Elite_M_PicaClub_DamageFinalBlow,DeleteBackingSource,,,,/Game/_Art/Enemies/OtherRegions/Humanoids/EliteShield_SourceReferences/Animations/PlaybackClips/A_EN_PLAY_AC_M_Human_Elite_M_PicaClub_DamageFinalBlow
HalberdElite,/Game/_Art/Enemies/HeinMach/Humanoids/HalberdElite/Animations/SourceSequences/A_EN_SRC_CA_M_EmpireHalberd_ChargeAttack_End,BBQ/Content/_Kazan_/Art/Character/CHA_Model/Monster_Human/Named/Halberd/Animation/CA_M_EmpireHalberd_ChargeAttack_End,DeleteBackingSource,,,,/Game/_Art/Enemies/HeinMach/Humanoids/HalberdElite/Animations/PlaybackClips/A_EN_PLAY_AC_EmpireHalberd_E_ChargeAttack_End_New
HalberdElite,/Game/_Art/Enemies/HeinMach/Humanoids/HalberdElite/Animations/SourceSequences/A_EN_SRC_CA_M_EmpireHalberd_GuardAttack_01,BBQ/Content/_Kazan_/Art/Character/CHA_Model/Monster_Human/Named/Halberd/Animation/CA_M_EmpireHalberd_GuardAttack_01,DeleteBackingSource,,,,/Game/_Art/Enemies/HeinMach/Humanoids/HalberdElite/Animations/PlaybackClips/A_EN_PLAY_AC_EmpireHalberd_E_GuardCounter_Upper
HalberdElite,/Game/_Art/Enemies/HeinMach/Humanoids/HalberdElite/Animations/SourceSequences/A_EN_SRC_CA_M_EmpireHalberd_GuardAttack_02,BBQ/Content/_Kazan_/Art/Character/CHA_Model/Monster_Human/Named/Halberd/Animation/CA_M_EmpireHalberd_GuardAttack_02,DeleteBackingSource,,,,/Game/_Art/Enemies/HeinMach/Humanoids/HalberdElite/Animations/PlaybackClips/A_EN_PLAY_AC_EmpireHalberd_E_GuardCounter_Down
HalberdElite,/Game/_Art/Enemies/HeinMach/Humanoids/HalberdElite/Animations/SourceSequences/A_EN_SRC_CA_M_EmpireHalberd_Smash_End,BBQ/Content/_Kazan_/Art/Character/CHA_Model/Monster_Human/Named/Halberd/Animation/CA_M_EmpireHalberd_Smash_End,DeleteBackingSource,,,,/Game/_Art/Enemies/HeinMach/Humanoids/HalberdElite/Animations/PlaybackClips/A_EN_PLAY_AC_EmpireHalberd_E_Smash_End_New
HalberdElite,/Game/_Art/Enemies/HeinMach/Humanoids/HalberdElite/Animations/SourceSequences/A_EN_SRC_CA_M_EmpireHalberd_Smash_Start,BBQ/Content/_Kazan_/Art/Character/CHA_Model/Monster_Human/Named/Halberd/Animation/CA_M_EmpireHalberd_Smash_Start,DeleteBackingSource,,,,/Game/_Art/Enemies/HeinMach/Humanoids/HalberdElite/Animations/PlaybackClips/A_EN_PLAY_AC_EmpireHalberd_E_Smash_Start
HalberdElite,/Game/_Art/Enemies/HeinMach/Humanoids/HalberdElite/Animations/SourceSequences/A_EN_SRC_CA_M_EmpireHalberd_SprintSwing_End,BBQ/Content/_Kazan_/Art/Character/CHA_Model/Monster_Human/Named/Halberd/Animation/CA_M_EmpireHalberd_SprintSwing_End,DeleteBackingSource,,,,/Game/_Art/Enemies/HeinMach/Humanoids/HalberdElite/Animations/PlaybackClips/A_EN_PLAY_AC_EmpireHalberd_E_SprintSwing_End | /Game/_Art/Enemies/HeinMach/Humanoids/HalberdElite/Animations/PlaybackClips/A_EN_PLAY_AC_EmpireHalberd_E_Early_SprintSwing_End
HalberdElite,/Game/_Art/Enemies/HeinMach/Humanoids/HalberdElite/Animations/SourceSequences/A_EN_SRC_CA_M_EmpireHalberd_Swing_01,BBQ/Content/_Kazan_/Art/Character/CHA_Model/Monster_Human/Named/Halberd/Animation/CA_M_EmpireHalberd_Swing_01,DeleteBackingSource,,,,/Game/_Art/Enemies/HeinMach/Humanoids/HalberdElite/Animations/PlaybackClips/A_EN_PLAY_AC_EmpireHalberd_E_Swing_01_New | /Game/_Art/Enemies/HeinMach/Humanoids/HalberdElite/Animations/PlaybackClips/A_EN_PLAY_AC_EmpireHalberd_E_Early_Swing_01
HalberdElite,/Game/_Art/Enemies/HeinMach/Humanoids/HalberdElite/Animations/SourceSequences/A_EN_SRC_CA_M_EmpireHalberd_Swing_02,BBQ/Content/_Kazan_/Art/Character/CHA_Model/Monster_Human/Named/Halberd/Animation/CA_M_EmpireHalberd_Swing_02,DeleteBackingSource,,,,/Game/_Art/Enemies/HeinMach/Humanoids/HalberdElite/Animations/PlaybackClips/A_EN_PLAY_AC_EmpireHalberd_E_Swing_02_New | /Game/_Art/Enemies/HeinMach/Humanoids/HalberdElite/Animations/PlaybackClips/A_EN_PLAY_AC_EmpireHalberd_E_Early_Swing_02
HalberdElite,/Game/_Art/Enemies/HeinMach/Humanoids/HalberdElite/Animations/SourceSequences/A_EN_SRC_CA_M_EmpireHalberd_Swing_03,BBQ/Content/_Kazan_/Art/Character/CHA_Model/Monster_Human/Named/Halberd/Animation/CA_M_EmpireHalberd_Swing_03,DeleteBackingSource,,,,/Game/_Art/Enemies/HeinMach/Humanoids/HalberdElite/Animations/PlaybackClips/A_EN_PLAY_AC_EmpireHalberd_E_Swing_03_New | /Game/_Art/Enemies/HeinMach/Humanoids/HalberdElite/Animations/PlaybackClips/A_EN_PLAY_AC_EmpireHalberd_E_Early_Swing_03
HalberdElite,/Game/_Art/Enemies/HeinMach/Humanoids/HalberdElite/Animations/SourceSequences/A_EN_SRC_CA_M_Halberd_BackDash,BBQ/Content/_Kazan_/Art/Character/CHA_Model/Monster_Human/Named/Halberd/Animation/CA_M_Halberd_BackDash,DeleteBackingSource,,,,/Game/_Art/Enemies/HeinMach/Humanoids/HalberdElite/Animations/PlaybackClips/A_EN_PLAY_AC_EmpireHalberd_E_BackDashCounter_Start
HalberdElite,/Game/_Art/Enemies/HeinMach/Humanoids/HalberdElite/Animations/SourceSequences/A_EN_SRC_CA_M_Halberd_ChargeAttack_End,BBQ/Content/_Kazan_/Art/Character/CHA_Model/Monster_Human/Named/Halberd/Animation/CA_M_Halberd_ChargeAttack_End,DeleteBackingSource,,,,/Game/_Art/Enemies/HeinMach/Humanoids/HalberdElite/Animations/PlaybackClips/A_EN_PLAY_AC_EmpireHalberd_E_ChargeAttack_End
HalberdElite,/Game/_Art/Enemies/HeinMach/Humanoids/HalberdElite/Animations/SourceSequences/A_EN_SRC_CA_M_Halberd_ChargeAttack_Loop,BBQ/Content/_Kazan_/Art/Character/CHA_Model/Monster_Human/Named/Halberd/Animation/CA_M_Halberd_ChargeAttack_Loop,DeleteBackingSource,,,,/Game/_Art/Enemies/HeinMach/Humanoids/HalberdElite/Animations/PlaybackClips/A_EN_PLAY_AC_EmpireHalberd_E_ChargeAttack_Loop
HalberdElite,/Game/_Art/Enemies/HeinMach/Humanoids/HalberdElite/Animations/SourceSequences/A_EN_SRC_CA_M_Halberd_ChargeAttack_Start,BBQ/Content/_Kazan_/Art/Character/CHA_Model/Monster_Human/Named/Halberd/Animation/CA_M_Halberd_ChargeAttack_Start,DeleteBackingSource,,,,/Game/_Art/Enemies/HeinMach/Humanoids/HalberdElite/Animations/PlaybackClips/A_EN_PLAY_AC_EmpireHalberd_E_ChargeAttack_Start | /Game/_Art/Enemies/HeinMach/Humanoids/HalberdElite/Animations/PlaybackClips/A_EN_PLAY_AC_EmpireHalberd_E_ChargeAttack_Start_Fast
HalberdElite,/Game/_Art/Enemies/HeinMach/Humanoids/HalberdElite/Animations/SourceSequences/A_EN_SRC_CA_M_Halberd_DamFinalBlow,BBQ/Content/_Kazan_/Art/Character/CHA_Model/Monster_Human/Named/Halberd/Animation/CA_M_Halberd_DamFinalBlow,DeleteBackingSource,,,,/Game/_Art/Enemies/HeinMach/Humanoids/HalberdElite/Animations/PlaybackClips/A_EN_PLAY_AC_EmpireHalberd_E_DamFinalblow
HalberdElite,/Game/_Art/Enemies/HeinMach/Humanoids/HalberdElite/Animations/SourceSequences/A_EN_SRC_CA_M_Halberd_DamageAir_B,BBQ/Content/_Kazan_/Art/Character/CHA_Model/Monster_Human/Named/Halberd/Animation/CA_M_Halberd_DamageAir_B,DeleteBackingSource,,,,/Game/_Art/Enemies/HeinMach/Humanoids/HalberdElite/Animations/PlaybackClips/A_EN_PLAY_AC_EmpireHalberd_E_DamageAir_B_Down | /Game/_Art/Enemies/HeinMach/Humanoids/HalberdElite/Animations/PlaybackClips/A_EN_PLAY_AC_EmpireHalberd_E_DamageAir_B_Land | /Game/_Art/Enemies/HeinMach/Humanoids/HalberdElite/Animations/PlaybackClips/A_EN_PLAY_AC_EmpireHalberd_E_DamageAir_B_Peak | /Game/_Art/Enemies/HeinMach/Humanoids/HalberdElite/Animations/PlaybackClips/A_EN_PLAY_AC_EmpireHalberd_E_DamageAir_B_Up
HalberdElite,/Game/_Art/Enemies/HeinMach/Humanoids/HalberdElite/Animations/SourceSequences/A_EN_SRC_CA_M_Halberd_DamageAir_F,BBQ/Content/_Kazan_/Art/Character/CHA_Model/Monster_Human/Named/Halberd/Animation/CA_M_Halberd_DamageAir_F,DeleteBackingSource,,,,/Game/_Art/Enemies/HeinMach/Humanoids/HalberdElite/Animations/PlaybackClips/A_EN_PLAY_AC_EmpireHalberd_E_DamageAir_F_Down | /Game/_Art/Enemies/HeinMach/Humanoids/HalberdElite/Animations/PlaybackClips/A_EN_PLAY_AC_EmpireHalberd_E_DamageAir_F_Land | /Game/_Art/Enemies/HeinMach/Humanoids/HalberdElite/Animations/PlaybackClips/A_EN_PLAY_AC_EmpireHalberd_E_DamageAir_F_Peak | /Game/_Art/Enemies/HeinMach/Humanoids/HalberdElite/Animations/PlaybackClips/A_EN_PLAY_AC_EmpireHalberd_E_DamageAir_F_Up
HalberdElite,/Game/_Art/Enemies/HeinMach/Humanoids/HalberdElite/Animations/SourceSequences/A_EN_SRC_CA_M_Halberd_DamageGrapple_Atk_01,BBQ/Content/_Kazan_/Art/Character/CHA_Model/Monster_Human/Named/Halberd/Animation/CA_M_Halberd_DamageGrapple_Atk_01,DeleteBackingSource,,,,/Game/_Art/Enemies/HeinMach/Humanoids/HalberdElite/Animations/PlaybackClips/A_EN_PLAY_AC_EmpireHalberd_E_DamageGrapple_Atk_01
HalberdElite,/Game/_Art/Enemies/HeinMach/Humanoids/HalberdElite/Animations/SourceSequences/A_EN_SRC_CA_M_Halberd_DamageGrapple_Atk_02,BBQ/Content/_Kazan_/Art/Character/CHA_Model/Monster_Human/Named/Halberd/Animation/CA_M_Halberd_DamageGrapple_Atk_02,DeleteBackingSource,,,,/Game/_Art/Enemies/HeinMach/Humanoids/HalberdElite/Animations/PlaybackClips/A_EN_PLAY_AC_EmpireHalberd_E_DamageFinalBlow | /Game/_Art/Enemies/HeinMach/Humanoids/HalberdElite/Animations/PlaybackClips/A_EN_PLAY_AC_EmpireHalberd_E_DamageGrapple_Atk_02
HalberdElite,/Game/_Art/Enemies/HeinMach/Humanoids/HalberdElite/Animations/SourceSequences/A_EN_SRC_CA_M_Halberd_DamageGrapple_Atk_B_01,BBQ/Content/_Kazan_/Art/Character/CHA_Model/Monster_Human/Named/Halberd/Animation/CA_M_Halberd_DamageGrapple_Atk_B_01,DeleteBackingSource,,,,/Game/_Art/Enemies/HeinMach/Humanoids/HalberdElite/Animations/PlaybackClips/A_EN_PLAY_AC_EmpireHalberd_DamageGrapple_Atk_B_01
HalberdElite,/Game/_Art/Enemies/HeinMach/Humanoids/HalberdElite/Animations/SourceSequences/A_EN_SRC_CA_M_Halberd_DamageGrapple_Atk_B_02,BBQ/Content/_Kazan_/Art/Character/CHA_Model/Monster_Human/Named/Halberd/Animation/CA_M_Halberd_DamageGrapple_Atk_B_02,DeleteBackingSource,,,,/Game/_Art/Enemies/HeinMach/Humanoids/HalberdElite/Animations/PlaybackClips/A_EN_PLAY_AC_EmpireHalberd_DamageGrapple_Atk_B_02
HalberdElite,/Game/_Art/Enemies/HeinMach/Humanoids/HalberdElite/Animations/SourceSequences/A_EN_SRC_CA_M_Halberd_DamageNormal_D_B,BBQ/Content/_Kazan_/Art/Character/CHA_Model/Monster_Human/Named/Halberd/Animation/CA_M_Halberd_DamageNormal_D_B,DeleteBackingSource,,,,/Game/_Art/Enemies/HeinMach/Humanoids/HalberdElite/Animations/PlaybackClips/A_EN_PLAY_AC_EmpireHalberd_E_DamageNormal_D_B
HalberdElite,/Game/_Art/Enemies/HeinMach/Humanoids/HalberdElite/Animations/SourceSequences/A_EN_SRC_CA_M_Halberd_DamageNormal_L_F,BBQ/Content/_Kazan_/Art/Character/CHA_Model/Monster_Human/Named/Halberd/Animation/CA_M_Halberd_DamageNormal_L_F,DeleteBackingSource,,,,/Game/_Art/Enemies/HeinMach/Humanoids/HalberdElite/Animations/PlaybackClips/A_EN_PLAY_AC_EmpireHalberd_E_DamageNormal_L_F
HalberdElite,/Game/_Art/Enemies/HeinMach/Humanoids/HalberdElite/Animations/SourceSequences/A_EN_SRC_CA_M_Halberd_DamageNormal_R_F,BBQ/Content/_Kazan_/Art/Character/CHA_Model/Monster_Human/Named/Halberd/Animation/CA_M_Halberd_DamageNormal_R_F,DeleteBackingSource,,,,/Game/_Art/Enemies/HeinMach/Humanoids/HalberdElite/Animations/PlaybackClips/A_EN_PLAY_AC_EmpireHalberd_E_DamageNormal_R_F
HalberdElite,/Game/_Art/Enemies/HeinMach/Humanoids/HalberdElite/Animations/SourceSequences/A_EN_SRC_CA_M_Halberd_DamageNormal_U_B,BBQ/Content/_Kazan_/Art/Character/CHA_Model/Monster_Human/Named/Halberd/Animation/CA_M_Halberd_DamageNormal_U_B,DeleteBackingSource,,,,/Game/_Art/Enemies/HeinMach/Humanoids/HalberdElite/Animations/PlaybackClips/A_EN_PLAY_AC_EmpireHalberd_E_DamageNormal_U_B
HalberdElite,/Game/_Art/Enemies/HeinMach/Humanoids/HalberdElite/Animations/SourceSequences/A_EN_SRC_CA_M_Halberd_DamageNormal_U_F,BBQ/Content/_Kazan_/Art/Character/CHA_Model/Monster_Human/Named/Halberd/Animation/CA_M_Halberd_DamageNormal_U_F,DeleteBackingSource,,,,/Game/_Art/Enemies/HeinMach/Humanoids/HalberdElite/Animations/PlaybackClips/A_EN_PLAY_AC_EmpireHalberd_E_DamageNormal_D_F | /Game/_Art/Enemies/HeinMach/Humanoids/HalberdElite/Animations/PlaybackClips/A_EN_PLAY_AC_EmpireHalberd_E_DamageNormal_U_F
HalberdElite,/Game/_Art/Enemies/HeinMach/Humanoids/HalberdElite/Animations/SourceSequences/A_EN_SRC_CA_M_Halberd_DamageParry_F,BBQ/Content/_Kazan_/Art/Character/CHA_Model/Monster_Human/Named/Halberd/Animation/CA_M_Halberd_DamageParry_F,DeleteBackingSource,,,,/Game/_Art/Enemies/HeinMach/Humanoids/HalberdElite/Animations/PlaybackClips/A_EN_PLAY_AC_EmpireHalberd_E_DamageParry_F | /Game/_Art/Enemies/HeinMach/Humanoids/HalberdElite/Animations/PlaybackClips/A_EN_PLAY_AC_EmpireHalberd_E_BackDashCounter_Parried | /Game/_Art/Enemies/HeinMach/Humanoids/HalberdElite/Animations/PlaybackClips/A_EN_PLAY_AC_EmpireHalberd_E_GuardCounter_Parried
HalberdElite,/Game/_Art/Enemies/HeinMach/Humanoids/HalberdElite/Animations/SourceSequences/A_EN_SRC_CA_M_Halberd_DamageStrong_D_F,BBQ/Content/_Kazan_/Art/Character/CHA_Model/Monster_Human/Named/Halberd/Animation/CA_M_Halberd_DamageStrong_D_F,DeleteBackingSource,,,,/Game/_Art/Enemies/HeinMach/Humanoids/HalberdElite/Animations/PlaybackClips/A_EN_PLAY_AC_EmpireHalberd_E_DamageStrong_D_F
HalberdElite,/Game/_Art/Enemies/HeinMach/Humanoids/HalberdElite/Animations/SourceSequences/A_EN_SRC_CA_M_Halberd_DamageStrong_D_F2,BBQ/Content/_Kazan_/Art/Character/CHA_Model/Monster_Human/Named/Halberd/Animation/CA_M_Halberd_DamageStrong_D_F2,DeleteBackingSource,,,,/Game/_Art/Enemies/HeinMach/Humanoids/HalberdElite/Animations/PlaybackClips/A_EN_PLAY_AC_EmpireHalberd_E_DamageStrong_D_F_2
HalberdElite,/Game/_Art/Enemies/HeinMach/Humanoids/HalberdElite/Animations/SourceSequences/A_EN_SRC_CA_M_Halberd_DamageStrong_L_F,BBQ/Content/_Kazan_/Art/Character/CHA_Model/Monster_Human/Named/Halberd/Animation/CA_M_Halberd_DamageStrong_L_F,DeleteBackingSource,,,,/Game/_Art/Enemies/HeinMach/Humanoids/HalberdElite/Animations/PlaybackClips/A_EN_PLAY_AC_EmpireHalberd_E_DamageStrong_L_F
HalberdElite,/Game/_Art/Enemies/HeinMach/Humanoids/HalberdElite/Animations/SourceSequences/A_EN_SRC_CA_M_Halberd_DamageStrong_R_F,BBQ/Content/_Kazan_/Art/Character/CHA_Model/Monster_Human/Named/Halberd/Animation/CA_M_Halberd_DamageStrong_R_F,DeleteBackingSource,,,,/Game/_Art/Enemies/HeinMach/Humanoids/HalberdElite/Animations/PlaybackClips/A_EN_PLAY_AC_EmpireHalberd_E_DamageStrong_R_F
HalberdElite,/Game/_Art/Enemies/HeinMach/Humanoids/HalberdElite/Animations/SourceSequences/A_EN_SRC_CA_M_Halberd_DamageStrong_U_F,BBQ/Content/_Kazan_/Art/Character/CHA_Model/Monster_Human/Named/Halberd/Animation/CA_M_Halberd_DamageStrong_U_F,DeleteBackingSource,,,,/Game/_Art/Enemies/HeinMach/Humanoids/HalberdElite/Animations/PlaybackClips/A_EN_PLAY_AC_EmpireHalberd_E_DamageStrong_U_F
HalberdElite,/Game/_Art/Enemies/HeinMach/Humanoids/HalberdElite/Animations/SourceSequences/A_EN_SRC_CA_M_Halberd_DamageWeak_D_F,BBQ/Content/_Kazan_/Art/Character/CHA_Model/Monster_Human/Named/Halberd/Animation/CA_M_Halberd_DamageWeak_D_F,DeleteBackingSource,,,,/Game/_Art/Enemies/HeinMach/Humanoids/HalberdElite/Animations/PlaybackClips/A_EN_PLAY_AC_EmpireHalberd_E_DamageWeak_D_F
HalberdElite,/Game/_Art/Enemies/HeinMach/Humanoids/HalberdElite/Animations/SourceSequences/A_EN_SRC_CA_M_Halberd_DamageWeak_L_F,BBQ/Content/_Kazan_/Art/Character/CHA_Model/Monster_Human/Named/Halberd/Animation/CA_M_Halberd_DamageWeak_L_F,DeleteBackingSource,,,,/Game/_Art/Enemies/HeinMach/Humanoids/HalberdElite/Animations/PlaybackClips/A_EN_PLAY_AC_EmpireHalberd_E_DamageWeak_L_F
HalberdElite,/Game/_Art/Enemies/HeinMach/Humanoids/HalberdElite/Animations/SourceSequences/A_EN_SRC_CA_M_Halberd_DamageWeak_R_F,BBQ/Content/_Kazan_/Art/Character/CHA_Model/Monster_Human/Named/Halberd/Animation/CA_M_Halberd_DamageWeak_R_F,DeleteBackingSource,,,,/Game/_Art/Enemies/HeinMach/Humanoids/HalberdElite/Animations/PlaybackClips/A_EN_PLAY_AC_EmpireHalberd_E_DamageWeak_R_F
HalberdElite,/Game/_Art/Enemies/HeinMach/Humanoids/HalberdElite/Animations/SourceSequences/A_EN_SRC_CA_M_Halberd_DamageWeak_U_F,BBQ/Content/_Kazan_/Art/Character/CHA_Model/Monster_Human/Named/Halberd/Animation/CA_M_Halberd_DamageWeak_U_F,DeleteBackingSource,,,,/Game/_Art/Enemies/HeinMach/Humanoids/HalberdElite/Animations/PlaybackClips/A_EN_PLAY_AC_EmpireHalberd_E_DamageWeak_U_F
HalberdElite,/Game/_Art/Enemies/HeinMach/Humanoids/HalberdElite/Animations/SourceSequences/A_EN_SRC_CA_M_Halberd_Die_F,BBQ/Content/_Kazan_/Art/Character/CHA_Model/Monster_Human/Named/Halberd/Animation/CA_M_Halberd_Die_F,DeleteBackingSource,,,,/Game/_Art/Enemies/HeinMach/Humanoids/HalberdElite/Animations/PlaybackClips/A_EN_PLAY_AC_EmpireHalberd_E_Die_F
HalberdElite,/Game/_Art/Enemies/HeinMach/Humanoids/HalberdElite/Animations/SourceSequences/A_EN_SRC_CA_M_Halberd_DownUpperSlash_01,BBQ/Content/_Kazan_/Art/Character/CHA_Model/Monster_Human/Named/Halberd/Animation/CA_M_Halberd_DownUpperSlash_01,DeleteBackingSource,,,,/Game/_Art/Enemies/HeinMach/Humanoids/HalberdElite/Animations/PlaybackClips/A_EN_PLAY_AC_EmpireHalberd_E_DownUpperSlash_01
HalberdElite,/Game/_Art/Enemies/HeinMach/Humanoids/HalberdElite/Animations/SourceSequences/A_EN_SRC_CA_M_Halberd_DownUpperSlash_02,BBQ/Content/_Kazan_/Art/Character/CHA_Model/Monster_Human/Named/Halberd/Animation/CA_M_Halberd_DownUpperSlash_02,DeleteBackingSource,,,,/Game/_Art/Enemies/HeinMach/Humanoids/HalberdElite/Animations/PlaybackClips/A_EN_PLAY_AC_EmpireHalberd_E_DownUpperSlash_02
HalberdElite,/Game/_Art/Enemies/HeinMach/Humanoids/HalberdElite/Animations/SourceSequences/A_EN_SRC_CA_M_Halberd_Down_B_Loop,BBQ/Content/_Kazan_/Art/Character/CHA_Model/Monster_Human/Named/Halberd/Animation/CA_M_Halberd_Down_B_Loop,DeleteBackingSource,,,,/Game/_Art/Enemies/HeinMach/Humanoids/HalberdElite/Animations/PlaybackClips/A_EN_PLAY_AC_EmpireHalberd_E_Down_B_Loop
HalberdElite,/Game/_Art/Enemies/HeinMach/Humanoids/HalberdElite/Animations/SourceSequences/A_EN_SRC_CA_M_Halberd_Down_F_Loop,BBQ/Content/_Kazan_/Art/Character/CHA_Model/Monster_Human/Named/Halberd/Animation/CA_M_Halberd_Down_F_Loop,DeleteBackingSource,,,,/Game/_Art/Enemies/HeinMach/Humanoids/HalberdElite/Animations/PlaybackClips/A_EN_PLAY_AC_EmpireHalberd_E_Down_F_Loop
HalberdElite,/Game/_Art/Enemies/HeinMach/Humanoids/HalberdElite/Animations/SourceSequences/A_EN_SRC_CA_M_Halberd_FreakOutWithWeapon,BBQ/Content/_Kazan_/Art/Character/CHA_Model/Monster_Human/Named/Halberd/Animation/CA_M_Halberd_FreakOutWithWeapon,DeleteBackingSource,,,,/Game/_Art/Enemies/HeinMach/Humanoids/HalberdElite/Animations/PlaybackClips/A_EN_PLAY_AC_EmpireHalberd_E_Vigilant_FreakOut_Armed
HalberdElite,/Game/_Art/Enemies/HeinMach/Humanoids/HalberdElite/Animations/SourceSequences/A_EN_SRC_CA_M_Halberd_Getup_B,BBQ/Content/_Kazan_/Art/Character/CHA_Model/Monster_Human/Named/Halberd/Animation/CA_M_Halberd_Getup_B,DeleteBackingSource,,,,/Game/_Art/Enemies/HeinMach/Humanoids/HalberdElite/Animations/PlaybackClips/A_EN_PLAY_AC_EmpireHalberd_E_Getup_B
HalberdElite,/Game/_Art/Enemies/HeinMach/Humanoids/HalberdElite/Animations/SourceSequences/A_EN_SRC_CA_M_Halberd_Getup_F,BBQ/Content/_Kazan_/Art/Character/CHA_Model/Monster_Human/Named/Halberd/Animation/CA_M_Halberd_Getup_F,DeleteBackingSource,,,,/Game/_Art/Enemies/HeinMach/Humanoids/HalberdElite/Animations/PlaybackClips/A_EN_PLAY_AC_EmpireHalberd_E_Getup_F
HalberdElite,/Game/_Art/Enemies/HeinMach/Humanoids/HalberdElite/Animations/SourceSequences/A_EN_SRC_CA_M_Halberd_Groggy_F_End,BBQ/Content/_Kazan_/Art/Character/CHA_Model/Monster_Human/Named/Halberd/Animation/CA_M_Halberd_Groggy_F_End,DeleteBackingSource,,,,/Game/_Art/Enemies/HeinMach/Humanoids/HalberdElite/Animations/PlaybackClips/A_EN_PLAY_AC_EmpireHalberd_E_Groggy_F_End
HalberdElite,/Game/_Art/Enemies/HeinMach/Humanoids/HalberdElite/Animations/SourceSequences/A_EN_SRC_CA_M_Halberd_Groggy_F_Loop,BBQ/Content/_Kazan_/Art/Character/CHA_Model/Monster_Human/Named/Halberd/Animation/CA_M_Halberd_Groggy_F_Loop,DeleteBackingSource,,,,/Game/_Art/Enemies/HeinMach/Humanoids/HalberdElite/Animations/PlaybackClips/A_EN_PLAY_AC_EmpireHalberd_E_Groggy_F_Loop
HalberdElite,/Game/_Art/Enemies/HeinMach/Humanoids/HalberdElite/Animations/SourceSequences/A_EN_SRC_CA_M_Halberd_Groggy_F_Start,BBQ/Content/_Kazan_/Art/Character/CHA_Model/Monster_Human/Named/Halberd/Animation/CA_M_Halberd_Groggy_F_Start,DeleteBackingSource,,,,/Game/_Art/Enemies/HeinMach/Humanoids/HalberdElite/Animations/PlaybackClips/A_EN_PLAY_AC_EmpireHalberd_E_Groggy_F_Start
HalberdElite,/Game/_Art/Enemies/HeinMach/Humanoids/HalberdElite/Animations/SourceSequences/A_EN_SRC_CA_M_Halberd_Guard_F_End,BBQ/Content/_Kazan_/Art/Character/CHA_Model/Monster_Human/Named/Halberd/Animation/CA_M_Halberd_Guard_F_End,DeleteBackingSource,,,,/Game/_Art/Enemies/HeinMach/Humanoids/HalberdElite/Animations/PlaybackClips/A_EN_PLAY_AC_EmpireHalberd_E_Guard_Brk_End | /Game/_Art/Enemies/HeinMach/Humanoids/HalberdElite/Animations/PlaybackClips/A_EN_PLAY_AC_EmpireHalberd_E_Guard_End | /Game/_Art/Enemies/HeinMach/Humanoids/HalberdElite/Animations/PlaybackClips/A_EN_PLAY_AC_EmpireHalberd_E_GuardCounter_Failed | /Game/_Art/Enemies/HeinMach/Humanoids/HalberdElite/Animations/PlaybackClips/A_EN_PLAY_AC_EmpireHalberd_E_RoundAttack_Start
HalberdElite,/Game/_Art/Enemies/HeinMach/Humanoids/HalberdElite/Animations/SourceSequences/A_EN_SRC_CA_M_Halberd_Guard_F_Guard_F_Brk,BBQ/Content/_Kazan_/Art/Character/CHA_Model/Monster_Human/Named/Halberd/Animation/CA_M_Halberd_Guard_F_Guard_F_Brk,DeleteBackingSource,,,,/Game/_Art/Enemies/HeinMach/Humanoids/HalberdElite/Animations/PlaybackClips/A_EN_PLAY_AC_EmpireHalberd_E_Guard_Brk
HalberdElite,/Game/_Art/Enemies/HeinMach/Humanoids/HalberdElite/Animations/SourceSequences/A_EN_SRC_CA_M_Halberd_Guard_F_Guard_F_Suc,BBQ/Content/_Kazan_/Art/Character/CHA_Model/Monster_Human/Named/Halberd/Animation/CA_M_Halberd_Guard_F_Guard_F_Suc,DeleteBackingSource,,,,/Game/_Art/Enemies/HeinMach/Humanoids/HalberdElite/Animations/PlaybackClips/A_EN_PLAY_AC_EmpireHalberd_E_Guard_Suc | /Game/_Art/Enemies/HeinMach/Humanoids/HalberdElite/Animations/PlaybackClips/A_EN_PLAY_AC_EmpireHalberd_E_GuardCounter_Start
HalberdElite,/Game/_Art/Enemies/HeinMach/Humanoids/HalberdElite/Animations/SourceSequences/A_EN_SRC_CA_M_Halberd_Guard_F_Loop,BBQ/Content/_Kazan_/Art/Character/CHA_Model/Monster_Human/Named/Halberd/Animation/CA_M_Halberd_Guard_F_Loop,DeleteBackingSource,,,,/Game/_Art/Enemies/HeinMach/Humanoids/HalberdElite/Animations/PlaybackClips/A_EN_PLAY_AC_EmpireHalberd_E_Guard_Loop | /Game/_Art/Enemies/HeinMach/Humanoids/HalberdElite/Animations/PlaybackClips/A_EN_PLAY_AC_EmpireHalberd_E_GuardCounter_Loop
HalberdElite,/Game/_Art/Enemies/HeinMach/Humanoids/HalberdElite/Animations/SourceSequences/A_EN_SRC_CA_M_Halberd_Guard_F_Start,BBQ/Content/_Kazan_/Art/Character/CHA_Model/Monster_Human/Named/Halberd/Animation/CA_M_Halberd_Guard_F_Start,DeleteBackingSource,,,,/Game/_Art/Enemies/HeinMach/Humanoids/HalberdElite/Animations/PlaybackClips/A_EN_PLAY_AC_EmpireHalberd_E_Guard_Start | /Game/_Art/Enemies/HeinMach/Humanoids/HalberdElite/Animations/PlaybackClips/A_EN_PLAY_AC_EmpireHalberd_E_GuardCounter_Start
HalberdElite,/Game/_Art/Enemies/HeinMach/Humanoids/HalberdElite/Animations/SourceSequences/A_EN_SRC_CA_M_Halberd_LOD_Pose,BBQ/Content/_Kazan_/Art/Character/CHA_Model/Monster_Human/Named/Halberd/Animation/CA_M_Halberd_LOD_Pose,RetainOriginal,OriginalDirectConsumerNotReplaced | NoBakedPlaybackCoverage,,BBQ/Content/_Kazan_/Art/Character/CHA_Model/Monster_Human/Named/Halberd/Model/C_M_HalberdV2:Properties.LODInfo[2].BakePose.ObjectPath,
HalberdElite,/Game/_Art/Enemies/HeinMach/Humanoids/HalberdElite/Animations/SourceSequences/A_EN_SRC_CA_M_Halberd_LockOnWalk_B,BBQ/Content/_Kazan_/Art/Character/CHA_Model/Monster_Human/Named/Halberd/Animation/CA_M_Halberd_LockOnWalk_B,RetainOriginal,OriginalDirectConsumerNotReplaced | NoBakedPlaybackCoverage,,BBQ/Content/_Kazan_/Design/Monster/Human/Empire/EmpireHalberd_E/Moving/Move/BS_EmpireHalberd_E_LockOnMove:Properties.SampleData[2].Animation.ObjectPath,
HalberdElite,/Game/_Art/Enemies/HeinMach/Humanoids/HalberdElite/Animations/SourceSequences/A_EN_SRC_CA_M_Halberd_LockOnWalk_F,BBQ/Content/_Kazan_/Art/Character/CHA_Model/Monster_Human/Named/Halberd/Animation/CA_M_Halberd_LockOnWalk_F,RetainOriginal,OriginalDirectConsumerNotReplaced | NoBakedPlaybackCoverage,,BBQ/Content/_Kazan_/Design/Monster/Human/Empire/EmpireHalberd_E/Moving/Move/BS_EmpireHalberd_E_LockOnMove:Properties.SampleData[0].Animation.ObjectPath,
HalberdElite,/Game/_Art/Enemies/HeinMach/Humanoids/HalberdElite/Animations/SourceSequences/A_EN_SRC_CA_M_Halberd_LockOnWalk_L,BBQ/Content/_Kazan_/Art/Character/CHA_Model/Monster_Human/Named/Halberd/Animation/CA_M_Halberd_LockOnWalk_L,RetainOriginal,OriginalDirectConsumerNotReplaced | NoBakedPlaybackCoverage,,BBQ/Content/_Kazan_/Design/Monster/Human/Empire/EmpireHalberd_E/Moving/Move/BS_EmpireHalberd_E_LockOnMove:Properties.SampleData[3].Animation.ObjectPath,
HalberdElite,/Game/_Art/Enemies/HeinMach/Humanoids/HalberdElite/Animations/SourceSequences/A_EN_SRC_CA_M_Halberd_LockOnWalk_R,BBQ/Content/_Kazan_/Art/Character/CHA_Model/Monster_Human/Named/Halberd/Animation/CA_M_Halberd_LockOnWalk_R,RetainOriginal,OriginalDirectConsumerNotReplaced | NoBakedPlaybackCoverage,,BBQ/Content/_Kazan_/Design/Monster/Human/Empire/EmpireHalberd_E/Moving/Move/BS_EmpireHalberd_E_LockOnMove:Properties.SampleData[1].Animation.ObjectPath,
HalberdElite,/Game/_Art/Enemies/HeinMach/Humanoids/HalberdElite/Animations/SourceSequences/A_EN_SRC_CA_M_Halberd_NoBattleGuard_End_01,BBQ/Content/_Kazan_/Art/Character/CHA_Model/Monster_Human/Named/Halberd/Animation/CA_M_Halberd_NoBattleGuard_End_01,DeleteBackingSource,,,,/Game/_Art/Enemies/HeinMach/Humanoids/HalberdElite/Animations/PlaybackClips/A_EN_PLAY_AC_EmpireHalberd_Basic_Guard_End_01
HalberdElite,/Game/_Art/Enemies/HeinMach/Humanoids/HalberdElite/Animations/SourceSequences/A_EN_SRC_CA_M_Halberd_NoBattleGuard_Loop_01,BBQ/Content/_Kazan_/Art/Character/CHA_Model/Monster_Human/Named/Halberd/Animation/CA_M_Halberd_NoBattleGuard_Loop_01,DeleteBackingSource,,,,/Game/_Art/Enemies/HeinMach/Humanoids/HalberdElite/Animations/PlaybackClips/A_EN_PLAY_AC_EmpireHalberd_Basic_Guard_Loop_01
HalberdElite,/Game/_Art/Enemies/HeinMach/Humanoids/HalberdElite/Animations/SourceSequences/A_EN_SRC_CA_M_Halberd_NoBattleSearch_End_01,BBQ/Content/_Kazan_/Art/Character/CHA_Model/Monster_Human/Named/Halberd/Animation/CA_M_Halberd_NoBattleSearch_End_01,DeleteBackingSource,,,,/Game/_Art/Enemies/HeinMach/Humanoids/HalberdElite/Animations/PlaybackClips/A_EN_PLAY_AC_EmpireHalberd_Basic_Search_End_01
HalberdElite,/Game/_Art/Enemies/HeinMach/Humanoids/HalberdElite/Animations/SourceSequences/A_EN_SRC_CA_M_Halberd_NoBattleSearch_Loop_01,BBQ/Content/_Kazan_/Art/Character/CHA_Model/Monster_Human/Named/Halberd/Animation/CA_M_Halberd_NoBattleSearch_Loop_01,DeleteBackingSource,,,,/Game/_Art/Enemies/HeinMach/Humanoids/HalberdElite/Animations/PlaybackClips/A_EN_PLAY_AC_EmpireHalberd_Basic_Search_Loop_01
HalberdElite,/Game/_Art/Enemies/HeinMach/Humanoids/HalberdElite/Animations/SourceSequences/A_EN_SRC_CA_M_Halberd_NoBattleTalk_End_01,BBQ/Content/_Kazan_/Art/Character/CHA_Model/Monster_Human/Named/Halberd/Animation/CA_M_Halberd_NoBattleTalk_End_01,DeleteBackingSource,,,,/Game/_Art/Enemies/HeinMach/Humanoids/HalberdElite/Animations/PlaybackClips/A_EN_PLAY_AC_EmpireHalberd_Basic_Talk_End_01
HalberdElite,/Game/_Art/Enemies/HeinMach/Humanoids/HalberdElite/Animations/SourceSequences/A_EN_SRC_CA_M_Halberd_NoBattleTalk_End_02,BBQ/Content/_Kazan_/Art/Character/CHA_Model/Monster_Human/Named/Halberd/Animation/CA_M_Halberd_NoBattleTalk_End_02,DeleteBackingSource,,,,/Game/_Art/Enemies/HeinMach/Humanoids/HalberdElite/Animations/PlaybackClips/A_EN_PLAY_AC_EmpireHalberd_Basic_Talk_End_02
HalberdElite,/Game/_Art/Enemies/HeinMach/Humanoids/HalberdElite/Animations/SourceSequences/A_EN_SRC_CA_M_Halberd_NoBattleTalk_Loop_01,BBQ/Content/_Kazan_/Art/Character/CHA_Model/Monster_Human/Named/Halberd/Animation/CA_M_Halberd_NoBattleTalk_Loop_01,DeleteBackingSource,,,,/Game/_Art/Enemies/HeinMach/Humanoids/HalberdElite/Animations/PlaybackClips/A_EN_PLAY_AC_EmpireHalberd_Basic_Talk_Loop_01
HalberdElite,/Game/_Art/Enemies/HeinMach/Humanoids/HalberdElite/Animations/SourceSequences/A_EN_SRC_CA_M_Halberd_NoBattleTalk_Loop_02,BBQ/Content/_Kazan_/Art/Character/CHA_Model/Monster_Human/Named/Halberd/Animation/CA_M_Halberd_NoBattleTalk_Loop_02,DeleteBackingSource,,,,/Game/_Art/Enemies/HeinMach/Humanoids/HalberdElite/Animations/PlaybackClips/A_EN_PLAY_AC_EmpireHalberd_Basic_Talk_Loop_02
HalberdElite,/Game/_Art/Enemies/HeinMach/Humanoids/HalberdElite/Animations/SourceSequences/A_EN_SRC_CA_M_Halberd_NoBattle_Basic_End_01,BBQ/Content/_Kazan_/Art/Character/CHA_Model/Monster_Human/Named/Halberd/Animation/CA_M_Halberd_NoBattle_Basic_End_01,DeleteBackingSource,,,,/Game/_Art/Enemies/HeinMach/Humanoids/HalberdElite/Animations/PlaybackClips/A_EN_PLAY_AC_EmpireHalberd_Basic_End_01
HalberdElite,/Game/_Art/Enemies/HeinMach/Humanoids/HalberdElite/Animations/SourceSequences/A_EN_SRC_CA_M_Halberd_NoBattle_Basic_End_02,BBQ/Content/_Kazan_/Art/Character/CHA_Model/Monster_Human/Named/Halberd/Animation/CA_M_Halberd_NoBattle_Basic_End_02,DeleteBackingSource,,,,/Game/_Art/Enemies/HeinMach/Humanoids/HalberdElite/Animations/PlaybackClips/A_EN_PLAY_AC_EmpireHalberd_Basic_End_02
HalberdElite,/Game/_Art/Enemies/HeinMach/Humanoids/HalberdElite/Animations/SourceSequences/A_EN_SRC_CA_M_Halberd_NoBattle_Basic_Loop_01,BBQ/Content/_Kazan_/Art/Character/CHA_Model/Monster_Human/Named/Halberd/Animation/CA_M_Halberd_NoBattle_Basic_Loop_01,DeleteBackingSource,,,,/Game/_Art/Enemies/HeinMach/Humanoids/HalberdElite/Animations/PlaybackClips/A_EN_PLAY_AC_EmpireHalberd_Basic_Loop_01
HalberdElite,/Game/_Art/Enemies/HeinMach/Humanoids/HalberdElite/Animations/SourceSequences/A_EN_SRC_CA_M_Halberd_NoBattle_Basic_Loop_02,BBQ/Content/_Kazan_/Art/Character/CHA_Model/Monster_Human/Named/Halberd/Animation/CA_M_Halberd_NoBattle_Basic_Loop_02,DeleteBackingSource,,,,/Game/_Art/Enemies/HeinMach/Humanoids/HalberdElite/Animations/PlaybackClips/A_EN_PLAY_AC_EmpireHalberd_Basic_Loop_02
HalberdElite,/Game/_Art/Enemies/HeinMach/Humanoids/HalberdElite/Animations/SourceSequences/A_EN_SRC_CA_M_Halberd_Pierce_F_01,BBQ/Content/_Kazan_/Art/Character/CHA_Model/Monster_Human/Named/Halberd/Animation/CA_M_Halberd_Pierce_F_01,DeleteBackingSource,,,,/Game/_Art/Enemies/HeinMach/Humanoids/HalberdElite/Animations/PlaybackClips/A_EN_PLAY_AC_EmpireHalberd_E_Pierce_01 | /Game/_Art/Enemies/HeinMach/Humanoids/HalberdElite/Animations/PlaybackClips/A_EN_PLAY_AC_EmpireHalberd_E_Early_Pierce_01
HalberdElite,/Game/_Art/Enemies/HeinMach/Humanoids/HalberdElite/Animations/SourceSequences/A_EN_SRC_CA_M_Halberd_Pierce_F_02,BBQ/Content/_Kazan_/Art/Character/CHA_Model/Monster_Human/Named/Halberd/Animation/CA_M_Halberd_Pierce_F_02,DeleteBackingSource,,,,/Game/_Art/Enemies/HeinMach/Humanoids/HalberdElite/Animations/PlaybackClips/A_EN_PLAY_AC_EmpireHalberd_E_Pierce_02 | /Game/_Art/Enemies/HeinMach/Humanoids/HalberdElite/Animations/PlaybackClips/A_EN_PLAY_AC_EmpireHalberd_E_Early_Pierce_02
HalberdElite,/Game/_Art/Enemies/HeinMach/Humanoids/HalberdElite/Animations/SourceSequences/A_EN_SRC_CA_M_Halberd_Push_01,BBQ/Content/_Kazan_/Art/Character/CHA_Model/Monster_Human/Named/Halberd/Animation/CA_M_Halberd_Push_01,DeleteBackingSource,,,,/Game/_Art/Enemies/HeinMach/Humanoids/HalberdElite/Animations/PlaybackClips/A_EN_PLAY_AC_EmpireHalberd_E_Push_01 | /Game/_Art/Enemies/HeinMach/Humanoids/HalberdElite/Animations/PlaybackClips/A_EN_PLAY_AC_EmpireHalberd_E_Early_Push_01
HalberdElite,/Game/_Art/Enemies/HeinMach/Humanoids/HalberdElite/Animations/SourceSequences/A_EN_SRC_CA_M_Halberd_Push_02,BBQ/Content/_Kazan_/Art/Character/CHA_Model/Monster_Human/Named/Halberd/Animation/CA_M_Halberd_Push_02,DeleteBackingSource,,,,/Game/_Art/Enemies/HeinMach/Humanoids/HalberdElite/Animations/PlaybackClips/A_EN_PLAY_AC_EmpireHalberd_E_Push_02 | /Game/_Art/Enemies/HeinMach/Humanoids/HalberdElite/Animations/PlaybackClips/A_EN_PLAY_AC_EmpireHalberd_E_Early_Push_02
HalberdElite,/Game/_Art/Enemies/HeinMach/Humanoids/HalberdElite/Animations/SourceSequences/A_EN_SRC_CA_M_Halberd_RoundAttack,BBQ/Content/_Kazan_/Art/Character/CHA_Model/Monster_Human/Named/Halberd/Animation/CA_M_Halberd_RoundAttack,DeleteBackingSource,,,,/Game/_Art/Enemies/HeinMach/Humanoids/HalberdElite/Animations/PlaybackClips/A_EN_PLAY_AC_EmpireHalberd_E_RoundAttack
HalberdElite,/Game/_Art/Enemies/HeinMach/Humanoids/HalberdElite/Animations/SourceSequences/A_EN_SRC_CA_M_Halberd_Run_F,BBQ/Content/_Kazan_/Art/Character/CHA_Model/Monster_Human/Named/Halberd/Animation/CA_M_Halberd_Run_F,RetainOriginal,OriginalDirectConsumerNotReplaced | NoBakedPlaybackCoverage,,BBQ/Content/_Kazan_/Design/Monster/Human/Empire/EmpireHalberd_E/Moving/Move/BS_EmpireHalberd_E_NormalMove:Properties.SampleData[0].Animation.ObjectPath,
HalberdElite,/Game/_Art/Enemies/HeinMach/Humanoids/HalberdElite/Animations/SourceSequences/A_EN_SRC_CA_M_Halberd_SprintSwing_Loop,BBQ/Content/_Kazan_/Art/Character/CHA_Model/Monster_Human/Named/Halberd/Animation/CA_M_Halberd_SprintSwing_Loop,DeleteBackingSource,,,,/Game/_Art/Enemies/HeinMach/Humanoids/HalberdElite/Animations/PlaybackClips/A_EN_PLAY_AC_EmpireHalberd_E_SprintSwing_Loop
HalberdElite,/Game/_Art/Enemies/HeinMach/Humanoids/HalberdElite/Animations/SourceSequences/A_EN_SRC_CA_M_Halberd_SprintSwing_Start,BBQ/Content/_Kazan_/Art/Character/CHA_Model/Monster_Human/Named/Halberd/Animation/CA_M_Halberd_SprintSwing_Start,DeleteBackingSource,,,,/Game/_Art/Enemies/HeinMach/Humanoids/HalberdElite/Animations/PlaybackClips/A_EN_PLAY_AC_EmpireHalberd_E_SprintSwing_Start
HalberdElite,/Game/_Art/Enemies/HeinMach/Humanoids/HalberdElite/Animations/SourceSequences/A_EN_SRC_CA_M_Halberd_Stand_F,BBQ/Content/_Kazan_/Art/Character/CHA_Model/Monster_Human/Named/Halberd/Animation/CA_M_Halberd_Stand_F,RetainOriginal,CurrentProjectConsumer | OriginalDirectConsumerNotReplaced | NoBakedPlaybackCoverage,/Game/_Art/Enemies/HeinMach/Humanoids/HalberdElite/Blueprints/BP_EN_HalberdElite,BBQ/Content/_Kazan_/Design/Monster/Human/Empire/EmpireHalberd_E/Base_Setting/AP_EmpireHalberd_E:Properties.Idle.ObjectPath | BBQ/Content/_Kazan_/Design/Monster/Human/Empire/EmpireHalberd_E/Base_Setting/AP_EmpireHalberd_E:Properties.AnimMapIDToAsset[37].Value.ObjectPath | BBQ/Content/_Kazan_/Design/Monster/Human/Empire/EmpireHalberd_E/Base_Setting/AP_EmpireHalberd_E:Properties.AnimMapAssetToID[37].Key | BBQ/Content/_Kazan_/Design/Monster/Human/Empire/EmpireHalberd_E/Moving/Move/BS_EmpireHalberd_E_LockOnMove:Properties.SampleData[4].Animation.ObjectPath | BBQ/Content/_Kazan_/Design/Monster/Human/Empire/EmpireHalberd_E/Moving/Move/BS_EmpireHalberd_E_NormalMove:Properties.SampleData[1].Animation.ObjectPath,
HalberdElite,/Game/_Art/Enemies/HeinMach/Humanoids/HalberdElite/Animations/SourceSequences/A_EN_SRC_CA_M_Halberd_Stand_Peace_F,BBQ/Content/_Kazan_/Art/Character/CHA_Model/Monster_Human/Named/Halberd/Animation/CA_M_Halberd_Stand_Peace_F,RetainOriginal,OriginalDirectConsumerNotReplaced | NoBakedPlaybackCoverage,,BBQ/Content/_Kazan_/Design/Monster/Human/Empire/EmpireHalberd_E/Moving/Move/BS_EmpireHalberd_E_NormalMove_Peace:Properties.SampleData[0].Animation.ObjectPath,
HalberdElite,/Game/_Art/Enemies/HeinMach/Humanoids/HalberdElite/Animations/SourceSequences/A_EN_SRC_CA_M_Halberd_TurnAttack,BBQ/Content/_Kazan_/Art/Character/CHA_Model/Monster_Human/Named/Halberd/Animation/CA_M_Halberd_TurnAttack,DeleteBackingSource,,,,/Game/_Art/Enemies/HeinMach/Humanoids/HalberdElite/Animations/PlaybackClips/A_EN_PLAY_AC_EmpireHalberd_E_TurnAttack | /Game/_Art/Enemies/HeinMach/Humanoids/HalberdElite/Animations/PlaybackClips/A_EN_PLAY_AC_EmpireHalberd_E_TurnAttack_Fast
HalberdElite,/Game/_Art/Enemies/HeinMach/Humanoids/HalberdElite/Animations/SourceSequences/A_EN_SRC_CA_M_Halberd_Turn_L,BBQ/Content/_Kazan_/Art/Character/CHA_Model/Monster_Human/Named/Halberd/Animation/CA_M_Halberd_Turn_L,DeleteBackingSource,,,,/Game/_Art/Enemies/HeinMach/Humanoids/HalberdElite/Animations/PlaybackClips/A_EN_PLAY_AC_EmpireHalberd_E_Turn_L
HalberdElite,/Game/_Art/Enemies/HeinMach/Humanoids/HalberdElite/Animations/SourceSequences/A_EN_SRC_CA_M_Halberd_Turn_L_180,BBQ/Content/_Kazan_/Art/Character/CHA_Model/Monster_Human/Named/Halberd/Animation/CA_M_Halberd_Turn_L_180,DeleteBackingSource,,,,/Game/_Art/Enemies/HeinMach/Humanoids/HalberdElite/Animations/PlaybackClips/A_EN_PLAY_AC_EmpireHalberd_E_Turn_L_180
HalberdElite,/Game/_Art/Enemies/HeinMach/Humanoids/HalberdElite/Animations/SourceSequences/A_EN_SRC_CA_M_Halberd_Turn_Peace_L,BBQ/Content/_Kazan_/Art/Character/CHA_Model/Monster_Human/Named/Halberd/Animation/CA_M_Halberd_Turn_Peace_L,DeleteBackingSource,,,,/Game/_Art/Enemies/HeinMach/Humanoids/HalberdElite/Animations/PlaybackClips/A_EN_PLAY_AC_EmpireHalberd_E_Turn_Peace_L
HalberdElite,/Game/_Art/Enemies/HeinMach/Humanoids/HalberdElite/Animations/SourceSequences/A_EN_SRC_CA_M_Halberd_Turn_Peace_R,BBQ/Content/_Kazan_/Art/Character/CHA_Model/Monster_Human/Named/Halberd/Animation/CA_M_Halberd_Turn_Peace_R,DeleteBackingSource,,,,/Game/_Art/Enemies/HeinMach/Humanoids/HalberdElite/Animations/PlaybackClips/A_EN_PLAY_AC_EmpireHalberd_E_Turn_Peace_R
HalberdElite,/Game/_Art/Enemies/HeinMach/Humanoids/HalberdElite/Animations/SourceSequences/A_EN_SRC_CA_M_Halberd_Turn_R,BBQ/Content/_Kazan_/Art/Character/CHA_Model/Monster_Human/Named/Halberd/Animation/CA_M_Halberd_Turn_R,DeleteBackingSource,,,,/Game/_Art/Enemies/HeinMach/Humanoids/HalberdElite/Animations/PlaybackClips/A_EN_PLAY_AC_EmpireHalberd_E_Turn_R
HalberdElite,/Game/_Art/Enemies/HeinMach/Humanoids/HalberdElite/Animations/SourceSequences/A_EN_SRC_CA_M_Halberd_Turn_R_180,BBQ/Content/_Kazan_/Art/Character/CHA_Model/Monster_Human/Named/Halberd/Animation/CA_M_Halberd_Turn_R_180,DeleteBackingSource,,,,/Game/_Art/Enemies/HeinMach/Humanoids/HalberdElite/Animations/PlaybackClips/A_EN_PLAY_AC_EmpireHalberd_E_Turn_R_180
HalberdElite,/Game/_Art/Enemies/HeinMach/Humanoids/HalberdElite/Animations/SourceSequences/A_EN_SRC_CA_M_Halberd_Walk_F,BBQ/Content/_Kazan_/Art/Character/CHA_Model/Monster_Human/Named/Halberd/Animation/CA_M_Halberd_Walk_F,RetainOriginal,OriginalDirectConsumerNotReplaced | NoBakedPlaybackCoverage,,BBQ/Content/_Kazan_/Design/Monster/Human/Empire/EmpireHalberd_E/Moving/Move/BS_EmpireHalberd_E_NormalMove:Properties.SampleData[2].Animation.ObjectPath,
HalberdElite,/Game/_Art/Enemies/HeinMach/Humanoids/HalberdElite/Animations/SourceSequences/A_EN_SRC_CA_M_Halberd_Walk_Peace_F,BBQ/Content/_Kazan_/Art/Character/CHA_Model/Monster_Human/Named/Halberd/Animation/CA_M_Halberd_Walk_Peace_F,RetainOriginal,OriginalDirectConsumerNotReplaced | NoBakedPlaybackCoverage,,BBQ/Content/_Kazan_/Design/Monster/Human/Empire/EmpireHalberd_E/Moving/Move/BS_EmpireHalberd_E_NormalMove_Peace:Properties.SampleData[1].Animation.ObjectPath | BBQ/Content/_Kazan_/Design/Monster/Human/Empire/EmpireHalberd_E/Moving/Move/BS_EmpireHalberd_E_NormalMove_Peace:Properties.SampleData[2].Animation.ObjectPath,
HalberdElite,/Game/_Art/Enemies/HeinMach/Humanoids/HalberdElite/Animations/SourceSequences/A_EN_SRC_CA_M_Halberd_Whirlwind,BBQ/Content/_Kazan_/Art/Character/CHA_Model/Monster_Human/Named/Halberd/Animation/CA_M_Halberd_Whirlwind,DeleteBackingSource,,,,/Game/_Art/Enemies/HeinMach/Humanoids/HalberdElite/Animations/PlaybackClips/A_EN_PLAY_AC_EmpireHalberd_E_BackDashCounter_Atk
HalberdElite,/Game/_Art/Enemies/HeinMach/Humanoids/HalberdElite/Animations/SourceSequences/A_EN_SRC_CA_M_Human_Elite_M_Halberd_Vigilant_LookAround,BBQ/Content/_Kazan_/Art/Character/CHA_Model/Monster_Human/Named/Halberd/Animation/CA_M_Human_Elite_M_Halberd_Vigilant_LookAround,DeleteBackingSource,,,,/Game/_Art/Enemies/HeinMach/Humanoids/HalberdElite/Animations/PlaybackClips/A_EN_PLAY_AC_EmpireHalberd_E_Vigilant_LookAround
HalberdElite,/Game/_Art/Enemies/HeinMach/Humanoids/HalberdElite/Animations/SourceSequences/A_EN_SRC_CA_EmpireHalberd_E_Halberd,BBQ/Content/_Kazan_/Design/Monster/Human/Empire/EmpireHalberd_E/Base_Setting/CA_EmpireHalberd_E_Halberd,DeleteBackingSource,,,,/Game/_Art/Enemies/HeinMach/Humanoids/HalberdElite/Animations/PlaybackClips/A_EN_PLAY_AC_EmpireHalberd_E_Disease
SharedSourceReferences,/Game/_Art/Enemies/HeinMach/Humanoids/SharedSourceReferences/Animations/SourceSequences/A_EN_SRC_CA_M_SkeletonSword_Hiding_F_Loop,BBQ/Content/_Kazan_/Design/Monster/Human/Empire/Empire_SpearShield_E/Skill/Spawn/CA_M_SkeletonSword_Hiding_F_Loop,DeleteBackingSource,,,,/Game/_Art/Enemies/OtherRegions/Humanoids/EliteShield_SourceReferences/Animations/PlaybackClips/A_EN_PLAY_AC_EmpireSwordShield_E_StormPass_InnerTrial_Spawn_Start
EliteShield_SourceReferences,/Game/_Art/Enemies/OtherRegions/Humanoids/EliteShield_SourceReferences/Animations/SourceSequences/A_EN_SRC_CA_EmpireSword,BBQ/Content/_Kazan_/Design/Monster/Human/Empire/Empire_SwordShield_E/Base_Setting/CA_EmpireSword,DeleteBackingSource,,,,/Game/_Art/Enemies/OtherRegions/Humanoids/EliteShield_SourceReferences/Animations/PlaybackClips/A_EN_PLAY_AC_EmpireSwordShield_Sword_Disease
