asset,class,family,file,bytes,sha256
/Game/_Art/Enemies/HeinMach/Bosses/Yetuga/Animations/Playback/A_EN_PLAY_AC_M_Yetuga_Turn_L,AnimSequence,HeinMach/Bosses/Yetuga,Content/_Art/Enemies/HeinMach/Bosses/Yetuga/Animations/Playback/A_EN_PLAY_AC_M_Yetuga_Turn_L.uasset,838651,5cb5df4950ffd8c2696c4a437d33f86a07ecf8841d2fbbfebd29143d76b30b56
/Game/_Art/Enemies/HeinMach/Bosses/Yetuga/Animations/Playback/A_EN_PLAY_AC_M_Yetuga_Turn_L_180,AnimSequence,HeinMach/Bosses/Yetuga,Content/_Art/Enemies/HeinMach/Bosses/Yetuga/Animations/Playback/A_EN_PLAY_AC_M_Yetuga_Turn_L_180.uasset,888311,1a8d8d1ac2c07ab8c5913fc28c2825a553914e449ba4dfd6852bee97bb15a975
/Game/_Art/Enemies/HeinMach/Bosses/Yetuga/Animations/Playback/A_EN_PLAY_AC_M_Yetuga_Turn_R,AnimSequence,HeinMach/Bosses/Yetuga,Content/_Art/Enemies/HeinMach/Bosses/Yetuga/Animations/Playback/A_EN_PLAY_AC_M_Yetuga_Turn_R.uasset,805467,bf097fbfe0c7975f725c89bb469cd17987da23bc70b6d7bdaf8ca4183d1f730b
/Game/_Art/Enemies/HeinMach/Bosses/Yetuga/Animations/Playback/A_EN_PLAY_AC_M_Yetuga_Turn_R_180,AnimSequence,HeinMach/Bosses/Yetuga,Content/_Art/Enemies/HeinMach/Bosses/Yetuga/Animations/Playback/A_EN_PLAY_AC_M_Yetuga_Turn_R_180.uasset,854711,e4814613218b37520dfabaae52d94dfb4869cbcb8e3981647bb6d6f0e9102c2c
/Game/_Art/Enemies/HeinMach/Bosses/Yetuga/Animations/Playback/A_EN_PLAY_AC_YetugaRock_Small_Expolsion,AnimSequence,HeinMach/Bosses/Yetuga,Content/_Art/Enemies/HeinMach/Bosses/Yetuga/Animations/Playback/A_EN_PLAY_AC_YetugaRock_Small_Expolsion.uasset,280897,c322daf32cf9e6d9324a9cfd3c1770d69f55588585cc9ea79a365931a57407e5
/Game/_Art/Enemies/HeinMach/Bosses/Yetuga/Animations/Playback/A_EN_PLAY_AC_YetugaRock_Small_Idle,AnimSequence,HeinMach/Bosses/Yetuga,Content/_Art/Enemies/HeinMach/Bosses/Yetuga/Animations/Playback/A_EN_PLAY_AC_YetugaRock_Small_Idle.uasset,28643,e36cc8150e934a78123b66925998c8d0d5e1434f8935142cdbb26c7e2514dae3
/Game/_Art/Enemies/HeinMach/Bosses/Yetuga/Animations/Playback/A_EN_PLAY_AC_YetugaRock_Small_Move,AnimSequence,HeinMach/Bosses/Yetuga,Content/_Art/Enemies/HeinMach/Bosses/Yetuga/Animations/Playback/A_EN_PLAY_AC_YetugaRock_Small_Move.uasset,37379,fcdbbedc64778f273e740d91740af095f8da99bffba248792aa4b8d65c5182d2
/Game/_Art/Enemies/HeinMach/Bosses/Yetuga/Animations/Playback/A_EN_PLAY_AC_Yetuga_Armageddon_End,AnimSequence,HeinMach/Bosses/Yetuga,Content/_Art/Enemies/HeinMach/Bosses/Yetuga/Animations/Playback/A_EN_PLAY_AC_Yetuga_Armageddon_End.uasset,1433961,37fc20d4237f05f99184e050b428e87e29c00569bad3f46d9b31fcbd011c6e3d
/Game/_Art/Enemies/HeinMach/Bosses/Yetuga/Animations/Playback/A_EN_PLAY_AC_Yetuga_Armageddon_Jump_End,AnimSequence,HeinMach/Bosses/Yetuga,Content/_Art/Enemies/HeinMach/Bosses/Yetuga/Animations/Playback/A_EN_PLAY_AC_Yetuga_Armageddon_Jump_End.uasset,1237834,3a47e3085cbfba7f254bc1013fc62d69953fa10138570d45263de6ec9c1a6151
/Game/_Art/Enemies/HeinMach/Bosses/Yetuga/Animations/Playback/A_EN_PLAY_AC_Yetuga_Armageddon_Jump_End_Close,AnimSequence,HeinMach/Bosses/Yetuga,Content/_Art/Enemies/HeinMach/Bosses/Yetuga/Animations/Playback/A_EN_PLAY_AC_Yetuga_Armageddon_Jump_End_Close.uasset,1237877,9b34b350657248c35579820c3e0087e59c8eea367e5ba189a755c508dbfbe8c7
/Game/_Art/Enemies/HeinMach/Bosses/Yetuga/Animations/Playback/A_EN_PLAY_AC_Yetuga_Armageddon_Jump_Start,AnimSequence,HeinMach/Bosses/Yetuga,Content/_Art/Enemies/HeinMach/Bosses/Yetuga/Animations/Playback/A_EN_PLAY_AC_Yetuga_Armageddon_Jump_Start.uasset,1064470,814dbec71debd18601a9fb39a48c172c2a408c1f4e384362db937a4c9f08ba9c
/Game/_Art/Enemies/HeinMach/Bosses/Yetuga/Animations/Playback/A_EN_PLAY_AC_Yetuga_Armageddon_Start,AnimSequence,HeinMach/Bosses/Yetuga,Content/_Art/Enemies/HeinMach/Bosses/Yetuga/Animations/Playback/A_EN_PLAY_AC_Yetuga_Armageddon_Start.uasset,2346249,2eb3132f410e93bfe3faa346055307578f64cc80b080f769fa91dfe637b51898
/Game/_Art/Enemies/HeinMach/Bosses/Yetuga/Animations/Playback/A_EN_PLAY_AC_Yetuga_BackJump,AnimSequence,HeinMach/Bosses/Yetuga,Content/_Art/Enemies/HeinMach/Bosses/Yetuga/Animations/Playback/A_EN_PLAY_AC_Yetuga_BackJump.uasset,1465821,04f11b48d81fbfb240e242dd936a563b21d0940f7536329723d7b65dc88e4c79
/Game/_Art/Enemies/HeinMach/Bosses/Yetuga/Animations/Playback/A_EN_PLAY_AC_Yetuga_BackMoving_01,AnimSequence,HeinMach/Bosses/Yetuga,Content/_Art/Enemies/HeinMach/Bosses/Yetuga/Animations/Playback/A_EN_PLAY_AC_Yetuga_BackMoving_01.uasset,969918,b20f1cae4708e573455307c3215e9ca8fb778405e2206f5d3dcf57553f7ecca8
/Game/_Art/Enemies/HeinMach/Bosses/Yetuga/Animations/Playback/A_EN_PLAY_AC_Yetuga_BackMoving_02,AnimSequence,HeinMach/Bosses/Yetuga,Content/_Art/Enemies/HeinMach/Bosses/Yetuga/Animations/Playback/A_EN_PLAY_AC_Yetuga_BackMoving_02.uasset,1170637,975ab47c387d0ca9310521b29e34598d29e3d4dbbc829d7564816fbcaaa49b91
/Game/_Art/Enemies/HeinMach/Bosses/Yetuga/Animations/Playback/A_EN_PLAY_AC_Yetuga_ChargeTackle_End,AnimSequence,HeinMach/Bosses/Yetuga,Content/_Art/Enemies/HeinMach/Bosses/Yetuga/Animations/Playback/A_EN_PLAY_AC_Yetuga_ChargeTackle_End.uasset,2430271,d58c54de2abdccefb789b77addeccb447243b646b77dad367d4371591955181b
/Game/_Art/Enemies/HeinMach/Bosses/Yetuga/Animations/Playback/A_EN_PLAY_AC_Yetuga_ChargeTackle_Run,AnimSequence,HeinMach/Bosses/Yetuga,Content/_Art/Enemies/HeinMach/Bosses/Yetuga/Animations/Playback/A_EN_PLAY_AC_Yetuga_ChargeTackle_Run.uasset,4307651,702bb5ff97b967e4ef1dbb09ee0bb914c3e10e996a83e746e6dbea8f6fabe56a
/Game/_Art/Enemies/HeinMach/Bosses/Yetuga/Animations/Playback/A_EN_PLAY_AC_Yetuga_ChargeTackle_Run_Blend,AnimSequence,HeinMach/Bosses/Yetuga,Content/_Art/Enemies/HeinMach/Bosses/Yetuga/Animations/Playback/A_EN_PLAY_AC_Yetuga_ChargeTackle_Run_Blend.uasset,8317656,cac9476f02c631a35bfdb69f237fd5de274aa79f74d9bad9d4dba31af676d087
/Game/_Art/Enemies/HeinMach/Bosses/Yetuga/Animations/Playback/A_EN_PLAY_AC_Yetuga_ChargeTackle_Run_End,AnimSequence,HeinMach/Bosses/Yetuga,Content/_Art/Enemies/HeinMach/Bosses/Yetuga/Animations/Playback/A_EN_PLAY_AC_Yetuga_ChargeTackle_Run_End.uasset,909097,21075d8fffc1f934fd94e04f6d3e6b8d370efebb248531e4f87c74b06af601ee
/Game/_Art/Enemies/HeinMach/Bosses/Yetuga/Animations/Playback/A_EN_PLAY_AC_Yetuga_ChargeTackle_Run_Loop,AnimSequence,HeinMach/Bosses/Yetuga,Content/_Art/Enemies/HeinMach/Bosses/Yetuga/Animations/Playback/A_EN_PLAY_AC_Yetuga_ChargeTackle_Run_Loop.uasset,1535058,457ea49f754281f5284327c0622cd24000e9e7a615396a0ff7ce996c8317e2b2
/Game/_Art/Enemies/HeinMach/Bosses/Yetuga/Animations/Playback/A_EN_PLAY_AC_Yetuga_ChargeTackle_Start,AnimSequence,HeinMach/Bosses/Yetuga,Content/_Art/Enemies/HeinMach/Bosses/Yetuga/Animations/Playback/A_EN_PLAY_AC_Yetuga_ChargeTackle_Start.uasset,730993,7bf2ed4ca5c094759af5ee4ad411c0d79f0080018f76007b80722f7266d62172
/Game/_Art/Enemies/HeinMach/Bosses/Yetuga/Animations/Playback/A_EN_PLAY_AC_Yetuga_ChargeTackle_Stun,AnimSequence,HeinMach/Bosses/Yetuga,Content/_Art/Enemies/HeinMach/Bosses/Yetuga/Animations/Playback/A_EN_PLAY_AC_Yetuga_ChargeTackle_Stun.uasset,1137198,bdc2cd06b52baf9c43b718e6e82bc3c36f437b7bb358d2b1942ed225b2b3b276
/Game/_Art/Enemies/HeinMach/Bosses/Yetuga/Animations/Playback/A_EN_PLAY_AC_Yetuga_ChargeTackle_Stun_End,AnimSequence,HeinMach/Bosses/Yetuga,Content/_Art/Enemies/HeinMach/Bosses/Yetuga/Animations/Playback/A_EN_PLAY_AC_Yetuga_ChargeTackle_Stun_End.uasset,1379638,2613cd61d3390c41050e5b1fb53e32fda06079d3f2e40e76fc8eed9111888aad
/Game/_Art/Enemies/HeinMach/Bosses/Yetuga/Animations/Playback/A_EN_PLAY_AC_Yetuga_CloseGrab_Fail,AnimSequence,HeinMach/Bosses/Yetuga,Content/_Art/Enemies/HeinMach/Bosses/Yetuga/Animations/Playback/A_EN_PLAY_AC_Yetuga_CloseGrab_Fail.uasset,698522,61707e9554be0aa81dc020d38f42cb7d03a4c739b3fcd361bca6ee2cae4612da
/Game/_Art/Enemies/HeinMach/Bosses/Yetuga/Animations/Playback/A_EN_PLAY_AC_Yetuga_CloseGrab_Start,AnimSequence,HeinMach/Bosses/Yetuga,Content/_Art/Enemies/HeinMach/Bosses/Yetuga/Animations/Playback/A_EN_PLAY_AC_Yetuga_CloseGrab_Start.uasset,1064055,88a43cfda7a85f958fa048cbb969e368cb232012b6d39e3df816b4c8f0d8febe
/Game/_Art/Enemies/HeinMach/Bosses/Yetuga/Animations/Playback/A_EN_PLAY_AC_Yetuga_CloseGrab_Start_Ori,AnimSequence,HeinMach/Bosses/Yetuga,Content/_Art/Enemies/HeinMach/Bosses/Yetuga/Animations/Playback/A_EN_PLAY_AC_Yetuga_CloseGrab_Start_Ori.uasset,1086523,3fad571c4937c12656df97bcc5551ae6dfacea29d928d4de46814b7d38dac417
/Game/_Art/Enemies/HeinMach/Bosses/Yetuga/Animations/Playback/A_EN_PLAY_AC_Yetuga_CloseGrab_Success_01,AnimSequence,HeinMach/Bosses/Yetuga,Content/_Art/Enemies/HeinMach/Bosses/Yetuga/Animations/Playback/A_EN_PLAY_AC_Yetuga_CloseGrab_Success_01.uasset,723147,e5f4535236643468746827aced1267fccf7e7bd587f45ba873b94a1ed2952265
/Game/_Art/Enemies/HeinMach/Bosses/Yetuga/Animations/Playback/A_EN_PLAY_AC_Yetuga_CloseGrab_Success_01_Turn,AnimSequence,HeinMach/Bosses/Yetuga,Content/_Art/Enemies/HeinMach/Bosses/Yetuga/Animations/Playback/A_EN_PLAY_AC_Yetuga_CloseGrab_Success_01_Turn.uasset,1203884,fcc3c6daacea1ed15090f81e6e8a82fc73f7ec771c87037c9117ba1d9c64d0c2
/Game/_Art/Enemies/HeinMach/Bosses/Yetuga/Animations/Playback/A_EN_PLAY_AC_Yetuga_CloseGrab_Success_02,AnimSequence,HeinMach/Bosses/Yetuga,Content/_Art/Enemies/HeinMach/Bosses/Yetuga/Animations/Playback/A_EN_PLAY_AC_Yetuga_CloseGrab_Success_02.uasset,1439171,25635817016803dbae9df4739d6fc2b4d48f7cb74b13e9327ec3328379e1a31a
/Game/_Art/Enemies/HeinMach/Bosses/Yetuga/Animations/Playback/A_EN_PLAY_AC_Yetuga_CounterAtk,AnimSequence,HeinMach/Bosses/Yetuga,Content/_Art/Enemies/HeinMach/Bosses/Yetuga/Animations/Playback/A_EN_PLAY_AC_Yetuga_CounterAtk.uasset,2392815,a85405034cc1416a3f0ea45bc64751e0a6d3463df93beedb06e61dacce2d2f2f
/Game/_Art/Enemies/HeinMach/Bosses/Yetuga/Animations/Playback/A_EN_PLAY_AC_Yetuga_DamageGrapple_Atk_01,AnimSequence,HeinMach/Bosses/Yetuga,Content/_Art/Enemies/HeinMach/Bosses/Yetuga/Animations/Playback/A_EN_PLAY_AC_Yetuga_DamageGrapple_Atk_01.uasset,722101,655beb27e695318bc3f3498335ca469d718bc4f785ef4762cda6ae6a3f5c51f3
/Game/_Art/Enemies/HeinMach/Bosses/Yetuga/Animations/Playback/A_EN_PLAY_AC_Yetuga_DamageGrapple_Atk_01_B,AnimSequence,HeinMach/Bosses/Yetuga,Content/_Art/Enemies/HeinMach/Bosses/Yetuga/Animations/Playback/A_EN_PLAY_AC_Yetuga_DamageGrapple_Atk_01_B.uasset,664355,688b862e56a2e109562677576327e4a7aea0cfb8fbfba6852bf11f6fb46de0e8
/Game/_Art/Enemies/HeinMach/Bosses/Yetuga/Animations/Playback/A_EN_PLAY_AC_Yetuga_DamageGrapple_Atk_02,AnimSequence,HeinMach/Bosses/Yetuga,Content/_Art/Enemies/HeinMach/Bosses/Yetuga/Animations/Playback/A_EN_PLAY_AC_Yetuga_DamageGrapple_Atk_02.uasset,662389,e404c607cb72dc2669760992053026f47f04967b814a0455323f20f00db7675b
/Game/_Art/Enemies/HeinMach/Bosses/Yetuga/Animations/Playback/A_EN_PLAY_AC_Yetuga_DamageGrapple_Atk_02_B,AnimSequence,HeinMach/Bosses/Yetuga,Content/_Art/Enemies/HeinMach/Bosses/Yetuga/Animations/Playback/A_EN_PLAY_AC_Yetuga_DamageGrapple_Atk_02_B.uasset,882371,9207dbc13ce6e817c5fd2115650d61de718eea30fefe0f791d6e3b747fa84165
/Game/_Art/Enemies/HeinMach/Bosses/Yetuga/Animations/Playback/A_EN_PLAY_AC_Yetuga_DamageNormal_D_B,AnimSequence,HeinMach/Bosses/Yetuga,Content/_Art/Enemies/HeinMach/Bosses/Yetuga/Animations/Playback/A_EN_PLAY_AC_Yetuga_DamageNormal_D_B.uasset,805539,54722dea66d295ef13c9b4b8bac3c154d333764f889bc26d33ae29f9de6fa4dc
/Game/_Art/Enemies/HeinMach/Bosses/Yetuga/Animations/Playback/A_EN_PLAY_AC_Yetuga_DamageNormal_D_F,AnimSequence,HeinMach/Bosses/Yetuga,Content/_Art/Enemies/HeinMach/Bosses/Yetuga/Animations/Playback/A_EN_PLAY_AC_Yetuga_DamageNormal_D_F.uasset,561926,c4d77068f8191d9609ef124477f870c726f1f485091727c1704e7d1b9b57fba4
/Game/_Art/Enemies/HeinMach/Bosses/Yetuga/Animations/Playback/A_EN_PLAY_AC_Yetuga_DamageNormal_L_F,AnimSequence,HeinMach/Bosses/Yetuga,Content/_Art/Enemies/HeinMach/Bosses/Yetuga/Animations/Playback/A_EN_PLAY_AC_Yetuga_DamageNormal_L_F.uasset,547601,9880a36bbb9fda8bfffcb7e6497c1788f488eb940c3eb5686bd1b7d9aa2a7705
/Game/_Art/Enemies/HeinMach/Bosses/Yetuga/Animations/Playback/A_EN_PLAY_AC_Yetuga_DamageNormal_R_F,AnimSequence,HeinMach/Bosses/Yetuga,Content/_Art/Enemies/HeinMach/Bosses/Yetuga/Animations/Playback/A_EN_PLAY_AC_Yetuga_DamageNormal_R_F.uasset,545489,baed6cccd34d09f9997f0a8d71b2d29b6bea3b2961ba6cafaf4b9bf70c4d729a
/Game/_Art/Enemies/HeinMach/Bosses/Yetuga/Animations/Playback/A_EN_PLAY_AC_Yetuga_DamageNormal_U_B,AnimSequence,HeinMach/Bosses/Yetuga,Content/_Art/Enemies/HeinMach/Bosses/Yetuga/Animations/Playback/A_EN_PLAY_AC_Yetuga_DamageNormal_U_B.uasset,817251,3762598d67f9aeffd390a8ae52b122969990eea8a51d9dc4c0ba553137c59057
/Game/_Art/Enemies/HeinMach/Bosses/Yetuga/Animations/Playback/A_EN_PLAY_AC_Yetuga_DamageNormal_U_F,AnimSequence,HeinMach/Bosses/Yetuga,Content/_Art/Enemies/HeinMach/Bosses/Yetuga/Animations/Playback/A_EN_PLAY_AC_Yetuga_DamageNormal_U_F.uasset,566609,d7bae85017264b83c3ca3a110a6278b9157a2ca03c5d5ffa196d6f674712e507
/Game/_Art/Enemies/HeinMach/Bosses/Yetuga/Animations/Playback/A_EN_PLAY_AC_Yetuga_DamageParry_F,AnimSequence,HeinMach/Bosses/Yetuga,Content/_Art/Enemies/HeinMach/Bosses/Yetuga/Animations/Playback/A_EN_PLAY_AC_Yetuga_DamageParry_F.uasset,1037498,1be7f3ca6c18e54098573007d2021185c2077ae3db74b6b6e9f29501c0e98bb9
/Game/_Art/Enemies/HeinMach/Bosses/Yetuga/Animations/Playback/A_EN_PLAY_AC_Yetuga_DamageParry_F_99980259,AnimSequence,HeinMach/Bosses/Yetuga,Content/_Art/Enemies/HeinMach/Bosses/Yetuga/Animations/Playback/A_EN_PLAY_AC_Yetuga_DamageParry_F_99980259.uasset,1037534,4ed65bdd6680937defa9604e173a00bdd0be875c6bb4563021a2925f72e2e79d
/Game/_Art/Enemies/HeinMach/Bosses/Yetuga/Animations/Playback/A_EN_PLAY_AC_Yetuga_DamageStrong_D2_F,AnimSequence,HeinMach/Bosses/Yetuga,Content/_Art/Enemies/HeinMach/Bosses/Yetuga/Animations/Playback/A_EN_PLAY_AC_Yetuga_DamageStrong_D2_F.uasset,663400,4ada0fb7ebe4029aa4e7d613b0411b3e629525a0a19b35f3b837a71ff28d67b6
/Game/_Art/Enemies/HeinMach/Bosses/Yetuga/Animations/Playback/A_EN_PLAY_AC_Yetuga_DamageStrong_D_F,AnimSequence,HeinMach/Bosses/Yetuga,Content/_Art/Enemies/HeinMach/Bosses/Yetuga/Animations/Playback/A_EN_PLAY_AC_Yetuga_DamageStrong_D_F.uasset,643857,16618ee8bbd6114825771c73121eb01fb66975e3adc1dea64ec43f894bf42c72
/Game/_Art/Enemies/HeinMach/Bosses/Yetuga/Animations/Playback/A_EN_PLAY_AC_Yetuga_DamageStrong_L_F,AnimSequence,HeinMach/Bosses/Yetuga,Content/_Art/Enemies/HeinMach/Bosses/Yetuga/Animations/Playback/A_EN_PLAY_AC_Yetuga_DamageStrong_L_F.uasset,634065,8990ef17bc2585c2b7045d4918ea4bb683d4a297a2080859d5acd94babbb7244
/Game/_Art/Enemies/HeinMach/Bosses/Yetuga/Animations/Playback/A_EN_PLAY_AC_Yetuga_DamageStrong_R_F,AnimSequence,HeinMach/Bosses/Yetuga,Content/_Art/Enemies/HeinMach/Bosses/Yetuga/Animations/Playback/A_EN_PLAY_AC_Yetuga_DamageStrong_R_F.uasset,621009,dd1df4e1df4971a97cce429576e4ea2d03da3c1cec0de07060e5e3ca3385c33b
/Game/_Art/Enemies/HeinMach/Bosses/Yetuga/Animations/Playback/A_EN_PLAY_AC_Yetuga_DamageStrong_U_F,AnimSequence,HeinMach/Bosses/Yetuga,Content/_Art/Enemies/HeinMach/Bosses/Yetuga/Animations/Playback/A_EN_PLAY_AC_Yetuga_DamageStrong_U_F.uasset,629713,a6486ad2d05f0616c0da9b3141cec25d5f45050ea0f25d278fc5ac4018619451
/Game/_Art/Enemies/HeinMach/Bosses/Yetuga/Animations/Playback/A_EN_PLAY_AC_Yetuga_DamageWeak_D_F,AnimSequence,HeinMach/Bosses/Yetuga,Content/_Art/Enemies/HeinMach/Bosses/Yetuga/Animations/Playback/A_EN_PLAY_AC_Yetuga_DamageWeak_D_F.uasset,490829,4620cc5394b038aad5b8ca64e45e03c1ad06918833a58a25a8dfedef5912eb8d
/Game/_Art/Enemies/HeinMach/Bosses/Yetuga/Animations/Playback/A_EN_PLAY_AC_Yetuga_DamageWeak_L_F,AnimSequence,HeinMach/Bosses/Yetuga,Content/_Art/Enemies/HeinMach/Bosses/Yetuga/Animations/Playback/A_EN_PLAY_AC_Yetuga_DamageWeak_L_F.uasset,499234,40a97dc7de997529cd44f8aaf6108ddf240e527b42e4774aa215ca0f30e2fce6
/Game/_Art/Enemies/HeinMach/Bosses/Yetuga/Animations/Playback/A_EN_PLAY_AC_Yetuga_DamageWeak_R_F,AnimSequence,HeinMach/Bosses/Yetuga,Content/_Art/Enemies/HeinMach/Bosses/Yetuga/Animations/Playback/A_EN_PLAY_AC_Yetuga_DamageWeak_R_F.uasset,489165,2ccda5ffeef4ed7fdf5f95c13253e6de89439dde0e1aa02a7586cc339089d249
/Game/_Art/Enemies/HeinMach/Bosses/Yetuga/Animations/Playback/A_EN_PLAY_AC_Yetuga_DamageWeak_U_F,AnimSequence,HeinMach/Bosses/Yetuga,Content/_Art/Enemies/HeinMach/Bosses/Yetuga/Animations/Playback/A_EN_PLAY_AC_Yetuga_DamageWeak_U_F.uasset,492493,4d62866f69c0a5ded9422eb7ff3d28deb38ca31f8da8005848509e7cbecf6b67
/Game/_Art/Enemies/HeinMach/Bosses/Yetuga/Animations/Playback/A_EN_PLAY_AC_Yetuga_DashAtk,AnimSequence,HeinMach/Bosses/Yetuga,Content/_Art/Enemies/HeinMach/Bosses/Yetuga/Animations/Playback/A_EN_PLAY_AC_Yetuga_DashAtk.uasset,2728654,24a655c739cde89f660fe770d1019761336b145b224feb0978e65b0cad9e2585
/Game/_Art/Enemies/HeinMach/Bosses/Yetuga/Animations/Playback/A_EN_PLAY_AC_Yetuga_DashAtk_Back,AnimSequence,HeinMach/Bosses/Yetuga,Content/_Art/Enemies/HeinMach/Bosses/Yetuga/Animations/Playback/A_EN_PLAY_AC_Yetuga_DashAtk_Back.uasset,1203037,275ce146a0741c2871f24b64473d34d609360d67722eb337e4fc3e1e63b6a250
/Game/_Art/Enemies/HeinMach/Bosses/Yetuga/Animations/Playback/A_EN_PLAY_AC_Yetuga_DashAtk_Dash,AnimSequence,HeinMach/Bosses/Yetuga,Content/_Art/Enemies/HeinMach/Bosses/Yetuga/Animations/Playback/A_EN_PLAY_AC_Yetuga_DashAtk_Dash.uasset,785553,a2645bce71fdaa9dbaacd0b890452cb262736b05bcf701bb5cb2d0173bfc789e
/Game/_Art/Enemies/HeinMach/Bosses/Yetuga/Animations/Playback/A_EN_PLAY_AC_Yetuga_DashAtk_Fast,AnimSequence,HeinMach/Bosses/Yetuga,Content/_Art/Enemies/HeinMach/Bosses/Yetuga/Animations/Playback/A_EN_PLAY_AC_Yetuga_DashAtk_Fast.uasset,2656881,ec6676b73ee5fa377ff54b94ca34d7097ad370bdeb613f1ed3e6c184721c919d
/Game/_Art/Enemies/HeinMach/Bosses/Yetuga/Animations/Playback/A_EN_PLAY_AC_Yetuga_DempseyRoll,AnimSequence,HeinMach/Bosses/Yetuga,Content/_Art/Enemies/HeinMach/Bosses/Yetuga/Animations/Playback/A_EN_PLAY_AC_Yetuga_DempseyRoll.uasset,10435572,a63d64525b1d82eedf434ce88ee739dd9a165bf47771d5cbc53537f70a5decd7
/Game/_Art/Enemies/HeinMach/Bosses/Yetuga/Animations/Playback/A_EN_PLAY_AC_Yetuga_DempseyRoll_Back,AnimSequence,HeinMach/Bosses/Yetuga,Content/_Art/Enemies/HeinMach/Bosses/Yetuga/Animations/Playback/A_EN_PLAY_AC_Yetuga_DempseyRoll_Back.uasset,841375,f4a2f50965f357ae2c06eec8251ffaae2d04fd2399fec5a6063c3ee8e3985765
/Game/_Art/Enemies/HeinMach/Bosses/Yetuga/Animations/Playback/A_EN_PLAY_AC_Yetuga_DempseyRoll_BackMoving,AnimSequence,HeinMach/Bosses/Yetuga,Content/_Art/Enemies/HeinMach/Bosses/Yetuga/Animations/Playback/A_EN_PLAY_AC_Yetuga_DempseyRoll_BackMoving.uasset,578078,dc6d45d5135a2c6fc4a4ddfa410895d35085e1b2401f52a046b381052020119a
/Game/_Art/Enemies/HeinMach/Bosses/Yetuga/Animations/Playback/A_EN_PLAY_AC_Yetuga_DempseyRoll_SideL,AnimSequence,HeinMach/Bosses/Yetuga,Content/_Art/Enemies/HeinMach/Bosses/Yetuga/Animations/Playback/A_EN_PLAY_AC_Yetuga_DempseyRoll_SideL.uasset,1196098,4f7a96ebfb509ba45aea12f535273b417da2d1d755752332e4a7549d955fbdd6
/Game/_Art/Enemies/HeinMach/Bosses/Yetuga/Animations/Playback/A_EN_PLAY_AC_Yetuga_DempseyRoll_SideR,AnimSequence,HeinMach/Bosses/Yetuga,Content/_Art/Enemies/HeinMach/Bosses/Yetuga/Animations/Playback/A_EN_PLAY_AC_Yetuga_DempseyRoll_SideR.uasset,1365062,833ad0cdf3f7352dc3194c90063b4b4b2baeb37d0111182dbebcd2f078351e51
/Game/_Art/Enemies/HeinMach/Bosses/Yetuga/Animations/Playback/A_EN_PLAY_AC_Yetuga_Die_F,AnimSequence,HeinMach/Bosses/Yetuga,Content/_Art/Enemies/HeinMach/Bosses/Yetuga/Animations/Playback/A_EN_PLAY_AC_Yetuga_Die_F.uasset,3213110,c390bb9b84caa17dfec0a62c37bdad798221a0271a1b6681eae62b8cff841df8
/Game/_Art/Enemies/HeinMach/Bosses/Yetuga/Animations/Playback/A_EN_PLAY_AC_Yetuga_Dodge,AnimSequence,HeinMach/Bosses/Yetuga,Content/_Art/Enemies/HeinMach/Bosses/Yetuga/Animations/Playback/A_EN_PLAY_AC_Yetuga_Dodge.uasset,947728,17e7d59bbb307a8d12d3442e3b34e94b59b1718258a1656ad2a7ee1a8bf4fa64
/Game/_Art/Enemies/HeinMach/Bosses/Yetuga/Animations/Playback/A_EN_PLAY_AC_Yetuga_Dodge_02,AnimSequence,HeinMach/Bosses/Yetuga,Content/_Art/Enemies/HeinMach/Bosses/Yetuga/Animations/Playback/A_EN_PLAY_AC_Yetuga_Dodge_02.uasset,1242911,608efcf032cae8478cde460e111bdef6c392ffd4c06325922212fa508bdec7c1
/Game/_Art/Enemies/HeinMach/Bosses/Yetuga/Animations/Playback/A_EN_PLAY_AC_Yetuga_FastBall_End,AnimSequence,HeinMach/Bosses/Yetuga,Content/_Art/Enemies/HeinMach/Bosses/Yetuga/Animations/Playback/A_EN_PLAY_AC_Yetuga_FastBall_End.uasset,890339,cffbe940b35c855057b1f0be07a7c9e61a7920dfa916c4808c27793ba5bc4684
/Game/_Art/Enemies/HeinMach/Bosses/Yetuga/Animations/Playback/A_EN_PLAY_AC_Yetuga_FastBall_End_02,AnimSequence,HeinMach/Bosses/Yetuga,Content/_Art/Enemies/HeinMach/Bosses/Yetuga/Animations/Playback/A_EN_PLAY_AC_Yetuga_FastBall_End_02.uasset,589295,ce9a65b882b9f2242eb3dcccc0dd8aafe66e2d53ff5e90d3d437db26a2d31765
/Game/_Art/Enemies/HeinMach/Bosses/Yetuga/Animations/Playback/A_EN_PLAY_AC_Yetuga_FastBall_Shoot,AnimSequence,HeinMach/Bosses/Yetuga,Content/_Art/Enemies/HeinMach/Bosses/Yetuga/Animations/Playback/A_EN_PLAY_AC_Yetuga_FastBall_Shoot.uasset,779301,d14002b4a87528f1d4185d3de8be050a808a4e3a43a4ea229af8ac4c13383fce
/Game/_Art/Enemies/HeinMach/Bosses/Yetuga/Animations/Playback/A_EN_PLAY_AC_Yetuga_FastBall_Start,AnimSequence,HeinMach/Bosses/Yetuga,Content/_Art/Enemies/HeinMach/Bosses/Yetuga/Animations/Playback/A_EN_PLAY_AC_Yetuga_FastBall_Start.uasset,760899,7a1fbb24a9ca3a0c07766820a362998f38cdcf90c06f0be844854737bbe65d53
/Game/_Art/Enemies/HeinMach/Bosses/Yetuga/Animations/Playback/A_EN_PLAY_AC_Yetuga_FastMove,AnimSequence,HeinMach/Bosses/Yetuga,Content/_Art/Enemies/HeinMach/Bosses/Yetuga/Animations/Playback/A_EN_PLAY_AC_Yetuga_FastMove.uasset,640525,af4e019a3b5a811e097091d65d8bb1e4aed9ffd09ae3a179b6b2a21af474c108
/Game/_Art/Enemies/HeinMach/Bosses/Yetuga/Animations/Playback/A_EN_PLAY_AC_Yetuga_FastMove_End,AnimSequence,HeinMach/Bosses/Yetuga,Content/_Art/Enemies/HeinMach/Bosses/Yetuga/Animations/Playback/A_EN_PLAY_AC_Yetuga_FastMove_End.uasset,580824,ba3afdd9f2647387b5ffd2479f39421e6c5bdd960634d73cf0380d6a56c515d2
/Game/_Art/Enemies/HeinMach/Bosses/Yetuga/Animations/Playback/A_EN_PLAY_AC_Yetuga_Groggy,AnimSequence,HeinMach/Bosses/Yetuga,Content/_Art/Enemies/HeinMach/Bosses/Yetuga/Animations/Playback/A_EN_PLAY_AC_Yetuga_Groggy.uasset,928394,4893579afa3c05bd9d27a2b812dc6e6fcd7c157fa7b01fe08a9823ffca66aa0e
/Game/_Art/Enemies/HeinMach/Bosses/Yetuga/Animations/Playback/A_EN_PLAY_AC_Yetuga_GroggyStr_F_End,AnimSequence,HeinMach/Bosses/Yetuga,Content/_Art/Enemies/HeinMach/Bosses/Yetuga/Animations/Playback/A_EN_PLAY_AC_Yetuga_GroggyStr_F_End.uasset,928456,0463b93522331b07f4122143afefd127c288ae4e199448de4345e4eadaa5e281
/Game/_Art/Enemies/HeinMach/Bosses/Yetuga/Animations/Playback/A_EN_PLAY_AC_Yetuga_GroggyStr_F_End_New,AnimSequence,HeinMach/Bosses/Yetuga,Content/_Art/Enemies/HeinMach/Bosses/Yetuga/Animations/Playback/A_EN_PLAY_AC_Yetuga_GroggyStr_F_End_New.uasset,817064,d815dfc4ce617a7a99cdc976276351a480c2aa62fec4bb5820b641bcb2315854
/Game/_Art/Enemies/HeinMach/Bosses/Yetuga/Animations/Playback/A_EN_PLAY_AC_Yetuga_GroggyStr_F_Loop,AnimSequence,HeinMach/Bosses/Yetuga,Content/_Art/Enemies/HeinMach/Bosses/Yetuga/Animations/Playback/A_EN_PLAY_AC_Yetuga_GroggyStr_F_Loop.uasset,789091,3397a84a98a3bfdbad5354ea097d9285415c8358f00fb8b4ba8f1bf4801fb129
/Game/_Art/Enemies/HeinMach/Bosses/Yetuga/Animations/Playback/A_EN_PLAY_AC_Yetuga_GroggyStr_F_Loop_New,AnimSequence,HeinMach/Bosses/Yetuga,Content/_Art/Enemies/HeinMach/Bosses/Yetuga/Animations/Playback/A_EN_PLAY_AC_Yetuga_GroggyStr_F_Loop_New.uasset,1146741,5e7e9212f3aef3a5a050693cd4763f4c0e84771974bb087af696edcc7c626a24
/Game/_Art/Enemies/HeinMach/Bosses/Yetuga/Animations/Playback/A_EN_PLAY_AC_Yetuga_GroggyStr_F_Start,AnimSequence,HeinMach/Bosses/Yetuga,Content/_Art/Enemies/HeinMach/Bosses/Yetuga/Animations/Playback/A_EN_PLAY_AC_Yetuga_GroggyStr_F_Start.uasset,663226,675583446a92a110e96e07675cc63518d2df439759bdef6cd70df833067101d7
/Game/_Art/Enemies/HeinMach/Bosses/Yetuga/Animations/Playback/A_EN_PLAY_AC_Yetuga_GroggyStr_F_Start_New,AnimSequence,HeinMach/Bosses/Yetuga,Content/_Art/Enemies/HeinMach/Bosses/Yetuga/Animations/Playback/A_EN_PLAY_AC_Yetuga_GroggyStr_F_Start_New.uasset,611727,280f5cd57de70e90e588542408cf9452e235188fa1f1de735ad60f488c39203e
/Game/_Art/Enemies/HeinMach/Bosses/Yetuga/Animations/Playback/A_EN_PLAY_AC_Yetuga_Groggy_Loop,AnimSequence,HeinMach/Bosses/Yetuga,Content/_Art/Enemies/HeinMach/Bosses/Yetuga/Animations/Playback/A_EN_PLAY_AC_Yetuga_Groggy_Loop.uasset,789057,8df24858392e3c5bec8ed232be878b44db5b1d4bce8e986759ff1e79c15f93cb
/Game/_Art/Enemies/HeinMach/Bosses/Yetuga/Animations/Playback/A_EN_PLAY_AC_Yetuga_IceBreath_01,AnimSequence,HeinMach/Bosses/Yetuga,Content/_Art/Enemies/HeinMach/Bosses/Yetuga/Animations/Playback/A_EN_PLAY_AC_Yetuga_IceBreath_01.uasset,2141127,439845baca8b08a7c3317bdffe25ad3b4f8b8ae63b9ae410ed3daccf34af3c01
/Game/_Art/Enemies/HeinMach/Bosses/Yetuga/Animations/Playback/A_EN_PLAY_AC_Yetuga_IceBreath_02,AnimSequence,HeinMach/Bosses/Yetuga,Content/_Art/Enemies/HeinMach/Bosses/Yetuga/Animations/Playback/A_EN_PLAY_AC_Yetuga_IceBreath_02.uasset,1521417,41274416f5c2a0f7408e388062670a92524f26f4db1ceef1068ca5c205f5343d
/Game/_Art/Enemies/HeinMach/Bosses/Yetuga/Animations/Playback/A_EN_PLAY_AC_Yetuga_IceBreath_Back,AnimSequence,HeinMach/Bosses/Yetuga,Content/_Art/Enemies/HeinMach/Bosses/Yetuga/Animations/Playback/A_EN_PLAY_AC_Yetuga_IceBreath_Back.uasset,1170641,6f796901e22ff92300ac6e1cf3ed2eff44894ebcce71d834150ba524264d7b82
/Game/_Art/Enemies/HeinMach/Bosses/Yetuga/Animations/Playback/A_EN_PLAY_AC_Yetuga_IceBreath_BackJump,AnimSequence,HeinMach/Bosses/Yetuga,Content/_Art/Enemies/HeinMach/Bosses/Yetuga/Animations/Playback/A_EN_PLAY_AC_Yetuga_IceBreath_BackJump.uasset,1137053,1dc24f1e98f53f3e9c3470ebff30ddf2f5eef376a81f65659ad463c9eabee51b
/Game/_Art/Enemies/HeinMach/Bosses/Yetuga/Animations/Playback/A_EN_PLAY_AC_Yetuga_IceBreath_End,AnimSequence,HeinMach/Bosses/Yetuga,Content/_Art/Enemies/HeinMach/Bosses/Yetuga/Animations/Playback/A_EN_PLAY_AC_Yetuga_IceBreath_End.uasset,4281808,718f83884b26a216cd59921b4a2eaa90ba0cc0e23d7fd3432b90336e7e837169
/Game/_Art/Enemies/HeinMach/Bosses/Yetuga/Animations/Playback/A_EN_PLAY_AC_Yetuga_JumpBackPress,AnimSequence,HeinMach/Bosses/Yetuga,Content/_Art/Enemies/HeinMach/Bosses/Yetuga/Animations/Playback/A_EN_PLAY_AC_Yetuga_JumpBackPress.uasset,2669196,c7dcef2d0b974c2fad69efa34bc326ffdb8421205ef6c8e879889b0ed7cc73e2
/Game/_Art/Enemies/HeinMach/Bosses/Yetuga/Animations/Playback/A_EN_PLAY_AC_Yetuga_JumpBackPress_End,AnimSequence,HeinMach/Bosses/Yetuga,Content/_Art/Enemies/HeinMach/Bosses/Yetuga/Animations/Playback/A_EN_PLAY_AC_Yetuga_JumpBackPress_End.uasset,1846497,7734249e14d58729db76767071999b71b71e2fa2907420c4f36ca011d0e4658b
/Game/_Art/Enemies/HeinMach/Bosses/Yetuga/Animations/Playback/A_EN_PLAY_AC_Yetuga_JustGuardReaction,AnimSequence,HeinMach/Bosses/Yetuga,Content/_Art/Enemies/HeinMach/Bosses/Yetuga/Animations/Playback/A_EN_PLAY_AC_Yetuga_JustGuardReaction.uasset,892502,9bbdd4055877eac0313b2389854b0b72e5f676abed6eee805e5d14b10487e726
/Game/_Art/Enemies/HeinMach/Bosses/Yetuga/Animations/Playback/A_EN_PLAY_AC_Yetuga_NormalAtk01_01,AnimSequence,HeinMach/Bosses/Yetuga,Content/_Art/Enemies/HeinMach/Bosses/Yetuga/Animations/Playback/A_EN_PLAY_AC_Yetuga_NormalAtk01_01.uasset,710381,89d0cbc21e3053cceaa815f347287182586926969727d016241e5779f1a2b4d8
/Game/_Art/Enemies/HeinMach/Bosses/Yetuga/Animations/Playback/A_EN_PLAY_AC_Yetuga_NormalAtk01_02,AnimSequence,HeinMach/Bosses/Yetuga,Content/_Art/Enemies/HeinMach/Bosses/Yetuga/Animations/Playback/A_EN_PLAY_AC_Yetuga_NormalAtk01_02.uasset,990971,ed1f5741a036931d25dd86b69f4d77a371901c1e07f532a3e68ce37d8a96adb9
/Game/_Art/Enemies/HeinMach/Bosses/Yetuga/Animations/Playback/A_EN_PLAY_AC_Yetuga_NormalAtk01_03,AnimSequence,HeinMach/Bosses/Yetuga,Content/_Art/Enemies/HeinMach/Bosses/Yetuga/Animations/Playback/A_EN_PLAY_AC_Yetuga_NormalAtk01_03.uasset,13396955,0d24b14c1e0419fbe42237382cf38349dc78de063299d9a011055de74785c30b
/Game/_Art/Enemies/HeinMach/Bosses/Yetuga/Animations/Playback/A_EN_PLAY_AC_Yetuga_NormalAtk02_01,AnimSequence,HeinMach/Bosses/Yetuga,Content/_Art/Enemies/HeinMach/Bosses/Yetuga/Animations/Playback/A_EN_PLAY_AC_Yetuga_NormalAtk02_01.uasset,1679065,b4da734d31090ce6a9626844a08dee2e4532d86c8c09585e75fa4f51fe525e16
/Game/_Art/Enemies/HeinMach/Bosses/Yetuga/Animations/Playback/A_EN_PLAY_AC_Yetuga_NormalAtk02_02,AnimSequence,HeinMach/Bosses/Yetuga,Content/_Art/Enemies/HeinMach/Bosses/Yetuga/Animations/Playback/A_EN_PLAY_AC_Yetuga_NormalAtk02_02.uasset,1421975,5800d6e5f55f8ae9952042cb23cdd8424e344784628dd4273b5ee7b93bdfccac
/Game/_Art/Enemies/HeinMach/Bosses/Yetuga/Animations/Playback/A_EN_PLAY_AC_Yetuga_PartGroggy_End,AnimSequence,HeinMach/Bosses/Yetuga,Content/_Art/Enemies/HeinMach/Bosses/Yetuga/Animations/Playback/A_EN_PLAY_AC_Yetuga_PartGroggy_End.uasset,837641,358da945178ed4805a17497772a88f5545e540e6ef686a982007ae38a34360e0
/Game/_Art/Enemies/HeinMach/Bosses/Yetuga/Animations/Playback/A_EN_PLAY_AC_Yetuga_PartGroggy_Loop,AnimSequence,HeinMach/Bosses/Yetuga,Content/_Art/Enemies/HeinMach/Bosses/Yetuga/Animations/Playback/A_EN_PLAY_AC_Yetuga_PartGroggy_Loop.uasset,750720,7ca014e1fd7ded3f4aeea1cceb8cfd58a3ac0b84e9074d18a7e36f3dc1986783
/Game/_Art/Enemies/HeinMach/Bosses/Yetuga/Animations/Playback/A_EN_PLAY_AC_Yetuga_PartGroggy_Start,AnimSequence,HeinMach/Bosses/Yetuga,Content/_Art/Enemies/HeinMach/Bosses/Yetuga/Animations/Playback/A_EN_PLAY_AC_Yetuga_PartGroggy_Start.uasset,824905,29fb4bd41145bd3b2858b6cd1c11574279d0a92257ee31e52fc69234eb7c9df6
/Game/_Art/Enemies/HeinMach/Bosses/Yetuga/Animations/Playback/A_EN_PLAY_AC_Yetuga_Roar,AnimSequence,HeinMach/Bosses/Yetuga,Content/_Art/Enemies/HeinMach/Bosses/Yetuga/Animations/Playback/A_EN_PLAY_AC_Yetuga_Roar.uasset,1629127,9268987d2738519d01ccb31a4684f2622dcfe3a9819973f75990cba0379eeaea
/Game/_Art/Enemies/HeinMach/Bosses/Yetuga/Animations/Playback/A_EN_PLAY_AC_Yetuga_RushGrab,AnimSequence,HeinMach/Bosses/Yetuga,Content/_Art/Enemies/HeinMach/Bosses/Yetuga/Animations/Playback/A_EN_PLAY_AC_Yetuga_RushGrab.uasset,1515433,80f1ee79fee0cd97dcb936f9c61d47e112238ad43829c28607b5d7baff8611a8
/Game/_Art/Enemies/HeinMach/Bosses/Yetuga/Animations/Playback/A_EN_PLAY_AC_Yetuga_RushGrab_Back,AnimSequence,HeinMach/Bosses/Yetuga,Content/_Art/Enemies/HeinMach/Bosses/Yetuga/Animations/Playback/A_EN_PLAY_AC_Yetuga_RushGrab_Back.uasset,1051896,be93e325eca0edc978e537014ff502ccc18aa9c9c9a85140cf55038feb3fcdd3
/Game/_Art/Enemies/HeinMach/Bosses/Yetuga/Animations/Playback/A_EN_PLAY_AC_Yetuga_RushGrab_Dash,AnimSequence,HeinMach/Bosses/Yetuga,Content/_Art/Enemies/HeinMach/Bosses/Yetuga/Animations/Playback/A_EN_PLAY_AC_Yetuga_RushGrab_Dash.uasset,875132,285934af0f5ec9981877826d65c7d6f95f1719288d277a9acf45218211326f31
/Game/_Art/Enemies/HeinMach/Bosses/Yetuga/Animations/Playback/A_EN_PLAY_AC_Yetuga_RushGrab_End,AnimSequence,HeinMach/Bosses/Yetuga,Content/_Art/Enemies/HeinMach/Bosses/Yetuga/Animations/Playback/A_EN_PLAY_AC_Yetuga_RushGrab_End.uasset,495511,66dd2a7447aadc52840c0f7c6f0a9a97958c5b8a8d39567d5160a0aa4b843cb5
/Game/_Art/Enemies/HeinMach/Bosses/Yetuga/Animations/Playback/A_EN_PLAY_AC_Yetuga_RushGrab_Slow,AnimSequence,HeinMach/Bosses/Yetuga,Content/_Art/Enemies/HeinMach/Bosses/Yetuga/Animations/Playback/A_EN_PLAY_AC_Yetuga_RushGrab_Slow.uasset,1550990,b5a60a3135295f7371e05a12003f62ddf0c6fb1a94024092c3e80991f27f2fc1
/Game/_Art/Enemies/HeinMach/Bosses/Yetuga/Animations/Playback/A_EN_PLAY_AC_Yetuga_RushGrab_Success,AnimSequence,HeinMach/Bosses/Yetuga,Content/_Art/Enemies/HeinMach/Bosses/Yetuga/Animations/Playback/A_EN_PLAY_AC_Yetuga_RushGrab_Success.uasset,1442569,8cdd0c4fefe1bc11688ebcda2f356cd5fe2a77c6c1d4ab15144cdb3eac25e8b0
/Game/_Art/Enemies/HeinMach/Bosses/Yetuga/Animations/Playback/A_EN_PLAY_AC_Yetuga_SideMove_L_Long,AnimSequence,HeinMach/Bosses/Yetuga,Content/_Art/Enemies/HeinMach/Bosses/Yetuga/Animations/Playback/A_EN_PLAY_AC_Yetuga_SideMove_L_Long.uasset,1196079,84c9844eeaf6cc4a6a314f3439bf65fc3fba1a41cda69ee7d7b321ff0c4776fa
/Game/_Art/Enemies/HeinMach/Bosses/Yetuga/Animations/Playback/A_EN_PLAY_AC_Yetuga_SideMove_L_Short,AnimSequence,HeinMach/Bosses/Yetuga,Content/_Art/Enemies/HeinMach/Bosses/Yetuga/Animations/Playback/A_EN_PLAY_AC_Yetuga_SideMove_L_Short.uasset,739319,57123b6b419ceb1f4f35c42e3bec8e14e183aff803f0751b6eb0b2e7c0206cb3
/Game/_Art/Enemies/HeinMach/Bosses/Yetuga/Animations/Playback/A_EN_PLAY_AC_Yetuga_SideMove_R_Long,AnimSequence,HeinMach/Bosses/Yetuga,Content/_Art/Enemies/HeinMach/Bosses/Yetuga/Animations/Playback/A_EN_PLAY_AC_Yetuga_SideMove_R_Long.uasset,1365043,b68e4ce0b7161e5183cb501106526195906d69a24edce19a614503e84c342a5e
/Game/_Art/Enemies/HeinMach/Bosses/Yetuga/Animations/Playback/A_EN_PLAY_AC_Yetuga_SideMove_R_Short,AnimSequence,HeinMach/Bosses/Yetuga,Content/_Art/Enemies/HeinMach/Bosses/Yetuga/Animations/Playback/A_EN_PLAY_AC_Yetuga_SideMove_R_Short.uasset,724633,3d010016a708169f7d1e48cfe4ac9bc010a9ba4177e7b37c77df809690e9802b
/Game/_Art/Enemies/HeinMach/Bosses/Yetuga/Animations/Playback/A_EN_PLAY_AC_Yetuga_Social,AnimSequence,HeinMach/Bosses/Yetuga,Content/_Art/Enemies/HeinMach/Bosses/Yetuga/Animations/Playback/A_EN_PLAY_AC_Yetuga_Social.uasset,1806979,3091abad63ba1029dc951ac226493ed319108ea9a7fe7e8f53ccb81baa3b67c1
/Game/_Art/Enemies/HeinMach/Bosses/Yetuga/Animations/Playback/A_EN_PLAY_AC_Yetuga_StaminaRecover,AnimSequence,HeinMach/Bosses/Yetuga,Content/_Art/Enemies/HeinMach/Bosses/Yetuga/Animations/Playback/A_EN_PLAY_AC_Yetuga_StaminaRecover.uasset,1268329,8823df46ee5ddb8e71d406687df662a2baf78dfa2c8ec56bedd1920afb6baa42
/Game/_Art/Enemies/HeinMach/Bosses/Yetuga/Animations/Playback/A_EN_PLAY_AC_Yetuga_TurnAtk,AnimSequence,HeinMach/Bosses/Yetuga,Content/_Art/Enemies/HeinMach/Bosses/Yetuga/Animations/Playback/A_EN_PLAY_AC_Yetuga_TurnAtk.uasset,1804762,0900f6cc2ef2072f6c25c8a7464803162fe3ad1370a7e1d58e2305f310d35ff2
/Game/_Art/Enemies/HeinMach/Bosses/Yetuga/Animations/Playback/A_EN_PLAY_AC_Yetuga_TurnBackRun,AnimSequence,HeinMach/Bosses/Yetuga,Content/_Art/Enemies/HeinMach/Bosses/Yetuga/Animations/Playback/A_EN_PLAY_AC_Yetuga_TurnBackRun.uasset,5243892,e7f7ad9b0a045476ee78257d81c5fbc9e8436f866bd69d3ecbfa596a402a2d94
/Game/_Art/Enemies/HeinMach/Bosses/Yetuga/Animations/Playback/A_EN_PLAY_AC_Yetuga_TurnBackRun_Back,AnimSequence,HeinMach/Bosses/Yetuga,Content/_Art/Enemies/HeinMach/Bosses/Yetuga/Animations/Playback/A_EN_PLAY_AC_Yetuga_TurnBackRun_Back.uasset,854401,666f86326846d2660b9fd44eab4c7f730211a8d3573efdc9e67adebf84a0577e
/Game/_Art/Enemies/HeinMach/Bosses/Yetuga/Animations/Playback/A_EN_PLAY_AC_Yetuga_TurnBackRun_Short_01,AnimSequence,HeinMach/Bosses/Yetuga,Content/_Art/Enemies/HeinMach/Bosses/Yetuga/Animations/Playback/A_EN_PLAY_AC_Yetuga_TurnBackRun_Short_01.uasset,956137,9d7a42364105b55b188350c3ef2485ea9cdca1a824af034da2d8c073c058267f
/Game/_Art/Enemies/HeinMach/Bosses/Yetuga/Animations/Playback/A_EN_PLAY_AC_Yetuga_TurnBackRun_Short_02,AnimSequence,HeinMach/Bosses/Yetuga,Content/_Art/Enemies/HeinMach/Bosses/Yetuga/Animations/Playback/A_EN_PLAY_AC_Yetuga_TurnBackRun_Short_02.uasset,1206591,0218a00ac094ad15123edb6937fba4403e074dfca7ab50873c244d0786afa7f3
/Game/_Art/Enemies/HeinMach/Bosses/Yetuga/Animations/Playback/A_EN_PLAY_CA_M_Yetuga_AddWeak_Head,AnimSequence,HeinMach/Bosses/Yetuga,Content/_Art/Enemies/HeinMach/Bosses/Yetuga/Animations/Playback/A_EN_PLAY_CA_M_Yetuga_AddWeak_Head.uasset,437673,885db8143a8b9c1c524864786fd025845a213e7f61201b869da195a30ae50a54
/Game/_Art/Enemies/HeinMach/Bosses/Yetuga/Animations/Playback/A_EN_PLAY_CA_M_Yetuga_LockOnMove_B,AnimSequence,HeinMach/Bosses/Yetuga,Content/_Art/Enemies/HeinMach/Bosses/Yetuga/Animations/Playback/A_EN_PLAY_CA_M_Yetuga_LockOnMove_B.uasset,756538,f089a8fbbfc0f8caed9d8b77afcbda70ceee4e5def0f0d2700df693b65fa9013
/Game/_Art/Enemies/HeinMach/Bosses/Yetuga/Animations/Playback/A_EN_PLAY_CA_M_Yetuga_LockOnMove_F,AnimSequence,HeinMach/Bosses/Yetuga,Content/_Art/Enemies/HeinMach/Bosses/Yetuga/Animations/Playback/A_EN_PLAY_CA_M_Yetuga_LockOnMove_F.uasset,728794,6415bb63c7943019e8c56e6c77d7a577149b6c494447eb2fc1fd6f2da462e8d8
/Game/_Art/Enemies/HeinMach/Bosses/Yetuga/Animations/Playback/A_EN_PLAY_CA_M_Yetuga_LockOnMove_L,AnimSequence,HeinMach/Bosses/Yetuga,Content/_Art/Enemies/HeinMach/Bosses/Yetuga/Animations/Playback/A_EN_PLAY_CA_M_Yetuga_LockOnMove_L.uasset,746746,5f26132e892813c2e89a459a4c87b03ac54cdcaa2b856204ae4fd8278535506c
/Game/_Art/Enemies/HeinMach/Bosses/Yetuga/Animations/Playback/A_EN_PLAY_CA_M_Yetuga_LockOnMove_R,AnimSequence,HeinMach/Bosses/Yetuga,Content/_Art/Enemies/HeinMach/Bosses/Yetuga/Animations/Playback/A_EN_PLAY_CA_M_Yetuga_LockOnMove_R.uasset,740218,144ebb5757be3c7ffbc60247a487a49b92bde4a6ab4b085517881e15cc111581
/Game/_Art/Enemies/HeinMach/Bosses/Yetuga/Animations/Playback/A_EN_PLAY_CA_M_Yetuga_Run_F,AnimSequence,HeinMach/Bosses/Yetuga,Content/_Art/Enemies/HeinMach/Bosses/Yetuga/Animations/Playback/A_EN_PLAY_CA_M_Yetuga_Run_F.uasset,621705,9d8a35cb59dc137a4e21ba22e8cc6298378a2a336fc3a91e213aefff2f1a1dc8
/Game/_Art/Enemies/HeinMach/Bosses/Yetuga/Animations/Playback/A_EN_PLAY_CA_M_Yetuga_Sprint_F,AnimSequence,HeinMach/Bosses/Yetuga,Content/_Art/Enemies/HeinMach/Bosses/Yetuga/Animations/Playback/A_EN_PLAY_CA_M_Yetuga_Sprint_F.uasset,528064,a396b726cc0681c447c04c629308d97169a1dccd3d1ff8de102badd55230f832
/Game/_Art/Enemies/HeinMach/Bosses/Yetuga/Animations/Playback/A_EN_PLAY_CA_M_Yetuga_Stand_F,AnimSequence,HeinMach/Bosses/Yetuga,Content/_Art/Enemies/HeinMach/Bosses/Yetuga/Animations/Playback/A_EN_PLAY_CA_M_Yetuga_Stand_F.uasset,1122921,1179d6617b6b3d011cf9e5f9cc76ec87d383ad3b7a27e9701647d276e320d0f1
/Game/_Art/Enemies/HeinMach/Bosses/Yetuga/Animations/Playback/A_EN_PLAY_CA_M_Yetuga_Walk_F,AnimSequence,HeinMach/Bosses/Yetuga,Content/_Art/Enemies/HeinMach/Bosses/Yetuga/Animations/Playback/A_EN_PLAY_CA_M_Yetuga_Walk_F.uasset,727120,27f4b3840192fa07f4e818df490f59158dacb912dff3c667d67809cc27c3baad
/Game/_Art/Enemies/HeinMach/Bosses/Yetuga/Blueprints/BP_EN_Boss_Yetuga,Blueprint,HeinMach/Bosses/Yetuga,Content/_Art/Enemies/HeinMach/Bosses/Yetuga/Blueprints/BP_EN_Boss_Yetuga.uasset,30960,65d23c42bb7d72183e5a19ed0bee06ad2aba5c663b9a6c53bcc4fd2f4c3c9968
/Game/_Art/Enemies/HeinMach/Bosses/Yetuga/Materials/Instances/MI_EN_Yetuga_BASE_AllMaster_AK,MaterialInstanceConstant,HeinMach/Bosses/Yetuga,Content/_Art/Enemies/HeinMach/Bosses/Yetuga/Materials/Instances/MI_EN_Yetuga_BASE_AllMaster_AK.uasset,259959,9d6b4db8c283e640dba37cc50b9d24f5b422f2301596c841a616031f625de62e
/Game/_Art/Enemies/HeinMach/Bosses/Yetuga/Materials/Instances/MI_EN_Yetuga_BASE_EpicBoss_AK,MaterialInstanceConstant,HeinMach/Bosses/Yetuga,Content/_Art/Enemies/HeinMach/Bosses/Yetuga/Materials/Instances/MI_EN_Yetuga_BASE_EpicBoss_AK.uasset,236980,17fdcaaf8f9e6354e743eaa58562aaa6773db470bc23b690f5431c107b48ed1e
/Game/_Art/Enemies/HeinMach/Bosses/Yetuga/Materials/Instances/MI_EN_Yetuga_Base_Eyes_AK,MaterialInstanceConstant,HeinMach/Bosses/Yetuga,Content/_Art/Enemies/HeinMach/Bosses/Yetuga/Materials/Instances/MI_EN_Yetuga_Base_Eyes_AK.uasset,72150,4eef5f15cf299c513682b8ac361cf6fd942481810a798140a3a553f7afaec639
/Game/_Art/Enemies/HeinMach/Bosses/Yetuga/Materials/Instances/MI_EN_Yetuga_CM_M_YetugaBoss_Body,MaterialInstanceConstant,HeinMach/Bosses/Yetuga,Content/_Art/Enemies/HeinMach/Bosses/Yetuga/Materials/Instances/MI_EN_Yetuga_CM_M_YetugaBoss_Body.uasset,232799,bfa75c25865822faf0b5a7d1235f4a6f2d2a788ff6b53e76f77e48a5f19415ca
/Game/_Art/Enemies/HeinMach/Bosses/Yetuga/Materials/Instances/MI_EN_Yetuga_CM_M_YetugaBoss_EyeL,MaterialInstanceConstant,HeinMach/Bosses/Yetuga,Content/_Art/Enemies/HeinMach/Bosses/Yetuga/Materials/Instances/MI_EN_Yetuga_CM_M_YetugaBoss_EyeL.uasset,71194,a39dceff9feb3e510773682b7456c4551ed16cc7c756800ec515694c52f5069a
/Game/_Art/Enemies/HeinMach/Bosses/Yetuga/Materials/Instances/MI_EN_Yetuga_CM_M_YetugaBoss_EyeR,MaterialInstanceConstant,HeinMach/Bosses/Yetuga,Content/_Art/Enemies/HeinMach/Bosses/Yetuga/Materials/Instances/MI_EN_Yetuga_CM_M_YetugaBoss_EyeR.uasset,71444,95e5fa8dab42ffe4f7fe800a4fa9647787c5b5dbc70bfd3a7373c3c79bc90be6
/Game/_Art/Enemies/HeinMach/Bosses/Yetuga/Materials/Instances/MI_EN_Yetuga_CM_M_YetugaBoss_Face,MaterialInstanceConstant,HeinMach/Bosses/Yetuga,Content/_Art/Enemies/HeinMach/Bosses/Yetuga/Materials/Instances/MI_EN_Yetuga_CM_M_YetugaBoss_Face.uasset,231032,cb6fdfc69ff9a033f9ebcf4e7306c3e6b8542f0bbc4eb2541705bc8f2c724389
/Game/_Art/Enemies/HeinMach/Bosses/Yetuga/Materials/Instances/MI_EN_Yetuga_CM_M_YetugaBoss_Fur,MaterialInstanceConstant,HeinMach/Bosses/Yetuga,Content/_Art/Enemies/HeinMach/Bosses/Yetuga/Materials/Instances/MI_EN_Yetuga_CM_M_YetugaBoss_Fur.uasset,245432,f6cd6bd6cd37a40fcab26370fba53a4bfba0138319f80e450f99cd0de86f664f
/Game/_Art/Enemies/HeinMach/Bosses/Yetuga/Materials/Instances/MI_EN_Yetuga_CM_M_YetugaBoss_Ice,MaterialInstanceConstant,HeinMach/Bosses/Yetuga,Content/_Art/Enemies/HeinMach/Bosses/Yetuga/Materials/Instances/MI_EN_Yetuga_CM_M_YetugaBoss_Ice.uasset,241856,e15cc2865211138c051dd843e7bd2fb79fb4647a8e0196f41f394485249122d8
/Game/_Art/Enemies/HeinMach/Bosses/Yetuga/Materials/Instances/MI_EN_Yetuga_CM_M_YetugaBoss_Ice_Dissove,MaterialInstanceConstant,HeinMach/Bosses/Yetuga,Content/_Art/Enemies/HeinMach/Bosses/Yetuga/Materials/Instances/MI_EN_Yetuga_CM_M_YetugaBoss_Ice_Dissove.uasset,242534,8dbbff92cfd1408e826489d7fd2b6287d701a0eb3a4d84835cf54e03b321fdce
/Game/_Art/Enemies/HeinMach/Bosses/Yetuga/Materials/Instances/MI_EN_Yetuga_WM_BBQProp_Base,MaterialInstanceConstant,HeinMach/Bosses/Yetuga,Content/_Art/Enemies/HeinMach/Bosses/Yetuga/Materials/Instances/MI_EN_Yetuga_WM_BBQProp_Base.uasset,269900,8127ef62dae89d9f1e5c049c64d56117e11930f928ca8a46e026898cce157e88
/Game/_Art/Enemies/HeinMach/Bosses/Yetuga/Materials/Instances/MI_EN_Yetuga_WM_BBQProp_DetailMap,MaterialInstanceConstant,HeinMach/Bosses/Yetuga,Content/_Art/Enemies/HeinMach/Bosses/Yetuga/Materials/Instances/MI_EN_Yetuga_WM_BBQProp_DetailMap.uasset,250061,327b66c9a818e2f55f75268a7471c5fc573af95df6cf4f2d8a5c3a17f541c044
/Game/_Art/Enemies/HeinMach/Bosses/Yetuga/Materials/Instances/MI_EN_Yetuga_WM_BBQProp_Ice,MaterialInstanceConstant,HeinMach/Bosses/Yetuga,Content/_Art/Enemies/HeinMach/Bosses/Yetuga/Materials/Instances/MI_EN_Yetuga_WM_BBQProp_Ice.uasset,260346,07abbb560ab5dd4a6f119b99456fc37ef15b4ff3cacf8b8404857f7eda610e71
/Game/_Art/Enemies/HeinMach/Bosses/Yetuga/Materials/Instances/MI_EN_Yetuga_WM_SKL_Ice_Special_008,MaterialInstanceConstant,HeinMach/Bosses/Yetuga,Content/_Art/Enemies/HeinMach/Bosses/Yetuga/Materials/Instances/MI_EN_Yetuga_WM_SKL_Ice_Special_008.uasset,252817,d8c14aab41fa88902e6c72364860d321fd1d203342c1c4a642dab7c2be967a10
/Game/_Art/Enemies/HeinMach/Bosses/Yetuga/Materials/Masters/M_EN_Yetuga_EyePreview,Material,HeinMach/Bosses/Yetuga,Content/_Art/Enemies/HeinMach/Bosses/Yetuga/Materials/Masters/M_EN_Yetuga_EyePreview.uasset,150008,2b49c71dd800d5e82d2f8a85feac9864422bb2bce98777b96a90a3c591953239
/Game/_Art/Enemies/HeinMach/Bosses/Yetuga/Materials/Masters/M_EN_Yetuga_PropPreview,Material,HeinMach/Bosses/Yetuga,Content/_Art/Enemies/HeinMach/Bosses/Yetuga/Materials/Masters/M_EN_Yetuga_PropPreview.uasset,560694,351838486041533d1275b85de434470bf30ed2a6ebc08a048a23b6149aab7226
/Game/_Art/Enemies/HeinMach/Bosses/Yetuga/Materials/Masters/M_EN_Yetuga_SurfacePreview,Material,HeinMach/Bosses/Yetuga,Content/_Art/Enemies/HeinMach/Bosses/Yetuga/Materials/Masters/M_EN_Yetuga_SurfacePreview.uasset,369684,58dc47da7eaf7dae8bb4ddcf6438defb34f693dd805bef8c2eb7ee374ecf821a
/Game/_Art/Enemies/HeinMach/Bosses/Yetuga/Meshes/SK_EN_Yetuga,SkeletalMesh,HeinMach/Bosses/Yetuga,Content/_Art/Enemies/HeinMach/Bosses/Yetuga/Meshes/SK_EN_Yetuga.uasset,45019173,2be4ca53a460d41e53ed0f8e39d56f80687aadb130052b8874f468472c4d3e41
/Game/_Art/Enemies/HeinMach/Bosses/Yetuga/Meshes/SK_EN_Yetuga_IceRock,SkeletalMesh,HeinMach/Bosses/Yetuga,Content/_Art/Enemies/HeinMach/Bosses/Yetuga/Meshes/SK_EN_Yetuga_IceRock.uasset,1767121,181e275881b75a8c70bbdd7b2f72e7da3a1ae4c8375e07e20e44df4f444f27e5
/Game/_Art/Enemies/HeinMach/Bosses/Yetuga/Preview/L_EN_Yetuga_Catalogue,World,HeinMach/Bosses/Yetuga,Content/_Art/Enemies/HeinMach/Bosses/Yetuga/Preview/L_EN_Yetuga_Catalogue.umap,22873,f89e3b21617b1705c7923ab2cc0713c75b8a597a3d200965910f2452f107bbdc
/Game/_Art/Enemies/HeinMach/Bosses/Yetuga/Skeletons/SKEL_EN_Yetuga,Skeleton,HeinMach/Bosses/Yetuga,Content/_Art/Enemies/HeinMach/Bosses/Yetuga/Skeletons/SKEL_EN_Yetuga.uasset,105275,98c14aeec5542047e3277eb6578d580e97c4d7fe32490b02f4cf11051093fca7
/Game/_Art/Enemies/HeinMach/Bosses/Yetuga/Skeletons/SKEL_EN_Yetuga_IceRock,Skeleton,HeinMach/Bosses/Yetuga,Content/_Art/Enemies/HeinMach/Bosses/Yetuga/Skeletons/SKEL_EN_Yetuga_IceRock.uasset,7007,e302c61a58bb63e6929d70b266b6bb72d81b4e8052382c2b63a21ac9daafbbf6
/Game/_Art/Enemies/HeinMach/Bosses/Yetuga/Textures/T_EN_Yetuga_BASE_Black,Texture2D,HeinMach/Bosses/Yetuga,Content/_Art/Enemies/HeinMach/Bosses/Yetuga/Textures/T_EN_Yetuga_BASE_Black.uasset,5343,b26bdcd6ddf7235aa223a639d05d770c0221c23f064a1252a1f5d7d2e7cba48c
/Game/_Art/Enemies/HeinMach/Bosses/Yetuga/Textures/T_EN_Yetuga_BASE_Black_NoneSRGB,Texture2D,HeinMach/Bosses/Yetuga,Content/_Art/Enemies/HeinMach/Bosses/Yetuga/Textures/T_EN_Yetuga_BASE_Black_NoneSRGB.uasset,5406,441712def6924cb2e28b14172a4218a49b9de93bf6eb2a36c1e1c2cb2fe8c644
/Game/_Art/Enemies/HeinMach/Bosses/Yetuga/Textures/T_EN_Yetuga_BASE_Black_e5f55951,Texture2D,HeinMach/Bosses/Yetuga,Content/_Art/Enemies/HeinMach/Bosses/Yetuga/Textures/T_EN_Yetuga_BASE_Black_e5f55951.uasset,5325,e8de352a7436e716173c580745e4f0f4ded01f6495d902ad68dcba1aa34b9205
/Game/_Art/Enemies/HeinMach/Bosses/Yetuga/Textures/T_EN_Yetuga_BASE_Blue,Texture2D,HeinMach/Bosses/Yetuga,Content/_Art/Enemies/HeinMach/Bosses/Yetuga/Textures/T_EN_Yetuga_BASE_Blue.uasset,5342,230bd15bd1232ac5168b5edc517796d228c153acc52198c3525cb97b8c51b2ad
/Game/_Art/Enemies/HeinMach/Bosses/Yetuga/Textures/T_EN_Yetuga_BASE_Disolve,Texture2D,HeinMach/Bosses/Yetuga,Content/_Art/Enemies/HeinMach/Bosses/Yetuga/Textures/T_EN_Yetuga_BASE_Disolve.uasset,71319,0f3375b0359a9e8c956cafcf24b7653c4e142ab75f4715cd8ddd5d15384ba52c
/Game/_Art/Enemies/HeinMach/Bosses/Yetuga/Textures/T_EN_Yetuga_BASE_Disolve_6dc267d1,Texture2D,HeinMach/Bosses/Yetuga,Content/_Art/Enemies/HeinMach/Bosses/Yetuga/Textures/T_EN_Yetuga_BASE_Disolve_6dc267d1.uasset,71301,dbaa6762f3062c95441322c81b18e3805b9f83c1e38c77729cf3dc23721bbd79
/Game/_Art/Enemies/HeinMach/Bosses/Yetuga/Textures/T_EN_Yetuga_BASE_Normal,Texture2D,HeinMach/Bosses/Yetuga,Content/_Art/Enemies/HeinMach/Bosses/Yetuga/Textures/T_EN_Yetuga_BASE_Normal.uasset,5733,32a6557cdb1a96b02827375b4af97b98810e5430af3a6527cfe9d5167adde40b
/Game/_Art/Enemies/HeinMach/Bosses/Yetuga/Textures/T_EN_Yetuga_BASE_SAPE,Texture2D,HeinMach/Bosses/Yetuga,Content/_Art/Enemies/HeinMach/Bosses/Yetuga/Textures/T_EN_Yetuga_BASE_SAPE.uasset,11034,20642364e0a81aeb5aa60e6f54272bb32e786dd87bd64753acfd97ce7f6e4ecc
/Game/_Art/Enemies/HeinMach/Bosses/Yetuga/Textures/T_EN_Yetuga_BASE_SAPE_9dc7c1cd,Texture2D,HeinMach/Bosses/Yetuga,Content/_Art/Enemies/HeinMach/Bosses/Yetuga/Textures/T_EN_Yetuga_BASE_SAPE_9dc7c1cd.uasset,11016,958d9f45aba81fa0c1b3577de5a4cb11653d800b997c5a94786c8ee9656b73bc
/Game/_Art/Enemies/HeinMach/Bosses/Yetuga/Textures/T_EN_Yetuga_BASE_White,Texture2D,HeinMach/Bosses/Yetuga,Content/_Art/Enemies/HeinMach/Bosses/Yetuga/Textures/T_EN_Yetuga_BASE_White.uasset,5289,a3e0843ff1f39c5a5ffc912ee62e704ea831161ccf0cb76bb269eb61bb790412
/Game/_Art/Enemies/HeinMach/Bosses/Yetuga/Textures/T_EN_Yetuga_BASE_White_NoneSRGB,Texture2D,HeinMach/Bosses/Yetuga,Content/_Art/Enemies/HeinMach/Bosses/Yetuga/Textures/T_EN_Yetuga_BASE_White_NoneSRGB.uasset,5460,f8e6fbcd7e0c0364621c33bf1562f543e882572a8aa296adbab93bbfaf7fc492
/Game/_Art/Enemies/HeinMach/Bosses/Yetuga/Textures/T_EN_Yetuga_BASE_White_NoneSRGB_d9669306,Texture2D,HeinMach/Bosses/Yetuga,Content/_Art/Enemies/HeinMach/Bosses/Yetuga/Textures/T_EN_Yetuga_BASE_White_NoneSRGB_d9669306.uasset,5442,fd5ddfc3b87feb4974c5337f6c414cdc82dd9beeaabf9591ea1b94c286dac2c3
/Game/_Art/Enemies/HeinMach/Bosses/Yetuga/Textures/T_EN_Yetuga_CT_M_YetugaBoss_Body_D,Texture2D,HeinMach/Bosses/Yetuga,Content/_Art/Enemies/HeinMach/Bosses/Yetuga/Textures/T_EN_Yetuga_CT_M_YetugaBoss_Body_D.uasset,1355248,cea352cc3d79341ed7d1bf7d1bc7e58a81fabe817051273797ccb04be49196e7
/Game/_Art/Enemies/HeinMach/Bosses/Yetuga/Textures/T_EN_Yetuga_CT_M_YetugaBoss_Body_E,Texture2D,HeinMach/Bosses/Yetuga,Content/_Art/Enemies/HeinMach/Bosses/Yetuga/Textures/T_EN_Yetuga_CT_M_YetugaBoss_Body_E.uasset,16042,50c0348513eacd8b9ed8fda8e78af81c166f05824c3e5293956deab6f22444cd
/Game/_Art/Enemies/HeinMach/Bosses/Yetuga/Textures/T_EN_Yetuga_CT_M_YetugaBoss_Body_I,Texture2D,HeinMach/Bosses/Yetuga,Content/_Art/Enemies/HeinMach/Bosses/Yetuga/Textures/T_EN_Yetuga_CT_M_YetugaBoss_Body_I.uasset,3865161,198aed3d2e3d4e435995b99c9883215e22f5f81478dfa8d26e9bc979a19ffbdd
/Game/_Art/Enemies/HeinMach/Bosses/Yetuga/Textures/T_EN_Yetuga_CT_M_YetugaBoss_Body_N,Texture2D,HeinMach/Bosses/Yetuga,Content/_Art/Enemies/HeinMach/Bosses/Yetuga/Textures/T_EN_Yetuga_CT_M_YetugaBoss_Body_N.uasset,1934407,0d8fb57f0182eaa23b583d5509c53866db15643731d2fcd7540081d7b753e5be
/Game/_Art/Enemies/HeinMach/Bosses/Yetuga/Textures/T_EN_Yetuga_CT_M_YetugaBoss_Body_S,Texture2D,HeinMach/Bosses/Yetuga,Content/_Art/Enemies/HeinMach/Bosses/Yetuga/Textures/T_EN_Yetuga_CT_M_YetugaBoss_Body_S.uasset,1447358,829ba477c69e0b2cb9f658c167fd1a8830ef95757585a5fd77377ccb7176fe92
/Game/_Art/Enemies/HeinMach/Bosses/Yetuga/Textures/T_EN_Yetuga_CT_M_YetugaBoss_Eye_E,Texture2D,HeinMach/Bosses/Yetuga,Content/_Art/Enemies/HeinMach/Bosses/Yetuga/Textures/T_EN_Yetuga_CT_M_YetugaBoss_Eye_E.uasset,253827,53c194abb3c919816d08db60f1589a4b4aa1586dcd096bd442c63454e73e9308
/Game/_Art/Enemies/HeinMach/Bosses/Yetuga/Textures/T_EN_Yetuga_CT_M_YetugaBoss_Eye_S,Texture2D,HeinMach/Bosses/Yetuga,Content/_Art/Enemies/HeinMach/Bosses/Yetuga/Textures/T_EN_Yetuga_CT_M_YetugaBoss_Eye_S.uasset,26513,d79dd3f52294f5795a07c76ea54cb496f67667e2f4c4eecbaf810854f2fcaf1c
/Game/_Art/Enemies/HeinMach/Bosses/Yetuga/Textures/T_EN_Yetuga_CT_M_YetugaBoss_Face_D,Texture2D,HeinMach/Bosses/Yetuga,Content/_Art/Enemies/HeinMach/Bosses/Yetuga/Textures/T_EN_Yetuga_CT_M_YetugaBoss_Face_D.uasset,1039618,7e9953def2610874830cd889c89eb5d1e2b594b2f94826ac21d191115bfd2616
/Game/_Art/Enemies/HeinMach/Bosses/Yetuga/Textures/T_EN_Yetuga_CT_M_YetugaBoss_Face_I,Texture2D,HeinMach/Bosses/Yetuga,Content/_Art/Enemies/HeinMach/Bosses/Yetuga/Textures/T_EN_Yetuga_CT_M_YetugaBoss_Face_I.uasset,1546864,424f9cddea56dff7c2987479dd593250bd7a3e5157dfaec67c920158c1c9a3c8
/Game/_Art/Enemies/HeinMach/Bosses/Yetuga/Textures/T_EN_Yetuga_CT_M_YetugaBoss_Face_N,Texture2D,HeinMach/Bosses/Yetuga,Content/_Art/Enemies/HeinMach/Bosses/Yetuga/Textures/T_EN_Yetuga_CT_M_YetugaBoss_Face_N.uasset,454337,dbd593208d4f12951213cc69c365f9afa7c5880f7663b35aebf391f58def2b03
/Game/_Art/Enemies/HeinMach/Bosses/Yetuga/Textures/T_EN_Yetuga_CT_M_YetugaBoss_Face_S,Texture2D,HeinMach/Bosses/Yetuga,Content/_Art/Enemies/HeinMach/Bosses/Yetuga/Textures/T_EN_Yetuga_CT_M_YetugaBoss_Face_S.uasset,215016,56bfa5e29d77fe41fcd585b72647ef4237b9547b6dcf5f7ff762620f1dacc898
/Game/_Art/Enemies/HeinMach/Bosses/Yetuga/Textures/T_EN_Yetuga_CT_M_YetugaBoss_Fur_D,Texture2D,HeinMach/Bosses/Yetuga,Content/_Art/Enemies/HeinMach/Bosses/Yetuga/Textures/T_EN_Yetuga_CT_M_YetugaBoss_Fur_D.uasset,1223806,8fc7aa7385c16d9c666119ec7924961f5f9a7214b9daed92971be5689b8ecd17
/Game/_Art/Enemies/HeinMach/Bosses/Yetuga/Textures/T_EN_Yetuga_CT_M_YetugaBoss_Fur_E,Texture2D,HeinMach/Bosses/Yetuga,Content/_Art/Enemies/HeinMach/Bosses/Yetuga/Textures/T_EN_Yetuga_CT_M_YetugaBoss_Fur_E.uasset,54949,37e4cf1ee80b1dab024b0b37cda4aa225eb2f547e7a9a9d125779ca9646ea05f
/Game/_Art/Enemies/HeinMach/Bosses/Yetuga/Textures/T_EN_Yetuga_CT_M_YetugaBoss_Fur_I,Texture2D,HeinMach/Bosses/Yetuga,Content/_Art/Enemies/HeinMach/Bosses/Yetuga/Textures/T_EN_Yetuga_CT_M_YetugaBoss_Fur_I.uasset,627514,814dee9945e7aa9cc37bb34563575a84935b376410ce77066ca07938038e520c
/Game/_Art/Enemies/HeinMach/Bosses/Yetuga/Textures/T_EN_Yetuga_CT_M_YetugaBoss_Fur_N,Texture2D,HeinMach/Bosses/Yetuga,Content/_Art/Enemies/HeinMach/Bosses/Yetuga/Textures/T_EN_Yetuga_CT_M_YetugaBoss_Fur_N.uasset,1232374,d999688df68396ed508b7cc81c7bf92687cf3562c81fdfbd8a368fa7e3f388e1
/Game/_Art/Enemies/HeinMach/Bosses/Yetuga/Textures/T_EN_Yetuga_CT_M_YetugaBoss_Fur_S,Texture2D,HeinMach/Bosses/Yetuga,Content/_Art/Enemies/HeinMach/Bosses/Yetuga/Textures/T_EN_Yetuga_CT_M_YetugaBoss_Fur_S.uasset,1306083,1c7b525be1ba8450be46f4d54cd9d2c80f0553597344d425498005f659151b1a
/Game/_Art/Enemies/HeinMach/Bosses/Yetuga/Textures/T_EN_Yetuga_CT_M_YetugaBoss_Ice_D,Texture2D,HeinMach/Bosses/Yetuga,Content/_Art/Enemies/HeinMach/Bosses/Yetuga/Textures/T_EN_Yetuga_CT_M_YetugaBoss_Ice_D.uasset,354607,166f7900a3139ca7355d665e80049d79dc356bc5df6ca42a847e0877bfef07b2
/Game/_Art/Enemies/HeinMach/Bosses/Yetuga/Textures/T_EN_Yetuga_CT_M_YetugaBoss_Ice_I,Texture2D,HeinMach/Bosses/Yetuga,Content/_Art/Enemies/HeinMach/Bosses/Yetuga/Textures/T_EN_Yetuga_CT_M_YetugaBoss_Ice_I.uasset,1424780,34ca35a4a5d693e59c93fc8398fe25fec038b8b63e7f21c735cfeadf4041033c
/Game/_Art/Enemies/HeinMach/Bosses/Yetuga/Textures/T_EN_Yetuga_CT_M_YetugaBoss_Ice_S,Texture2D,HeinMach/Bosses/Yetuga,Content/_Art/Enemies/HeinMach/Bosses/Yetuga/Textures/T_EN_Yetuga_CT_M_YetugaBoss_Ice_S.uasset,1761956,74b672841ba6098c1f774f1f9e3eb4fe2c7a0900e9a6f9e5791616222532f12d
/Game/_Art/Enemies/HeinMach/Bosses/Yetuga/Textures/T_EN_Yetuga_CT_M_Yetuga_Ice_N,Texture2D,HeinMach/Bosses/Yetuga,Content/_Art/Enemies/HeinMach/Bosses/Yetuga/Textures/T_EN_Yetuga_CT_M_Yetuga_Ice_N.uasset,1116660,5ba7df7dec56b0b729c0eed411a69cb755adf7404d0827cb648068b70710870f
/Game/_Art/Enemies/HeinMach/Bosses/Yetuga/Textures/T_EN_Yetuga_CT_P_Kazan_Eye001_E,Texture2D,HeinMach/Bosses/Yetuga,Content/_Art/Enemies/HeinMach/Bosses/Yetuga/Textures/T_EN_Yetuga_CT_P_Kazan_Eye001_E.uasset,28515,c3b8c68a8bd8b97c17565bfd0339a1c0258c294ee02350b722466365eb849d41
/Game/_Art/Enemies/HeinMach/Bosses/Yetuga/Textures/T_EN_Yetuga_CT_P_Kazan_Eye001_S,Texture2D,HeinMach/Bosses/Yetuga,Content/_Art/Enemies/HeinMach/Bosses/Yetuga/Textures/T_EN_Yetuga_CT_P_Kazan_Eye001_S.uasset,21612,a13f1d0975504f368a160ca8ec32def8922f3cf86127e8f529187a5522d49e46
/Game/_Art/Enemies/HeinMach/Bosses/Yetuga/Textures/T_EN_Yetuga_FTW_World_Common_Noise,Texture2D,HeinMach/Bosses/Yetuga,Content/_Art/Enemies/HeinMach/Bosses/Yetuga/Textures/T_EN_Yetuga_FTW_World_Common_Noise.uasset,2984973,4e0561f986b252c654f9fea072eefac91870c5833284b5c3c5db628e57ce27da
/Game/_Art/Enemies/HeinMach/Bosses/Yetuga/Textures/T_EN_Yetuga_FT_Base_Diffuse,Texture2D,HeinMach/Bosses/Yetuga,Content/_Art/Enemies/HeinMach/Bosses/Yetuga/Textures/T_EN_Yetuga_FT_Base_Diffuse.uasset,12314,b37bfb5e774bea0f4421142a71a648e3777a7f385ae2e60b6f5d5adcc8aa6ef6
/Game/_Art/Enemies/HeinMach/Bosses/Yetuga/Textures/T_EN_Yetuga_FT_BloodDecalTile_test_001,Texture2D,HeinMach/Bosses/Yetuga,Content/_Art/Enemies/HeinMach/Bosses/Yetuga/Textures/T_EN_Yetuga_FT_BloodDecalTile_test_001.uasset,653374,65bf9641d1e8a78bbc0d0c45358081bfb492a387d65fb12853286844b7fd05e1
/Game/_Art/Enemies/HeinMach/Bosses/Yetuga/Textures/T_EN_Yetuga_FT_CausticNoise,Texture2D,HeinMach/Bosses/Yetuga,Content/_Art/Enemies/HeinMach/Bosses/Yetuga/Textures/T_EN_Yetuga_FT_CausticNoise.uasset,170665,687668b4b79e786b27c62dfd7cbc61a69b63b2a2d6dbebc52d4f3f0893941eab
/Game/_Art/Enemies/HeinMach/Bosses/Yetuga/Textures/T_EN_Yetuga_FT_Noise_01,Texture2D,HeinMach/Bosses/Yetuga,Content/_Art/Enemies/HeinMach/Bosses/Yetuga/Textures/T_EN_Yetuga_FT_Noise_01.uasset,151509,9268a6453735b8f7bdd43d72b15cf2754556704000fba32dfef191bbd0b4189d
/Game/_Art/Enemies/HeinMach/Bosses/Yetuga/Textures/T_EN_Yetuga_FT_Noise_Crack_Ice_001_Normal,Texture2D,HeinMach/Bosses/Yetuga,Content/_Art/Enemies/HeinMach/Bosses/Yetuga/Textures/T_EN_Yetuga_FT_Noise_Crack_Ice_001_Normal.uasset,660824,b221fe3dc9bed617869d7bd57b8e31e2636ac6b9a9c7f1f1211f96966f4cb63e
/Game/_Art/Enemies/HeinMach/Bosses/Yetuga/Textures/T_EN_Yetuga_FT_Noise_Flow_003_GrayScale,Texture2D,HeinMach/Bosses/Yetuga,Content/_Art/Enemies/HeinMach/Bosses/Yetuga/Textures/T_EN_Yetuga_FT_Noise_Flow_003_GrayScale.uasset,314220,f08f6dc82e0e0f37061b82b07f9e922773c654af49bad0e8685fb58aee7062cf
/Game/_Art/Enemies/HeinMach/Bosses/Yetuga/Textures/T_EN_Yetuga_FT_Noise_Powder_003,Texture2D,HeinMach/Bosses/Yetuga,Content/_Art/Enemies/HeinMach/Bosses/Yetuga/Textures/T_EN_Yetuga_FT_Noise_Powder_003.uasset,906128,815896da8ec6d46675a4a610d36f9a14443f0f3b6980142ab7c05a5585534211
/Game/_Art/Enemies/HeinMach/Bosses/Yetuga/Textures/T_EN_Yetuga_FT_Noise_Water,Texture2D,HeinMach/Bosses/Yetuga,Content/_Art/Enemies/HeinMach/Bosses/Yetuga/Textures/T_EN_Yetuga_FT_Noise_Water.uasset,3687690,a3dbe2ce04ad2f349a78732d2e0bcdbe0e2a88a73c399377b02493bf12f69c30
/Game/_Art/Enemies/HeinMach/Bosses/Yetuga/Textures/T_EN_Yetuga_FT_S_Noise_03,Texture2D,HeinMach/Bosses/Yetuga,Content/_Art/Enemies/HeinMach/Bosses/Yetuga/Textures/T_EN_Yetuga_FT_S_Noise_03.uasset,124552,97f5dd1ab0ce6c293dc5be30854ab5ae505c921b02710832ec42dab7c8a0cb6e
/Game/_Art/Enemies/HeinMach/Bosses/Yetuga/Textures/T_EN_Yetuga_FT_S_Tile_03A,Texture2D,HeinMach/Bosses/Yetuga,Content/_Art/Enemies/HeinMach/Bosses/Yetuga/Textures/T_EN_Yetuga_FT_S_Tile_03A.uasset,273164,ff5a34f932cefce2b1965877aa3521f45bdcc8391650ef9aa46f28152e7c7a5b
/Game/_Art/Enemies/HeinMach/Bosses/Yetuga/Textures/T_EN_Yetuga_WT_Base_D,Texture2D,HeinMach/Bosses/Yetuga,Content/_Art/Enemies/HeinMach/Bosses/Yetuga/Textures/T_EN_Yetuga_WT_Base_D.uasset,10608,3010de23e93fe8f683eaaa248a1ddf0b4ffcc3a48d16f62a1ed045dc49899cd7
/Game/_Art/Enemies/HeinMach/Bosses/Yetuga/Textures/T_EN_Yetuga_WT_Base_N,Texture2D,HeinMach/Bosses/Yetuga,Content/_Art/Enemies/HeinMach/Bosses/Yetuga/Textures/T_EN_Yetuga_WT_Base_N.uasset,5770,8fd7f6cbfa18fc1f7c313ac2e211e67806b4df8cbd7c06322a0651503a3eeb7b
/Game/_Art/Enemies/HeinMach/Bosses/Yetuga/Textures/T_EN_Yetuga_WT_Base_Red,Texture2D,HeinMach/Bosses/Yetuga,Content/_Art/Enemies/HeinMach/Bosses/Yetuga/Textures/T_EN_Yetuga_WT_Base_Red.uasset,5599,cc458d2c1e79dd56573574a6c2484196d5d973953b40d23af2b82fa8efb273ee
/Game/_Art/Enemies/HeinMach/Bosses/Yetuga/Textures/T_EN_Yetuga_WT_COM_DeepICE_Tile_001_DeepColor,Texture2D,HeinMach/Bosses/Yetuga,Content/_Art/Enemies/HeinMach/Bosses/Yetuga/Textures/T_EN_Yetuga_WT_COM_DeepICE_Tile_001_DeepColor.uasset,1082140,0bf3513886959dc3bd443bd3c7b7bd02eb8fc5230a9bf24096f34cabaa477098
/Game/_Art/Enemies/HeinMach/Bosses/Yetuga/Textures/T_EN_Yetuga_WT_COM_DeepICE_Tile_001_height,Texture2D,HeinMach/Bosses/Yetuga,Content/_Art/Enemies/HeinMach/Bosses/Yetuga/Textures/T_EN_Yetuga_WT_COM_DeepICE_Tile_001_height.uasset,141599,e3867cfe4b08f8f2c7603ce832f212c0742c425cf75b9f8a7a57976358e25531
/Game/_Art/Enemies/HeinMach/Bosses/Yetuga/Textures/T_EN_Yetuga_WT_COM_ICEGround_Tile_001_Height,Texture2D,HeinMach/Bosses/Yetuga,Content/_Art/Enemies/HeinMach/Bosses/Yetuga/Textures/T_EN_Yetuga_WT_COM_ICEGround_Tile_001_Height.uasset,160395,8e94521d57cd52a0f97f2848fbbd6beb191e0a7bc38fbcc4c328e6e0f4e005b9
/Game/_Art/Enemies/HeinMach/Bosses/Yetuga/Textures/T_EN_Yetuga_WT_DetailMap_Rock_05_D,Texture2D,HeinMach/Bosses/Yetuga,Content/_Art/Enemies/HeinMach/Bosses/Yetuga/Textures/T_EN_Yetuga_WT_DetailMap_Rock_05_D.uasset,248318,6af07ac07874afe51524f7a23d87864fec06bf8ca5e0cb79379f98f99236a3c4
/Game/_Art/Enemies/HeinMach/Bosses/Yetuga/Textures/T_EN_Yetuga_WT_DetailMap_Rock_05_N,Texture2D,HeinMach/Bosses/Yetuga,Content/_Art/Enemies/HeinMach/Bosses/Yetuga/Textures/T_EN_Yetuga_WT_DetailMap_Rock_05_N.uasset,574552,8218c610df1cc72dbeffa36cd4e72451773f3143bbf3f149d788139cb4554ace
/Game/_Art/Enemies/HeinMach/Bosses/Yetuga/Textures/T_EN_Yetuga_WT_SKL_Ice_Special_008_D,Texture2D,HeinMach/Bosses/Yetuga,Content/_Art/Enemies/HeinMach/Bosses/Yetuga/Textures/T_EN_Yetuga_WT_SKL_Ice_Special_008_D.uasset,660506,082150a51d225e7e69c9d12898a564d1263c1abf6c0732afe80a4295080b2a15
/Game/_Art/Enemies/HeinMach/Bosses/Yetuga/Textures/T_EN_Yetuga_WT_SKL_Ice_Special_008_N,Texture2D,HeinMach/Bosses/Yetuga,Content/_Art/Enemies/HeinMach/Bosses/Yetuga/Textures/T_EN_Yetuga_WT_SKL_Ice_Special_008_N.uasset,1908696,449c4299fef7e7509524d2d245d8c7ecadd64f454836dba7d76942592362a2d1
/Game/_Art/Enemies/HeinMach/Bosses/Yetuga/Textures/T_EN_Yetuga_WT_SKL_Ice_Special_008_S,Texture2D,HeinMach/Bosses/Yetuga,Content/_Art/Enemies/HeinMach/Bosses/Yetuga/Textures/T_EN_Yetuga_WT_SKL_Ice_Special_008_S.uasset,240347,2f9c57223f8639cbbf995d2b34b415e6b48bbc452e615f4d0d2d6136b7d8d748
/Game/_Art/Enemies/HeinMach/Humanoids/Archer/Animations/Playback/A_EN_PLAY_AC_CA_M_EmpBow_Die_F,AnimSequence,HeinMach/Humanoids/Archer,Content/_Art/Enemies/HeinMach/Humanoids/Archer/Animations/Playback/A_EN_PLAY_AC_CA_M_EmpBow_Die_F.uasset,193353,cddeeefef206be44f0d49f3cc466d64837ee96482c8d8fb69ea198a7f339883a
/Game/_Art/Enemies/HeinMach/Humanoids/Archer/Animations/Playback/A_EN_PLAY_AC_EmirepBow_Basic_Talk_End_01,AnimSequence,HeinMach/Humanoids/Archer,Content/_Art/Enemies/HeinMach/Humanoids/Archer/Animations/Playback/A_EN_PLAY_AC_EmirepBow_Basic_Talk_End_01.uasset,513658,de45b36b49e1afee21ad7cb67d6d4b6cc477bdc89fdc1fd4d84b012c4ebf6e26
/Game/_Art/Enemies/HeinMach/Humanoids/Archer/Animations/Playback/A_EN_PLAY_AC_EmirepBow_Basic_Talk_Loop_01,AnimSequence,HeinMach/Humanoids/Archer,Content/_Art/Enemies/HeinMach/Humanoids/Archer/Animations/Playback/A_EN_PLAY_AC_EmirepBow_Basic_Talk_Loop_01.uasset,1591604,19140bee372b4a358ca0cee361bcf860aabca78123dedd296f15b0065ba2e9d4
/Game/_Art/Enemies/HeinMach/Humanoids/Archer/Animations/Playback/A_EN_PLAY_AC_EmpBow_DamageGrapple_Atk_B_01,AnimSequence,HeinMach/Humanoids/Archer,Content/_Art/Enemies/HeinMach/Humanoids/Archer/Animations/Playback/A_EN_PLAY_AC_EmpBow_DamageGrapple_Atk_B_01.uasset,379622,af75adf3d0b38e662c759fcce6e6c7845e0de981f4d0d10dbe9fc7a66e236fd9
/Game/_Art/Enemies/HeinMach/Humanoids/Archer/Animations/Playback/A_EN_PLAY_AC_EmpBow_DamageGrapple_Atk_B_02,AnimSequence,HeinMach/Humanoids/Archer,Content/_Art/Enemies/HeinMach/Humanoids/Archer/Animations/Playback/A_EN_PLAY_AC_EmpBow_DamageGrapple_Atk_B_02.uasset,671028,9e16b23864e56764928018950a61357c32be61661b92310eb07642b05dc86e21
/Game/_Art/Enemies/HeinMach/Humanoids/Archer/Animations/Playback/A_EN_PLAY_AC_EmpBow_Peace,AnimSequence,HeinMach/Humanoids/Archer,Content/_Art/Enemies/HeinMach/Humanoids/Archer/Animations/Playback/A_EN_PLAY_AC_EmpBow_Peace.uasset,118217,47accc56f4ddd2a1e38857f02f206c271481b81ad219519a668a397bf866be7b
/Game/_Art/Enemies/HeinMach/Humanoids/Archer/Animations/Playback/A_EN_PLAY_AC_EmpireBow_BackShoot,AnimSequence,HeinMach/Humanoids/Archer,Content/_Art/Enemies/HeinMach/Humanoids/Archer/Animations/Playback/A_EN_PLAY_AC_EmpireBow_BackShoot.uasset,846759,ab77990d5b543c010c383afc5db2d62d1704fe182717e117cce606c5822135cd
/Game/_Art/Enemies/HeinMach/Humanoids/Archer/Animations/Playback/A_EN_PLAY_AC_EmpireBow_BasicShoot_End,AnimSequence,HeinMach/Humanoids/Archer,Content/_Art/Enemies/HeinMach/Humanoids/Archer/Animations/Playback/A_EN_PLAY_AC_EmpireBow_BasicShoot_End.uasset,542259,2e4385597f1be5dcd33a65c59a2c98aeec7911e7f8978d4b52823d724b7f9c92
/Game/_Art/Enemies/HeinMach/Humanoids/Archer/Animations/Playback/A_EN_PLAY_AC_EmpireBow_BasicShoot_Fail,AnimSequence,HeinMach/Humanoids/Archer,Content/_Art/Enemies/HeinMach/Humanoids/Archer/Animations/Playback/A_EN_PLAY_AC_EmpireBow_BasicShoot_Fail.uasset,315002,9ceab6b790023336f38098d325dd4f125faa96cbe80b9bb2b9a9f407762357ae
/Game/_Art/Enemies/HeinMach/Humanoids/Archer/Animations/Playback/A_EN_PLAY_AC_EmpireBow_BasicShoot_Loop,AnimSequence,HeinMach/Humanoids/Archer,Content/_Art/Enemies/HeinMach/Humanoids/Archer/Animations/Playback/A_EN_PLAY_AC_EmpireBow_BasicShoot_Loop.uasset,223301,32b4859277e704c0f36886fa9a48917bf0470b732419ef3df69264bc1bbe52c5
/Game/_Art/Enemies/HeinMach/Humanoids/Archer/Animations/Playback/A_EN_PLAY_AC_EmpireBow_BasicShoot_Stand,AnimSequence,HeinMach/Humanoids/Archer,Content/_Art/Enemies/HeinMach/Humanoids/Archer/Animations/Playback/A_EN_PLAY_AC_EmpireBow_BasicShoot_Stand.uasset,215333,b00c06eac9553de11f3953ee528a69fadceda088bb409a8886db86e2e95799a6
/Game/_Art/Enemies/HeinMach/Humanoids/Archer/Animations/Playback/A_EN_PLAY_AC_EmpireBow_BasicShoot_Start,AnimSequence,HeinMach/Humanoids/Archer,Content/_Art/Enemies/HeinMach/Humanoids/Archer/Animations/Playback/A_EN_PLAY_AC_EmpireBow_BasicShoot_Start.uasset,327358,6612bab557b34b6e63e9a41dd9aefde023cd7ca896d125f5fec1751282f15dfa
/Game/_Art/Enemies/HeinMach/Humanoids/Archer/Animations/Playback/A_EN_PLAY_AC_EmpireBow_Basic_ChairSit_End_01,AnimSequence,HeinMach/Humanoids/Archer,Content/_Art/Enemies/HeinMach/Humanoids/Archer/Animations/Playback/A_EN_PLAY_AC_EmpireBow_Basic_ChairSit_End_01.uasset,447381,1ae4c995db92184da4db57124d7e7ad22fc349595be5a740481c447263a1cf48
/Game/_Art/Enemies/HeinMach/Humanoids/Archer/Animations/Playback/A_EN_PLAY_AC_EmpireBow_Basic_ChairSit_Loop_01,AnimSequence,HeinMach/Humanoids/Archer,Content/_Art/Enemies/HeinMach/Humanoids/Archer/Animations/Playback/A_EN_PLAY_AC_EmpireBow_Basic_ChairSit_Loop_01.uasset,1174833,3e24d0e4401875b5e4da34d2499f7c7e44525221ebc0ede4e85f09c9402d8b1c
/Game/_Art/Enemies/HeinMach/Humanoids/Archer/Animations/Playback/A_EN_PLAY_AC_EmpireBow_Basic_End_01,AnimSequence,HeinMach/Humanoids/Archer,Content/_Art/Enemies/HeinMach/Humanoids/Archer/Animations/Playback/A_EN_PLAY_AC_EmpireBow_Basic_End_01.uasset,373803,cc1d1401a52a26152d5e864aab31020a82a63d4e2d52d83824963d24c1f9fb6d
/Game/_Art/Enemies/HeinMach/Humanoids/Archer/Animations/Playback/A_EN_PLAY_AC_EmpireBow_Basic_Guard_End_01,AnimSequence,HeinMach/Humanoids/Archer,Content/_Art/Enemies/HeinMach/Humanoids/Archer/Animations/Playback/A_EN_PLAY_AC_EmpireBow_Basic_Guard_End_01.uasset,343440,a3d022844a7a7f84ed46cef3cccf14a79fa52f683d1322af5453d73121e23453
/Game/_Art/Enemies/HeinMach/Humanoids/Archer/Animations/Playback/A_EN_PLAY_AC_EmpireBow_Basic_Guard_Loop_01,AnimSequence,HeinMach/Humanoids/Archer,Content/_Art/Enemies/HeinMach/Humanoids/Archer/Animations/Playback/A_EN_PLAY_AC_EmpireBow_Basic_Guard_Loop_01.uasset,2025218,7ae4a531c07f5754860cd3f490b7158a0e62e8df9fea21635928410eeb093c91
/Game/_Art/Enemies/HeinMach/Humanoids/Archer/Animations/Playback/A_EN_PLAY_AC_EmpireBow_Basic_Loop_01,AnimSequence,HeinMach/Humanoids/Archer,Content/_Art/Enemies/HeinMach/Humanoids/Archer/Animations/Playback/A_EN_PLAY_AC_EmpireBow_Basic_Loop_01.uasset,2664913,46c831d85bc5de9bf060a891108d090e9f5e444684f666688af0b3524181c129
/Game/_Art/Enemies/HeinMach/Humanoids/Archer/Animations/Playback/A_EN_PLAY_AC_EmpireBow_Basic_Search_Loop_01,AnimSequence,HeinMach/Humanoids/Archer,Content/_Art/Enemies/HeinMach/Humanoids/Archer/Animations/Playback/A_EN_PLAY_AC_EmpireBow_Basic_Search_Loop_01.uasset,1624231,0ae44d9a4a07d1f7aa80ac5c08629a81fc920eec9825d9cf5c61bfeb3c0839af
/Game/_Art/Enemies/HeinMach/Humanoids/Archer/Animations/Playback/A_EN_PLAY_AC_EmpireBow_Basic_Sit_End_01,AnimSequence,HeinMach/Humanoids/Archer,Content/_Art/Enemies/HeinMach/Humanoids/Archer/Animations/Playback/A_EN_PLAY_AC_EmpireBow_Basic_Sit_End_01.uasset,575936,ac43c8f5dd98ac9a124c72c36f8466e5e3dfb4829f3d4f06e0b9827cc38b942b
/Game/_Art/Enemies/HeinMach/Humanoids/Archer/Animations/Playback/A_EN_PLAY_AC_EmpireBow_Basic_Sit_Loop_01,AnimSequence,HeinMach/Humanoids/Archer,Content/_Art/Enemies/HeinMach/Humanoids/Archer/Animations/Playback/A_EN_PLAY_AC_EmpireBow_Basic_Sit_Loop_01.uasset,2384593,3616a4a78b16b8e1d20e88d246d1ad2a4a9aea4340f3a9c8b194bfb15b4cc472
/Game/_Art/Enemies/HeinMach/Humanoids/Archer/Animations/Playback/A_EN_PLAY_AC_EmpireBow_ClimbingWall_Down_End,AnimSequence,HeinMach/Humanoids/Archer,Content/_Art/Enemies/HeinMach/Humanoids/Archer/Animations/Playback/A_EN_PLAY_AC_EmpireBow_ClimbingWall_Down_End.uasset,392336,0f0720bb96b7fe0f33c17480f1f0925c4707bd2979ad610334a8643eed4b27c5
/Game/_Art/Enemies/HeinMach/Humanoids/Archer/Animations/Playback/A_EN_PLAY_AC_EmpireBow_ClimbingWall_Down_L,AnimSequence,HeinMach/Humanoids/Archer,Content/_Art/Enemies/HeinMach/Humanoids/Archer/Animations/Playback/A_EN_PLAY_AC_EmpireBow_ClimbingWall_Down_L.uasset,272500,48fafc8c96e5e0d981aaac691a084f138eff3599c2888b33d81d2ce0a5b4b2cb
/Game/_Art/Enemies/HeinMach/Humanoids/Archer/Animations/Playback/A_EN_PLAY_AC_EmpireBow_ClimbingWall_Down_R,AnimSequence,HeinMach/Humanoids/Archer,Content/_Art/Enemies/HeinMach/Humanoids/Archer/Animations/Playback/A_EN_PLAY_AC_EmpireBow_ClimbingWall_Down_R.uasset,282808,6551ef400012750a36515a438448e019a35d8d18345ac64dbc8715270ca4dfa8
/Game/_Art/Enemies/HeinMach/Humanoids/Archer/Animations/Playback/A_EN_PLAY_AC_EmpireBow_ClimbingWall_Down_Start,AnimSequence,HeinMach/Humanoids/Archer,Content/_Art/Enemies/HeinMach/Humanoids/Archer/Animations/Playback/A_EN_PLAY_AC_EmpireBow_ClimbingWall_Down_Start.uasset,405695,52230a33f31204919cc4a88110e37977705c80df7820c6621752f0959ed5bfb4
/Game/_Art/Enemies/HeinMach/Humanoids/Archer/Animations/Playback/A_EN_PLAY_AC_EmpireBow_ClimbingWall_Loop_L_Idle,AnimSequence,HeinMach/Humanoids/Archer,Content/_Art/Enemies/HeinMach/Humanoids/Archer/Animations/Playback/A_EN_PLAY_AC_EmpireBow_ClimbingWall_Loop_L_Idle.uasset,336718,1c5b67c47bf4fa858441d3a4c27e248c6ce77b7702e9cdeb47ab94e9369e745e
/Game/_Art/Enemies/HeinMach/Humanoids/Archer/Animations/Playback/A_EN_PLAY_AC_EmpireBow_ClimbingWall_Loop_R_Idle,AnimSequence,HeinMach/Humanoids/Archer,Content/_Art/Enemies/HeinMach/Humanoids/Archer/Animations/Playback/A_EN_PLAY_AC_EmpireBow_ClimbingWall_Loop_R_Idle.uasset,334840,16941cce3f5e769b77a7f5faae338ff089d9c52b9bcc22ec841f5a79c7b584b1
/Game/_Art/Enemies/HeinMach/Humanoids/Archer/Animations/Playback/A_EN_PLAY_AC_EmpireBow_ClimbingWall_Up_End,AnimSequence,HeinMach/Humanoids/Archer,Content/_Art/Enemies/HeinMach/Humanoids/Archer/Animations/Playback/A_EN_PLAY_AC_EmpireBow_ClimbingWall_Up_End.uasset,520524,bf88b94daa9fbf66d78bd2db68d0ca033fc7bfae8bc6abb14c343147ac967f75
/Game/_Art/Enemies/HeinMach/Humanoids/Archer/Animations/Playback/A_EN_PLAY_AC_EmpireBow_ClimbingWall_Up_L,AnimSequence,HeinMach/Humanoids/Archer,Content/_Art/Enemies/HeinMach/Humanoids/Archer/Animations/Playback/A_EN_PLAY_AC_EmpireBow_ClimbingWall_Up_L.uasset,281688,5e03fb8af2a8ddc19f9e54c7dc3360d21283f952d044fa6cb3dabbcc3db064f1
/Game/_Art/Enemies/HeinMach/Humanoids/Archer/Animations/Playback/A_EN_PLAY_AC_EmpireBow_ClimbingWall_Up_R,AnimSequence,HeinMach/Humanoids/Archer,Content/_Art/Enemies/HeinMach/Humanoids/Archer/Animations/Playback/A_EN_PLAY_AC_EmpireBow_ClimbingWall_Up_R.uasset,273804,1707f4d5b3acfec55aca29354ce4b225f9f861371d9e1c48bbce3a3b070c2b39
/Game/_Art/Enemies/HeinMach/Humanoids/Archer/Animations/Playback/A_EN_PLAY_AC_EmpireBow_ClimbingWall_Up_Start,AnimSequence,HeinMach/Humanoids/Archer,Content/_Art/Enemies/HeinMach/Humanoids/Archer/Animations/Playback/A_EN_PLAY_AC_EmpireBow_ClimbingWall_Up_Start.uasset,365444,5bf05ff3d61a858876a4bb5c0ce3345c37ab944914181d2c68d938954d1f675b
/Game/_Art/Enemies/HeinMach/Humanoids/Archer/Animations/Playback/A_EN_PLAY_AC_EmpireBow_DamageAir_B_Down,AnimSequence,HeinMach/Humanoids/Archer,Content/_Art/Enemies/HeinMach/Humanoids/Archer/Animations/Playback/A_EN_PLAY_AC_EmpireBow_DamageAir_B_Down.uasset,208349,cf3082a8a153118f2a28868ce10efb4a61a7ec50a567e4c25c79b734083b57b7
/Game/_Art/Enemies/HeinMach/Humanoids/Archer/Animations/Playback/A_EN_PLAY_AC_EmpireBow_DamageAir_B_Land,AnimSequence,HeinMach/Humanoids/Archer,Content/_Art/Enemies/HeinMach/Humanoids/Archer/Animations/Playback/A_EN_PLAY_AC_EmpireBow_DamageAir_B_Land.uasset,318418,89707ff95497f8c6f3e1178fcc638e4edf2035731202ae2f4f39024527095ec3
/Game/_Art/Enemies/HeinMach/Humanoids/Archer/Animations/Playback/A_EN_PLAY_AC_EmpireBow_DamageAir_B_Peak,AnimSequence,HeinMach/Humanoids/Archer,Content/_Art/Enemies/HeinMach/Humanoids/Archer/Animations/Playback/A_EN_PLAY_AC_EmpireBow_DamageAir_B_Peak.uasset,194946,440dfc3b36e09e03fc08399393407d56eeb7e69134b9ed40e4bdcbf33f8a60b8
/Game/_Art/Enemies/HeinMach/Humanoids/Archer/Animations/Playback/A_EN_PLAY_AC_EmpireBow_DamageAir_B_Up,AnimSequence,HeinMach/Humanoids/Archer,Content/_Art/Enemies/HeinMach/Humanoids/Archer/Animations/Playback/A_EN_PLAY_AC_EmpireBow_DamageAir_B_Up.uasset,209171,b8ce86f377fb4176e1eb6ce4910f44daafdc72b9725da3ddc50976eb03a8924d
/Game/_Art/Enemies/HeinMach/Humanoids/Archer/Animations/Playback/A_EN_PLAY_AC_EmpireBow_DamageAir_F_Down,AnimSequence,HeinMach/Humanoids/Archer,Content/_Art/Enemies/HeinMach/Humanoids/Archer/Animations/Playback/A_EN_PLAY_AC_EmpireBow_DamageAir_F_Down.uasset,205287,d45e2a8c0b91a2cbb39565788f6839d3caa058a340f9fb280113f8355660a37f
/Game/_Art/Enemies/HeinMach/Humanoids/Archer/Animations/Playback/A_EN_PLAY_AC_EmpireBow_DamageAir_F_Land,AnimSequence,HeinMach/Humanoids/Archer,Content/_Art/Enemies/HeinMach/Humanoids/Archer/Animations/Playback/A_EN_PLAY_AC_EmpireBow_DamageAir_F_Land.uasset,312148,aabe5c22cbff557dc515bc35612020d3829fbf220d950f2f364139318be7a57c
/Game/_Art/Enemies/HeinMach/Humanoids/Archer/Animations/Playback/A_EN_PLAY_AC_EmpireBow_DamageAir_F_Peak,AnimSequence,HeinMach/Humanoids/Archer,Content/_Art/Enemies/HeinMach/Humanoids/Archer/Animations/Playback/A_EN_PLAY_AC_EmpireBow_DamageAir_F_Peak.uasset,195003,e40bf5646ea4b28026b7d8893c041a2d220a01d7a401476af90b19e28556d367
/Game/_Art/Enemies/HeinMach/Humanoids/Archer/Animations/Playback/A_EN_PLAY_AC_EmpireBow_DamageAir_F_Up,AnimSequence,HeinMach/Humanoids/Archer,Content/_Art/Enemies/HeinMach/Humanoids/Archer/Animations/Playback/A_EN_PLAY_AC_EmpireBow_DamageAir_F_Up.uasset,202891,e881b07536478cc6257e2903cc305999beed809a3d5f25467b6745f404216dae
/Game/_Art/Enemies/HeinMach/Humanoids/Archer/Animations/Playback/A_EN_PLAY_AC_EmpireBow_DamageDown_B,AnimSequence,HeinMach/Humanoids/Archer,Content/_Art/Enemies/HeinMach/Humanoids/Archer/Animations/Playback/A_EN_PLAY_AC_EmpireBow_DamageDown_B.uasset,249118,921c6bf4da9487186498e9b2a5c4f5fb0d71fc5b5f36dfd320cf90568aeaf153
/Game/_Art/Enemies/HeinMach/Humanoids/Archer/Animations/Playback/A_EN_PLAY_AC_EmpireBow_DamageDown_F,AnimSequence,HeinMach/Humanoids/Archer,Content/_Art/Enemies/HeinMach/Humanoids/Archer/Animations/Playback/A_EN_PLAY_AC_EmpireBow_DamageDown_F.uasset,270052,db8dc19b2248d55b19fdbe90b1162c4deaf687ad54bac5c9cebc0964f5e2cc67
/Game/_Art/Enemies/HeinMach/Humanoids/Archer/Animations/Playback/A_EN_PLAY_AC_EmpireBow_DamageGrapple_Atk_01,AnimSequence,HeinMach/Humanoids/Archer,Content/_Art/Enemies/HeinMach/Humanoids/Archer/Animations/Playback/A_EN_PLAY_AC_EmpireBow_DamageGrapple_Atk_01.uasset,296093,2daf8b20125e9bfab6e1d5fe3c56eb03de448349984079a2cb75aed448975620
/Game/_Art/Enemies/HeinMach/Humanoids/Archer/Animations/Playback/A_EN_PLAY_AC_EmpireBow_DamageGrapple_Atk_02,AnimSequence,HeinMach/Humanoids/Archer,Content/_Art/Enemies/HeinMach/Humanoids/Archer/Animations/Playback/A_EN_PLAY_AC_EmpireBow_DamageGrapple_Atk_02.uasset,281969,24e6bd1409c245cb95ff55d9baf185aef313b766431d2a094148dcd59dfb9aae
/Game/_Art/Enemies/HeinMach/Humanoids/Archer/Animations/Playback/A_EN_PLAY_AC_EmpireBow_DamageNormal_D_B,AnimSequence,HeinMach/Humanoids/Archer,Content/_Art/Enemies/HeinMach/Humanoids/Archer/Animations/Playback/A_EN_PLAY_AC_EmpireBow_DamageNormal_D_B.uasset,340760,24af552d88e088772f0cc7fd36a941a1659e55e8ee6d7c7cb3354c3d4ba2ff99
/Game/_Art/Enemies/HeinMach/Humanoids/Archer/Animations/Playback/A_EN_PLAY_AC_EmpireBow_DamageNormal_D_F,AnimSequence,HeinMach/Humanoids/Archer,Content/_Art/Enemies/HeinMach/Humanoids/Archer/Animations/Playback/A_EN_PLAY_AC_EmpireBow_DamageNormal_D_F.uasset,236825,5f0be8693b126db2d7ea8f70d05ea6d95db6bd7f664f56866821f1b901ebef98
/Game/_Art/Enemies/HeinMach/Humanoids/Archer/Animations/Playback/A_EN_PLAY_AC_EmpireBow_DamageNormal_L_F,AnimSequence,HeinMach/Humanoids/Archer,Content/_Art/Enemies/HeinMach/Humanoids/Archer/Animations/Playback/A_EN_PLAY_AC_EmpireBow_DamageNormal_L_F.uasset,237030,7ad715aa7673bb0c4ed81de0e7d98b734e88986066a2f11e2b7cabc4a564a5f3
/Game/_Art/Enemies/HeinMach/Humanoids/Archer/Animations/Playback/A_EN_PLAY_AC_EmpireBow_DamageNormal_R_F,AnimSequence,HeinMach/Humanoids/Archer,Content/_Art/Enemies/HeinMach/Humanoids/Archer/Animations/Playback/A_EN_PLAY_AC_EmpireBow_DamageNormal_R_F.uasset,236931,3542d4abfa9bb0aa7b7b36379b216996f6a7b026792856f09ea8e824c92c6cf9
/Game/_Art/Enemies/HeinMach/Humanoids/Archer/Animations/Playback/A_EN_PLAY_AC_EmpireBow_DamageNormal_U_B,AnimSequence,HeinMach/Humanoids/Archer,Content/_Art/Enemies/HeinMach/Humanoids/Archer/Animations/Playback/A_EN_PLAY_AC_EmpireBow_DamageNormal_U_B.uasset,362461,9af5fdf2f252690d96f8c32e7001b13042f8a716ed6c4a4de8ae3f88ad435df6
/Game/_Art/Enemies/HeinMach/Humanoids/Archer/Animations/Playback/A_EN_PLAY_AC_EmpireBow_DamageNormal_U_F,AnimSequence,HeinMach/Humanoids/Archer,Content/_Art/Enemies/HeinMach/Humanoids/Archer/Animations/Playback/A_EN_PLAY_AC_EmpireBow_DamageNormal_U_F.uasset,238993,dd2ec2b004c64d43a8d5b8a240d224c1b7b42c2cc5b090c66269c98e43459465
/Game/_Art/Enemies/HeinMach/Humanoids/Archer/Animations/Playback/A_EN_PLAY_AC_EmpireBow_DamageStrong_D_F,AnimSequence,HeinMach/Humanoids/Archer,Content/_Art/Enemies/HeinMach/Humanoids/Archer/Animations/Playback/A_EN_PLAY_AC_EmpireBow_DamageStrong_D_F.uasset,278746,79a6c9f5bf38d951bf6a1c8910957c03dfc783d9093335852662389596804aec
/Game/_Art/Enemies/HeinMach/Humanoids/Archer/Animations/Playback/A_EN_PLAY_AC_EmpireBow_DamageStrong_D_F_2,AnimSequence,HeinMach/Humanoids/Archer,Content/_Art/Enemies/HeinMach/Humanoids/Archer/Animations/Playback/A_EN_PLAY_AC_EmpireBow_DamageStrong_D_F_2.uasset,278586,7a29cfd0895fe3251b3bbbe37520f92fcbae8ceed4d7789298e3ac2cd6bea3cd
/Game/_Art/Enemies/HeinMach/Humanoids/Archer/Animations/Playback/A_EN_PLAY_AC_EmpireBow_DamageStrong_L_F,AnimSequence,HeinMach/Humanoids/Archer,Content/_Art/Enemies/HeinMach/Humanoids/Archer/Animations/Playback/A_EN_PLAY_AC_EmpireBow_DamageStrong_L_F.uasset,269222,c0f8edab2a92dd5317f3f855f2a8e7322cdb457be0edd79da9018e766b726bf5
/Game/_Art/Enemies/HeinMach/Humanoids/Archer/Animations/Playback/A_EN_PLAY_AC_EmpireBow_DamageStrong_R_F,AnimSequence,HeinMach/Humanoids/Archer,Content/_Art/Enemies/HeinMach/Humanoids/Archer/Animations/Playback/A_EN_PLAY_AC_EmpireBow_DamageStrong_R_F.uasset,277842,51ad5e2200387549da532e28b6d3f44c92c71f25c49e49d5e172576c4b4ac154
/Game/_Art/Enemies/HeinMach/Humanoids/Archer/Animations/Playback/A_EN_PLAY_AC_EmpireBow_DamageStrong_U_F,AnimSequence,HeinMach/Humanoids/Archer,Content/_Art/Enemies/HeinMach/Humanoids/Archer/Animations/Playback/A_EN_PLAY_AC_EmpireBow_DamageStrong_U_F.uasset,271258,45d728e3f8fa5b1a072034e779a2013805a763aaff93b705377bb6805b6fdfed
/Game/_Art/Enemies/HeinMach/Humanoids/Archer/Animations/Playback/A_EN_PLAY_AC_EmpireBow_DamageWeak_D_F,AnimSequence,HeinMach/Humanoids/Archer,Content/_Art/Enemies/HeinMach/Humanoids/Archer/Animations/Playback/A_EN_PLAY_AC_EmpireBow_DamageWeak_D_F.uasset,213187,131e379c0fc60969ad261f03259a6b8d8a0ebf8dc7c227c82685b776d5f4b25e
/Game/_Art/Enemies/HeinMach/Humanoids/Archer/Animations/Playback/A_EN_PLAY_AC_EmpireBow_DamageWeak_L_F,AnimSequence,HeinMach/Humanoids/Archer,Content/_Art/Enemies/HeinMach/Humanoids/Archer/Animations/Playback/A_EN_PLAY_AC_EmpireBow_DamageWeak_L_F.uasset,214540,795848f26f5446456e12437cb68d15c97acc2c60114004a2957fcd045e42d1c9
/Game/_Art/Enemies/HeinMach/Humanoids/Archer/Animations/Playback/A_EN_PLAY_AC_EmpireBow_DamageWeak_R_F,AnimSequence,HeinMach/Humanoids/Archer,Content/_Art/Enemies/HeinMach/Humanoids/Archer/Animations/Playback/A_EN_PLAY_AC_EmpireBow_DamageWeak_R_F.uasset,211128,049cfbbae2651a66210b82c46c47b65c295ea72c5ed7dde36b81c90e82206de7
/Game/_Art/Enemies/HeinMach/Humanoids/Archer/Animations/Playback/A_EN_PLAY_AC_EmpireBow_DamageWeak_U_F,AnimSequence,HeinMach/Humanoids/Archer,Content/_Art/Enemies/HeinMach/Humanoids/Archer/Animations/Playback/A_EN_PLAY_AC_EmpireBow_DamageWeak_U_F.uasset,211892,3394f2b03822a4ea213e40f99f7577b76ba411088cc2bc1ce279266c7f07f67d
/Game/_Art/Enemies/HeinMach/Humanoids/Archer/Animations/Playback/A_EN_PLAY_AC_EmpireBow_DestroyObject_End,AnimSequence,HeinMach/Humanoids/Archer,Content/_Art/Enemies/HeinMach/Humanoids/Archer/Animations/Playback/A_EN_PLAY_AC_EmpireBow_DestroyObject_End.uasset,542293,18d7393c4133226eb382f3d0c30e47b30214dc7d56b1fac05716aca9bea92686
/Game/_Art/Enemies/HeinMach/Humanoids/Archer/Animations/Playback/A_EN_PLAY_AC_EmpireBow_DestroyObject_Loop,AnimSequence,HeinMach/Humanoids/Archer,Content/_Art/Enemies/HeinMach/Humanoids/Archer/Animations/Playback/A_EN_PLAY_AC_EmpireBow_DestroyObject_Loop.uasset,264830,50515d930ff2e8d4e1943e40aa1140e80b3b3e0d360d53d81b253bc57b18081b
/Game/_Art/Enemies/HeinMach/Humanoids/Archer/Animations/Playback/A_EN_PLAY_AC_EmpireBow_DestroyObject_Start,AnimSequence,HeinMach/Humanoids/Archer,Content/_Art/Enemies/HeinMach/Humanoids/Archer/Animations/Playback/A_EN_PLAY_AC_EmpireBow_DestroyObject_Start.uasset,327410,d87847f9b1c7a6ee459463b26d21ff36950515602755b9e6270625d7f543380a
/Game/_Art/Enemies/HeinMach/Humanoids/Archer/Animations/Playback/A_EN_PLAY_AC_EmpireBow_Down_Die_B,AnimSequence,HeinMach/Humanoids/Archer,Content/_Art/Enemies/HeinMach/Humanoids/Archer/Animations/Playback/A_EN_PLAY_AC_EmpireBow_Down_Die_B.uasset,560479,b8392897bff7fedc7c46f6178c9dd6374adbf64f11d84ed69e88cd0ceccd0709
/Game/_Art/Enemies/HeinMach/Humanoids/Archer/Animations/Playback/A_EN_PLAY_AC_EmpireBow_Down_Die_B_Wraith,AnimSequence,HeinMach/Humanoids/Archer,Content/_Art/Enemies/HeinMach/Humanoids/Archer/Animations/Playback/A_EN_PLAY_AC_EmpireBow_Down_Die_B_Wraith.uasset,560573,bfb7aea92dd914a92c5a784816770f5f8c0978086f723cc016c2f445bc792951
/Game/_Art/Enemies/HeinMach/Humanoids/Archer/Animations/Playback/A_EN_PLAY_AC_EmpireBow_Down_Die_F,AnimSequence,HeinMach/Humanoids/Archer,Content/_Art/Enemies/HeinMach/Humanoids/Archer/Animations/Playback/A_EN_PLAY_AC_EmpireBow_Down_Die_F.uasset,793576,3b8ea412c64c1c6eb580652518126008f0d418fbd5dca080e5a390405935cce1
/Game/_Art/Enemies/HeinMach/Humanoids/Archer/Animations/Playback/A_EN_PLAY_AC_EmpireBow_Down_Die_F_Wraith,AnimSequence,HeinMach/Humanoids/Archer,Content/_Art/Enemies/HeinMach/Humanoids/Archer/Animations/Playback/A_EN_PLAY_AC_EmpireBow_Down_Die_F_Wraith.uasset,793654,add073ca26c5728248885ae69833eb9bb1bb2e88745baca2ac2fc39746792746
/Game/_Art/Enemies/HeinMach/Humanoids/Archer/Animations/Playback/A_EN_PLAY_AC_EmpireBow_Down_Loop_B,AnimSequence,HeinMach/Humanoids/Archer,Content/_Art/Enemies/HeinMach/Humanoids/Archer/Animations/Playback/A_EN_PLAY_AC_EmpireBow_Down_Loop_B.uasset,235595,548a78cea2edd0ede6608c8bc0c5121239308f961de5a118d46add6d27e6c13b
/Game/_Art/Enemies/HeinMach/Humanoids/Archer/Animations/Playback/A_EN_PLAY_AC_EmpireBow_Down_Loop_F,AnimSequence,HeinMach/Humanoids/Archer,Content/_Art/Enemies/HeinMach/Humanoids/Archer/Animations/Playback/A_EN_PLAY_AC_EmpireBow_Down_Loop_F.uasset,270170,bf286ce4e3b4086ac5af01fe7f735d99a448a41951079484211d2e566f49d379
/Game/_Art/Enemies/HeinMach/Humanoids/Archer/Animations/Playback/A_EN_PLAY_AC_EmpireBow_Equip,AnimSequence,HeinMach/Humanoids/Archer,Content/_Art/Enemies/HeinMach/Humanoids/Archer/Animations/Playback/A_EN_PLAY_AC_EmpireBow_Equip.uasset,508012,002fefef01fa2a46496e763dbaadee8fe8226cb601eeaeb896b8310fab04437e
/Game/_Art/Enemies/HeinMach/Humanoids/Archer/Animations/Playback/A_EN_PLAY_AC_EmpireBow_Equip_Turn_L,AnimSequence,HeinMach/Humanoids/Archer,Content/_Art/Enemies/HeinMach/Humanoids/Archer/Animations/Playback/A_EN_PLAY_AC_EmpireBow_Equip_Turn_L.uasset,716097,87f63f40dff4ad102830d4ebde745382aa07a70ef4f94c35f5b3603651e4feb6
/Game/_Art/Enemies/HeinMach/Humanoids/Archer/Animations/Playback/A_EN_PLAY_AC_EmpireBow_Equip_Turn_R,AnimSequence,HeinMach/Humanoids/Archer,Content/_Art/Enemies/HeinMach/Humanoids/Archer/Animations/Playback/A_EN_PLAY_AC_EmpireBow_Equip_Turn_R.uasset,801712,5ce20912bc15131487c87c345457d27405c94ff3b0ce71c6d9684c3c856740d1
/Game/_Art/Enemies/HeinMach/Humanoids/Archer/Animations/Playback/A_EN_PLAY_AC_EmpireBow_FastShoot_Dodge_B,AnimSequence,HeinMach/Humanoids/Archer,Content/_Art/Enemies/HeinMach/Humanoids/Archer/Animations/Playback/A_EN_PLAY_AC_EmpireBow_FastShoot_Dodge_B.uasset,362775,efa77fdd08bd3caeab5eab877b7772066849e555b9e1824c232c8ae57dbcce5c
/Game/_Art/Enemies/HeinMach/Humanoids/Archer/Animations/Playback/A_EN_PLAY_AC_EmpireBow_FastShoot_Dodge_L,AnimSequence,HeinMach/Humanoids/Archer,Content/_Art/Enemies/HeinMach/Humanoids/Archer/Animations/Playback/A_EN_PLAY_AC_EmpireBow_FastShoot_Dodge_L.uasset,360817,d762953b78c5bcd98b51deb8ea9449c2839725d55ddce27521fff5e1185d070f
/Game/_Art/Enemies/HeinMach/Humanoids/Archer/Animations/Playback/A_EN_PLAY_AC_EmpireBow_FastShoot_Dodge_R,AnimSequence,HeinMach/Humanoids/Archer,Content/_Art/Enemies/HeinMach/Humanoids/Archer/Animations/Playback/A_EN_PLAY_AC_EmpireBow_FastShoot_Dodge_R.uasset,362810,9f6ec2a56311baf8ae877cff5bb7938e8d3cc3518423fb62aab44d7ac7cff82d
/Game/_Art/Enemies/HeinMach/Humanoids/Archer/Animations/Playback/A_EN_PLAY_AC_EmpireBow_FastShoot_Fail,AnimSequence,HeinMach/Humanoids/Archer,Content/_Art/Enemies/HeinMach/Humanoids/Archer/Animations/Playback/A_EN_PLAY_AC_EmpireBow_FastShoot_Fail.uasset,314986,6b5b7ecaf7ce0ade62f4ff6361bab5813a60bb2e88f6fd9484348097bbc03618
/Game/_Art/Enemies/HeinMach/Humanoids/Archer/Animations/Playback/A_EN_PLAY_AC_EmpireBow_FastShoot_Shoot,AnimSequence,HeinMach/Humanoids/Archer,Content/_Art/Enemies/HeinMach/Humanoids/Archer/Animations/Playback/A_EN_PLAY_AC_EmpireBow_FastShoot_Shoot.uasset,481086,6354bfd7c0ab080891fd87a30daed491bcaf184db6ef152514c3860703ce585e
/Game/_Art/Enemies/HeinMach/Humanoids/Archer/Animations/Playback/A_EN_PLAY_AC_EmpireBow_FastShoot_Start,AnimSequence,HeinMach/Humanoids/Archer,Content/_Art/Enemies/HeinMach/Humanoids/Archer/Animations/Playback/A_EN_PLAY_AC_EmpireBow_FastShoot_Start.uasset,190747,4c9b4ea7bf5e30a9e0e08e3b89059835f27407f8598a56fb5debbf0fe7a667af
/Game/_Art/Enemies/HeinMach/Humanoids/Archer/Animations/Playback/A_EN_PLAY_AC_EmpireBow_Getup_B,AnimSequence,HeinMach/Humanoids/Archer,Content/_Art/Enemies/HeinMach/Humanoids/Archer/Animations/Playback/A_EN_PLAY_AC_EmpireBow_Getup_B.uasset,365376,09c45fc3b74c1d5877aa345021c942ae3b0b884499ac25650a204317c808553a
/Game/_Art/Enemies/HeinMach/Humanoids/Archer/Animations/Playback/A_EN_PLAY_AC_EmpireBow_Getup_F,AnimSequence,HeinMach/Humanoids/Archer,Content/_Art/Enemies/HeinMach/Humanoids/Archer/Animations/Playback/A_EN_PLAY_AC_EmpireBow_Getup_F.uasset,378989,b1da1772b8f8ed8ceefe18b243910fa62a2616c4e998c0338278ae50e8c52119
/Game/_Art/Enemies/HeinMach/Humanoids/Archer/Animations/Playback/A_EN_PLAY_AC_EmpireBow_Groggy_End,AnimSequence,HeinMach/Humanoids/Archer,Content/_Art/Enemies/HeinMach/Humanoids/Archer/Animations/Playback/A_EN_PLAY_AC_EmpireBow_Groggy_End.uasset,275010,1b0353b658a2c677e69ad63cef26b9bc14f311c69ae294a8a8e6896d27e7d8a4
/Game/_Art/Enemies/HeinMach/Humanoids/Archer/Animations/Playback/A_EN_PLAY_AC_EmpireBow_Groggy_Loop,AnimSequence,HeinMach/Humanoids/Archer,Content/_Art/Enemies/HeinMach/Humanoids/Archer/Animations/Playback/A_EN_PLAY_AC_EmpireBow_Groggy_Loop.uasset,281140,08f799626fc43992cd2378dc21009dea27f305b3bf914bb376b1aee2f6990780
/Game/_Art/Enemies/HeinMach/Humanoids/Archer/Animations/Playback/A_EN_PLAY_AC_EmpireBow_Groggy_Start,AnimSequence,HeinMach/Humanoids/Archer,Content/_Art/Enemies/HeinMach/Humanoids/Archer/Animations/Playback/A_EN_PLAY_AC_EmpireBow_Groggy_Start.uasset,256384,48bf4b85bdf278faf1901c61bd7b370d901086eaf790e21461381839cde7f25e
/Game/_Art/Enemies/HeinMach/Humanoids/Archer/Animations/Playback/A_EN_PLAY_AC_EmpireBow_Ground_Die_F,AnimSequence,HeinMach/Humanoids/Archer,Content/_Art/Enemies/HeinMach/Humanoids/Archer/Animations/Playback/A_EN_PLAY_AC_EmpireBow_Ground_Die_F.uasset,1630346,6f1a2bf8e6b9123548c5b5ae7c59431063f0723f2fba3084a9b2b3c0afc6d70f
/Game/_Art/Enemies/HeinMach/Humanoids/Archer/Animations/Playback/A_EN_PLAY_AC_EmpireBow_Ground_Die_F_Wraith,AnimSequence,HeinMach/Humanoids/Archer,Content/_Art/Enemies/HeinMach/Humanoids/Archer/Animations/Playback/A_EN_PLAY_AC_EmpireBow_Ground_Die_F_Wraith.uasset,1630424,ed34e717820e9395399cb05f07f5502f2e339d8517168168722428768445dc25
/Game/_Art/Enemies/HeinMach/Humanoids/Archer/Animations/Playback/A_EN_PLAY_AC_EmpireBow_LockOnWalk_B,AnimSequence,HeinMach/Humanoids/Archer,Content/_Art/Enemies/HeinMach/Humanoids/Archer/Animations/Playback/A_EN_PLAY_AC_EmpireBow_LockOnWalk_B.uasset,261357,4300a5eaac4611b3ca44a21820fe1051046d584d4ab8909efe1794705dce19a4
/Game/_Art/Enemies/HeinMach/Humanoids/Archer/Animations/Playback/A_EN_PLAY_AC_EmpireBow_LockOnWalk_F,AnimSequence,HeinMach/Humanoids/Archer,Content/_Art/Enemies/HeinMach/Humanoids/Archer/Animations/Playback/A_EN_PLAY_AC_EmpireBow_LockOnWalk_F.uasset,285045,4f747d3747e0ab1a462ceb7f4e658d6b3f0be1834da403940ee9728e8ee6fa1f
/Game/_Art/Enemies/HeinMach/Humanoids/Archer/Animations/Playback/A_EN_PLAY_AC_EmpireBow_LockOnWalk_L,AnimSequence,HeinMach/Humanoids/Archer,Content/_Art/Enemies/HeinMach/Humanoids/Archer/Animations/Playback/A_EN_PLAY_AC_EmpireBow_LockOnWalk_L.uasset,256276,e117d1a226d57f76e390ec62ea7558ddee5a6454700e14e89536ca175ead18c0
/Game/_Art/Enemies/HeinMach/Humanoids/Archer/Animations/Playback/A_EN_PLAY_AC_EmpireBow_LockOnWalk_R,AnimSequence,HeinMach/Humanoids/Archer,Content/_Art/Enemies/HeinMach/Humanoids/Archer/Animations/Playback/A_EN_PLAY_AC_EmpireBow_LockOnWalk_R.uasset,262319,664bc245a0ca3f92d3014b3c9d2ec37b394464db8be0d27f7e4a11029cb4fd47
/Game/_Art/Enemies/HeinMach/Humanoids/Archer/Animations/Playback/A_EN_PLAY_AC_EmpireBow_Run_F,AnimSequence,HeinMach/Humanoids/Archer,Content/_Art/Enemies/HeinMach/Humanoids/Archer/Animations/Playback/A_EN_PLAY_AC_EmpireBow_Run_F.uasset,245857,ffb84617c9474b3049fc3a529c437655d269790a685e1b74131f15ed1e86878c
/Game/_Art/Enemies/HeinMach/Humanoids/Archer/Animations/Playback/A_EN_PLAY_AC_EmpireBow_Stand_F,AnimSequence,HeinMach/Humanoids/Archer,Content/_Art/Enemies/HeinMach/Humanoids/Archer/Animations/Playback/A_EN_PLAY_AC_EmpireBow_Stand_F.uasset,325654,e145e02fe81fc98b5c44ba07fc95d48f372b1c6ee74aa51ce19070ffa7d51751
/Game/_Art/Enemies/HeinMach/Humanoids/Archer/Animations/Playback/A_EN_PLAY_AC_EmpireBow_Stand_Peace,AnimSequence,HeinMach/Humanoids/Archer,Content/_Art/Enemies/HeinMach/Humanoids/Archer/Animations/Playback/A_EN_PLAY_AC_EmpireBow_Stand_Peace.uasset,489083,bd18cf2ed6b07d0c96d77f27e4e171fb686cf3dfd9530d452f31ccaa882b78f8
/Game/_Art/Enemies/HeinMach/Humanoids/Archer/Animations/Playback/A_EN_PLAY_AC_EmpireBow_Stand_Start,AnimSequence,HeinMach/Humanoids/Archer,Content/_Art/Enemies/HeinMach/Humanoids/Archer/Animations/Playback/A_EN_PLAY_AC_EmpireBow_Stand_Start.uasset,311415,4747c979ac9a88a344ff728760849901a16d3f3da260ef7ed3268d23cc2d19c0
/Game/_Art/Enemies/HeinMach/Humanoids/Archer/Animations/Playback/A_EN_PLAY_AC_EmpireBow_TunrKick_Start,AnimSequence,HeinMach/Humanoids/Archer,Content/_Art/Enemies/HeinMach/Humanoids/Archer/Animations/Playback/A_EN_PLAY_AC_EmpireBow_TunrKick_Start.uasset,190729,74fbeb878c60851e063ca7b07af4274abcad3698093108e2c1328a8506fbcd0b
/Game/_Art/Enemies/HeinMach/Humanoids/Archer/Animations/Playback/A_EN_PLAY_AC_EmpireBow_TurnKick_Attack,AnimSequence,HeinMach/Humanoids/Archer,Content/_Art/Enemies/HeinMach/Humanoids/Archer/Animations/Playback/A_EN_PLAY_AC_EmpireBow_TurnKick_Attack.uasset,410689,43172325e2749ae5459857793555c2ceeab4bca62385d965e4f02c9dc56e6ca3
/Game/_Art/Enemies/HeinMach/Humanoids/Archer/Animations/Playback/A_EN_PLAY_AC_EmpireBow_TurnKick_DestroyObject,AnimSequence,HeinMach/Humanoids/Archer,Content/_Art/Enemies/HeinMach/Humanoids/Archer/Animations/Playback/A_EN_PLAY_AC_EmpireBow_TurnKick_DestroyObject.uasset,410809,d5c455dc6aebbcfafa65660fd4307d1758a47b997c13934fbdea0797406543eb
/Game/_Art/Enemies/HeinMach/Humanoids/Archer/Animations/Playback/A_EN_PLAY_AC_EmpireBow_TurnKick_Move,AnimSequence,HeinMach/Humanoids/Archer,Content/_Art/Enemies/HeinMach/Humanoids/Archer/Animations/Playback/A_EN_PLAY_AC_EmpireBow_TurnKick_Move.uasset,285105,05987199ea217fd3757676a819cf05a301fa92baefcf198d5c89060c168a1231
/Game/_Art/Enemies/HeinMach/Humanoids/Archer/Animations/Playback/A_EN_PLAY_AC_EmpireBow_Turn_L,AnimSequence,HeinMach/Humanoids/Archer,Content/_Art/Enemies/HeinMach/Humanoids/Archer/Animations/Playback/A_EN_PLAY_AC_EmpireBow_Turn_L.uasset,263372,7af1a3c1755af3f5a396bfdc520d80d5194c5e778e5d139b41134e0c59c6ba3f
/Game/_Art/Enemies/HeinMach/Humanoids/Archer/Animations/Playback/A_EN_PLAY_AC_EmpireBow_Turn_L_180,AnimSequence,HeinMach/Humanoids/Archer,Content/_Art/Enemies/HeinMach/Humanoids/Archer/Animations/Playback/A_EN_PLAY_AC_EmpireBow_Turn_L_180.uasset,301702,3a06351b0b0506287e509bf271fb75e1c48743e7018a84187ee50797136079bf
/Game/_Art/Enemies/HeinMach/Humanoids/Archer/Animations/Playback/A_EN_PLAY_AC_EmpireBow_Turn_L_Peace,AnimSequence,HeinMach/Humanoids/Archer,Content/_Art/Enemies/HeinMach/Humanoids/Archer/Animations/Playback/A_EN_PLAY_AC_EmpireBow_Turn_L_Peace.uasset,297159,a5404f4667eb7c07987621734c92f15b3be8688e205b78f934175a71bf91e53c
/Game/_Art/Enemies/HeinMach/Humanoids/Archer/Animations/Playback/A_EN_PLAY_AC_EmpireBow_Turn_L_Peace_180,AnimSequence,HeinMach/Humanoids/Archer,Content/_Art/Enemies/HeinMach/Humanoids/Archer/Animations/Playback/A_EN_PLAY_AC_EmpireBow_Turn_L_Peace_180.uasset,528433,80fccd44d8948c61f2f24310d2145ec15c3a5c316ab7a46fb6fbb520f6a332e9
/Game/_Art/Enemies/HeinMach/Humanoids/Archer/Animations/Playback/A_EN_PLAY_AC_EmpireBow_Turn_R,AnimSequence,HeinMach/Humanoids/Archer,Content/_Art/Enemies/HeinMach/Humanoids/Archer/Animations/Playback/A_EN_PLAY_AC_EmpireBow_Turn_R.uasset,312164,e6506ead50f9d94381ab454ed31789805bc0dd87b5fa92938a3784558c37c970
/Game/_Art/Enemies/HeinMach/Humanoids/Archer/Animations/Playback/A_EN_PLAY_AC_EmpireBow_Turn_R_180,AnimSequence,HeinMach/Humanoids/Archer,Content/_Art/Enemies/HeinMach/Humanoids/Archer/Animations/Playback/A_EN_PLAY_AC_EmpireBow_Turn_R_180.uasset,301866,4b605c8638d2bd51da8b0271d8ed845b10551c0ad7fccf67e2b853b989099a30
/Game/_Art/Enemies/HeinMach/Humanoids/Archer/Animations/Playback/A_EN_PLAY_AC_EmpireBow_Turn_R_Peace,AnimSequence,HeinMach/Humanoids/Archer,Content/_Art/Enemies/HeinMach/Humanoids/Archer/Animations/Playback/A_EN_PLAY_AC_EmpireBow_Turn_R_Peace.uasset,300996,7ece6aef79016d9b82067726bec216e02120663cdc5b602605d93cf1368dd333
/Game/_Art/Enemies/HeinMach/Humanoids/Archer/Animations/Playback/A_EN_PLAY_AC_EmpireBow_Turn_R_Peace_180,AnimSequence,HeinMach/Humanoids/Archer,Content/_Art/Enemies/HeinMach/Humanoids/Archer/Animations/Playback/A_EN_PLAY_AC_EmpireBow_Turn_R_Peace_180.uasset,546827,06e2b833a90e4531c67351330b38b3b8151a5662858ae752277b24259be05816
/Game/_Art/Enemies/HeinMach/Humanoids/Archer/Animations/Playback/A_EN_PLAY_AC_EmpireBow_UnEquip,AnimSequence,HeinMach/Humanoids/Archer,Content/_Art/Enemies/HeinMach/Humanoids/Archer/Animations/Playback/A_EN_PLAY_AC_EmpireBow_UnEquip.uasset,339634,fae289811584442613512da9ad3b434f48215148dd7233708ea59ba451ffb045
/Game/_Art/Enemies/HeinMach/Humanoids/Archer/Animations/Playback/A_EN_PLAY_AC_EmpireBow_Vigilant_FreakOut_Armed,AnimSequence,HeinMach/Humanoids/Archer,Content/_Art/Enemies/HeinMach/Humanoids/Archer/Animations/Playback/A_EN_PLAY_AC_EmpireBow_Vigilant_FreakOut_Armed.uasset,308244,185ce48427e7ab0d9624eb8103d54da92c75b998ad179102f43df4b0595ab29b
/Game/_Art/Enemies/HeinMach/Humanoids/Archer/Animations/Playback/A_EN_PLAY_AC_EmpireBow_Vigilant_FreakOut_UnArmed,AnimSequence,HeinMach/Humanoids/Archer,Content/_Art/Enemies/HeinMach/Humanoids/Archer/Animations/Playback/A_EN_PLAY_AC_EmpireBow_Vigilant_FreakOut_UnArmed.uasset,531766,37ce21326649d5abdd7ee41e1ff993adc5a133409646ccb3c24ec2f11771e9a3
/Game/_Art/Enemies/HeinMach/Humanoids/Archer/Animations/Playback/A_EN_PLAY_AC_EmpireBow_Vigilant_LookAround,AnimSequence,HeinMach/Humanoids/Archer,Content/_Art/Enemies/HeinMach/Humanoids/Archer/Animations/Playback/A_EN_PLAY_AC_EmpireBow_Vigilant_LookAround.uasset,925600,6bbdb83eb11e672634159165760245ecc676c9117557b238a85b0991e573ad16
/Game/_Art/Enemies/HeinMach/Humanoids/Archer/Animations/Playback/A_EN_PLAY_AC_EmpireBow_Walk_F,AnimSequence,HeinMach/Humanoids/Archer,Content/_Art/Enemies/HeinMach/Humanoids/Archer/Animations/Playback/A_EN_PLAY_AC_EmpireBow_Walk_F.uasset,284961,3b2e1d4e88a96e388af4ab5c8ed909b38bea3b1b177ae4d374db5ce3d10ad246
/Game/_Art/Enemies/HeinMach/Humanoids/Archer/Animations/Playback/A_EN_PLAY_AC_M_EmpBow_DamageParry_F,AnimSequence,HeinMach/Humanoids/Archer,Content/_Art/Enemies/HeinMach/Humanoids/Archer/Animations/Playback/A_EN_PLAY_AC_M_EmpBow_DamageParry_F.uasset,481472,cf3139ba000a07dfff4b60e93b5a0ea4c1fcd48516b94d72e465f46d0c5d164e
/Game/_Art/Enemies/HeinMach/Humanoids/Archer/Animations/Playback/A_EN_PLAY_CA_M_EmpBow_BackShoot_1f625cc7,AnimSequence,HeinMach/Humanoids/Archer,Content/_Art/Enemies/HeinMach/Humanoids/Archer/Animations/Playback/A_EN_PLAY_CA_M_EmpBow_BackShoot_1f625cc7.uasset,53836,e124ae73f79eac51530f63328f119796cdbdfec4dbef720d9dc07db04b0b23cb
/Game/_Art/Enemies/HeinMach/Humanoids/Archer/Animations/Playback/A_EN_PLAY_CA_M_EmpBow_BasicShoot_End_33ccd390,AnimSequence,HeinMach/Humanoids/Archer,Content/_Art/Enemies/HeinMach/Humanoids/Archer/Animations/Playback/A_EN_PLAY_CA_M_EmpBow_BasicShoot_End_33ccd390.uasset,36870,c529a0323b7537fdb703f77bac295d37242a1fe81ac265045e3d9f12ffb9ed87
/Game/_Art/Enemies/HeinMach/Humanoids/Archer/Animations/Playback/A_EN_PLAY_CA_M_EmpBow_BasicShoot_Fail_86fade44,AnimSequence,HeinMach/Humanoids/Archer,Content/_Art/Enemies/HeinMach/Humanoids/Archer/Animations/Playback/A_EN_PLAY_CA_M_EmpBow_BasicShoot_Fail_86fade44.uasset,30653,698bec72be719e923d1e073ee87a95d6a1c691cdbc90360ade725f7ba36a4cb8
/Game/_Art/Enemies/HeinMach/Humanoids/Archer/Animations/Playback/A_EN_PLAY_CA_M_EmpBow_BasicShoot_Loop_8bb22b86,AnimSequence,HeinMach/Humanoids/Archer,Content/_Art/Enemies/HeinMach/Humanoids/Archer/Animations/Playback/A_EN_PLAY_CA_M_EmpBow_BasicShoot_Loop_8bb22b86.uasset,19750,297154ce2eaaadb38b71172de46642cc64c23baf10cfbd9a221fd42b5ed62a63
/Game/_Art/Enemies/HeinMach/Humanoids/Archer/Animations/Playback/A_EN_PLAY_CA_M_EmpBow_BasicShoot_Start_b426c792,AnimSequence,HeinMach/Humanoids/Archer,Content/_Art/Enemies/HeinMach/Humanoids/Archer/Animations/Playback/A_EN_PLAY_CA_M_EmpBow_BasicShoot_Start_b426c792.uasset,43638,34b0d3db5cd19dc148131345e3b074f69630e788b81cd025631c38a7bdba3a92
/Game/_Art/Enemies/HeinMach/Humanoids/Archer/Animations/Playback/A_EN_PLAY_CA_M_EmpBow_CarryASword_9fcea314,AnimSequence,HeinMach/Humanoids/Archer,Content/_Art/Enemies/HeinMach/Humanoids/Archer/Animations/Playback/A_EN_PLAY_CA_M_EmpBow_CarryASword_9fcea314.uasset,28542,ac45857dd29d19ec01cd10e05cc946974a73e25010e1dcc65a2af9faf0ac084e
/Game/_Art/Enemies/HeinMach/Humanoids/Archer/Animations/Playback/A_EN_PLAY_CA_M_EmpBow_CarryASword_Turn_L_41f192a1,AnimSequence,HeinMach/Humanoids/Archer,Content/_Art/Enemies/HeinMach/Humanoids/Archer/Animations/Playback/A_EN_PLAY_CA_M_EmpBow_CarryASword_Turn_L_41f192a1.uasset,30019,bfb3d915f11730e79e5dfed367b0de2bd347b767b4d8edfeede46ef4f7895a2c
/Game/_Art/Enemies/HeinMach/Humanoids/Archer/Animations/Playback/A_EN_PLAY_CA_M_EmpBow_CarryASword_Turn_R_3aba0c23,AnimSequence,HeinMach/Humanoids/Archer,Content/_Art/Enemies/HeinMach/Humanoids/Archer/Animations/Playback/A_EN_PLAY_CA_M_EmpBow_CarryASword_Turn_R_3aba0c23.uasset,31725,e659d21b72ef43de9a552530ec28867394856d75bf6864b72b82dbbb2cf3bf6c
/Game/_Art/Enemies/HeinMach/Humanoids/Archer/Animations/Playback/A_EN_PLAY_CA_M_EmpBow_ClimbingWall_Down_End,AnimSequence,HeinMach/Humanoids/Archer,Content/_Art/Enemies/HeinMach/Humanoids/Archer/Animations/Playback/A_EN_PLAY_CA_M_EmpBow_ClimbingWall_Down_End.uasset,444910,6bea23c1fc97539c8b99311fed2f886c081db59a433d72d0d91af613a4ee457d
/Game/_Art/Enemies/HeinMach/Humanoids/Archer/Animations/Playback/A_EN_PLAY_CA_M_EmpBow_ClimbingWall_Down_L,AnimSequence,HeinMach/Humanoids/Archer,Content/_Art/Enemies/HeinMach/Humanoids/Archer/Animations/Playback/A_EN_PLAY_CA_M_EmpBow_ClimbingWall_Down_L.uasset,298278,27cfcbfec24c183211e2a9cb5ca0b2a13b43fb52da33aad5a3805e1bc8cd5f6a
/Game/_Art/Enemies/HeinMach/Humanoids/Archer/Animations/Playback/A_EN_PLAY_CA_M_EmpBow_ClimbingWall_Down_R,AnimSequence,HeinMach/Humanoids/Archer,Content/_Art/Enemies/HeinMach/Humanoids/Archer/Animations/Playback/A_EN_PLAY_CA_M_EmpBow_ClimbingWall_Down_R.uasset,282381,dce4b491481611a3ddb612c40ef6b126641f5ed22ae52c24c3fe5ff903ab9a57
/Game/_Art/Enemies/HeinMach/Humanoids/Archer/Animations/Playback/A_EN_PLAY_CA_M_EmpBow_ClimbingWall_Down_Start,AnimSequence,HeinMach/Humanoids/Archer,Content/_Art/Enemies/HeinMach/Humanoids/Archer/Animations/Playback/A_EN_PLAY_CA_M_EmpBow_ClimbingWall_Down_Start.uasset,432608,04c04444ac8e34aed0bca3f827b0c416fd3da95483fc5685832ff81f056894b1
/Game/_Art/Enemies/HeinMach/Humanoids/Archer/Animations/Playback/A_EN_PLAY_CA_M_EmpBow_ClimbingWall_Loop_L_Idle,AnimSequence,HeinMach/Humanoids/Archer,Content/_Art/Enemies/HeinMach/Humanoids/Archer/Animations/Playback/A_EN_PLAY_CA_M_EmpBow_ClimbingWall_Loop_L_Idle.uasset,377095,51a938ba51e5a49fb74d4a126f92220e647e26aa914ed2dfa5860990f66c0ca3
/Game/_Art/Enemies/HeinMach/Humanoids/Archer/Animations/Playback/A_EN_PLAY_CA_M_EmpBow_ClimbingWall_Loop_R_Idle,AnimSequence,HeinMach/Humanoids/Archer,Content/_Art/Enemies/HeinMach/Humanoids/Archer/Animations/Playback/A_EN_PLAY_CA_M_EmpBow_ClimbingWall_Loop_R_Idle.uasset,375344,a41bd8fc434b0bbd5f0b055c716b39fa02cf99237092f015abc38212acfae46d
/Game/_Art/Enemies/HeinMach/Humanoids/Archer/Animations/Playback/A_EN_PLAY_CA_M_EmpBow_ClimbingWall_Up_End,AnimSequence,HeinMach/Humanoids/Archer,Content/_Art/Enemies/HeinMach/Humanoids/Archer/Animations/Playback/A_EN_PLAY_CA_M_EmpBow_ClimbingWall_Up_End.uasset,546890,e9bbf3b69279ffa9bd24a6294890a3bbfb53591360d8c833212fd63bc21f4d85
/Game/_Art/Enemies/HeinMach/Humanoids/Archer/Animations/Playback/A_EN_PLAY_CA_M_EmpBow_ClimbingWall_Up_L,AnimSequence,HeinMach/Humanoids/Archer,Content/_Art/Enemies/HeinMach/Humanoids/Archer/Animations/Playback/A_EN_PLAY_CA_M_EmpBow_ClimbingWall_Up_L.uasset,269104,6eecb66f30ec8e8eea92538da6e4d4214b44195a95d08f6478a275da54411973
/Game/_Art/Enemies/HeinMach/Humanoids/Archer/Animations/Playback/A_EN_PLAY_CA_M_EmpBow_ClimbingWall_Up_R,AnimSequence,HeinMach/Humanoids/Archer,Content/_Art/Enemies/HeinMach/Humanoids/Archer/Animations/Playback/A_EN_PLAY_CA_M_EmpBow_ClimbingWall_Up_R.uasset,270742,7e6b023c3b8b767ee052d0f45599a8c457e60929c83e8ccfe1f5b11b209b242f
/Game/_Art/Enemies/HeinMach/Humanoids/Archer/Animations/Playback/A_EN_PLAY_CA_M_EmpBow_ClimbingWall_Up_Start,AnimSequence,HeinMach/Humanoids/Archer,Content/_Art/Enemies/HeinMach/Humanoids/Archer/Animations/Playback/A_EN_PLAY_CA_M_EmpBow_ClimbingWall_Up_Start.uasset,449052,ac4f070a49f5295e39cc4bbdfa578af1685dec863416b1e746ab10e4a2ab5e78
/Game/_Art/Enemies/HeinMach/Humanoids/Archer/Animations/Playback/A_EN_PLAY_CA_M_EmpBow_Down_B_Loop_92a9c1b9,AnimSequence,HeinMach/Humanoids/Archer,Content/_Art/Enemies/HeinMach/Humanoids/Archer/Animations/Playback/A_EN_PLAY_CA_M_EmpBow_Down_B_Loop_92a9c1b9.uasset,19725,15829497f9e7c94df6e4b6912ae73bf789bca7703f0d3b1ebea89ded8509351f
/Game/_Art/Enemies/HeinMach/Humanoids/Archer/Animations/Playback/A_EN_PLAY_CA_M_EmpBow_Down_F_Loop_489d380f,AnimSequence,HeinMach/Humanoids/Archer,Content/_Art/Enemies/HeinMach/Humanoids/Archer/Animations/Playback/A_EN_PLAY_CA_M_EmpBow_Down_F_Loop_489d380f.uasset,19677,fef53265217fdf51a4f18e0edb62ec59e591cf22046025e1de051945d7e98c2b
/Game/_Art/Enemies/HeinMach/Humanoids/Archer/Animations/Playback/A_EN_PLAY_CA_M_EmpBow_FallDown_Loop,AnimSequence,HeinMach/Humanoids/Archer,Content/_Art/Enemies/HeinMach/Humanoids/Archer/Animations/Playback/A_EN_PLAY_CA_M_EmpBow_FallDown_Loop.uasset,249284,b2079fffc3fb44ae67ad08261ec146781ac92bf7a0ab093bda45d6c0d1c5f59d
/Game/_Art/Enemies/HeinMach/Humanoids/Archer/Animations/Playback/A_EN_PLAY_CA_M_EmpBow_FallDown_Start,AnimSequence,HeinMach/Humanoids/Archer,Content/_Art/Enemies/HeinMach/Humanoids/Archer/Animations/Playback/A_EN_PLAY_CA_M_EmpBow_FallDown_Start.uasset,570974,5f6a9d8dce3eaf6515da7d16c7e579f1e177ad8773285c690f310379a81911e2
/Game/_Art/Enemies/HeinMach/Humanoids/Archer/Animations/Playback/A_EN_PLAY_CA_M_EmpBow_FastShoot_Dodge_B_4f281d3a,AnimSequence,HeinMach/Humanoids/Archer,Content/_Art/Enemies/HeinMach/Humanoids/Archer/Animations/Playback/A_EN_PLAY_CA_M_EmpBow_FastShoot_Dodge_B_4f281d3a.uasset,26111,bee28c690f3bc0bf54f7f80d265c58b34c2bbbadb29fad639c11b1c93069ffdf
/Game/_Art/Enemies/HeinMach/Humanoids/Archer/Animations/Playback/A_EN_PLAY_CA_M_EmpBow_FastShoot_Dodge_L_61aa0a9e,AnimSequence,HeinMach/Humanoids/Archer,Content/_Art/Enemies/HeinMach/Humanoids/Archer/Animations/Playback/A_EN_PLAY_CA_M_EmpBow_FastShoot_Dodge_L_61aa0a9e.uasset,25995,a1d2da3d93174c91342118a68d47568bbaaea0c50f0393875241a3daaf23836d
/Game/_Art/Enemies/HeinMach/Humanoids/Archer/Animations/Playback/A_EN_PLAY_CA_M_EmpBow_FastShoot_Dodge_R_e9139283,AnimSequence,HeinMach/Humanoids/Archer,Content/_Art/Enemies/HeinMach/Humanoids/Archer/Animations/Playback/A_EN_PLAY_CA_M_EmpBow_FastShoot_Dodge_R_e9139283.uasset,27651,6db217e86c136453d5086b54a9b8a18b6d5b91bdab5338128ace0727a08374b2
/Game/_Art/Enemies/HeinMach/Humanoids/Archer/Animations/Playback/A_EN_PLAY_CA_M_EmpBow_FastShoot_Fail_19324cfe,AnimSequence,HeinMach/Humanoids/Archer,Content/_Art/Enemies/HeinMach/Humanoids/Archer/Animations/Playback/A_EN_PLAY_CA_M_EmpBow_FastShoot_Fail_19324cfe.uasset,30645,461ba4eab165ae12886e904674029a978d316de27ac0ce643b646ab007c991d5
/Game/_Art/Enemies/HeinMach/Humanoids/Archer/Animations/Playback/A_EN_PLAY_CA_M_EmpBow_FastShoot_Shoot_be60adab,AnimSequence,HeinMach/Humanoids/Archer,Content/_Art/Enemies/HeinMach/Humanoids/Archer/Animations/Playback/A_EN_PLAY_CA_M_EmpBow_FastShoot_Shoot_be60adab.uasset,70794,b6f196e1d86181fcd1de0753ac5366cfc591d5729064763c73c4114646e17505
/Game/_Art/Enemies/HeinMach/Humanoids/Archer/Animations/Playback/A_EN_PLAY_CA_M_EmpBow_FootSword_9ef9fa34,AnimSequence,HeinMach/Humanoids/Archer,Content/_Art/Enemies/HeinMach/Humanoids/Archer/Animations/Playback/A_EN_PLAY_CA_M_EmpBow_FootSword_9ef9fa34.uasset,28595,e054201e911994b11bd155ad3cb36e822a7f2ef10e183492a57a954e6300d42b
/Game/_Art/Enemies/HeinMach/Humanoids/Archer/Animations/Playback/A_EN_PLAY_CA_M_EmpBow_Getup_B_3c363008,AnimSequence,HeinMach/Humanoids/Archer,Content/_Art/Enemies/HeinMach/Humanoids/Archer/Animations/Playback/A_EN_PLAY_CA_M_EmpBow_Getup_B_3c363008.uasset,27022,c5a1f5cd4185613f672649d3b624a44b12a83d260d89b597d9d61ab24550849b
/Game/_Art/Enemies/HeinMach/Humanoids/Archer/Animations/Playback/A_EN_PLAY_CA_M_EmpBow_Getup_F_c6f6729e,AnimSequence,HeinMach/Humanoids/Archer,Content/_Art/Enemies/HeinMach/Humanoids/Archer/Animations/Playback/A_EN_PLAY_CA_M_EmpBow_Getup_F_c6f6729e.uasset,27327,c2a471f59eb9c08d95bad2d940e16489c37d2a8d36b92c980c3032e612d997ec
/Game/_Art/Enemies/HeinMach/Humanoids/Archer/Animations/Playback/A_EN_PLAY_CA_M_EmpBow_LockOnWalk_B,AnimSequence,HeinMach/Humanoids/Archer,Content/_Art/Enemies/HeinMach/Humanoids/Archer/Animations/Playback/A_EN_PLAY_CA_M_EmpBow_LockOnWalk_B.uasset,260688,5e2b6ee45e92154eb9332603ad06f3626abf96082ffebb1900ca25e87894449a
/Game/_Art/Enemies/HeinMach/Humanoids/Archer/Animations/Playback/A_EN_PLAY_CA_M_EmpBow_LockOnWalk_B_Bellerian,AnimSequence,HeinMach/Humanoids/Archer,Content/_Art/Enemies/HeinMach/Humanoids/Archer/Animations/Playback/A_EN_PLAY_CA_M_EmpBow_LockOnWalk_B_Bellerian.uasset,260808,73c4a2d4a765ad8a0e4e49d22c4efc9dd95a2ae0cf700bd61bad6bd86d3f6821
/Game/_Art/Enemies/HeinMach/Humanoids/Archer/Animations/Playback/A_EN_PLAY_CA_M_EmpBow_LockOnWalk_F,AnimSequence,HeinMach/Humanoids/Archer,Content/_Art/Enemies/HeinMach/Humanoids/Archer/Animations/Playback/A_EN_PLAY_CA_M_EmpBow_LockOnWalk_F.uasset,284400,6116f5c2fbfda8869f91e2538f612f71bbc9226530d6671208aea0ae32fa4f21
/Game/_Art/Enemies/HeinMach/Humanoids/Archer/Animations/Playback/A_EN_PLAY_CA_M_EmpBow_LockOnWalk_F_Bellerian,AnimSequence,HeinMach/Humanoids/Archer,Content/_Art/Enemies/HeinMach/Humanoids/Archer/Animations/Playback/A_EN_PLAY_CA_M_EmpBow_LockOnWalk_F_Bellerian.uasset,284510,cdc30c0a1321f5d7abce96895c49a72842ef027bd15b673f6b27fa19a061c9f6
/Game/_Art/Enemies/HeinMach/Humanoids/Archer/Animations/Playback/A_EN_PLAY_CA_M_EmpBow_LockOnWalk_L,AnimSequence,HeinMach/Humanoids/Archer,Content/_Art/Enemies/HeinMach/Humanoids/Archer/Animations/Playback/A_EN_PLAY_CA_M_EmpBow_LockOnWalk_L.uasset,255636,5e7bcfd78e9a1e7a5ce30b6ae012b1ee0f87b0626c5491ddf1beb8b81c3cda33
/Game/_Art/Enemies/HeinMach/Humanoids/Archer/Animations/Playback/A_EN_PLAY_CA_M_EmpBow_LockOnWalk_L_Bellerian,AnimSequence,HeinMach/Humanoids/Archer,Content/_Art/Enemies/HeinMach/Humanoids/Archer/Animations/Playback/A_EN_PLAY_CA_M_EmpBow_LockOnWalk_L_Bellerian.uasset,255739,b8c9b3136680603965e8f5d15ee653f5d8a9d2a242eae9dcd3c6505c27219778
/Game/_Art/Enemies/HeinMach/Humanoids/Archer/Animations/Playback/A_EN_PLAY_CA_M_EmpBow_LockOnWalk_R,AnimSequence,HeinMach/Humanoids/Archer,Content/_Art/Enemies/HeinMach/Humanoids/Archer/Animations/Playback/A_EN_PLAY_CA_M_EmpBow_LockOnWalk_R.uasset,261696,8c5050cefa3ac717ce6757c608f4ac4de7b7a2a32ea5238d3f2c700c9b41d876
/Game/_Art/Enemies/HeinMach/Humanoids/Archer/Animations/Playback/A_EN_PLAY_CA_M_EmpBow_LockOnWalk_R_Bellerian,AnimSequence,HeinMach/Humanoids/Archer,Content/_Art/Enemies/HeinMach/Humanoids/Archer/Animations/Playback/A_EN_PLAY_CA_M_EmpBow_LockOnWalk_R_Bellerian.uasset,261809,a0f0b53ca46d60c4c098b172b1997a818e18d49375c6c9599317ad659c4d7238
/Game/_Art/Enemies/HeinMach/Humanoids/Archer/Animations/Playback/A_EN_PLAY_CA_M_EmpBow_NoBattleChairSit_End_01_ca08d3cc,AnimSequence,HeinMach/Humanoids/Archer,Content/_Art/Enemies/HeinMach/Humanoids/Archer/Animations/Playback/A_EN_PLAY_CA_M_EmpBow_NoBattleChairSit_End_01_ca08d3cc.uasset,37490,95c70950a2072c13a637aba420d37a863569b583b13366b3ba93acbbc11d2b88
/Game/_Art/Enemies/HeinMach/Humanoids/Archer/Animations/Playback/A_EN_PLAY_CA_M_EmpBow_NoBattleGuard_End_01_20c24284,AnimSequence,HeinMach/Humanoids/Archer,Content/_Art/Enemies/HeinMach/Humanoids/Archer/Animations/Playback/A_EN_PLAY_CA_M_EmpBow_NoBattleGuard_End_01_20c24284.uasset,26765,0a356aff34ef8552ad991d05852f0131eedf6d2c2ba9314cb8f746e759070b44
/Game/_Art/Enemies/HeinMach/Humanoids/Archer/Animations/Playback/A_EN_PLAY_CA_M_EmpBow_NoBattleGuard_Loop_01_c2faf1c2,AnimSequence,HeinMach/Humanoids/Archer,Content/_Art/Enemies/HeinMach/Humanoids/Archer/Animations/Playback/A_EN_PLAY_CA_M_EmpBow_NoBattleGuard_Loop_01_c2faf1c2.uasset,101405,9fe8db779c7e3e4442f5b075e987bf5d7ce01b9f3e09ab49ae51b41306e92727
/Game/_Art/Enemies/HeinMach/Humanoids/Archer/Animations/Playback/A_EN_PLAY_CA_M_EmpBow_NoBattleSearch_End_02,AnimSequence,HeinMach/Humanoids/Archer,Content/_Art/Enemies/HeinMach/Humanoids/Archer/Animations/Playback/A_EN_PLAY_CA_M_EmpBow_NoBattleSearch_End_02.uasset,412924,c54bb428dabd477a7ea8b3f7b098ef64d6f9f9fa389391a78fc764c1f036b271
/Game/_Art/Enemies/HeinMach/Humanoids/Archer/Animations/Playback/A_EN_PLAY_CA_M_EmpBow_NoBattleSearch_End_02_f8cbe71d,AnimSequence,HeinMach/Humanoids/Archer,Content/_Art/Enemies/HeinMach/Humanoids/Archer/Animations/Playback/A_EN_PLAY_CA_M_EmpBow_NoBattleSearch_End_02_f8cbe71d.uasset,33808,851f74ac211ad5dd9afd45a4a16c5ed08e05ad4f52e757255654570497dbdb10
/Game/_Art/Enemies/HeinMach/Humanoids/Archer/Animations/Playback/A_EN_PLAY_CA_M_EmpBow_NoBattleSit_End_01_7d6cda73,AnimSequence,HeinMach/Humanoids/Archer,Content/_Art/Enemies/HeinMach/Humanoids/Archer/Animations/Playback/A_EN_PLAY_CA_M_EmpBow_NoBattleSit_End_01_7d6cda73.uasset,41563,0c94688972e7f8ae073747c4582cb0d31ffe0f833ef17d89f6c7fe9f5140c583
/Game/_Art/Enemies/HeinMach/Humanoids/Archer/Animations/Playback/A_EN_PLAY_CA_M_EmpBow_NoBattleTalk_End_01_bcb959f4,AnimSequence,HeinMach/Humanoids/Archer,Content/_Art/Enemies/HeinMach/Humanoids/Archer/Animations/Playback/A_EN_PLAY_CA_M_EmpBow_NoBattleTalk_End_01_bcb959f4.uasset,52688,af1414e565970150cd074d7e8c4847f3c89cffa57beb19ad81fbc080eced604a
/Game/_Art/Enemies/HeinMach/Humanoids/Archer/Animations/Playback/A_EN_PLAY_CA_M_EmpBow_NoBattle_Basic_End_01_6d8a70f5,AnimSequence,HeinMach/Humanoids/Archer,Content/_Art/Enemies/HeinMach/Humanoids/Archer/Animations/Playback/A_EN_PLAY_CA_M_EmpBow_NoBattle_Basic_End_01_6d8a70f5.uasset,32303,b68c8164e166a5244d6ae858f42bc4f21206f8791c438099775b4070a9035633
/Game/_Art/Enemies/HeinMach/Humanoids/Archer/Animations/Playback/A_EN_PLAY_CA_M_EmpBow_NoBattle_Basic_Loop_01_72e4aa0f,AnimSequence,HeinMach/Humanoids/Archer,Content/_Art/Enemies/HeinMach/Humanoids/Archer/Animations/Playback/A_EN_PLAY_CA_M_EmpBow_NoBattle_Basic_Loop_01_72e4aa0f.uasset,308303,8d0a9e33ff84b109726de283b1ceb50934ac22523a140aeb5c39770933721339
/Game/_Art/Enemies/HeinMach/Humanoids/Archer/Animations/Playback/A_EN_PLAY_CA_M_EmpBow_Run_F,AnimSequence,HeinMach/Humanoids/Archer,Content/_Art/Enemies/HeinMach/Humanoids/Archer/Animations/Playback/A_EN_PLAY_CA_M_EmpBow_Run_F.uasset,245233,8fea72267448c7f6667fd1cfb197d957538655eec014323a03a0ae70467440d4
/Game/_Art/Enemies/HeinMach/Humanoids/Archer/Animations/Playback/A_EN_PLAY_CA_M_EmpBow_Run_F_Bellerian,AnimSequence,HeinMach/Humanoids/Archer,Content/_Art/Enemies/HeinMach/Humanoids/Archer/Animations/Playback/A_EN_PLAY_CA_M_EmpBow_Run_F_Bellerian.uasset,245336,223e5029d84ff84fde4e52cbd2c416f7a774e54cb765b57f76558c67d659d828
/Game/_Art/Enemies/HeinMach/Humanoids/Archer/Animations/Playback/A_EN_PLAY_CA_M_EmpBow_Run_Peace_F,AnimSequence,HeinMach/Humanoids/Archer,Content/_Art/Enemies/HeinMach/Humanoids/Archer/Animations/Playback/A_EN_PLAY_CA_M_EmpBow_Run_Peace_F.uasset,245708,cc3e1dd6964eca5907257861ab6736f09ebd00145a98b6b5ba7da5959752c5c1
/Game/_Art/Enemies/HeinMach/Humanoids/Archer/Animations/Playback/A_EN_PLAY_CA_M_EmpBow_Stand_F,AnimSequence,HeinMach/Humanoids/Archer,Content/_Art/Enemies/HeinMach/Humanoids/Archer/Animations/Playback/A_EN_PLAY_CA_M_EmpBow_Stand_F.uasset,325017,1583b4b818913e34dbf9666552f6da0a581a4116e7157dc002e41ba9e6114f27
/Game/_Art/Enemies/HeinMach/Humanoids/Archer/Animations/Playback/A_EN_PLAY_CA_M_EmpBow_Stand_F_b1c41e36,AnimSequence,HeinMach/Humanoids/Archer,Content/_Art/Enemies/HeinMach/Humanoids/Archer/Animations/Playback/A_EN_PLAY_CA_M_EmpBow_Stand_F_b1c41e36.uasset,19747,23ad462496e13349b6a70c54e6f8deded8b31bb9ca0fda18c1e401c073012594
/Game/_Art/Enemies/HeinMach/Humanoids/Archer/Animations/Playback/A_EN_PLAY_CA_M_EmpBow_Stand_Peace_F,AnimSequence,HeinMach/Humanoids/Archer,Content/_Art/Enemies/HeinMach/Humanoids/Archer/Animations/Playback/A_EN_PLAY_CA_M_EmpBow_Stand_Peace_F.uasset,488435,765ed14e2878549fb1f03df7b629b22bfba3ac9042e41e3dfbe03c2a799cead6
/Game/_Art/Enemies/HeinMach/Humanoids/Archer/Animations/Playback/A_EN_PLAY_CA_M_EmpBow_Stand_Peace_F_dc5a01d8,AnimSequence,HeinMach/Humanoids/Archer,Content/_Art/Enemies/HeinMach/Humanoids/Archer/Animations/Playback/A_EN_PLAY_CA_M_EmpBow_Stand_Peace_F_dc5a01d8.uasset,33210,6ea2108b1f2ee2f438941f09aeb509dd3248cea811cf6478ca88b2c36aa27a3c
/Game/_Art/Enemies/HeinMach/Humanoids/Archer/Animations/Playback/A_EN_PLAY_CA_M_EmpBow_TurnKick_Attack_70cda1c4,AnimSequence,HeinMach/Humanoids/Archer,Content/_Art/Enemies/HeinMach/Humanoids/Archer/Animations/Playback/A_EN_PLAY_CA_M_EmpBow_TurnKick_Attack_70cda1c4.uasset,26885,d1c8ad685d9494c09800bb570110bebc60ea70e66fe7719f4d0c5fc540d7d387
/Game/_Art/Enemies/HeinMach/Humanoids/Archer/Animations/Playback/A_EN_PLAY_CA_M_EmpBow_TurnKick_Move_c54401a0,AnimSequence,HeinMach/Humanoids/Archer,Content/_Art/Enemies/HeinMach/Humanoids/Archer/Animations/Playback/A_EN_PLAY_CA_M_EmpBow_TurnKick_Move_c54401a0.uasset,22916,4a0486ea7ad0c608b306478f087d3d23c77e168f4936c92de727a1e3a508f553
/Game/_Art/Enemies/HeinMach/Humanoids/Archer/Animations/Playback/A_EN_PLAY_CA_M_EmpBow_Turn_R,AnimSequence,HeinMach/Humanoids/Archer,Content/_Art/Enemies/HeinMach/Humanoids/Archer/Animations/Playback/A_EN_PLAY_CA_M_EmpBow_Turn_R.uasset,259558,3e8c36a6e2fc94d7fa59997589c445d817df372ddb554a50a1fd9232eee1442e
/Game/_Art/Enemies/HeinMach/Humanoids/Archer/Animations/Playback/A_EN_PLAY_CA_M_EmpBow_Walk_F,AnimSequence,HeinMach/Humanoids/Archer,Content/_Art/Enemies/HeinMach/Humanoids/Archer/Animations/Playback/A_EN_PLAY_CA_M_EmpBow_Walk_F.uasset,284322,b287297dea45e6e7dc2bdd9a9d92e43d9fe8c6e477b7ae0e8530cd089f7c34d7
/Game/_Art/Enemies/HeinMach/Humanoids/Archer/Animations/Playback/A_EN_PLAY_CA_M_EmpBow_Walk_F_Bellerian,AnimSequence,HeinMach/Humanoids/Archer,Content/_Art/Enemies/HeinMach/Humanoids/Archer/Animations/Playback/A_EN_PLAY_CA_M_EmpBow_Walk_F_Bellerian.uasset,284430,a024053465ad1a9dba4892fa6bb6b8afa3cd416eea06959fb0ea87d0741d9017
/Game/_Art/Enemies/HeinMach/Humanoids/Archer/Animations/Playback/A_EN_PLAY_CA_M_EmpBow_Walk_Peace_F,AnimSequence,HeinMach/Humanoids/Archer,Content/_Art/Enemies/HeinMach/Humanoids/Archer/Animations/Playback/A_EN_PLAY_CA_M_EmpBow_Walk_Peace_F.uasset,375885,018078529e04909a442d8ad6b15c556f41ddaee54102d9ce22d3bb47f694bc8c
/Game/_Art/Enemies/HeinMach/Humanoids/Archer/Blueprints/BP_EN_Archer_U01_L01,Blueprint,HeinMach/Humanoids/Archer,Content/_Art/Enemies/HeinMach/Humanoids/Archer/Blueprints/BP_EN_Archer_U01_L01.uasset,38046,000be921e5c4a8da04bcc33611fc3b0e1e251977dd008457d9967acb8fd5846e
/Game/_Art/Enemies/HeinMach/Humanoids/Archer/Blueprints/BP_EN_Archer_U01_L02,Blueprint,HeinMach/Humanoids/Archer,Content/_Art/Enemies/HeinMach/Humanoids/Archer/Blueprints/BP_EN_Archer_U01_L02.uasset,37946,d668a86b783de3d6b072505c28c9996ee93a86d1ee0eef46b337c95099051c53
/Game/_Art/Enemies/HeinMach/Humanoids/Archer/Blueprints/BP_EN_Archer_U02_L01,Blueprint,HeinMach/Humanoids/Archer,Content/_Art/Enemies/HeinMach/Humanoids/Archer/Blueprints/BP_EN_Archer_U02_L01.uasset,38071,8e02895cdd28a7eaf5259bf6b657845f71e84f7d17e2d656283786c99b79b768
/Game/_Art/Enemies/HeinMach/Humanoids/Archer/Blueprints/BP_EN_Archer_U02_L02,Blueprint,HeinMach/Humanoids/Archer,Content/_Art/Enemies/HeinMach/Humanoids/Archer/Blueprints/BP_EN_Archer_U02_L02.uasset,37966,ac1837de90c7ac254487b1b340ef0a1db15f698e501821d6a7de9bc932bfc015
/Game/_Art/Enemies/HeinMach/Humanoids/Archer/Meshes/SK_EN_Archer_U01_L01,SkeletalMesh,HeinMach/Humanoids/Archer,Content/_Art/Enemies/HeinMach/Humanoids/Archer/Meshes/SK_EN_Archer_U01_L01.uasset,6379007,5b62e66d53e8646b3d113d81dbf3578538742fe86adec325c5a4ded4f017103b
/Game/_Art/Enemies/HeinMach/Humanoids/Archer/Meshes/SK_EN_Archer_U01_L02,SkeletalMesh,HeinMach/Humanoids/Archer,Content/_Art/Enemies/HeinMach/Humanoids/Archer/Meshes/SK_EN_Archer_U01_L02.uasset,4131039,09683ad831cec698f45e2c8c4470d6bb30201800c2511aff9125dd1d8984bd73
/Game/_Art/Enemies/HeinMach/Humanoids/Archer/Meshes/SK_EN_Archer_U02_L01,SkeletalMesh,HeinMach/Humanoids/Archer,Content/_Art/Enemies/HeinMach/Humanoids/Archer/Meshes/SK_EN_Archer_U02_L01.uasset,5640920,9f0832d157f158db9b69003e92d6ab25f042ddb1d2cae7623e96d4e949fe4979
/Game/_Art/Enemies/HeinMach/Humanoids/Archer/Meshes/SK_EN_Archer_U02_L02,SkeletalMesh,HeinMach/Humanoids/Archer,Content/_Art/Enemies/HeinMach/Humanoids/Archer/Meshes/SK_EN_Archer_U02_L02.uasset,3516536,5169f53418a045a572f4bc29bddbae7d41522ac695697a43777674be210caf2d
/Game/_Art/Enemies/HeinMach/Humanoids/HalberdElite/Animations/Playback/A_EN_PLAY_AC_EmpireHalberd_Basic_End_01,AnimSequence,HeinMach/Humanoids/HalberdElite,Content/_Art/Enemies/HeinMach/Humanoids/HalberdElite/Animations/Playback/A_EN_PLAY_AC_EmpireHalberd_Basic_End_01.uasset,528314,3531ac9136cbab325caf0fa8899bb09c4d4270ac3eade17aa0ab739a61eb8a7e
/Game/_Art/Enemies/HeinMach/Humanoids/HalberdElite/Animations/Playback/A_EN_PLAY_AC_EmpireHalberd_Basic_End_02,AnimSequence,HeinMach/Humanoids/HalberdElite,Content/_Art/Enemies/HeinMach/Humanoids/HalberdElite/Animations/Playback/A_EN_PLAY_AC_EmpireHalberd_Basic_End_02.uasset,547896,cc605611db8b5122a3db473ac895f96d2dcb1e11aad0e1bc78558281d2f7f12a
/Game/_Art/Enemies/HeinMach/Humanoids/HalberdElite/Animations/Playback/A_EN_PLAY_AC_EmpireHalberd_Basic_Guard_End_01,AnimSequence,HeinMach/Humanoids/HalberdElite,Content/_Art/Enemies/HeinMach/Humanoids/HalberdElite/Animations/Playback/A_EN_PLAY_AC_EmpireHalberd_Basic_Guard_End_01.uasset,536796,ae32273b37fd98754e84ba0f689b6ffd4b226d0d758f2685f974bbf656961567
/Game/_Art/Enemies/HeinMach/Humanoids/HalberdElite/Animations/Playback/A_EN_PLAY_AC_EmpireHalberd_Basic_Guard_Loop_01,AnimSequence,HeinMach/Humanoids/HalberdElite,Content/_Art/Enemies/HeinMach/Humanoids/HalberdElite/Animations/Playback/A_EN_PLAY_AC_EmpireHalberd_Basic_Guard_Loop_01.uasset,2486407,a506c351ee471af3389486c4c291c21235b3762ba9a38a1c950053f74ad33aaa
/Game/_Art/Enemies/HeinMach/Humanoids/HalberdElite/Animations/Playback/A_EN_PLAY_AC_EmpireHalberd_Basic_Loop_01,AnimSequence,HeinMach/Humanoids/HalberdElite,Content/_Art/Enemies/HeinMach/Humanoids/HalberdElite/Animations/Playback/A_EN_PLAY_AC_EmpireHalberd_Basic_Loop_01.uasset,745644,e9b6a3f2769063834bc2f8938929cb68bced4601c2791df2b98318398e6780ad
/Game/_Art/Enemies/HeinMach/Humanoids/HalberdElite/Animations/Playback/A_EN_PLAY_AC_EmpireHalberd_Basic_Loop_02,AnimSequence,HeinMach/Humanoids/HalberdElite,Content/_Art/Enemies/HeinMach/Humanoids/HalberdElite/Animations/Playback/A_EN_PLAY_AC_EmpireHalberd_Basic_Loop_02.uasset,848100,1d48f1395be97b191a19e681c226d30e1820cbdb777dc7e23ad73041bf20fa33
/Game/_Art/Enemies/HeinMach/Humanoids/HalberdElite/Animations/Playback/A_EN_PLAY_AC_EmpireHalberd_Basic_Search_End_01,AnimSequence,HeinMach/Humanoids/HalberdElite,Content/_Art/Enemies/HeinMach/Humanoids/HalberdElite/Animations/Playback/A_EN_PLAY_AC_EmpireHalberd_Basic_Search_End_01.uasset,884425,2e37c43f597225a118eb2324d9403321c2f3d52d2be6c6b088f9cdf48e8bacd4
/Game/_Art/Enemies/HeinMach/Humanoids/HalberdElite/Animations/Playback/A_EN_PLAY_AC_EmpireHalberd_Basic_Search_Loop_01,AnimSequence,HeinMach/Humanoids/HalberdElite,Content/_Art/Enemies/HeinMach/Humanoids/HalberdElite/Animations/Playback/A_EN_PLAY_AC_EmpireHalberd_Basic_Search_Loop_01.uasset,1527522,7c26c5d99d9ba1b4b19969b6b75a125a6b939744464a2b284b13cdcf9acd9875
/Game/_Art/Enemies/HeinMach/Humanoids/HalberdElite/Animations/Playback/A_EN_PLAY_AC_EmpireHalberd_Basic_Talk_End_01,AnimSequence,HeinMach/Humanoids/HalberdElite,Content/_Art/Enemies/HeinMach/Humanoids/HalberdElite/Animations/Playback/A_EN_PLAY_AC_EmpireHalberd_Basic_Talk_End_01.uasset,519926,d757cc60c3806c8df41d66d0526009dc1e4bcec77917547e5d98f25551c5f5d4
/Game/_Art/Enemies/HeinMach/Humanoids/HalberdElite/Animations/Playback/A_EN_PLAY_AC_EmpireHalberd_Basic_Talk_End_02,AnimSequence,HeinMach/Humanoids/HalberdElite,Content/_Art/Enemies/HeinMach/Humanoids/HalberdElite/Animations/Playback/A_EN_PLAY_AC_EmpireHalberd_Basic_Talk_End_02.uasset,416254,5d56cc8f86e114c88322c0101daccedf904e03140125e0fffb5c4faca38e9cdb
/Game/_Art/Enemies/HeinMach/Humanoids/HalberdElite/Animations/Playback/A_EN_PLAY_AC_EmpireHalberd_Basic_Talk_Loop_01,AnimSequence,HeinMach/Humanoids/HalberdElite,Content/_Art/Enemies/HeinMach/Humanoids/HalberdElite/Animations/Playback/A_EN_PLAY_AC_EmpireHalberd_Basic_Talk_Loop_01.uasset,1145100,9b5972e4aed01a7365f2748e7aea3c50a39e8d3feb6ace7c9220ba2d9039a0bf
/Game/_Art/Enemies/HeinMach/Humanoids/HalberdElite/Animations/Playback/A_EN_PLAY_AC_EmpireHalberd_Basic_Talk_Loop_02,AnimSequence,HeinMach/Humanoids/HalberdElite,Content/_Art/Enemies/HeinMach/Humanoids/HalberdElite/Animations/Playback/A_EN_PLAY_AC_EmpireHalberd_Basic_Talk_Loop_02.uasset,821574,9c81d8d271d193dc71bc23a69a48eeb0916068bb4dc7165679a2f2d3607e04e5
/Game/_Art/Enemies/HeinMach/Humanoids/HalberdElite/Animations/Playback/A_EN_PLAY_AC_EmpireHalberd_DamageGrapple_Atk_B_01,AnimSequence,HeinMach/Humanoids/HalberdElite,Content/_Art/Enemies/HeinMach/Humanoids/HalberdElite/Animations/Playback/A_EN_PLAY_AC_EmpireHalberd_DamageGrapple_Atk_B_01.uasset,299408,69a64bc72ee2431632b94cfadcf41df8b155a7b91dea28a3aba0f8244a6a68ce
/Game/_Art/Enemies/HeinMach/Humanoids/HalberdElite/Animations/Playback/A_EN_PLAY_AC_EmpireHalberd_DamageGrapple_Atk_B_02,AnimSequence,HeinMach/Humanoids/HalberdElite,Content/_Art/Enemies/HeinMach/Humanoids/HalberdElite/Animations/Playback/A_EN_PLAY_AC_EmpireHalberd_DamageGrapple_Atk_B_02.uasset,471984,3de1bd9b29ba3ff7604ba3581dfc81b31b0ad85b8c9b257e8bafcb367a43893f
/Game/_Art/Enemies/HeinMach/Humanoids/HalberdElite/Animations/Playback/A_EN_PLAY_AC_EmpireHalberd_E_BackDashCounter_Atk,AnimSequence,HeinMach/Humanoids/HalberdElite,Content/_Art/Enemies/HeinMach/Humanoids/HalberdElite/Animations/Playback/A_EN_PLAY_AC_EmpireHalberd_E_BackDashCounter_Atk.uasset,1858248,1061e1b2ec616f38e9a2e9b6e1b19db7adf553a6ff023277d55019b838a4a9b9
/Game/_Art/Enemies/HeinMach/Humanoids/HalberdElite/Animations/Playback/A_EN_PLAY_AC_EmpireHalberd_E_BackDashCounter_Parried,AnimSequence,HeinMach/Humanoids/HalberdElite,Content/_Art/Enemies/HeinMach/Humanoids/HalberdElite/Animations/Playback/A_EN_PLAY_AC_EmpireHalberd_E_BackDashCounter_Parried.uasset,341259,abd2c3bdde0f226b9733245243fed9da5542447fe7c340287632822337edc576
/Game/_Art/Enemies/HeinMach/Humanoids/HalberdElite/Animations/Playback/A_EN_PLAY_AC_EmpireHalberd_E_BackDashCounter_Start,AnimSequence,HeinMach/Humanoids/HalberdElite,Content/_Art/Enemies/HeinMach/Humanoids/HalberdElite/Animations/Playback/A_EN_PLAY_AC_EmpireHalberd_E_BackDashCounter_Start.uasset,417228,6ec31e0122304e23b13ab6ea9a02c2d6dba6a5216ffa36eaf5e121ea9bd43d1a
/Game/_Art/Enemies/HeinMach/Humanoids/HalberdElite/Animations/Playback/A_EN_PLAY_AC_EmpireHalberd_E_ChargeAttack_End,AnimSequence,HeinMach/Humanoids/HalberdElite,Content/_Art/Enemies/HeinMach/Humanoids/HalberdElite/Animations/Playback/A_EN_PLAY_AC_EmpireHalberd_E_ChargeAttack_End.uasset,1473874,12781e162f7c514284a66ddecaa5a59f0d3641dfb339d98da0486936d643fa22
/Game/_Art/Enemies/HeinMach/Humanoids/HalberdElite/Animations/Playback/A_EN_PLAY_AC_EmpireHalberd_E_ChargeAttack_End_New,AnimSequence,HeinMach/Humanoids/HalberdElite,Content/_Art/Enemies/HeinMach/Humanoids/HalberdElite/Animations/Playback/A_EN_PLAY_AC_EmpireHalberd_E_ChargeAttack_End_New.uasset,1664696,91628e96fc33695f50b79425bb481afded4d0f9db22248fb7b6e626626067775
/Game/_Art/Enemies/HeinMach/Humanoids/HalberdElite/Animations/Playback/A_EN_PLAY_AC_EmpireHalberd_E_ChargeAttack_Loop,AnimSequence,HeinMach/Humanoids/HalberdElite,Content/_Art/Enemies/HeinMach/Humanoids/HalberdElite/Animations/Playback/A_EN_PLAY_AC_EmpireHalberd_E_ChargeAttack_Loop.uasset,367912,b816d17769a852f8fbdfb28eb7da116193ea71dcae6c1657efc92fa745567630
/Game/_Art/Enemies/HeinMach/Humanoids/HalberdElite/Animations/Playback/A_EN_PLAY_AC_EmpireHalberd_E_ChargeAttack_Start,AnimSequence,HeinMach/Humanoids/HalberdElite,Content/_Art/Enemies/HeinMach/Humanoids/HalberdElite/Animations/Playback/A_EN_PLAY_AC_EmpireHalberd_E_ChargeAttack_Start.uasset,564676,d1a8ba6e11be377f44f903fbd763140d46fcd371e97913eb287b8939f16f242c
/Game/_Art/Enemies/HeinMach/Humanoids/HalberdElite/Animations/Playback/A_EN_PLAY_AC_EmpireHalberd_E_ChargeAttack_Start_Fast,AnimSequence,HeinMach/Humanoids/HalberdElite,Content/_Art/Enemies/HeinMach/Humanoids/HalberdElite/Animations/Playback/A_EN_PLAY_AC_EmpireHalberd_E_ChargeAttack_Start_Fast.uasset,323808,0ddd5f40ee84620e459dbe1fd8d7d15b65561273ad427e796f5567bb61d5a7ff
/Game/_Art/Enemies/HeinMach/Humanoids/HalberdElite/Animations/Playback/A_EN_PLAY_AC_EmpireHalberd_E_DamFinalblow,AnimSequence,HeinMach/Humanoids/HalberdElite,Content/_Art/Enemies/HeinMach/Humanoids/HalberdElite/Animations/Playback/A_EN_PLAY_AC_EmpireHalberd_E_DamFinalblow.uasset,1315107,e4452864f4c50c60c22de01b5d0fdadf89e6963746e468257a564c1d3f9e9fe3
/Game/_Art/Enemies/HeinMach/Humanoids/HalberdElite/Animations/Playback/A_EN_PLAY_AC_EmpireHalberd_E_DamageAir_B_Down,AnimSequence,HeinMach/Humanoids/HalberdElite,Content/_Art/Enemies/HeinMach/Humanoids/HalberdElite/Animations/Playback/A_EN_PLAY_AC_EmpireHalberd_E_DamageAir_B_Down.uasset,128089,5ca95cd09a5b9359430f0d01f59ba97633fe534e5657f1c00b32c357556799a6
/Game/_Art/Enemies/HeinMach/Humanoids/HalberdElite/Animations/Playback/A_EN_PLAY_AC_EmpireHalberd_E_DamageAir_B_Land,AnimSequence,HeinMach/Humanoids/HalberdElite,Content/_Art/Enemies/HeinMach/Humanoids/HalberdElite/Animations/Playback/A_EN_PLAY_AC_EmpireHalberd_E_DamageAir_B_Land.uasset,264801,d91bda49a5eaeeacbf60edf8c06b5d9c2a15abe199263c4470aa070cea562738
/Game/_Art/Enemies/HeinMach/Humanoids/HalberdElite/Animations/Playback/A_EN_PLAY_AC_EmpireHalberd_E_DamageAir_B_Peak,AnimSequence,HeinMach/Humanoids/HalberdElite,Content/_Art/Enemies/HeinMach/Humanoids/HalberdElite/Animations/Playback/A_EN_PLAY_AC_EmpireHalberd_E_DamageAir_B_Peak.uasset,117935,ce95fb16a18acc2f14646d50e7540702ca2f3ef7410482d45d1f3bd1b9ecd884
/Game/_Art/Enemies/HeinMach/Humanoids/HalberdElite/Animations/Playback/A_EN_PLAY_AC_EmpireHalberd_E_DamageAir_B_Up,AnimSequence,HeinMach/Humanoids/HalberdElite,Content/_Art/Enemies/HeinMach/Humanoids/HalberdElite/Animations/Playback/A_EN_PLAY_AC_EmpireHalberd_E_DamageAir_B_Up.uasset,128489,9defa64d2633fd10204f99074cb7d9fe069b63061f9af2d1c17d2fa672363ed8
/Game/_Art/Enemies/HeinMach/Humanoids/HalberdElite/Animations/Playback/A_EN_PLAY_AC_EmpireHalberd_E_DamageAir_F_Down,AnimSequence,HeinMach/Humanoids/HalberdElite,Content/_Art/Enemies/HeinMach/Humanoids/HalberdElite/Animations/Playback/A_EN_PLAY_AC_EmpireHalberd_E_DamageAir_F_Down.uasset,126990,037c2d7c94a8abbd5d1f6aac39b0953bc6076fef43520f49d7b0df721293fcdb
/Game/_Art/Enemies/HeinMach/Humanoids/HalberdElite/Animations/Playback/A_EN_PLAY_AC_EmpireHalberd_E_DamageAir_F_Land,AnimSequence,HeinMach/Humanoids/HalberdElite,Content/_Art/Enemies/HeinMach/Humanoids/HalberdElite/Animations/Playback/A_EN_PLAY_AC_EmpireHalberd_E_DamageAir_F_Land.uasset,258361,12b33c8dc28431c84e02da8648bd18757d5ef7d3308dcd53fcc2caf96406680e
/Game/_Art/Enemies/HeinMach/Humanoids/HalberdElite/Animations/Playback/A_EN_PLAY_AC_EmpireHalberd_E_DamageAir_F_Peak,AnimSequence,HeinMach/Humanoids/HalberdElite,Content/_Art/Enemies/HeinMach/Humanoids/HalberdElite/Animations/Playback/A_EN_PLAY_AC_EmpireHalberd_E_DamageAir_F_Peak.uasset,116919,c61a4edd5734d9a3bd1f647f4bc10244ec311b4d25fafe2efa9002ff35149af1
/Game/_Art/Enemies/HeinMach/Humanoids/HalberdElite/Animations/Playback/A_EN_PLAY_AC_EmpireHalberd_E_DamageAir_F_Up,AnimSequence,HeinMach/Humanoids/HalberdElite,Content/_Art/Enemies/HeinMach/Humanoids/HalberdElite/Animations/Playback/A_EN_PLAY_AC_EmpireHalberd_E_DamageAir_F_Up.uasset,126993,c36d5c700437deb4a587a87aeac3cf2681cce7ac40f4aafa35dab610a26fa049
/Game/_Art/Enemies/HeinMach/Humanoids/HalberdElite/Animations/Playback/A_EN_PLAY_AC_EmpireHalberd_E_DamageFinalBlow,AnimSequence,HeinMach/Humanoids/HalberdElite,Content/_Art/Enemies/HeinMach/Humanoids/HalberdElite/Animations/Playback/A_EN_PLAY_AC_EmpireHalberd_E_DamageFinalBlow.uasset,245722,cc6247fcf4504255a4fa217139df5ee9512c09d880991c7b410b87c25a81b7bb
/Game/_Art/Enemies/HeinMach/Humanoids/HalberdElite/Animations/Playback/A_EN_PLAY_AC_EmpireHalberd_E_DamageGrapple_Atk_01,AnimSequence,HeinMach/Humanoids/HalberdElite,Content/_Art/Enemies/HeinMach/Humanoids/HalberdElite/Animations/Playback/A_EN_PLAY_AC_EmpireHalberd_E_DamageGrapple_Atk_01.uasset,285012,dfbbd5349c20d7e02d566a7577c225bbbf7f397e7ef9ab7e69838d0539078d06
/Game/_Art/Enemies/HeinMach/Humanoids/HalberdElite/Animations/Playback/A_EN_PLAY_AC_EmpireHalberd_E_DamageGrapple_Atk_02,AnimSequence,HeinMach/Humanoids/HalberdElite,Content/_Art/Enemies/HeinMach/Humanoids/HalberdElite/Animations/Playback/A_EN_PLAY_AC_EmpireHalberd_E_DamageGrapple_Atk_02.uasset,245781,638565492473bd58b48498c621ee3b9751c1ea8f9c6d82298578e5d5d0d98b3e
/Game/_Art/Enemies/HeinMach/Humanoids/HalberdElite/Animations/Playback/A_EN_PLAY_AC_EmpireHalberd_E_DamageNormal_D_B,AnimSequence,HeinMach/Humanoids/HalberdElite,Content/_Art/Enemies/HeinMach/Humanoids/HalberdElite/Animations/Playback/A_EN_PLAY_AC_EmpireHalberd_E_DamageNormal_D_B.uasset,371927,efad395be152288742a629bc9cec0cc125a2e9348f139604d354ac6c5c8f7cb0
/Game/_Art/Enemies/HeinMach/Humanoids/HalberdElite/Animations/Playback/A_EN_PLAY_AC_EmpireHalberd_E_DamageNormal_D_F,AnimSequence,HeinMach/Humanoids/HalberdElite,Content/_Art/Enemies/HeinMach/Humanoids/HalberdElite/Animations/Playback/A_EN_PLAY_AC_EmpireHalberd_E_DamageNormal_D_F.uasset,191057,469386147c25e6d4d18ef548c2672fa44b76b89ec16535f6bd1a1ff164e886aa
/Game/_Art/Enemies/HeinMach/Humanoids/HalberdElite/Animations/Playback/A_EN_PLAY_AC_EmpireHalberd_E_DamageNormal_L_F,AnimSequence,HeinMach/Humanoids/HalberdElite,Content/_Art/Enemies/HeinMach/Humanoids/HalberdElite/Animations/Playback/A_EN_PLAY_AC_EmpireHalberd_E_DamageNormal_L_F.uasset,193268,b943d895956eb569f245a20abdffebe60a911fb89cd29d30a0dd7925fa74740a
/Game/_Art/Enemies/HeinMach/Humanoids/HalberdElite/Animations/Playback/A_EN_PLAY_AC_EmpireHalberd_E_DamageNormal_R_F,AnimSequence,HeinMach/Humanoids/HalberdElite,Content/_Art/Enemies/HeinMach/Humanoids/HalberdElite/Animations/Playback/A_EN_PLAY_AC_EmpireHalberd_E_DamageNormal_R_F.uasset,188159,fb440a57cc419b77265a0487c0614c0bd40c1b767046541afcc21c2ed66d31b2
/Game/_Art/Enemies/HeinMach/Humanoids/HalberdElite/Animations/Playback/A_EN_PLAY_AC_EmpireHalberd_E_DamageNormal_U_B,AnimSequence,HeinMach/Humanoids/HalberdElite,Content/_Art/Enemies/HeinMach/Humanoids/HalberdElite/Animations/Playback/A_EN_PLAY_AC_EmpireHalberd_E_DamageNormal_U_B.uasset,365959,790465bb50f5a891c60c955f4b8e133e6b01130e633a137cdbc06eaf3bbb4007
/Game/_Art/Enemies/HeinMach/Humanoids/HalberdElite/Animations/Playback/A_EN_PLAY_AC_EmpireHalberd_E_DamageNormal_U_F,AnimSequence,HeinMach/Humanoids/HalberdElite,Content/_Art/Enemies/HeinMach/Humanoids/HalberdElite/Animations/Playback/A_EN_PLAY_AC_EmpireHalberd_E_DamageNormal_U_F.uasset,191069,31ad122d3e27b19a38ee787d083e374e0874d2fd1d2012d11e60bf19b9a51719
/Game/_Art/Enemies/HeinMach/Humanoids/HalberdElite/Animations/Playback/A_EN_PLAY_AC_EmpireHalberd_E_DamageParry_F,AnimSequence,HeinMach/Humanoids/HalberdElite,Content/_Art/Enemies/HeinMach/Humanoids/HalberdElite/Animations/Playback/A_EN_PLAY_AC_EmpireHalberd_E_DamageParry_F.uasset,365840,a281b21a69d85b23ba9b411b4d6658386f968fe312ff49481627c516249c0360
/Game/_Art/Enemies/HeinMach/Humanoids/HalberdElite/Animations/Playback/A_EN_PLAY_AC_EmpireHalberd_E_DamageStrong_D_F,AnimSequence,HeinMach/Humanoids/HalberdElite,Content/_Art/Enemies/HeinMach/Humanoids/HalberdElite/Animations/Playback/A_EN_PLAY_AC_EmpireHalberd_E_DamageStrong_D_F.uasset,291073,1be2942040c6b0d9f521e380ea2236d41915c6364c205c03fd64946427518e95
/Game/_Art/Enemies/HeinMach/Humanoids/HalberdElite/Animations/Playback/A_EN_PLAY_AC_EmpireHalberd_E_DamageStrong_D_F_2,AnimSequence,HeinMach/Humanoids/HalberdElite,Content/_Art/Enemies/HeinMach/Humanoids/HalberdElite/Animations/Playback/A_EN_PLAY_AC_EmpireHalberd_E_DamageStrong_D_F_2.uasset,311748,a6d8175c3fd8eed4ed3b25110108e6e48c0157931289366a91e8d448e71321eb
/Game/_Art/Enemies/HeinMach/Humanoids/HalberdElite/Animations/Playback/A_EN_PLAY_AC_EmpireHalberd_E_DamageStrong_L_F,AnimSequence,HeinMach/Humanoids/HalberdElite,Content/_Art/Enemies/HeinMach/Humanoids/HalberdElite/Animations/Playback/A_EN_PLAY_AC_EmpireHalberd_E_DamageStrong_L_F.uasset,236905,a210fba97fcd54c67f747f3bc9237360c2fde0a149b5dc2a1fdc99bb5a072e11
/Game/_Art/Enemies/HeinMach/Humanoids/HalberdElite/Animations/Playback/A_EN_PLAY_AC_EmpireHalberd_E_DamageStrong_R_F,AnimSequence,HeinMach/Humanoids/HalberdElite,Content/_Art/Enemies/HeinMach/Humanoids/HalberdElite/Animations/Playback/A_EN_PLAY_AC_EmpireHalberd_E_DamageStrong_R_F.uasset,245987,cebc6850a478496871eee7c002f3844eb3001d5f532049f17e63aae6e8c1196d
/Game/_Art/Enemies/HeinMach/Humanoids/HalberdElite/Animations/Playback/A_EN_PLAY_AC_EmpireHalberd_E_DamageStrong_U_F,AnimSequence,HeinMach/Humanoids/HalberdElite,Content/_Art/Enemies/HeinMach/Humanoids/HalberdElite/Animations/Playback/A_EN_PLAY_AC_EmpireHalberd_E_DamageStrong_U_F.uasset,236557,eee3a06896ac595c3c0db9aad2797198ccac390932e70a3d8979573da1a5cadf
/Game/_Art/Enemies/HeinMach/Humanoids/HalberdElite/Animations/Playback/A_EN_PLAY_AC_EmpireHalberd_E_DamageWeak_D_F,AnimSequence,HeinMach/Humanoids/HalberdElite,Content/_Art/Enemies/HeinMach/Humanoids/HalberdElite/Animations/Playback/A_EN_PLAY_AC_EmpireHalberd_E_DamageWeak_D_F.uasset,145252,73a5c644ce52b5d4ccb5003b74a1c832568f976d6a6c46207ec2b8a5ff4df790
/Game/_Art/Enemies/HeinMach/Humanoids/HalberdElite/Animations/Playback/A_EN_PLAY_AC_EmpireHalberd_E_DamageWeak_L_F,AnimSequence,HeinMach/Humanoids/HalberdElite,Content/_Art/Enemies/HeinMach/Humanoids/HalberdElite/Animations/Playback/A_EN_PLAY_AC_EmpireHalberd_E_DamageWeak_L_F.uasset,132026,b193b276c06e98fc999268ee912b56371889e032fab22208bc06347de4f158dd
/Game/_Art/Enemies/HeinMach/Humanoids/HalberdElite/Animations/Playback/A_EN_PLAY_AC_EmpireHalberd_E_DamageWeak_R_F,AnimSequence,HeinMach/Humanoids/HalberdElite,Content/_Art/Enemies/HeinMach/Humanoids/HalberdElite/Animations/Playback/A_EN_PLAY_AC_EmpireHalberd_E_DamageWeak_R_F.uasset,147439,daac2f7ffb006b21e888c5e10019d5580cdfdabe0c73e609ccf255132b065f1d
/Game/_Art/Enemies/HeinMach/Humanoids/HalberdElite/Animations/Playback/A_EN_PLAY_AC_EmpireHalberd_E_DamageWeak_U_F,AnimSequence,HeinMach/Humanoids/HalberdElite,Content/_Art/Enemies/HeinMach/Humanoids/HalberdElite/Animations/Playback/A_EN_PLAY_AC_EmpireHalberd_E_DamageWeak_U_F.uasset,127608,3c1efb12e8aa343a4df15e1c0519fd3e18ebbbd40e3a1d05b24849422a010cdb
/Game/_Art/Enemies/HeinMach/Humanoids/HalberdElite/Animations/Playback/A_EN_PLAY_AC_EmpireHalberd_E_Die_F,AnimSequence,HeinMach/Humanoids/HalberdElite,Content/_Art/Enemies/HeinMach/Humanoids/HalberdElite/Animations/Playback/A_EN_PLAY_AC_EmpireHalberd_E_Die_F.uasset,1268458,584e4c2451a4d07f718341c2e2d9b03bdcc53d727b3316caeb32758a1637b127
/Game/_Art/Enemies/HeinMach/Humanoids/HalberdElite/Animations/Playback/A_EN_PLAY_AC_EmpireHalberd_E_Disease,AnimSequence,HeinMach/Humanoids/HalberdElite,Content/_Art/Enemies/HeinMach/Humanoids/HalberdElite/Animations/Playback/A_EN_PLAY_AC_EmpireHalberd_E_Disease.uasset,16890,6851ba97eb02a75fbf586463923974f5351d65d156827006ede914b8ca5fda21
/Game/_Art/Enemies/HeinMach/Humanoids/HalberdElite/Animations/Playback/A_EN_PLAY_AC_EmpireHalberd_E_DownUpperSlash_01,AnimSequence,HeinMach/Humanoids/HalberdElite,Content/_Art/Enemies/HeinMach/Humanoids/HalberdElite/Animations/Playback/A_EN_PLAY_AC_EmpireHalberd_E_DownUpperSlash_01.uasset,1374455,cf0fe7156bce85b475f39b4fd002d1f0185edce8d5eac29eabd85bd1479ea14b
/Game/_Art/Enemies/HeinMach/Humanoids/HalberdElite/Animations/Playback/A_EN_PLAY_AC_EmpireHalberd_E_DownUpperSlash_02,AnimSequence,HeinMach/Humanoids/HalberdElite,Content/_Art/Enemies/HeinMach/Humanoids/HalberdElite/Animations/Playback/A_EN_PLAY_AC_EmpireHalberd_E_DownUpperSlash_02.uasset,878890,3c648009cbe1e5a6cf0b1011edf8016feaee3f31d920d2b3c1e4c770b7aa99fe
/Game/_Art/Enemies/HeinMach/Humanoids/HalberdElite/Animations/Playback/A_EN_PLAY_AC_EmpireHalberd_E_Down_B_Loop,AnimSequence,HeinMach/Humanoids/HalberdElite,Content/_Art/Enemies/HeinMach/Humanoids/HalberdElite/Animations/Playback/A_EN_PLAY_AC_EmpireHalberd_E_Down_B_Loop.uasset,388372,873f22aa05384b48b1e41544a454c809ecae1c5c4137a6d28413c9660a7fcf50
/Game/_Art/Enemies/HeinMach/Humanoids/HalberdElite/Animations/Playback/A_EN_PLAY_AC_EmpireHalberd_E_Down_F_Loop,AnimSequence,HeinMach/Humanoids/HalberdElite,Content/_Art/Enemies/HeinMach/Humanoids/HalberdElite/Animations/Playback/A_EN_PLAY_AC_EmpireHalberd_E_Down_F_Loop.uasset,376518,4b8a25909b2d093de2988b5d0560dd5f9ceb958b68ca8db9551e79ff6ef52bda
/Game/_Art/Enemies/HeinMach/Humanoids/HalberdElite/Animations/Playback/A_EN_PLAY_AC_EmpireHalberd_E_Early_Pierce_01,AnimSequence,HeinMach/Humanoids/HalberdElite,Content/_Art/Enemies/HeinMach/Humanoids/HalberdElite/Animations/Playback/A_EN_PLAY_AC_EmpireHalberd_E_Early_Pierce_01.uasset,1830215,e1c3b819eab9c045e96fb396f2cf300a0e231bd03fea5cdd9970b02a0cdd6314
/Game/_Art/Enemies/HeinMach/Humanoids/HalberdElite/Animations/Playback/A_EN_PLAY_AC_EmpireHalberd_E_Early_Pierce_02,AnimSequence,HeinMach/Humanoids/HalberdElite,Content/_Art/Enemies/HeinMach/Humanoids/HalberdElite/Animations/Playback/A_EN_PLAY_AC_EmpireHalberd_E_Early_Pierce_02.uasset,1406882,7a1bc3c77604d4bef3a8a74cc251a1584c61ed00b48619080cfb3e41014168d0
/Game/_Art/Enemies/HeinMach/Humanoids/HalberdElite/Animations/Playback/A_EN_PLAY_AC_EmpireHalberd_E_Early_Push_01,AnimSequence,HeinMach/Humanoids/HalberdElite,Content/_Art/Enemies/HeinMach/Humanoids/HalberdElite/Animations/Playback/A_EN_PLAY_AC_EmpireHalberd_E_Early_Push_01.uasset,586720,894aa7ff5718b40533ffd06db04f8a0c61b4222dbede80a6070513f58cc5d286
/Game/_Art/Enemies/HeinMach/Humanoids/HalberdElite/Animations/Playback/A_EN_PLAY_AC_EmpireHalberd_E_Early_Push_02,AnimSequence,HeinMach/Humanoids/HalberdElite,Content/_Art/Enemies/HeinMach/Humanoids/HalberdElite/Animations/Playback/A_EN_PLAY_AC_EmpireHalberd_E_Early_Push_02.uasset,1216370,15b3fa6abb26400626d1afdb482b9ebde501e9029f46a338f6d630a8ab15fc57
/Game/_Art/Enemies/HeinMach/Humanoids/HalberdElite/Animations/Playback/A_EN_PLAY_AC_EmpireHalberd_E_Early_SprintSwing_End,AnimSequence,HeinMach/Humanoids/HalberdElite,Content/_Art/Enemies/HeinMach/Humanoids/HalberdElite/Animations/Playback/A_EN_PLAY_AC_EmpireHalberd_E_Early_SprintSwing_End.uasset,1064607,67b40f05714bd95e2bfa1c4e24ee7bb26231a6931051f89d19e5123c649cbfda
/Game/_Art/Enemies/HeinMach/Humanoids/HalberdElite/Animations/Playback/A_EN_PLAY_AC_EmpireHalberd_E_Early_Swing_01,AnimSequence,HeinMach/Humanoids/HalberdElite,Content/_Art/Enemies/HeinMach/Humanoids/HalberdElite/Animations/Playback/A_EN_PLAY_AC_EmpireHalberd_E_Early_Swing_01.uasset,1232708,a817a178e30769280c106a65397bc82a77ab9c6339b713b61577730992afde99
/Game/_Art/Enemies/HeinMach/Humanoids/HalberdElite/Animations/Playback/A_EN_PLAY_AC_EmpireHalberd_E_Early_Swing_02,AnimSequence,HeinMach/Humanoids/HalberdElite,Content/_Art/Enemies/HeinMach/Humanoids/HalberdElite/Animations/Playback/A_EN_PLAY_AC_EmpireHalberd_E_Early_Swing_02.uasset,1836478,716a6124a141c0e6e53a94dc1e4baba332317592c386e814ca9af0f9a7f9694c
/Game/_Art/Enemies/HeinMach/Humanoids/HalberdElite/Animations/Playback/A_EN_PLAY_AC_EmpireHalberd_E_Early_Swing_03,AnimSequence,HeinMach/Humanoids/HalberdElite,Content/_Art/Enemies/HeinMach/Humanoids/HalberdElite/Animations/Playback/A_EN_PLAY_AC_EmpireHalberd_E_Early_Swing_03.uasset,1925631,57eba9268adc44b80fa41aedfb5aeb5b5ed4068f976527ee70d4b3ada1cae4bc
/Game/_Art/Enemies/HeinMach/Humanoids/HalberdElite/Animations/Playback/A_EN_PLAY_AC_EmpireHalberd_E_Getup_B,AnimSequence,HeinMach/Humanoids/HalberdElite,Content/_Art/Enemies/HeinMach/Humanoids/HalberdElite/Animations/Playback/A_EN_PLAY_AC_EmpireHalberd_E_Getup_B.uasset,348537,8076330c3f7af30e7df46073bd73043c931fbfcf0876809deb9a99e1a147e9c5
/Game/_Art/Enemies/HeinMach/Humanoids/HalberdElite/Animations/Playback/A_EN_PLAY_AC_EmpireHalberd_E_Getup_F,AnimSequence,HeinMach/Humanoids/HalberdElite,Content/_Art/Enemies/HeinMach/Humanoids/HalberdElite/Animations/Playback/A_EN_PLAY_AC_EmpireHalberd_E_Getup_F.uasset,368894,4bd5ac8b17b0a07338acbdeb309a0414a3937dc196984939295aae0a4ffe5eb2
/Game/_Art/Enemies/HeinMach/Humanoids/HalberdElite/Animations/Playback/A_EN_PLAY_AC_EmpireHalberd_E_Groggy_F_End,AnimSequence,HeinMach/Humanoids/HalberdElite,Content/_Art/Enemies/HeinMach/Humanoids/HalberdElite/Animations/Playback/A_EN_PLAY_AC_EmpireHalberd_E_Groggy_F_End.uasset,508513,830db938da01fb7e4b2e27108781af9b6da8d8ecd8364aa95ad33110b2ca3ef6
/Game/_Art/Enemies/HeinMach/Humanoids/HalberdElite/Animations/Playback/A_EN_PLAY_AC_EmpireHalberd_E_Groggy_F_Loop,AnimSequence,HeinMach/Humanoids/HalberdElite,Content/_Art/Enemies/HeinMach/Humanoids/HalberdElite/Animations/Playback/A_EN_PLAY_AC_EmpireHalberd_E_Groggy_F_Loop.uasset,363578,9dec0d6935aa8ac396308f65bbcadde3bea98e346f421a4f0262c7165bb6fecd
/Game/_Art/Enemies/HeinMach/Humanoids/HalberdElite/Animations/Playback/A_EN_PLAY_AC_EmpireHalberd_E_Groggy_F_Start,AnimSequence,HeinMach/Humanoids/HalberdElite,Content/_Art/Enemies/HeinMach/Humanoids/HalberdElite/Animations/Playback/A_EN_PLAY_AC_EmpireHalberd_E_Groggy_F_Start.uasset,274359,5f7d719cc214f93a61f9b1302ecf63b2b9b639815ba7d59220402b78a282cc12
/Game/_Art/Enemies/HeinMach/Humanoids/HalberdElite/Animations/Playback/A_EN_PLAY_AC_EmpireHalberd_E_GuardCounter_Down,AnimSequence,HeinMach/Humanoids/HalberdElite,Content/_Art/Enemies/HeinMach/Humanoids/HalberdElite/Animations/Playback/A_EN_PLAY_AC_EmpireHalberd_E_GuardCounter_Down.uasset,1001513,9e0b3e841e729ca8bc7f18a83ea923045e26dd4702f438cd7606c2fb923c7f09
/Game/_Art/Enemies/HeinMach/Humanoids/HalberdElite/Animations/Playback/A_EN_PLAY_AC_EmpireHalberd_E_GuardCounter_Failed,AnimSequence,HeinMach/Humanoids/HalberdElite,Content/_Art/Enemies/HeinMach/Humanoids/HalberdElite/Animations/Playback/A_EN_PLAY_AC_EmpireHalberd_E_GuardCounter_Failed.uasset,251369,712c01e244f9846955d4ddd5e43adb0d1e46bdcf21a86d7142df8a4424c8b709
/Game/_Art/Enemies/HeinMach/Humanoids/HalberdElite/Animations/Playback/A_EN_PLAY_AC_EmpireHalberd_E_GuardCounter_Loop,AnimSequence,HeinMach/Humanoids/HalberdElite,Content/_Art/Enemies/HeinMach/Humanoids/HalberdElite/Animations/Playback/A_EN_PLAY_AC_EmpireHalberd_E_GuardCounter_Loop.uasset,163177,0c0c94ae051a1a01ce161b8d93cdd7ee83061ab0be5e00f73b19f0acdcc2fdbf
/Game/_Art/Enemies/HeinMach/Humanoids/HalberdElite/Animations/Playback/A_EN_PLAY_AC_EmpireHalberd_E_GuardCounter_Parried,AnimSequence,HeinMach/Humanoids/HalberdElite,Content/_Art/Enemies/HeinMach/Humanoids/HalberdElite/Animations/Playback/A_EN_PLAY_AC_EmpireHalberd_E_GuardCounter_Parried.uasset,365941,306c4e129ca70b52227474ba3c54b59522baf538b77b03dd9b3f916207bc85fd
/Game/_Art/Enemies/HeinMach/Humanoids/HalberdElite/Animations/Playback/A_EN_PLAY_AC_EmpireHalberd_E_GuardCounter_Start,AnimSequence,HeinMach/Humanoids/HalberdElite,Content/_Art/Enemies/HeinMach/Humanoids/HalberdElite/Animations/Playback/A_EN_PLAY_AC_EmpireHalberd_E_GuardCounter_Start.uasset,178337,a8b33858dcc0b2c9a14edc42daaff2fc8dc0a0e18388a5f511367067eab8ca76
/Game/_Art/Enemies/HeinMach/Humanoids/HalberdElite/Animations/Playback/A_EN_PLAY_AC_EmpireHalberd_E_GuardCounter_Upper,AnimSequence,HeinMach/Humanoids/HalberdElite,Content/_Art/Enemies/HeinMach/Humanoids/HalberdElite/Animations/Playback/A_EN_PLAY_AC_EmpireHalberd_E_GuardCounter_Upper.uasset,1095094,3c940c889f2f409277dd9d3ba0fa5bec0a48980dfd3e970b2e48a737011f4f5d
/Game/_Art/Enemies/HeinMach/Humanoids/HalberdElite/Animations/Playback/A_EN_PLAY_AC_EmpireHalberd_E_Guard_Brk,AnimSequence,HeinMach/Humanoids/HalberdElite,Content/_Art/Enemies/HeinMach/Humanoids/HalberdElite/Animations/Playback/A_EN_PLAY_AC_EmpireHalberd_E_Guard_Brk.uasset,212228,cb4d0217c8105dfe164b0d4ec11c3db02595b443b01e3aa690e3ef7625abfaa2
/Game/_Art/Enemies/HeinMach/Humanoids/HalberdElite/Animations/Playback/A_EN_PLAY_AC_EmpireHalberd_E_Guard_Brk_End,AnimSequence,HeinMach/Humanoids/HalberdElite,Content/_Art/Enemies/HeinMach/Humanoids/HalberdElite/Animations/Playback/A_EN_PLAY_AC_EmpireHalberd_E_Guard_Brk_End.uasset,175172,2179367285f1a943cf77ffd17cfd5d41a465c0048c46f8be1f2d3a5a72a8d54b
/Game/_Art/Enemies/HeinMach/Humanoids/HalberdElite/Animations/Playback/A_EN_PLAY_AC_EmpireHalberd_E_Guard_End,AnimSequence,HeinMach/Humanoids/HalberdElite,Content/_Art/Enemies/HeinMach/Humanoids/HalberdElite/Animations/Playback/A_EN_PLAY_AC_EmpireHalberd_E_Guard_End.uasset,251233,9e0431007d3ff2eb9436462b13797b4104acb46784f76a94522062a6cba8cf03
/Game/_Art/Enemies/HeinMach/Humanoids/HalberdElite/Animations/Playback/A_EN_PLAY_AC_EmpireHalberd_E_Guard_Loop,AnimSequence,HeinMach/Humanoids/HalberdElite,Content/_Art/Enemies/HeinMach/Humanoids/HalberdElite/Animations/Playback/A_EN_PLAY_AC_EmpireHalberd_E_Guard_Loop.uasset,235592,dda21820f5053cab80116a86d0512c889ce38f8036dda62d1596e74c384e23d7
/Game/_Art/Enemies/HeinMach/Humanoids/HalberdElite/Animations/Playback/A_EN_PLAY_AC_EmpireHalberd_E_Guard_Start,AnimSequence,HeinMach/Humanoids/HalberdElite,Content/_Art/Enemies/HeinMach/Humanoids/HalberdElite/Animations/Playback/A_EN_PLAY_AC_EmpireHalberd_E_Guard_Start.uasset,163725,55f53d05f587a5aa6c36b6445370b50b596e66282f9c59e25611f8ffede177de
/Game/_Art/Enemies/HeinMach/Humanoids/HalberdElite/Animations/Playback/A_EN_PLAY_AC_EmpireHalberd_E_Guard_Suc,AnimSequence,HeinMach/Humanoids/HalberdElite,Content/_Art/Enemies/HeinMach/Humanoids/HalberdElite/Animations/Playback/A_EN_PLAY_AC_EmpireHalberd_E_Guard_Suc.uasset,248396,9cadacae3222af27b04a80f730b89bf4188546fc28eb10962a67bfb68514ab1b
/Game/_Art/Enemies/HeinMach/Humanoids/HalberdElite/Animations/Playback/A_EN_PLAY_AC_EmpireHalberd_E_Pierce_01,AnimSequence,HeinMach/Humanoids/HalberdElite,Content/_Art/Enemies/HeinMach/Humanoids/HalberdElite/Animations/Playback/A_EN_PLAY_AC_EmpireHalberd_E_Pierce_01.uasset,1830120,ac575ae46133b94d201ab68c0b683d621c8ad17712551cc137c30d2ae8d66882
/Game/_Art/Enemies/HeinMach/Humanoids/HalberdElite/Animations/Playback/A_EN_PLAY_AC_EmpireHalberd_E_Pierce_02,AnimSequence,HeinMach/Humanoids/HalberdElite,Content/_Art/Enemies/HeinMach/Humanoids/HalberdElite/Animations/Playback/A_EN_PLAY_AC_EmpireHalberd_E_Pierce_02.uasset,1406791,24eca26a9f66ba5043724d1b3be6a2169525ea914b620ac76f7a8bc93fd7e5a3
/Game/_Art/Enemies/HeinMach/Humanoids/HalberdElite/Animations/Playback/A_EN_PLAY_AC_EmpireHalberd_E_Push_01,AnimSequence,HeinMach/Humanoids/HalberdElite,Content/_Art/Enemies/HeinMach/Humanoids/HalberdElite/Animations/Playback/A_EN_PLAY_AC_EmpireHalberd_E_Push_01.uasset,586616,ce99347bfed77c98436cf4fb8e9fe645ff928abf2fb195b8693155c21904601d
/Game/_Art/Enemies/HeinMach/Humanoids/HalberdElite/Animations/Playback/A_EN_PLAY_AC_EmpireHalberd_E_Push_02,AnimSequence,HeinMach/Humanoids/HalberdElite,Content/_Art/Enemies/HeinMach/Humanoids/HalberdElite/Animations/Playback/A_EN_PLAY_AC_EmpireHalberd_E_Push_02.uasset,1216285,26bc988f32d801f97e1d76d598d2483b23aad8f2078982a0889f9f247a29eaea
/Game/_Art/Enemies/HeinMach/Humanoids/HalberdElite/Animations/Playback/A_EN_PLAY_AC_EmpireHalberd_E_RoundAttack,AnimSequence,HeinMach/Humanoids/HalberdElite,Content/_Art/Enemies/HeinMach/Humanoids/HalberdElite/Animations/Playback/A_EN_PLAY_AC_EmpireHalberd_E_RoundAttack.uasset,1304421,cf784ec825dd83366eb69ee60ff5111aa30d29a1cdd2c9d82b09c8dbc2d4c934
/Game/_Art/Enemies/HeinMach/Humanoids/HalberdElite/Animations/Playback/A_EN_PLAY_AC_EmpireHalberd_E_RoundAttack_Start,AnimSequence,HeinMach/Humanoids/HalberdElite,Content/_Art/Enemies/HeinMach/Humanoids/HalberdElite/Animations/Playback/A_EN_PLAY_AC_EmpireHalberd_E_RoundAttack_Start.uasset,251333,0b95d7e5197cee32b82571311719a421600acf2a28fbcf079afb961616e4f4ec
/Game/_Art/Enemies/HeinMach/Humanoids/HalberdElite/Animations/Playback/A_EN_PLAY_AC_EmpireHalberd_E_Smash_End_New,AnimSequence,HeinMach/Humanoids/HalberdElite,Content/_Art/Enemies/HeinMach/Humanoids/HalberdElite/Animations/Playback/A_EN_PLAY_AC_EmpireHalberd_E_Smash_End_New.uasset,1194215,f98ff040315c74b0b6f247df6db67575cc36e14bc5a7d4aebabfa8c52d22c0d0
/Game/_Art/Enemies/HeinMach/Humanoids/HalberdElite/Animations/Playback/A_EN_PLAY_AC_EmpireHalberd_E_Smash_Start,AnimSequence,HeinMach/Humanoids/HalberdElite,Content/_Art/Enemies/HeinMach/Humanoids/HalberdElite/Animations/Playback/A_EN_PLAY_AC_EmpireHalberd_E_Smash_Start.uasset,1165777,1366a215f90dd0fe1a8f558abee10c54a210e257ac2e8f8c2fe8a09f3548595c
/Game/_Art/Enemies/HeinMach/Humanoids/HalberdElite/Animations/Playback/A_EN_PLAY_AC_EmpireHalberd_E_SprintSwing_End,AnimSequence,HeinMach/Humanoids/HalberdElite,Content/_Art/Enemies/HeinMach/Humanoids/HalberdElite/Animations/Playback/A_EN_PLAY_AC_EmpireHalberd_E_SprintSwing_End.uasset,1064520,1319371ad9653f74a1f8a2f608d18fb0eef8edaa51ca234c59a09a8ffb48d5c9
/Game/_Art/Enemies/HeinMach/Humanoids/HalberdElite/Animations/Playback/A_EN_PLAY_AC_EmpireHalberd_E_SprintSwing_Loop,AnimSequence,HeinMach/Humanoids/HalberdElite,Content/_Art/Enemies/HeinMach/Humanoids/HalberdElite/Animations/Playback/A_EN_PLAY_AC_EmpireHalberd_E_SprintSwing_Loop.uasset,257492,13ca4325cc168c1675db65cdbfafa156713f5f10987202b5e2ac2b41eeb25d78
/Game/_Art/Enemies/HeinMach/Humanoids/HalberdElite/Animations/Playback/A_EN_PLAY_AC_EmpireHalberd_E_SprintSwing_Start,AnimSequence,HeinMach/Humanoids/HalberdElite,Content/_Art/Enemies/HeinMach/Humanoids/HalberdElite/Animations/Playback/A_EN_PLAY_AC_EmpireHalberd_E_SprintSwing_Start.uasset,242625,b4492c7a27b7360da1514169ac793e418e170c3886f31f62ac8da4a0effa16ed
/Game/_Art/Enemies/HeinMach/Humanoids/HalberdElite/Animations/Playback/A_EN_PLAY_AC_EmpireHalberd_E_Swing_01_New,AnimSequence,HeinMach/Humanoids/HalberdElite,Content/_Art/Enemies/HeinMach/Humanoids/HalberdElite/Animations/Playback/A_EN_PLAY_AC_EmpireHalberd_E_Swing_01_New.uasset,1232654,34bc03d528f07359bf13017bce12d021982dc519d18f97a8666d4dc7c53ae982
/Game/_Art/Enemies/HeinMach/Humanoids/HalberdElite/Animations/Playback/A_EN_PLAY_AC_EmpireHalberd_E_Swing_02_New,AnimSequence,HeinMach/Humanoids/HalberdElite,Content/_Art/Enemies/HeinMach/Humanoids/HalberdElite/Animations/Playback/A_EN_PLAY_AC_EmpireHalberd_E_Swing_02_New.uasset,1836428,e3ed6854091c1128966ab78411a1c45f16be308d566e406b54d1a8554247bd89
/Game/_Art/Enemies/HeinMach/Humanoids/HalberdElite/Animations/Playback/A_EN_PLAY_AC_EmpireHalberd_E_Swing_03_New,AnimSequence,HeinMach/Humanoids/HalberdElite,Content/_Art/Enemies/HeinMach/Humanoids/HalberdElite/Animations/Playback/A_EN_PLAY_AC_EmpireHalberd_E_Swing_03_New.uasset,1925592,f486c8580479f56738e19bc72dffa65251d2036dc9e3177a8c9cb90ddee14fb4
/Game/_Art/Enemies/HeinMach/Humanoids/HalberdElite/Animations/Playback/A_EN_PLAY_AC_EmpireHalberd_E_TurnAttack,AnimSequence,HeinMach/Humanoids/HalberdElite,Content/_Art/Enemies/HeinMach/Humanoids/HalberdElite/Animations/Playback/A_EN_PLAY_AC_EmpireHalberd_E_TurnAttack.uasset,2210161,71a78aa54ed2cae5719c251ae73c99f6e103062887d35bb8e9744682ac7a1571
/Game/_Art/Enemies/HeinMach/Humanoids/HalberdElite/Animations/Playback/A_EN_PLAY_AC_EmpireHalberd_E_TurnAttack_Fast,AnimSequence,HeinMach/Humanoids/HalberdElite,Content/_Art/Enemies/HeinMach/Humanoids/HalberdElite/Animations/Playback/A_EN_PLAY_AC_EmpireHalberd_E_TurnAttack_Fast.uasset,2069983,47af4b929048ad4537ca5e03b02da01c733945971ca4fc9e919a48f1a6838eef
/Game/_Art/Enemies/HeinMach/Humanoids/HalberdElite/Animations/Playback/A_EN_PLAY_AC_EmpireHalberd_E_Turn_L,AnimSequence,HeinMach/Humanoids/HalberdElite,Content/_Art/Enemies/HeinMach/Humanoids/HalberdElite/Animations/Playback/A_EN_PLAY_AC_EmpireHalberd_E_Turn_L.uasset,306010,5a788cc554e85e452343ea8e0a21da3ebbbe20efa9254c8068fd3d7dc469365a
/Game/_Art/Enemies/HeinMach/Humanoids/HalberdElite/Animations/Playback/A_EN_PLAY_AC_EmpireHalberd_E_Turn_L_180,AnimSequence,HeinMach/Humanoids/HalberdElite,Content/_Art/Enemies/HeinMach/Humanoids/HalberdElite/Animations/Playback/A_EN_PLAY_AC_EmpireHalberd_E_Turn_L_180.uasset,382677,7e69229b0938b78b2a030eeee65b131de86660f4976499ac5916dc9fd9a288a5
/Game/_Art/Enemies/HeinMach/Humanoids/HalberdElite/Animations/Playback/A_EN_PLAY_AC_EmpireHalberd_E_Turn_Peace_L,AnimSequence,HeinMach/Humanoids/HalberdElite,Content/_Art/Enemies/HeinMach/Humanoids/HalberdElite/Animations/Playback/A_EN_PLAY_AC_EmpireHalberd_E_Turn_Peace_L.uasset,261099,d99ecdbaa7d1200ccc9b52a3777d1b34dcdb9879d5c2d88dc616e6852b7faa16
/Game/_Art/Enemies/HeinMach/Humanoids/HalberdElite/Animations/Playback/A_EN_PLAY_AC_EmpireHalberd_E_Turn_Peace_R,AnimSequence,HeinMach/Humanoids/HalberdElite,Content/_Art/Enemies/HeinMach/Humanoids/HalberdElite/Animations/Playback/A_EN_PLAY_AC_EmpireHalberd_E_Turn_Peace_R.uasset,271771,d8bb7c5ab329845cd4686ac4d1165d4f996b32bea31cf07b63889a402126a794
/Game/_Art/Enemies/HeinMach/Humanoids/HalberdElite/Animations/Playback/A_EN_PLAY_AC_EmpireHalberd_E_Turn_R,AnimSequence,HeinMach/Humanoids/HalberdElite,Content/_Art/Enemies/HeinMach/Humanoids/HalberdElite/Animations/Playback/A_EN_PLAY_AC_EmpireHalberd_E_Turn_R.uasset,301122,392bf0732ab17466a69a8a89805b70fd6b26b54422ffac1b811d326858271e8b
/Game/_Art/Enemies/HeinMach/Humanoids/HalberdElite/Animations/Playback/A_EN_PLAY_AC_EmpireHalberd_E_Turn_R_180,AnimSequence,HeinMach/Humanoids/HalberdElite,Content/_Art/Enemies/HeinMach/Humanoids/HalberdElite/Animations/Playback/A_EN_PLAY_AC_EmpireHalberd_E_Turn_R_180.uasset,380762,6397ca6f3d931200545fa39533f630cc2362b46690ea39bf8c6af499e8e7b8f6
/Game/_Art/Enemies/HeinMach/Humanoids/HalberdElite/Animations/Playback/A_EN_PLAY_AC_EmpireHalberd_E_Vigilant_FreakOut_Armed,AnimSequence,HeinMach/Humanoids/HalberdElite,Content/_Art/Enemies/HeinMach/Humanoids/HalberdElite/Animations/Playback/A_EN_PLAY_AC_EmpireHalberd_E_Vigilant_FreakOut_Armed.uasset,274365,c14d19817a364a1eaab9fa065076867b22d94acef0a6e6c2b4592d71a4022f04
/Game/_Art/Enemies/HeinMach/Humanoids/HalberdElite/Animations/Playback/A_EN_PLAY_AC_EmpireHalberd_E_Vigilant_LookAround,AnimSequence,HeinMach/Humanoids/HalberdElite,Content/_Art/Enemies/HeinMach/Humanoids/HalberdElite/Animations/Playback/A_EN_PLAY_AC_EmpireHalberd_E_Vigilant_LookAround.uasset,1710032,b7f8fbb80262879c6ba8f0e3f658648927c66f2fb8ccb87449e02b763ac9689f
/Game/_Art/Enemies/HeinMach/Humanoids/HalberdElite/Animations/Playback/A_EN_PLAY_CA_M_Halberd_LOD_Pose,AnimSequence,HeinMach/Humanoids/HalberdElite,Content/_Art/Enemies/HeinMach/Humanoids/HalberdElite/Animations/Playback/A_EN_PLAY_CA_M_Halberd_LOD_Pose.uasset,99453,28158ab065821e10ab3abe2f870830fdc3835f5017a05a71581c107b7977900e
/Game/_Art/Enemies/HeinMach/Humanoids/HalberdElite/Animations/Playback/A_EN_PLAY_CA_M_Halberd_LockOnWalk_B,AnimSequence,HeinMach/Humanoids/HalberdElite,Content/_Art/Enemies/HeinMach/Humanoids/HalberdElite/Animations/Playback/A_EN_PLAY_CA_M_Halberd_LockOnWalk_B.uasset,298092,c496ffb121247a2adc6f66b57b89827053672f88de013646c60fa31692fafa61
/Game/_Art/Enemies/HeinMach/Humanoids/HalberdElite/Animations/Playback/A_EN_PLAY_CA_M_Halberd_LockOnWalk_F,AnimSequence,HeinMach/Humanoids/HalberdElite,Content/_Art/Enemies/HeinMach/Humanoids/HalberdElite/Animations/Playback/A_EN_PLAY_CA_M_Halberd_LockOnWalk_F.uasset,301264,586b91126d9a2b461b1d20f47f6ec35ac030197a70e2ccc2cafa5797509810e0
/Game/_Art/Enemies/HeinMach/Humanoids/HalberdElite/Animations/Playback/A_EN_PLAY_CA_M_Halberd_LockOnWalk_L,AnimSequence,HeinMach/Humanoids/HalberdElite,Content/_Art/Enemies/HeinMach/Humanoids/HalberdElite/Animations/Playback/A_EN_PLAY_CA_M_Halberd_LockOnWalk_L.uasset,303145,453964d24a54053eec27adab94a0d9de43309b10f7355b0a70ccb4cadd52cb0c
/Game/_Art/Enemies/HeinMach/Humanoids/HalberdElite/Animations/Playback/A_EN_PLAY_CA_M_Halberd_LockOnWalk_R,AnimSequence,HeinMach/Humanoids/HalberdElite,Content/_Art/Enemies/HeinMach/Humanoids/HalberdElite/Animations/Playback/A_EN_PLAY_CA_M_Halberd_LockOnWalk_R.uasset,305061,e9e7695b32d2f93eb50ff30e8abae01930a193121cbee26b9a7ba4e46517e633
/Game/_Art/Enemies/HeinMach/Humanoids/HalberdElite/Animations/Playback/A_EN_PLAY_CA_M_Halberd_Run_F,AnimSequence,HeinMach/Humanoids/HalberdElite,Content/_Art/Enemies/HeinMach/Humanoids/HalberdElite/Animations/Playback/A_EN_PLAY_CA_M_Halberd_Run_F.uasset,230370,37bd53d5fe8bc4fdfa5788eaaf8a8941674d914b4dc30bb7a64eb5963c9bb069
/Game/_Art/Enemies/HeinMach/Humanoids/HalberdElite/Animations/Playback/A_EN_PLAY_CA_M_Halberd_Stand_F,AnimSequence,HeinMach/Humanoids/HalberdElite,Content/_Art/Enemies/HeinMach/Humanoids/HalberdElite/Animations/Playback/A_EN_PLAY_CA_M_Halberd_Stand_F.uasset,818847,501acbd8d58b55ce54d2e590cfc7e73f89830469561fc6f29349fbcabff7bbcb
/Game/_Art/Enemies/HeinMach/Humanoids/HalberdElite/Animations/Playback/A_EN_PLAY_CA_M_Halberd_Stand_Peace_F,AnimSequence,HeinMach/Humanoids/HalberdElite,Content/_Art/Enemies/HeinMach/Humanoids/HalberdElite/Animations/Playback/A_EN_PLAY_CA_M_Halberd_Stand_Peace_F.uasset,594542,f9448c2ba2abadc391d20bb27490b32ba61dbe384608460e5d189a772ecf0148
/Game/_Art/Enemies/HeinMach/Humanoids/HalberdElite/Animations/Playback/A_EN_PLAY_CA_M_Halberd_Walk_F,AnimSequence,HeinMach/Humanoids/HalberdElite,Content/_Art/Enemies/HeinMach/Humanoids/HalberdElite/Animations/Playback/A_EN_PLAY_CA_M_Halberd_Walk_F.uasset,301184,4fa1a8fb89ce005d84d06a71148674295bdd9cfadc29486c0956c42d62a2040a
/Game/_Art/Enemies/HeinMach/Humanoids/HalberdElite/Animations/Playback/A_EN_PLAY_CA_M_Halberd_Walk_Peace_F,AnimSequence,HeinMach/Humanoids/HalberdElite,Content/_Art/Enemies/HeinMach/Humanoids/HalberdElite/Animations/Playback/A_EN_PLAY_CA_M_Halberd_Walk_Peace_F.uasset,267290,af8d61802c52ed37e732d7d2d335e244581ce31339f0bc17bbef16c112866fcb
/Game/_Art/Enemies/HeinMach/Humanoids/HalberdElite/Blueprints/BP_EN_HalberdElite,Blueprint,HeinMach/Humanoids/HalberdElite,Content/_Art/Enemies/HeinMach/Humanoids/HalberdElite/Blueprints/BP_EN_HalberdElite.uasset,34435,2c62a33a17db4198ad1a97a14f68139ba2b40c86b0a8e3ff2b8f2639725f874c
/Game/_Art/Enemies/HeinMach/Humanoids/HalberdElite/Equipment/SK_EN_C_I_Halberd_WeaponV2,SkeletalMesh,HeinMach/Humanoids/HalberdElite,Content/_Art/Enemies/HeinMach/Humanoids/HalberdElite/Equipment/SK_EN_C_I_Halberd_WeaponV2.uasset,3333266,50908f21b43cc1b75ebeb4c82cdfaf861d222529e9778516f0d8fc862c222d5d
/Game/_Art/Enemies/HeinMach/Humanoids/HalberdElite/Equipment/Skeletons/SKEL_EN_C_I_Halberd_WeaponV2,Skeleton,HeinMach/Humanoids/HalberdElite,Content/_Art/Enemies/HeinMach/Humanoids/HalberdElite/Equipment/Skeletons/SKEL_EN_C_I_Halberd_WeaponV2.uasset,3233,ac5baff0cb005469e7fb7f661dcdf3e5a079987dbc9c9364f5b94491ed44bc78
/Game/_Art/Enemies/HeinMach/Humanoids/HalberdElite/Meshes/SK_EN_C_M_HalberdV2,SkeletalMesh,HeinMach/Humanoids/HalberdElite,Content/_Art/Enemies/HeinMach/Humanoids/HalberdElite/Meshes/SK_EN_C_M_HalberdV2.uasset,13800094,bc9c34d05d06020a33c93123ab893f81450277a4bb72667839a339c1cbb17cd6
/Game/_Art/Enemies/HeinMach/Humanoids/HalberdElite/Meshes/Skeletons/SKEL_EN_C_M_HalberdV2,Skeleton,HeinMach/Humanoids/HalberdElite,Content/_Art/Enemies/HeinMach/Humanoids/HalberdElite/Meshes/Skeletons/SKEL_EN_C_M_HalberdV2.uasset,23060,9037d6d072bea15843f9544d8c306ae4ecb3332b5517271c7bc7f24646551bd8
/Game/_Art/Enemies/HeinMach/Humanoids/HeavySwordsman/Animations/Playback/A_EN_PLAY_AC_EmpireSwordHArmor_Basic_End_01,AnimSequence,HeinMach/Humanoids/HeavySwordsman,Content/_Art/Enemies/HeinMach/Humanoids/HeavySwordsman/Animations/Playback/A_EN_PLAY_AC_EmpireSwordHArmor_Basic_End_01.uasset,554370,d4adf070238989402f5050e46393622f75ddc07f1dc48d60badf9b1ad392c480
/Game/_Art/Enemies/HeinMach/Humanoids/HeavySwordsman/Animations/Playback/A_EN_PLAY_AC_EmpireSwordHArmor_Basic_End_02,AnimSequence,HeinMach/Humanoids/HeavySwordsman,Content/_Art/Enemies/HeinMach/Humanoids/HeavySwordsman/Animations/Playback/A_EN_PLAY_AC_EmpireSwordHArmor_Basic_End_02.uasset,426097,b10567ac3b0f89894572799e76d055dfd96dbad527cdda7c5043077d1a23bd69
/Game/_Art/Enemies/HeinMach/Humanoids/HeavySwordsman/Animations/Playback/A_EN_PLAY_AC_EmpireSwordHArmor_Basic_End_03,AnimSequence,HeinMach/Humanoids/HeavySwordsman,Content/_Art/Enemies/HeinMach/Humanoids/HeavySwordsman/Animations/Playback/A_EN_PLAY_AC_EmpireSwordHArmor_Basic_End_03.uasset,500324,93afe974d3e8af123f082f9da562b94ff17983a22709c71bf7a945973a544dc9
/Game/_Art/Enemies/HeinMach/Humanoids/HeavySwordsman/Animations/Playback/A_EN_PLAY_AC_EmpireSwordHArmor_Basic_Loop_01,AnimSequence,HeinMach/Humanoids/HeavySwordsman,Content/_Art/Enemies/HeinMach/Humanoids/HeavySwordsman/Animations/Playback/A_EN_PLAY_AC_EmpireSwordHArmor_Basic_Loop_01.uasset,2003605,3ca366761b4475a4fa54e4ddb97819f75df56d793fd85dd4c7c432cf847e32e8
/Game/_Art/Enemies/HeinMach/Humanoids/HeavySwordsman/Animations/Playback/A_EN_PLAY_AC_EmpireSwordHArmor_Basic_Loop_02,AnimSequence,HeinMach/Humanoids/HeavySwordsman,Content/_Art/Enemies/HeinMach/Humanoids/HeavySwordsman/Animations/Playback/A_EN_PLAY_AC_EmpireSwordHArmor_Basic_Loop_02.uasset,2456223,2cca975b14338a243e48fa6547f892cca77714293652fae179ac18e3cd91b9f2
/Game/_Art/Enemies/HeinMach/Humanoids/HeavySwordsman/Animations/Playback/A_EN_PLAY_AC_EmpireSwordHArmor_Basic_Loop_03,AnimSequence,HeinMach/Humanoids/HeavySwordsman,Content/_Art/Enemies/HeinMach/Humanoids/HeavySwordsman/Animations/Playback/A_EN_PLAY_AC_EmpireSwordHArmor_Basic_Loop_03.uasset,558100,d6ba7177749658c0a39c117bcc4c84bc87b6e2780fb3378b1d118eabc3a6faa0
/Game/_Art/Enemies/HeinMach/Humanoids/HeavySwordsman/Animations/Playback/A_EN_PLAY_AC_EmpireSwordHArmor_Basic_Search_End_01,AnimSequence,HeinMach/Humanoids/HeavySwordsman,Content/_Art/Enemies/HeinMach/Humanoids/HeavySwordsman/Animations/Playback/A_EN_PLAY_AC_EmpireSwordHArmor_Basic_Search_End_01.uasset,360058,48d019bb92fab208b16e665b02cc5df2c8a8b42478b78d079893bcde699edc90
/Game/_Art/Enemies/HeinMach/Humanoids/HeavySwordsman/Animations/Playback/A_EN_PLAY_AC_EmpireSwordHArmor_Basic_Search_Loop_01,AnimSequence,HeinMach/Humanoids/HeavySwordsman,Content/_Art/Enemies/HeinMach/Humanoids/HeavySwordsman/Animations/Playback/A_EN_PLAY_AC_EmpireSwordHArmor_Basic_Search_Loop_01.uasset,1766443,68c23b971a2db85e507dfe4ef52f68bd73d379c7aa7ce093e9979cdfeb28a2da
/Game/_Art/Enemies/HeinMach/Humanoids/HeavySwordsman/Animations/Playback/A_EN_PLAY_AC_EmpireSwordHArmor_Basic_Sit_End_01,AnimSequence,HeinMach/Humanoids/HeavySwordsman,Content/_Art/Enemies/HeinMach/Humanoids/HeavySwordsman/Animations/Playback/A_EN_PLAY_AC_EmpireSwordHArmor_Basic_Sit_End_01.uasset,527521,fc046480aaf83ec83faef2db7815f2d3e209599903bd63da0caa04fd3d575316
/Game/_Art/Enemies/HeinMach/Humanoids/HeavySwordsman/Animations/Playback/A_EN_PLAY_AC_EmpireSwordHArmor_Basic_Sit_Loop_01,AnimSequence,HeinMach/Humanoids/HeavySwordsman,Content/_Art/Enemies/HeinMach/Humanoids/HeavySwordsman/Animations/Playback/A_EN_PLAY_AC_EmpireSwordHArmor_Basic_Sit_Loop_01.uasset,1344834,2859cb17ecb5b0839a38a02d1a69b61695767449f09d02ac7a4f5333a468db52
/Game/_Art/Enemies/HeinMach/Humanoids/HeavySwordsman/Animations/Playback/A_EN_PLAY_AC_EmpireSwordHArmor_Basic_Talk_End_01,AnimSequence,HeinMach/Humanoids/HeavySwordsman,Content/_Art/Enemies/HeinMach/Humanoids/HeavySwordsman/Animations/Playback/A_EN_PLAY_AC_EmpireSwordHArmor_Basic_Talk_End_01.uasset,384521,d74a74a2cede0e006cdded4e42d7be24f161fec22828c25fe2411831e2607693
/Game/_Art/Enemies/HeinMach/Humanoids/HeavySwordsman/Animations/Playback/A_EN_PLAY_AC_EmpireSwordHArmor_Basic_Talk_Loop_01,AnimSequence,HeinMach/Humanoids/HeavySwordsman,Content/_Art/Enemies/HeinMach/Humanoids/HeavySwordsman/Animations/Playback/A_EN_PLAY_AC_EmpireSwordHArmor_Basic_Talk_Loop_01.uasset,1387276,c2228b4619d941d42c6d2e730e3b0b569688fb6d43e1b81b74b57216d82afe44
/Game/_Art/Enemies/HeinMach/Humanoids/HeavySwordsman/Animations/Playback/A_EN_PLAY_AC_EmpireSwordHArmor_Falling,AnimSequence,HeinMach/Humanoids/HeavySwordsman,Content/_Art/Enemies/HeinMach/Humanoids/HeavySwordsman/Animations/Playback/A_EN_PLAY_AC_EmpireSwordHArmor_Falling.uasset,206470,dcc44c6ec3583113ca5a01496bae178c137f4e8071862cf001adbdcb54b1abe3
/Game/_Art/Enemies/HeinMach/Humanoids/HeavySwordsman/Animations/Playback/A_EN_PLAY_AC_EmpireSwordHArmor_SwordSting_Step1,AnimSequence,HeinMach/Humanoids/HeavySwordsman,Content/_Art/Enemies/HeinMach/Humanoids/HeavySwordsman/Animations/Playback/A_EN_PLAY_AC_EmpireSwordHArmor_SwordSting_Step1.uasset,539414,ae1782312592f10c02f0909a08f061023aa4ce0a5e559787ed1c2b7698079a06
/Game/_Art/Enemies/HeinMach/Humanoids/HeavySwordsman/Animations/Playback/A_EN_PLAY_AC_EmpireSwordHArmor_SwordSting_Step2,AnimSequence,HeinMach/Humanoids/HeavySwordsman,Content/_Art/Enemies/HeinMach/Humanoids/HeavySwordsman/Animations/Playback/A_EN_PLAY_AC_EmpireSwordHArmor_SwordSting_Step2.uasset,305233,883e35a4ef7c3d664152915a789528c7d1d317a5f95be49d90401a47559f3508
/Game/_Art/Enemies/HeinMach/Humanoids/HeavySwordsman/Animations/Playback/A_EN_PLAY_AC_EmpireSwordHArmor_SwordSting_Step3,AnimSequence,HeinMach/Humanoids/HeavySwordsman,Content/_Art/Enemies/HeinMach/Humanoids/HeavySwordsman/Animations/Playback/A_EN_PLAY_AC_EmpireSwordHArmor_SwordSting_Step3.uasset,1030982,701d8a1c0e1f307f96f9768069c1defaa15cb28908df7a2e060175d21b8b4baa
/Game/_Art/Enemies/HeinMach/Humanoids/HeavySwordsman/Animations/Playback/A_EN_PLAY_AC_EmpireSwordHArmor_SwordSwing_01_Step1,AnimSequence,HeinMach/Humanoids/HeavySwordsman,Content/_Art/Enemies/HeinMach/Humanoids/HeavySwordsman/Animations/Playback/A_EN_PLAY_AC_EmpireSwordHArmor_SwordSwing_01_Step1.uasset,1156537,7a6712862ab9becafcb8a34686e9a4586b7b2f4bef5d39b61a67fedaf5d07dfd
/Game/_Art/Enemies/HeinMach/Humanoids/HeavySwordsman/Animations/Playback/A_EN_PLAY_AC_EmpireSwordHArmor_SwordSwing_01_Step2,AnimSequence,HeinMach/Humanoids/HeavySwordsman,Content/_Art/Enemies/HeinMach/Humanoids/HeavySwordsman/Animations/Playback/A_EN_PLAY_AC_EmpireSwordHArmor_SwordSwing_01_Step2.uasset,956091,6f63464f6e63532765b3112d0d70fb805de9197db11915a1f014573f8beefc29
/Game/_Art/Enemies/HeinMach/Humanoids/HeavySwordsman/Animations/Playback/A_EN_PLAY_AC_EmpireSwordHArmor_SwordSwing_01_Step3,AnimSequence,HeinMach/Humanoids/HeavySwordsman,Content/_Art/Enemies/HeinMach/Humanoids/HeavySwordsman/Animations/Playback/A_EN_PLAY_AC_EmpireSwordHArmor_SwordSwing_01_Step3.uasset,833468,6eee8257d0049c16c761128a8896a9d0d0431f5bf6da870e0484805d1b309ba2
/Game/_Art/Enemies/HeinMach/Humanoids/HeavySwordsman/Animations/Playback/A_EN_PLAY_AC_EmpireSwordHArmor_SwordSwing_01_Step4,AnimSequence,HeinMach/Humanoids/HeavySwordsman,Content/_Art/Enemies/HeinMach/Humanoids/HeavySwordsman/Animations/Playback/A_EN_PLAY_AC_EmpireSwordHArmor_SwordSwing_01_Step4.uasset,724810,f8470d33475a43738885794fa37393cd8782fe3c416fa45ce4e0b22bf405cd56
/Game/_Art/Enemies/HeinMach/Humanoids/HeavySwordsman/Animations/Playback/A_EN_PLAY_AC_EmpireSwordHArmor_SwordSwing_02_Step1,AnimSequence,HeinMach/Humanoids/HeavySwordsman,Content/_Art/Enemies/HeinMach/Humanoids/HeavySwordsman/Animations/Playback/A_EN_PLAY_AC_EmpireSwordHArmor_SwordSwing_02_Step1.uasset,1028279,e207a1929817eab4f7be1d3e0f1a6a61f2782d23a9b6a62e5715ac646b79e777
/Game/_Art/Enemies/HeinMach/Humanoids/HeavySwordsman/Animations/Playback/A_EN_PLAY_AC_EmpireSwordHArmor_SwordSwing_02_Step2,AnimSequence,HeinMach/Humanoids/HeavySwordsman,Content/_Art/Enemies/HeinMach/Humanoids/HeavySwordsman/Animations/Playback/A_EN_PLAY_AC_EmpireSwordHArmor_SwordSwing_02_Step2.uasset,565250,4def42c0d20157192076641a267709fc9d006ebe029586065e088a540ada95e7
/Game/_Art/Enemies/HeinMach/Humanoids/HeavySwordsman/Animations/Playback/A_EN_PLAY_AC_EmpireSwordHArmor_SwordSwing_03_Step1,AnimSequence,HeinMach/Humanoids/HeavySwordsman,Content/_Art/Enemies/HeinMach/Humanoids/HeavySwordsman/Animations/Playback/A_EN_PLAY_AC_EmpireSwordHArmor_SwordSwing_03_Step1.uasset,1024668,ebca3b87a27487a99ecfb4630667ee41d9441cb4d5dff1dd9a21dd35da6e496c
/Game/_Art/Enemies/HeinMach/Humanoids/HeavySwordsman/Animations/Playback/A_EN_PLAY_AC_EmpireSwordHArmor_SwordSwing_03_Step2,AnimSequence,HeinMach/Humanoids/HeavySwordsman,Content/_Art/Enemies/HeinMach/Humanoids/HeavySwordsman/Animations/Playback/A_EN_PLAY_AC_EmpireSwordHArmor_SwordSwing_03_Step2.uasset,1492644,41f50a79002a912fc5d887f0aa1c3546c60c021ccd02c3e9c28620434b623053
/Game/_Art/Enemies/HeinMach/Humanoids/HeavySwordsman/Animations/Playback/A_EN_PLAY_AC_EmpireSwordHArmor_SwordSwing_03_Step3,AnimSequence,HeinMach/Humanoids/HeavySwordsman,Content/_Art/Enemies/HeinMach/Humanoids/HeavySwordsman/Animations/Playback/A_EN_PLAY_AC_EmpireSwordHArmor_SwordSwing_03_Step3.uasset,699908,3870cdbb674e19e4997b7646579a5af9e633a68f1d612d7d6eab3ea6a92819be
/Game/_Art/Enemies/HeinMach/Humanoids/HeavySwordsman/Animations/Playback/A_EN_PLAY_AC_EmpireSwordHArmor_SwordSwing_Turn_L,AnimSequence,HeinMach/Humanoids/HeavySwordsman,Content/_Art/Enemies/HeinMach/Humanoids/HeavySwordsman/Animations/Playback/A_EN_PLAY_AC_EmpireSwordHArmor_SwordSwing_Turn_L.uasset,1276124,d54850925aad258828aae97d64a26d5cbbb8e56d2a207aa2048d34aace9af32d
/Game/_Art/Enemies/HeinMach/Humanoids/HeavySwordsman/Animations/Playback/A_EN_PLAY_AC_EmpireSwordHArmor_SwordSwing_Turn_R,AnimSequence,HeinMach/Humanoids/HeavySwordsman,Content/_Art/Enemies/HeinMach/Humanoids/HeavySwordsman/Animations/Playback/A_EN_PLAY_AC_EmpireSwordHArmor_SwordSwing_Turn_R.uasset,1054183,023c569a1d4943104cfc7f519effb534a5f07d8341bd6a522e0ac965f8564422
/Game/_Art/Enemies/HeinMach/Humanoids/HeavySwordsman/Animations/Playback/A_EN_PLAY_AC_Empire_SwordHArmor_DamageDown_B,AnimSequence,HeinMach/Humanoids/HeavySwordsman,Content/_Art/Enemies/HeinMach/Humanoids/HeavySwordsman/Animations/Playback/A_EN_PLAY_AC_Empire_SwordHArmor_DamageDown_B.uasset,326734,6e746f0e7e55569f102f6939471e3eb65891364756cbc1cd650d54271ea30b0a
/Game/_Art/Enemies/HeinMach/Humanoids/HeavySwordsman/Animations/Playback/A_EN_PLAY_AC_Empire_SwordHArmor_DamageDown_F,AnimSequence,HeinMach/Humanoids/HeavySwordsman,Content/_Art/Enemies/HeinMach/Humanoids/HeavySwordsman/Animations/Playback/A_EN_PLAY_AC_Empire_SwordHArmor_DamageDown_F.uasset,319467,f5b331c28e8054fd70a426044d7c6c979a1a735e60d48b993886f4a857c30316
/Game/_Art/Enemies/HeinMach/Humanoids/HeavySwordsman/Animations/Playback/A_EN_PLAY_AC_Empire_SwordHArmor_DamageFinalBlow,AnimSequence,HeinMach/Humanoids/HeavySwordsman,Content/_Art/Enemies/HeinMach/Humanoids/HeavySwordsman/Animations/Playback/A_EN_PLAY_AC_Empire_SwordHArmor_DamageFinalBlow.uasset,618573,95a44229a79467a9183a0a8e14f5f34d4b07511dbc76eccf5b0a31a4afbb5c45
/Game/_Art/Enemies/HeinMach/Humanoids/HeavySwordsman/Animations/Playback/A_EN_PLAY_AC_Empire_SwordHArmor_DamageFinalBlow_Wraith,AnimSequence,HeinMach/Humanoids/HeavySwordsman,Content/_Art/Enemies/HeinMach/Humanoids/HeavySwordsman/Animations/Playback/A_EN_PLAY_AC_Empire_SwordHArmor_DamageFinalBlow_Wraith.uasset,618650,e87040dc1b49757219ffda33075dd5031ae2ef6fa2ac61d84453dc0da0fd4734
/Game/_Art/Enemies/HeinMach/Humanoids/HeavySwordsman/Animations/Playback/A_EN_PLAY_AC_Empire_SwordHArmor_DamageGrapple_Atk_01,AnimSequence,HeinMach/Humanoids/HeavySwordsman,Content/_Art/Enemies/HeinMach/Humanoids/HeavySwordsman/Animations/Playback/A_EN_PLAY_AC_Empire_SwordHArmor_DamageGrapple_Atk_01.uasset,507050,24062a6cfb67411b807e5da856971bcec724f6b9ee34d7a887c6286ff71ae41e
/Game/_Art/Enemies/HeinMach/Humanoids/HeavySwordsman/Animations/Playback/A_EN_PLAY_AC_Empire_SwordHArmor_DamageGrapple_Atk_02,AnimSequence,HeinMach/Humanoids/HeavySwordsman,Content/_Art/Enemies/HeinMach/Humanoids/HeavySwordsman/Animations/Playback/A_EN_PLAY_AC_Empire_SwordHArmor_DamageGrapple_Atk_02.uasset,435017,5ccc69babaceeb93b4bdb529e9b9530d140d12ffc03638bcdcf333e89bb711b4
/Game/_Art/Enemies/HeinMach/Humanoids/HeavySwordsman/Animations/Playback/A_EN_PLAY_AC_Empire_SwordHArmor_DamageGrapple_Atk_B_01,AnimSequence,HeinMach/Humanoids/HeavySwordsman,Content/_Art/Enemies/HeinMach/Humanoids/HeavySwordsman/Animations/Playback/A_EN_PLAY_AC_Empire_SwordHArmor_DamageGrapple_Atk_B_01.uasset,459997,360dc136001b92e123efca89bb2428583368cc159d53dbe345d1bcb2d3b9252a
/Game/_Art/Enemies/HeinMach/Humanoids/HeavySwordsman/Animations/Playback/A_EN_PLAY_AC_Empire_SwordHArmor_DamageGrapple_Atk_B_02,AnimSequence,HeinMach/Humanoids/HeavySwordsman,Content/_Art/Enemies/HeinMach/Humanoids/HeavySwordsman/Animations/Playback/A_EN_PLAY_AC_Empire_SwordHArmor_DamageGrapple_Atk_B_02.uasset,741515,6bae039e3fd383316a29d217f60285377fe795291e15afaf371b8240f25957bb
/Game/_Art/Enemies/HeinMach/Humanoids/HeavySwordsman/Animations/Playback/A_EN_PLAY_AC_Empire_SwordHArmor_DamageNormal_D_B,AnimSequence,HeinMach/Humanoids/HeavySwordsman,Content/_Art/Enemies/HeinMach/Humanoids/HeavySwordsman/Animations/Playback/A_EN_PLAY_AC_Empire_SwordHArmor_DamageNormal_D_B.uasset,590900,5d1dd9c12d57a14d587e1297e6e7b9381c7086ec8dd1aab82e4da43f42597fd7
/Game/_Art/Enemies/HeinMach/Humanoids/HeavySwordsman/Animations/Playback/A_EN_PLAY_AC_Empire_SwordHArmor_DamageNormal_D_F,AnimSequence,HeinMach/Humanoids/HeavySwordsman,Content/_Art/Enemies/HeinMach/Humanoids/HeavySwordsman/Animations/Playback/A_EN_PLAY_AC_Empire_SwordHArmor_DamageNormal_D_F.uasset,333556,10f1b2a45b887374f2b6e35e0be4f907130df015f2cc44ea1a1990e5e6eaca84
/Game/_Art/Enemies/HeinMach/Humanoids/HeavySwordsman/Animations/Playback/A_EN_PLAY_AC_Empire_SwordHArmor_DamageNormal_L_F,AnimSequence,HeinMach/Humanoids/HeavySwordsman,Content/_Art/Enemies/HeinMach/Humanoids/HeavySwordsman/Animations/Playback/A_EN_PLAY_AC_Empire_SwordHArmor_DamageNormal_L_F.uasset,303315,34b547673bc568a2f9dddd728ca49c3f15f6a1a8456d5a4a8f4305e02f3191a6
/Game/_Art/Enemies/HeinMach/Humanoids/HeavySwordsman/Animations/Playback/A_EN_PLAY_AC_Empire_SwordHArmor_DamageNormal_R_F,AnimSequence,HeinMach/Humanoids/HeavySwordsman,Content/_Art/Enemies/HeinMach/Humanoids/HeavySwordsman/Animations/Playback/A_EN_PLAY_AC_Empire_SwordHArmor_DamageNormal_R_F.uasset,332619,2cbff221b22d1a740a38e43e8ffd4ff10bb39a9fee5b6e4bf7246a4007d838db
/Game/_Art/Enemies/HeinMach/Humanoids/HeavySwordsman/Animations/Playback/A_EN_PLAY_AC_Empire_SwordHArmor_DamageNormal_U_B,AnimSequence,HeinMach/Humanoids/HeavySwordsman,Content/_Art/Enemies/HeinMach/Humanoids/HeavySwordsman/Animations/Playback/A_EN_PLAY_AC_Empire_SwordHArmor_DamageNormal_U_B.uasset,519583,b305496182e3645882dabc0ea00edac4d39999fa54473a029b40aa2b179413c1
/Game/_Art/Enemies/HeinMach/Humanoids/HeavySwordsman/Animations/Playback/A_EN_PLAY_AC_Empire_SwordHArmor_DamageNormal_U_F,AnimSequence,HeinMach/Humanoids/HeavySwordsman,Content/_Art/Enemies/HeinMach/Humanoids/HeavySwordsman/Animations/Playback/A_EN_PLAY_AC_Empire_SwordHArmor_DamageNormal_U_F.uasset,333530,fdf316493348b27df989cc22580de3443815ad381ea4f7e10cf45f4ecc7dbc4e
/Game/_Art/Enemies/HeinMach/Humanoids/HeavySwordsman/Animations/Playback/A_EN_PLAY_AC_Empire_SwordHArmor_DamageParry_F,AnimSequence,HeinMach/Humanoids/HeavySwordsman,Content/_Art/Enemies/HeinMach/Humanoids/HeavySwordsman/Animations/Playback/A_EN_PLAY_AC_Empire_SwordHArmor_DamageParry_F.uasset,464095,4274ce70c75d4828556de915cf137b53810765ba69cf1e135f5424f1aa46b19e
/Game/_Art/Enemies/HeinMach/Humanoids/HeavySwordsman/Animations/Playback/A_EN_PLAY_AC_Empire_SwordHArmor_DamageStrong_D_F,AnimSequence,HeinMach/Humanoids/HeavySwordsman,Content/_Art/Enemies/HeinMach/Humanoids/HeavySwordsman/Animations/Playback/A_EN_PLAY_AC_Empire_SwordHArmor_DamageStrong_D_F.uasset,365923,394c07920beb192817bbf3b2c3f47eb0d626c5eb01ddcaa7552c683fd93b2b83
/Game/_Art/Enemies/HeinMach/Humanoids/HeavySwordsman/Animations/Playback/A_EN_PLAY_AC_Empire_SwordHArmor_DamageStrong_D_F_2,AnimSequence,HeinMach/Humanoids/HeavySwordsman,Content/_Art/Enemies/HeinMach/Humanoids/HeavySwordsman/Animations/Playback/A_EN_PLAY_AC_Empire_SwordHArmor_DamageStrong_D_F_2.uasset,386434,b382fbe83d7494dd3f6dc62ee4d15384910f93607ea16a56c1a67d3ee53279b5
/Game/_Art/Enemies/HeinMach/Humanoids/HeavySwordsman/Animations/Playback/A_EN_PLAY_AC_Empire_SwordHArmor_DamageStrong_L_F,AnimSequence,HeinMach/Humanoids/HeavySwordsman,Content/_Art/Enemies/HeinMach/Humanoids/HeavySwordsman/Animations/Playback/A_EN_PLAY_AC_Empire_SwordHArmor_DamageStrong_L_F.uasset,318595,b5832f57724f3fae45bc2301f1626abc54b8f298a29f9750b81bd12e7b4cbf44
/Game/_Art/Enemies/HeinMach/Humanoids/HeavySwordsman/Animations/Playback/A_EN_PLAY_AC_Empire_SwordHArmor_DamageStrong_R_F,AnimSequence,HeinMach/Humanoids/HeavySwordsman,Content/_Art/Enemies/HeinMach/Humanoids/HeavySwordsman/Animations/Playback/A_EN_PLAY_AC_Empire_SwordHArmor_DamageStrong_R_F.uasset,365979,35eb001e2d75616351acfad769b447671748c2edad7bc2a0af701043410f4845
/Game/_Art/Enemies/HeinMach/Humanoids/HeavySwordsman/Animations/Playback/A_EN_PLAY_AC_Empire_SwordHArmor_DamageStrong_U_F,AnimSequence,HeinMach/Humanoids/HeavySwordsman,Content/_Art/Enemies/HeinMach/Humanoids/HeavySwordsman/Animations/Playback/A_EN_PLAY_AC_Empire_SwordHArmor_DamageStrong_U_F.uasset,392472,e07a87db4f8b877acddd620d983d38743b9d75b3b0b1c89f8c4b599810d341c9
/Game/_Art/Enemies/HeinMach/Humanoids/HeavySwordsman/Animations/Playback/A_EN_PLAY_AC_Empire_SwordHArmor_DamageWeak_D_F,AnimSequence,HeinMach/Humanoids/HeavySwordsman,Content/_Art/Enemies/HeinMach/Humanoids/HeavySwordsman/Animations/Playback/A_EN_PLAY_AC_Empire_SwordHArmor_DamageWeak_D_F.uasset,259159,63e8366bfcaf75bbd9eebc5e4a235e4a13eec1b98fd4484fb8396b2224dfce98
/Game/_Art/Enemies/HeinMach/Humanoids/HeavySwordsman/Animations/Playback/A_EN_PLAY_AC_Empire_SwordHArmor_DamageWeak_L_F,AnimSequence,HeinMach/Humanoids/HeavySwordsman,Content/_Art/Enemies/HeinMach/Humanoids/HeavySwordsman/Animations/Playback/A_EN_PLAY_AC_Empire_SwordHArmor_DamageWeak_L_F.uasset,257685,2a177dfa4ba1af0010b1a5cdafb9094dfd10569e6a568708a271418d6286f3f4
/Game/_Art/Enemies/HeinMach/Humanoids/HeavySwordsman/Animations/Playback/A_EN_PLAY_AC_Empire_SwordHArmor_DamageWeak_R_F,AnimSequence,HeinMach/Humanoids/HeavySwordsman,Content/_Art/Enemies/HeinMach/Humanoids/HeavySwordsman/Animations/Playback/A_EN_PLAY_AC_Empire_SwordHArmor_DamageWeak_R_F.uasset,239698,f51704b898675ed39347634a428a054252abee051738b007658921ec508f68f3
/Game/_Art/Enemies/HeinMach/Humanoids/HeavySwordsman/Animations/Playback/A_EN_PLAY_AC_Empire_SwordHArmor_DamageWeak_U_F,AnimSequence,HeinMach/Humanoids/HeavySwordsman,Content/_Art/Enemies/HeinMach/Humanoids/HeavySwordsman/Animations/Playback/A_EN_PLAY_AC_Empire_SwordHArmor_DamageWeak_U_F.uasset,257958,4c34fb013c3b8e3fb6173a2f8b8950250a3a6ca621d48c7a2d4105c3e042c4c7
/Game/_Art/Enemies/HeinMach/Humanoids/HeavySwordsman/Animations/Playback/A_EN_PLAY_AC_Empire_SwordHArmor_Die_F,AnimSequence,HeinMach/Humanoids/HeavySwordsman,Content/_Art/Enemies/HeinMach/Humanoids/HeavySwordsman/Animations/Playback/A_EN_PLAY_AC_Empire_SwordHArmor_Die_F.uasset,1355600,88487d5750ef5a3bfef6bc120a1e153c75146d88eb552d79fd906eb932498f69
/Game/_Art/Enemies/HeinMach/Humanoids/HeavySwordsman/Animations/Playback/A_EN_PLAY_AC_Empire_SwordHArmor_Die_F_Wraith,AnimSequence,HeinMach/Humanoids/HeavySwordsman,Content/_Art/Enemies/HeinMach/Humanoids/HeavySwordsman/Animations/Playback/A_EN_PLAY_AC_Empire_SwordHArmor_Die_F_Wraith.uasset,1355678,4d9a9c6c93beecda83b20287b5072e365bfa5493286a50b86538064062a8270b
/Game/_Art/Enemies/HeinMach/Humanoids/HeavySwordsman/Animations/Playback/A_EN_PLAY_AC_Empire_SwordHArmor_Down_B_Loop,AnimSequence,HeinMach/Humanoids/HeavySwordsman,Content/_Art/Enemies/HeinMach/Humanoids/HeavySwordsman/Animations/Playback/A_EN_PLAY_AC_Empire_SwordHArmor_Down_B_Loop.uasset,409390,1a601a345e3bee22004c34410a3aa550433a96d10bc82e1d8088685989d0ffa2
/Game/_Art/Enemies/HeinMach/Humanoids/HeavySwordsman/Animations/Playback/A_EN_PLAY_AC_Empire_SwordHArmor_Down_F_Loop,AnimSequence,HeinMach/Humanoids/HeavySwordsman,Content/_Art/Enemies/HeinMach/Humanoids/HeavySwordsman/Animations/Playback/A_EN_PLAY_AC_Empire_SwordHArmor_Down_F_Loop.uasset,418713,667876ce53da6295c77879e6ed9e4d0e3194071b058c8f63e97a7ba167487614
/Game/_Art/Enemies/HeinMach/Humanoids/HeavySwordsman/Animations/Playback/A_EN_PLAY_AC_Empire_SwordHArmor_Getup_B,AnimSequence,HeinMach/Humanoids/HeavySwordsman,Content/_Art/Enemies/HeinMach/Humanoids/HeavySwordsman/Animations/Playback/A_EN_PLAY_AC_Empire_SwordHArmor_Getup_B.uasset,631352,5bde5bb4e0f2f2f2f1dd374801059a69af38138cbf5736bd30607e420c10d638
/Game/_Art/Enemies/HeinMach/Humanoids/HeavySwordsman/Animations/Playback/A_EN_PLAY_AC_Empire_SwordHArmor_Getup_F,AnimSequence,HeinMach/Humanoids/HeavySwordsman,Content/_Art/Enemies/HeinMach/Humanoids/HeavySwordsman/Animations/Playback/A_EN_PLAY_AC_Empire_SwordHArmor_Getup_F.uasset,581799,cc801b31c8f70e25aaab2609dac0c80ed41cb39aa3f1a5831ea429e3d9e2891f
/Game/_Art/Enemies/HeinMach/Humanoids/HeavySwordsman/Animations/Playback/A_EN_PLAY_AC_Empire_SwordHArmor_Groggy_F_End,AnimSequence,HeinMach/Humanoids/HeavySwordsman,Content/_Art/Enemies/HeinMach/Humanoids/HeavySwordsman/Animations/Playback/A_EN_PLAY_AC_Empire_SwordHArmor_Groggy_F_End.uasset,455707,e72c780e7b430deec4fea325ce362a673641881c93fb1d62a647a79927034be6
/Game/_Art/Enemies/HeinMach/Humanoids/HeavySwordsman/Animations/Playback/A_EN_PLAY_AC_Empire_SwordHArmor_Groggy_F_Loop,AnimSequence,HeinMach/Humanoids/HeavySwordsman,Content/_Art/Enemies/HeinMach/Humanoids/HeavySwordsman/Animations/Playback/A_EN_PLAY_AC_Empire_SwordHArmor_Groggy_F_Loop.uasset,463955,c38f63985d372cee843c68c96c6d03af12ebaad9a0164e30a83f12d0b3d0bc69
/Game/_Art/Enemies/HeinMach/Humanoids/HeavySwordsman/Animations/Playback/A_EN_PLAY_AC_Empire_SwordHArmor_Groggy_F_Start,AnimSequence,HeinMach/Humanoids/HeavySwordsman,Content/_Art/Enemies/HeinMach/Humanoids/HeavySwordsman/Animations/Playback/A_EN_PLAY_AC_Empire_SwordHArmor_Groggy_F_Start.uasset,433695,f8b6b15a202deb2c95f86030ca2da386f5ab27f49464ee62954ad076c22c8bb6
/Game/_Art/Enemies/HeinMach/Humanoids/HeavySwordsman/Animations/Playback/A_EN_PLAY_AC_Empire_SwordHArmor_Turn_L,AnimSequence,HeinMach/Humanoids/HeavySwordsman,Content/_Art/Enemies/HeinMach/Humanoids/HeavySwordsman/Animations/Playback/A_EN_PLAY_AC_Empire_SwordHArmor_Turn_L.uasset,437055,c43823c92019acdc9afe8bc2a3f691ad8ef96a0a94781f743d5d4dc67749cbad
/Game/_Art/Enemies/HeinMach/Humanoids/HeavySwordsman/Animations/Playback/A_EN_PLAY_AC_Empire_SwordHArmor_Turn_L_180,AnimSequence,HeinMach/Humanoids/HeavySwordsman,Content/_Art/Enemies/HeinMach/Humanoids/HeavySwordsman/Animations/Playback/A_EN_PLAY_AC_Empire_SwordHArmor_Turn_L_180.uasset,445776,37f7f3c9c4148d56bc815fdc708f29091671968aaa0fb872a2c44aa9bc02d86b
/Game/_Art/Enemies/HeinMach/Humanoids/HeavySwordsman/Animations/Playback/A_EN_PLAY_AC_Empire_SwordHArmor_Turn_R,AnimSequence,HeinMach/Humanoids/HeavySwordsman,Content/_Art/Enemies/HeinMach/Humanoids/HeavySwordsman/Animations/Playback/A_EN_PLAY_AC_Empire_SwordHArmor_Turn_R.uasset,407387,049034b4beb2e8f7288ad865f7170c2a7688651116fd1ae2833254204157818f
/Game/_Art/Enemies/HeinMach/Humanoids/HeavySwordsman/Animations/Playback/A_EN_PLAY_AC_Empire_SwordHArmor_Turn_R_180,AnimSequence,HeinMach/Humanoids/HeavySwordsman,Content/_Art/Enemies/HeinMach/Humanoids/HeavySwordsman/Animations/Playback/A_EN_PLAY_AC_Empire_SwordHArmor_Turn_R_180.uasset,428649,872007a8c1a046560be7c0d1ffa58c6b32135c74a868682dd135f148d129a087
/Game/_Art/Enemies/HeinMach/Humanoids/HeavySwordsman/Animations/Playback/A_EN_PLAY_AC_Empire_SwordHArmor_Vigilant_FreakOut_Armed,AnimSequence,HeinMach/Humanoids/HeavySwordsman,Content/_Art/Enemies/HeinMach/Humanoids/HeavySwordsman/Animations/Playback/A_EN_PLAY_AC_Empire_SwordHArmor_Vigilant_FreakOut_Armed.uasset,522299,e60cb371ab1c45428f2f2f3f935851e8e7e4708e6017610981ad086603bde065
/Game/_Art/Enemies/HeinMach/Humanoids/HeavySwordsman/Animations/Playback/A_EN_PLAY_AC_Empire_SwordHArmor_Vigilant_LookAround,AnimSequence,HeinMach/Humanoids/HeavySwordsman,Content/_Art/Enemies/HeinMach/Humanoids/HeavySwordsman/Animations/Playback/A_EN_PLAY_AC_Empire_SwordHArmor_Vigilant_LookAround.uasset,1636082,2f72ef17598ea431282ff74d7756fae52746df4d3e3884f2e3676c8009ca70fa
/Game/_Art/Enemies/HeinMach/Humanoids/HeavySwordsman/Animations/Playback/A_EN_PLAY_CA_M_ESwordHArmor_DamageNormal_D_F,AnimSequence,HeinMach/Humanoids/HeavySwordsman,Content/_Art/Enemies/HeinMach/Humanoids/HeavySwordsman/Animations/Playback/A_EN_PLAY_CA_M_ESwordHArmor_DamageNormal_D_F.uasset,308692,e47b9634df2e82584f20cab18834df882df8cd3cd5df3760138d8b6d7cfcd3da
/Game/_Art/Enemies/HeinMach/Humanoids/HeavySwordsman/Animations/Playback/A_EN_PLAY_CA_M_ESwordHArmor_Down_Getup_F,AnimSequence,HeinMach/Humanoids/HeavySwordsman,Content/_Art/Enemies/HeinMach/Humanoids/HeavySwordsman/Animations/Playback/A_EN_PLAY_CA_M_ESwordHArmor_Down_Getup_F.uasset,566370,4312c256870c842524d5c2de5ae81467db1d22f113251f5da0d7c2a028532dc2
/Game/_Art/Enemies/HeinMach/Humanoids/HeavySwordsman/Animations/Playback/A_EN_PLAY_CA_M_ESwordHArmor_FallDown_Loop,AnimSequence,HeinMach/Humanoids/HeavySwordsman,Content/_Art/Enemies/HeinMach/Humanoids/HeavySwordsman/Animations/Playback/A_EN_PLAY_CA_M_ESwordHArmor_FallDown_Loop.uasset,309931,489a6051700c5d026c7b38e00a82c4ce0cc0e2d1447a77e5b7a780653ed1749e
/Game/_Art/Enemies/HeinMach/Humanoids/HeavySwordsman/Animations/Playback/A_EN_PLAY_CA_M_ESwordHArmor_FallDown_Start,AnimSequence,HeinMach/Humanoids/HeavySwordsman,Content/_Art/Enemies/HeinMach/Humanoids/HeavySwordsman/Animations/Playback/A_EN_PLAY_CA_M_ESwordHArmor_FallDown_Start.uasset,665551,79749cef90a2cbd9ad673f95dd8297d89dc7606190279e6503afa2e1c52b05f8
/Game/_Art/Enemies/HeinMach/Humanoids/HeavySwordsman/Animations/Playback/A_EN_PLAY_CA_M_ESwordHArmor_LockOnWalk_B,AnimSequence,HeinMach/Humanoids/HeavySwordsman,Content/_Art/Enemies/HeinMach/Humanoids/HeavySwordsman/Animations/Playback/A_EN_PLAY_CA_M_ESwordHArmor_LockOnWalk_B.uasset,469252,65438e89ed49e5cb3f8ac90df231695e0a607051f6750791ec4397757913b3fe
/Game/_Art/Enemies/HeinMach/Humanoids/HeavySwordsman/Animations/Playback/A_EN_PLAY_CA_M_ESwordHArmor_LockOnWalk_F,AnimSequence,HeinMach/Humanoids/HeavySwordsman,Content/_Art/Enemies/HeinMach/Humanoids/HeavySwordsman/Animations/Playback/A_EN_PLAY_CA_M_ESwordHArmor_LockOnWalk_F.uasset,445622,200c416aee3d42c71509cbd74e7543fb8ea6a1451603e7efef111edba4c6a0e8
/Game/_Art/Enemies/HeinMach/Humanoids/HeavySwordsman/Animations/Playback/A_EN_PLAY_CA_M_ESwordHArmor_LockOnWalk_L,AnimSequence,HeinMach/Humanoids/HeavySwordsman,Content/_Art/Enemies/HeinMach/Humanoids/HeavySwordsman/Animations/Playback/A_EN_PLAY_CA_M_ESwordHArmor_LockOnWalk_L.uasset,420767,565a3a1f683a5b2c7c9dfe8b5419501ff31ce29283d72467de5dd3c753bbd9f2
/Game/_Art/Enemies/HeinMach/Humanoids/HeavySwordsman/Animations/Playback/A_EN_PLAY_CA_M_ESwordHArmor_LockOnWalk_R,AnimSequence,HeinMach/Humanoids/HeavySwordsman,Content/_Art/Enemies/HeinMach/Humanoids/HeavySwordsman/Animations/Playback/A_EN_PLAY_CA_M_ESwordHArmor_LockOnWalk_R.uasset,371011,5a67faf86b9b5946bc8fc5dc431eb83012f99b6e7c2c2710423cb818d56b475a
/Game/_Art/Enemies/HeinMach/Humanoids/HeavySwordsman/Animations/Playback/A_EN_PLAY_CA_M_ESwordHArmor_Run_F,AnimSequence,HeinMach/Humanoids/HeavySwordsman,Content/_Art/Enemies/HeinMach/Humanoids/HeavySwordsman/Animations/Playback/A_EN_PLAY_CA_M_ESwordHArmor_Run_F.uasset,329505,633f38390adbc3ff00b6b3f69ca6d6ad647e12ee294b0c424a2cf7581c646bdf
/Game/_Art/Enemies/HeinMach/Humanoids/HeavySwordsman/Animations/Playback/A_EN_PLAY_CA_M_ESwordHArmor_Stand,AnimSequence,HeinMach/Humanoids/HeavySwordsman,Content/_Art/Enemies/HeinMach/Humanoids/HeavySwordsman/Animations/Playback/A_EN_PLAY_CA_M_ESwordHArmor_Stand.uasset,424704,2a5e983aedab77d18f45e6ee76b8a620bebc5bcf0934259bc632e161923dee09
/Game/_Art/Enemies/HeinMach/Humanoids/HeavySwordsman/Animations/Playback/A_EN_PLAY_CA_M_ESwordHArmor_Walk_F,AnimSequence,HeinMach/Humanoids/HeavySwordsman,Content/_Art/Enemies/HeinMach/Humanoids/HeavySwordsman/Animations/Playback/A_EN_PLAY_CA_M_ESwordHArmor_Walk_F.uasset,463957,82a40ced8f5c8f5cb6beb790bcc92abfb70daeb8df313d2d533facfa7a2b1343
/Game/_Art/Enemies/HeinMach/Humanoids/HeavySwordsman/Blueprints/BP_EN_HeavySwordsman_U01_L01,Blueprint,HeinMach/Humanoids/HeavySwordsman,Content/_Art/Enemies/HeinMach/Humanoids/HeavySwordsman/Blueprints/BP_EN_HeavySwordsman_U01_L01.uasset,41285,fef0bcd9d78c737766829eec7cf02998731327661ca3933d8c173d3297a6afa6
/Game/_Art/Enemies/HeinMach/Humanoids/HeavySwordsman/Parts/SK_EN_C_M_Human_Elite_M_Empire_Hair001V2,SkeletalMesh,HeinMach/Humanoids/HeavySwordsman,Content/_Art/Enemies/HeinMach/Humanoids/HeavySwordsman/Parts/SK_EN_C_M_Human_Elite_M_Empire_Hair001V2.uasset,955130,4746f934f106f745aeb3e242ffc36fd94d1ca8b212270a3ca6ae33c054af42a0
/Game/_Art/Enemies/HeinMach/Humanoids/HeavySwordsman/Parts/SK_EN_C_M_Human_Elite_M_Empire_Lower001V2,SkeletalMesh,HeinMach/Humanoids/HeavySwordsman,Content/_Art/Enemies/HeinMach/Humanoids/HeavySwordsman/Parts/SK_EN_C_M_Human_Elite_M_Empire_Lower001V2.uasset,1224791,4f7c3d01c32fc44d3e2abf74744606da66024427a4767e2a366f6db78a05c433
/Game/_Art/Enemies/HeinMach/Humanoids/HeavySwordsman/Parts/SK_EN_C_M_Human_Elite_M_Empire_Upper001V2,SkeletalMesh,HeinMach/Humanoids/HeavySwordsman,Content/_Art/Enemies/HeinMach/Humanoids/HeavySwordsman/Parts/SK_EN_C_M_Human_Elite_M_Empire_Upper001V2.uasset,2943782,c711d505fd6b2317c82cdbdd63cb8b69b56c80598a6abac6934b505751a235cb
/Game/_Art/Enemies/HeinMach/Humanoids/SwordShield/Animations/Playback/A_EN_PLAY_AC_EmpireSwordShield_Basic_End_01,AnimSequence,HeinMach/Humanoids/SwordShield,Content/_Art/Enemies/HeinMach/Humanoids/SwordShield/Animations/Playback/A_EN_PLAY_AC_EmpireSwordShield_Basic_End_01.uasset,389268,b6f70dca3294edaca09d78fbcd0639a35768f58734014d9c4acc30dc0b572238
/Game/_Art/Enemies/HeinMach/Humanoids/SwordShield/Animations/Playback/A_EN_PLAY_AC_EmpireSwordShield_Basic_End_02,AnimSequence,HeinMach/Humanoids/SwordShield,Content/_Art/Enemies/HeinMach/Humanoids/SwordShield/Animations/Playback/A_EN_PLAY_AC_EmpireSwordShield_Basic_End_02.uasset,415464,0ec4ed0fab9c0daf3af91fb1d101c991889ac36890f7d5bafeae3900cda92cab
/Game/_Art/Enemies/HeinMach/Humanoids/SwordShield/Animations/Playback/A_EN_PLAY_AC_EmpireSwordShield_Basic_End_03,AnimSequence,HeinMach/Humanoids/SwordShield,Content/_Art/Enemies/HeinMach/Humanoids/SwordShield/Animations/Playback/A_EN_PLAY_AC_EmpireSwordShield_Basic_End_03.uasset,377352,6cb7a394431ebd79433dd0cf6fb1dbf307b2be450583cc433499339686ce5197
/Game/_Art/Enemies/HeinMach/Humanoids/SwordShield/Animations/Playback/A_EN_PLAY_AC_EmpireSwordShield_Basic_Loop_01,AnimSequence,HeinMach/Humanoids/SwordShield,Content/_Art/Enemies/HeinMach/Humanoids/SwordShield/Animations/Playback/A_EN_PLAY_AC_EmpireSwordShield_Basic_Loop_01.uasset,1438905,7b5427167f6363f18aa02339b03fa043273390ec182198d84306d7276e4fc8a5
/Game/_Art/Enemies/HeinMach/Humanoids/SwordShield/Animations/Playback/A_EN_PLAY_AC_EmpireSwordShield_Basic_Loop_02,AnimSequence,HeinMach/Humanoids/SwordShield,Content/_Art/Enemies/HeinMach/Humanoids/SwordShield/Animations/Playback/A_EN_PLAY_AC_EmpireSwordShield_Basic_Loop_02.uasset,1198565,68aa9c7a8c70b34374ed1bf71038fa4399cedbc00408e6596ecb5b29e3ae10bb
/Game/_Art/Enemies/HeinMach/Humanoids/SwordShield/Animations/Playback/A_EN_PLAY_AC_EmpireSwordShield_Basic_Loop_03,AnimSequence,HeinMach/Humanoids/SwordShield,Content/_Art/Enemies/HeinMach/Humanoids/SwordShield/Animations/Playback/A_EN_PLAY_AC_EmpireSwordShield_Basic_Loop_03.uasset,2099043,4ea118af88603106a33f0b253bca8011a69b5131403d23af6e7204290d524ffd
/Game/_Art/Enemies/HeinMach/Humanoids/SwordShield/Animations/Playback/A_EN_PLAY_AC_EmpireSwordShield_Basic_Sit_End_01,AnimSequence,HeinMach/Humanoids/SwordShield,Content/_Art/Enemies/HeinMach/Humanoids/SwordShield/Animations/Playback/A_EN_PLAY_AC_EmpireSwordShield_Basic_Sit_End_01.uasset,742339,3196bb53446639f5534406694e788eba28b95527e811109333183de0e68afc8f
/Game/_Art/Enemies/HeinMach/Humanoids/SwordShield/Animations/Playback/A_EN_PLAY_AC_EmpireSwordShield_Basic_Sit_Loop_01,AnimSequence,HeinMach/Humanoids/SwordShield,Content/_Art/Enemies/HeinMach/Humanoids/SwordShield/Animations/Playback/A_EN_PLAY_AC_EmpireSwordShield_Basic_Sit_Loop_01.uasset,951667,1506a945a6f068217e55a6dfc43d84af6a016aca07b91bbd0f58d1c31cb46bcf
/Game/_Art/Enemies/HeinMach/Humanoids/SwordShield/Animations/Playback/A_EN_PLAY_AC_EmpireSwordShield_Basic_Talk_End_01,AnimSequence,HeinMach/Humanoids/SwordShield,Content/_Art/Enemies/HeinMach/Humanoids/SwordShield/Animations/Playback/A_EN_PLAY_AC_EmpireSwordShield_Basic_Talk_End_01.uasset,388313,ab0b005f9e63a2cacf0f73781d3fa252b980461ac89b394f19867adc63b7e0f2
/Game/_Art/Enemies/HeinMach/Humanoids/SwordShield/Animations/Playback/A_EN_PLAY_AC_EmpireSwordShield_Basic_Talk_Loop_01,AnimSequence,HeinMach/Humanoids/SwordShield,Content/_Art/Enemies/HeinMach/Humanoids/SwordShield/Animations/Playback/A_EN_PLAY_AC_EmpireSwordShield_Basic_Talk_Loop_01.uasset,2040698,fd9ee17bc5d73d151bd188291dfde4f7a09a767d70062248d4a074f6756e8a60
/Game/_Art/Enemies/HeinMach/Humanoids/SwordShield/Animations/Playback/A_EN_PLAY_AC_Empire_SwordShield_DamFinalBlow,AnimSequence,HeinMach/Humanoids/SwordShield,Content/_Art/Enemies/HeinMach/Humanoids/SwordShield/Animations/Playback/A_EN_PLAY_AC_Empire_SwordShield_DamFinalBlow.uasset,491077,739ce0526785f4234834d84522df9c91804c900351a5ecc310071fcb340c1278
/Game/_Art/Enemies/HeinMach/Humanoids/SwordShield/Animations/Playback/A_EN_PLAY_AC_Empire_SwordShield_DamageAir_B_Down,AnimSequence,HeinMach/Humanoids/SwordShield,Content/_Art/Enemies/HeinMach/Humanoids/SwordShield/Animations/Playback/A_EN_PLAY_AC_Empire_SwordShield_DamageAir_B_Down.uasset,202463,1b66272c95bcb6bfb6aa0b74289eca98bfd30d0826d7be1da935edcbd52af248
/Game/_Art/Enemies/HeinMach/Humanoids/SwordShield/Animations/Playback/A_EN_PLAY_AC_Empire_SwordShield_DamageAir_B_Land,AnimSequence,HeinMach/Humanoids/SwordShield,Content/_Art/Enemies/HeinMach/Humanoids/SwordShield/Animations/Playback/A_EN_PLAY_AC_Empire_SwordShield_DamageAir_B_Land.uasset,313511,d0a4b757e53fa79ce4ce4a0573b463805b3871ddc104c8197ff3ab40876511d5
/Game/_Art/Enemies/HeinMach/Humanoids/SwordShield/Animations/Playback/A_EN_PLAY_AC_Empire_SwordShield_DamageAir_B_Peak,AnimSequence,HeinMach/Humanoids/SwordShield,Content/_Art/Enemies/HeinMach/Humanoids/SwordShield/Animations/Playback/A_EN_PLAY_AC_Empire_SwordShield_DamageAir_B_Peak.uasset,197251,0eb66a3b4de9502daff0bcf071e3a8c52d4ecb3259d1649cefa0aafd42f0cdd0
/Game/_Art/Enemies/HeinMach/Humanoids/SwordShield/Animations/Playback/A_EN_PLAY_AC_Empire_SwordShield_DamageAir_B_Up,AnimSequence,HeinMach/Humanoids/SwordShield,Content/_Art/Enemies/HeinMach/Humanoids/SwordShield/Animations/Playback/A_EN_PLAY_AC_Empire_SwordShield_DamageAir_B_Up.uasset,207627,6e97f1e75c71ca3dd52560aa63513f216e440e252c7ed3f1bbece4becd3d9b86
/Game/_Art/Enemies/HeinMach/Humanoids/SwordShield/Animations/Playback/A_EN_PLAY_AC_Empire_SwordShield_DamageAir_F_Down,AnimSequence,HeinMach/Humanoids/SwordShield,Content/_Art/Enemies/HeinMach/Humanoids/SwordShield/Animations/Playback/A_EN_PLAY_AC_Empire_SwordShield_DamageAir_F_Down.uasset,201039,a83c3c6af185dc447225a0e58d0f9aea7f766287add1ef5475cb50be7ec30221
/Game/_Art/Enemies/HeinMach/Humanoids/SwordShield/Animations/Playback/A_EN_PLAY_AC_Empire_SwordShield_DamageAir_F_Land,AnimSequence,HeinMach/Humanoids/SwordShield,Content/_Art/Enemies/HeinMach/Humanoids/SwordShield/Animations/Playback/A_EN_PLAY_AC_Empire_SwordShield_DamageAir_F_Land.uasset,303428,a32ef6cf09491fed3a0f828a4843e3322dc223373043d310919079df35c26ad7
/Game/_Art/Enemies/HeinMach/Humanoids/SwordShield/Animations/Playback/A_EN_PLAY_AC_Empire_SwordShield_DamageAir_F_Peak,AnimSequence,HeinMach/Humanoids/SwordShield,Content/_Art/Enemies/HeinMach/Humanoids/SwordShield/Animations/Playback/A_EN_PLAY_AC_Empire_SwordShield_DamageAir_F_Peak.uasset,193596,644e8f7142bd1f216229d23338f0a66b7a5567861bdc4b1e9ac1d22c897319d7
/Game/_Art/Enemies/HeinMach/Humanoids/SwordShield/Animations/Playback/A_EN_PLAY_AC_Empire_SwordShield_DamageAir_F_Up,AnimSequence,HeinMach/Humanoids/SwordShield,Content/_Art/Enemies/HeinMach/Humanoids/SwordShield/Animations/Playback/A_EN_PLAY_AC_Empire_SwordShield_DamageAir_F_Up.uasset,205630,348b82b8844e7ac161159da30dcd744ca81e7ee94afbddfd97f004a012abbdd2
/Game/_Art/Enemies/HeinMach/Humanoids/SwordShield/Animations/Playback/A_EN_PLAY_AC_Empire_SwordShield_DamageDown_B,AnimSequence,HeinMach/Humanoids/SwordShield,Content/_Art/Enemies/HeinMach/Humanoids/SwordShield/Animations/Playback/A_EN_PLAY_AC_Empire_SwordShield_DamageDown_B.uasset,266379,77820d27573f64b64abee3b364b59ba8f9f7311fb15c42f032f958e7bba73fdc
/Game/_Art/Enemies/HeinMach/Humanoids/SwordShield/Animations/Playback/A_EN_PLAY_AC_Empire_SwordShield_DamageDown_F,AnimSequence,HeinMach/Humanoids/SwordShield,Content/_Art/Enemies/HeinMach/Humanoids/SwordShield/Animations/Playback/A_EN_PLAY_AC_Empire_SwordShield_DamageDown_F.uasset,268246,10a8665926c5be0c1a9e0365bd2e318c97a7df0105bf11b530541e2f7a453385
/Game/_Art/Enemies/HeinMach/Humanoids/SwordShield/Animations/Playback/A_EN_PLAY_AC_Empire_SwordShield_DamageGrapple_Atk_01,AnimSequence,HeinMach/Humanoids/SwordShield,Content/_Art/Enemies/HeinMach/Humanoids/SwordShield/Animations/Playback/A_EN_PLAY_AC_Empire_SwordShield_DamageGrapple_Atk_01.uasset,311622,e24de4d00496834e03bf3131f9b37e9281bab08b8af2b83ad8eda58af2db9905
/Game/_Art/Enemies/HeinMach/Humanoids/SwordShield/Animations/Playback/A_EN_PLAY_AC_Empire_SwordShield_DamageGrapple_Atk_02,AnimSequence,HeinMach/Humanoids/SwordShield,Content/_Art/Enemies/HeinMach/Humanoids/SwordShield/Animations/Playback/A_EN_PLAY_AC_Empire_SwordShield_DamageGrapple_Atk_02.uasset,335578,5ca9c4a40979246ecd83c11daa00b6eb0b91e3f125a7426f3049d8e0353a326c
/Game/_Art/Enemies/HeinMach/Humanoids/SwordShield/Animations/Playback/A_EN_PLAY_AC_Empire_SwordShield_DamageGrapple_Atk_B_01,AnimSequence,HeinMach/Humanoids/SwordShield,Content/_Art/Enemies/HeinMach/Humanoids/SwordShield/Animations/Playback/A_EN_PLAY_AC_Empire_SwordShield_DamageGrapple_Atk_B_01.uasset,396731,dfe65b5f120670fba1ff570023c7e86c171f3fd9d6c83850288fdddc312cf676
/Game/_Art/Enemies/HeinMach/Humanoids/SwordShield/Animations/Playback/A_EN_PLAY_AC_Empire_SwordShield_DamageGrapple_Atk_B_02,AnimSequence,HeinMach/Humanoids/SwordShield,Content/_Art/Enemies/HeinMach/Humanoids/SwordShield/Animations/Playback/A_EN_PLAY_AC_Empire_SwordShield_DamageGrapple_Atk_B_02.uasset,724138,c39d6efe5a12acd8205c5bdc755f02d2938e766a298ca09790bf1bfee2d482dc
/Game/_Art/Enemies/HeinMach/Humanoids/SwordShield/Animations/Playback/A_EN_PLAY_AC_Empire_SwordShield_DamageNormal_D_B,AnimSequence,HeinMach/Humanoids/SwordShield,Content/_Art/Enemies/HeinMach/Humanoids/SwordShield/Animations/Playback/A_EN_PLAY_AC_Empire_SwordShield_DamageNormal_D_B.uasset,475054,3a50ec9d6034097a31ce381bef87580b3f389438e799c669b656e0f8882bd18c
/Game/_Art/Enemies/HeinMach/Humanoids/SwordShield/Animations/Playback/A_EN_PLAY_AC_Empire_SwordShield_DamageNormal_D_F,AnimSequence,HeinMach/Humanoids/SwordShield,Content/_Art/Enemies/HeinMach/Humanoids/SwordShield/Animations/Playback/A_EN_PLAY_AC_Empire_SwordShield_DamageNormal_D_F.uasset,230464,a967cb711e895cd93c967dcf503ea3d961937603cc26918ae7bbc7cc2fb86dcd
/Game/_Art/Enemies/HeinMach/Humanoids/SwordShield/Animations/Playback/A_EN_PLAY_AC_Empire_SwordShield_DamageNormal_L_F,AnimSequence,HeinMach/Humanoids/SwordShield,Content/_Art/Enemies/HeinMach/Humanoids/SwordShield/Animations/Playback/A_EN_PLAY_AC_Empire_SwordShield_DamageNormal_L_F.uasset,234674,ec0b67f157e846462bb7ff30ffb50bf16ecafcd08d2b23b74a39589e8514398a
/Game/_Art/Enemies/HeinMach/Humanoids/SwordShield/Animations/Playback/A_EN_PLAY_AC_Empire_SwordShield_DamageNormal_R_F,AnimSequence,HeinMach/Humanoids/SwordShield,Content/_Art/Enemies/HeinMach/Humanoids/SwordShield/Animations/Playback/A_EN_PLAY_AC_Empire_SwordShield_DamageNormal_R_F.uasset,253741,27337bdb50ceedb0fa59943f99de698101e202772abe83c33a320b286d2632e9
/Game/_Art/Enemies/HeinMach/Humanoids/SwordShield/Animations/Playback/A_EN_PLAY_AC_Empire_SwordShield_DamageNormal_U_B,AnimSequence,HeinMach/Humanoids/SwordShield,Content/_Art/Enemies/HeinMach/Humanoids/SwordShield/Animations/Playback/A_EN_PLAY_AC_Empire_SwordShield_DamageNormal_U_B.uasset,475884,7a6f758d23b338ad61ff78eec09319a45d79e1d7290dd0fe2a2f8adf37100152
/Game/_Art/Enemies/HeinMach/Humanoids/SwordShield/Animations/Playback/A_EN_PLAY_AC_Empire_SwordShield_DamageNormal_U_F,AnimSequence,HeinMach/Humanoids/SwordShield,Content/_Art/Enemies/HeinMach/Humanoids/SwordShield/Animations/Playback/A_EN_PLAY_AC_Empire_SwordShield_DamageNormal_U_F.uasset,228373,203815ce86529c7dfe8fb698159580a10d98153aeef1f794a8290908c02ee2f3
/Game/_Art/Enemies/HeinMach/Humanoids/SwordShield/Animations/Playback/A_EN_PLAY_AC_Empire_SwordShield_DamageStrong_D_F,AnimSequence,HeinMach/Humanoids/SwordShield,Content/_Art/Enemies/HeinMach/Humanoids/SwordShield/Animations/Playback/A_EN_PLAY_AC_Empire_SwordShield_DamageStrong_D_F.uasset,268000,207634047863abc76be76b6925956ddfd9450e1f68db39d1edd0c6dbe8fc264f
/Game/_Art/Enemies/HeinMach/Humanoids/SwordShield/Animations/Playback/A_EN_PLAY_AC_Empire_SwordShield_DamageStrong_D_F_2,AnimSequence,HeinMach/Humanoids/SwordShield,Content/_Art/Enemies/HeinMach/Humanoids/SwordShield/Animations/Playback/A_EN_PLAY_AC_Empire_SwordShield_DamageStrong_D_F_2.uasset,370239,bcf233a5ecd5a9fa721052ee18a9387be3f4ce3f3ca27a54715a20999e5a8bdf
/Game/_Art/Enemies/HeinMach/Humanoids/SwordShield/Animations/Playback/A_EN_PLAY_AC_Empire_SwordShield_DamageStrong_L_F,AnimSequence,HeinMach/Humanoids/SwordShield,Content/_Art/Enemies/HeinMach/Humanoids/SwordShield/Animations/Playback/A_EN_PLAY_AC_Empire_SwordShield_DamageStrong_L_F.uasset,337939,041bd8564b4eb9ac2f2d29ff70be1a1f7c09a29d94b78d16469313d20a5dda72
/Game/_Art/Enemies/HeinMach/Humanoids/SwordShield/Animations/Playback/A_EN_PLAY_AC_Empire_SwordShield_DamageStrong_R_F,AnimSequence,HeinMach/Humanoids/SwordShield,Content/_Art/Enemies/HeinMach/Humanoids/SwordShield/Animations/Playback/A_EN_PLAY_AC_Empire_SwordShield_DamageStrong_R_F.uasset,271193,bf3dc5f92d56062477a58fb349ddf43ed2798f732805857aa48c8ac0823d5b2c
/Game/_Art/Enemies/HeinMach/Humanoids/SwordShield/Animations/Playback/A_EN_PLAY_AC_Empire_SwordShield_DamageStrong_U_F,AnimSequence,HeinMach/Humanoids/SwordShield,Content/_Art/Enemies/HeinMach/Humanoids/SwordShield/Animations/Playback/A_EN_PLAY_AC_Empire_SwordShield_DamageStrong_U_F.uasset,267924,1d2c710f0b215f700c9f21cc31ce8c478d116e5d20239a45c879c81cb695df92
/Game/_Art/Enemies/HeinMach/Humanoids/SwordShield/Animations/Playback/A_EN_PLAY_AC_Empire_SwordShield_DamageWeak_D_F,AnimSequence,HeinMach/Humanoids/SwordShield,Content/_Art/Enemies/HeinMach/Humanoids/SwordShield/Animations/Playback/A_EN_PLAY_AC_Empire_SwordShield_DamageWeak_D_F.uasset,209724,102d5a48b82df73372a69a3f464b71d8dde4fb64b5379a50a4a23a2e41373b2c
/Game/_Art/Enemies/HeinMach/Humanoids/SwordShield/Animations/Playback/A_EN_PLAY_AC_Empire_SwordShield_DamageWeak_L_F,AnimSequence,HeinMach/Humanoids/SwordShield,Content/_Art/Enemies/HeinMach/Humanoids/SwordShield/Animations/Playback/A_EN_PLAY_AC_Empire_SwordShield_DamageWeak_L_F.uasset,211785,d6f92f43f31e1cc362363f420fe275c05fbdc2ac10b4ed09406074634c157399
/Game/_Art/Enemies/HeinMach/Humanoids/SwordShield/Animations/Playback/A_EN_PLAY_AC_Empire_SwordShield_DamageWeak_R_F,AnimSequence,HeinMach/Humanoids/SwordShield,Content/_Art/Enemies/HeinMach/Humanoids/SwordShield/Animations/Playback/A_EN_PLAY_AC_Empire_SwordShield_DamageWeak_R_F.uasset,210491,eb45fd2c4575740ce0c7357d3a76b50df475eb9166dee6b8f554bd1471f328ac
/Game/_Art/Enemies/HeinMach/Humanoids/SwordShield/Animations/Playback/A_EN_PLAY_AC_Empire_SwordShield_DamageWeak_U_F,AnimSequence,HeinMach/Humanoids/SwordShield,Content/_Art/Enemies/HeinMach/Humanoids/SwordShield/Animations/Playback/A_EN_PLAY_AC_Empire_SwordShield_DamageWeak_U_F.uasset,210155,8165a56639fe826c6eb9f98cecca0d6f26370b6a2218340f1b33ba11d29d4f1c
/Game/_Art/Enemies/HeinMach/Humanoids/SwordShield/Animations/Playback/A_EN_PLAY_AC_Empire_SwordShield_Down_Die_B,AnimSequence,HeinMach/Humanoids/SwordShield,Content/_Art/Enemies/HeinMach/Humanoids/SwordShield/Animations/Playback/A_EN_PLAY_AC_Empire_SwordShield_Down_Die_B.uasset,1101095,97261c593829eeea6b87b42003c9be477787c26b41884105b5df6b3ae3241dee
/Game/_Art/Enemies/HeinMach/Humanoids/SwordShield/Animations/Playback/A_EN_PLAY_AC_Empire_SwordShield_Down_Die_F,AnimSequence,HeinMach/Humanoids/SwordShield,Content/_Art/Enemies/HeinMach/Humanoids/SwordShield/Animations/Playback/A_EN_PLAY_AC_Empire_SwordShield_Down_Die_F.uasset,1365797,cc0925fea1c53ddddf5df5a8822728824bebc76f81aae1dfeb492f38dfaa3bde
/Game/_Art/Enemies/HeinMach/Humanoids/SwordShield/Animations/Playback/A_EN_PLAY_AC_Empire_SwordShield_Down_Loop_B,AnimSequence,HeinMach/Humanoids/SwordShield,Content/_Art/Enemies/HeinMach/Humanoids/SwordShield/Animations/Playback/A_EN_PLAY_AC_Empire_SwordShield_Down_Loop_B.uasset,316059,b7ac8063a1b591a46b760cd77806593c095f83ce13a64b5ef9868ec1defc65fe
/Game/_Art/Enemies/HeinMach/Humanoids/SwordShield/Animations/Playback/A_EN_PLAY_AC_Empire_SwordShield_Down_Loop_F,AnimSequence,HeinMach/Humanoids/SwordShield,Content/_Art/Enemies/HeinMach/Humanoids/SwordShield/Animations/Playback/A_EN_PLAY_AC_Empire_SwordShield_Down_Loop_F.uasset,355104,a392c815cde7bd76ab02d2b92c9a4557600b25eb814912f3e65de736c2bb460b
/Game/_Art/Enemies/HeinMach/Humanoids/SwordShield/Animations/Playback/A_EN_PLAY_AC_Empire_SwordShield_Getup_B,AnimSequence,HeinMach/Humanoids/SwordShield,Content/_Art/Enemies/HeinMach/Humanoids/SwordShield/Animations/Playback/A_EN_PLAY_AC_Empire_SwordShield_Getup_B.uasset,482173,63957ff1077e39a0d95260a54c8ce9f1662a5398e4c32fa37f2be9f7061c098a
/Game/_Art/Enemies/HeinMach/Humanoids/SwordShield/Animations/Playback/A_EN_PLAY_AC_Empire_SwordShield_Getup_F,AnimSequence,HeinMach/Humanoids/SwordShield,Content/_Art/Enemies/HeinMach/Humanoids/SwordShield/Animations/Playback/A_EN_PLAY_AC_Empire_SwordShield_Getup_F.uasset,470196,2e9d6b2e944d87ba7c3b53d34199dbe77feaa9e0b5d3c1a030e4eb7024d36ff3
/Game/_Art/Enemies/HeinMach/Humanoids/SwordShield/Animations/Playback/A_EN_PLAY_AC_Empire_SwordShield_Groggy_End,AnimSequence,HeinMach/Humanoids/SwordShield,Content/_Art/Enemies/HeinMach/Humanoids/SwordShield/Animations/Playback/A_EN_PLAY_AC_Empire_SwordShield_Groggy_End.uasset,241962,5ac1a1d9e6baef896bf5788795e3ee6ce85df2ba1096dfcdfa40a52ffbfff1e3
/Game/_Art/Enemies/HeinMach/Humanoids/SwordShield/Animations/Playback/A_EN_PLAY_AC_Empire_SwordShield_Groggy_Loop,AnimSequence,HeinMach/Humanoids/SwordShield,Content/_Art/Enemies/HeinMach/Humanoids/SwordShield/Animations/Playback/A_EN_PLAY_AC_Empire_SwordShield_Groggy_Loop.uasset,288497,b7e02af9fa7b4a03082f00943d4d3b399dd505e84700e52f015ce1c4f5773494
/Game/_Art/Enemies/HeinMach/Humanoids/SwordShield/Animations/Playback/A_EN_PLAY_AC_Empire_SwordShield_Groggy_Start,AnimSequence,HeinMach/Humanoids/SwordShield,Content/_Art/Enemies/HeinMach/Humanoids/SwordShield/Animations/Playback/A_EN_PLAY_AC_Empire_SwordShield_Groggy_Start.uasset,236290,7ed238ebafb515b75b30ad9a47431ac631c484ee8e73a249b68e4607ce4b4044
/Game/_Art/Enemies/HeinMach/Humanoids/SwordShield/Animations/Playback/A_EN_PLAY_AC_Empire_SwordShield_Ground_Die_F,AnimSequence,HeinMach/Humanoids/SwordShield,Content/_Art/Enemies/HeinMach/Humanoids/SwordShield/Animations/Playback/A_EN_PLAY_AC_Empire_SwordShield_Ground_Die_F.uasset,1990666,614ba8985b02ae6a688010e270b734dabd6e871c3c675a4c4701ab11b36f41b2
/Game/_Art/Enemies/HeinMach/Humanoids/SwordShield/Animations/Playback/A_EN_PLAY_AC_Empire_SwordShield_GuardReaction_Broken,AnimSequence,HeinMach/Humanoids/SwordShield,Content/_Art/Enemies/HeinMach/Humanoids/SwordShield/Animations/Playback/A_EN_PLAY_AC_Empire_SwordShield_GuardReaction_Broken.uasset,998803,516f02dff2dac130dd8cfcc6ffdebc4a780bd5a798a03e15fc8f1cfe3eb6d082
/Game/_Art/Enemies/HeinMach/Humanoids/SwordShield/Animations/Playback/A_EN_PLAY_AC_Empire_SwordShield_GuardReaction_Broken_Full,AnimSequence,HeinMach/Humanoids/SwordShield,Content/_Art/Enemies/HeinMach/Humanoids/SwordShield/Animations/Playback/A_EN_PLAY_AC_Empire_SwordShield_GuardReaction_Broken_Full.uasset,615878,7c6b943aa3ffe5d99c95d1b75080d3633cb762615be65d61632c91d0ea262571
/Game/_Art/Enemies/HeinMach/Humanoids/SwordShield/Animations/Playback/A_EN_PLAY_AC_Empire_SwordShield_GuardReaction_End,AnimSequence,HeinMach/Humanoids/SwordShield,Content/_Art/Enemies/HeinMach/Humanoids/SwordShield/Animations/Playback/A_EN_PLAY_AC_Empire_SwordShield_GuardReaction_End.uasset,259136,b3b9bdea220249f25a6330b0180ee5b7fef2cb5a4e2fcad8e84a414ab49269ae
/Game/_Art/Enemies/HeinMach/Humanoids/SwordShield/Animations/Playback/A_EN_PLAY_AC_Empire_SwordShield_GuardReaction_Hit,AnimSequence,HeinMach/Humanoids/SwordShield,Content/_Art/Enemies/HeinMach/Humanoids/SwordShield/Animations/Playback/A_EN_PLAY_AC_Empire_SwordShield_GuardReaction_Hit.uasset,223494,775736c763cfd75637fab970e34a0f010283ddcf1577697f5832a35302b2c462
/Game/_Art/Enemies/HeinMach/Humanoids/SwordShield/Animations/Playback/A_EN_PLAY_AC_Empire_SwordShield_Guard_Broken,AnimSequence,HeinMach/Humanoids/SwordShield,Content/_Art/Enemies/HeinMach/Humanoids/SwordShield/Animations/Playback/A_EN_PLAY_AC_Empire_SwordShield_Guard_Broken.uasset,265283,c2f7ff17a75a9ff2884288a1b648e703d17140da5efd6ba098878434ca70118a
/Game/_Art/Enemies/HeinMach/Humanoids/SwordShield/Animations/Playback/A_EN_PLAY_AC_Empire_SwordShield_Guard_Broken_Full,AnimSequence,HeinMach/Humanoids/SwordShield,Content/_Art/Enemies/HeinMach/Humanoids/SwordShield/Animations/Playback/A_EN_PLAY_AC_Empire_SwordShield_Guard_Broken_Full.uasset,615761,379fb5637afb870955f498208ecad6c3f46020591bd76b40794ae66d493129b8
/Game/_Art/Enemies/HeinMach/Humanoids/SwordShield/Animations/Playback/A_EN_PLAY_AC_Empire_SwordShield_Guard_Broken_Full_New,AnimSequence,HeinMach/Humanoids/SwordShield,Content/_Art/Enemies/HeinMach/Humanoids/SwordShield/Animations/Playback/A_EN_PLAY_AC_Empire_SwordShield_Guard_Broken_Full_New.uasset,998809,0f3226b64a6c309842a8321d5afd022e272716abb602042d9b5efa326a0c3fff
/Game/_Art/Enemies/HeinMach/Humanoids/SwordShield/Animations/Playback/A_EN_PLAY_AC_Empire_SwordShield_Guard_End,AnimSequence,HeinMach/Humanoids/SwordShield,Content/_Art/Enemies/HeinMach/Humanoids/SwordShield/Animations/Playback/A_EN_PLAY_AC_Empire_SwordShield_Guard_End.uasset,259026,4a2154dd8d00a09e24b66cd639909b000d5b180bab98ee524d89935a6fea1162
/Game/_Art/Enemies/HeinMach/Humanoids/SwordShield/Animations/Playback/A_EN_PLAY_AC_Empire_SwordShield_Guard_Hit,AnimSequence,HeinMach/Humanoids/SwordShield,Content/_Art/Enemies/HeinMach/Humanoids/SwordShield/Animations/Playback/A_EN_PLAY_AC_Empire_SwordShield_Guard_Hit.uasset,223388,6358f9acee020767c4ffd6e386ef9eddf191f46a936248edd44935982d9f875b
/Game/_Art/Enemies/HeinMach/Humanoids/SwordShield/Animations/Playback/A_EN_PLAY_AC_Empire_SwordShield_Guard_Loop,AnimSequence,HeinMach/Humanoids/SwordShield,Content/_Art/Enemies/HeinMach/Humanoids/SwordShield/Animations/Playback/A_EN_PLAY_AC_Empire_SwordShield_Guard_Loop.uasset,304626,2001095567ebb667719922b64cf40ec5386bf71c2339d96e0226834ef6ac0a95
/Game/_Art/Enemies/HeinMach/Humanoids/SwordShield/Animations/Playback/A_EN_PLAY_AC_Empire_SwordShield_Guard_Start,AnimSequence,HeinMach/Humanoids/SwordShield,Content/_Art/Enemies/HeinMach/Humanoids/SwordShield/Animations/Playback/A_EN_PLAY_AC_Empire_SwordShield_Guard_Start.uasset,219108,45ad9fd2dae975cb822985c4b95517ef2eee60fb8ba9553caf6abd139fea5520
/Game/_Art/Enemies/HeinMach/Humanoids/SwordShield/Animations/Playback/A_EN_PLAY_AC_Empire_SwordShield_LockOnWalk_B,AnimSequence,HeinMach/Humanoids/SwordShield,Content/_Art/Enemies/HeinMach/Humanoids/SwordShield/Animations/Playback/A_EN_PLAY_AC_Empire_SwordShield_LockOnWalk_B.uasset,247137,1a04f5045a3d70fbfdf188a117a1e3888ea351a63b30d2806806947c11db4910
/Game/_Art/Enemies/HeinMach/Humanoids/SwordShield/Animations/Playback/A_EN_PLAY_AC_Empire_SwordShield_LockOnWalk_F,AnimSequence,HeinMach/Humanoids/SwordShield,Content/_Art/Enemies/HeinMach/Humanoids/SwordShield/Animations/Playback/A_EN_PLAY_AC_Empire_SwordShield_LockOnWalk_F.uasset,245226,b838a4836816345c149603377fe068e45173dbc3311e6392122aaedb60699633
/Game/_Art/Enemies/HeinMach/Humanoids/SwordShield/Animations/Playback/A_EN_PLAY_AC_Empire_SwordShield_LockOnWalk_L,AnimSequence,HeinMach/Humanoids/SwordShield,Content/_Art/Enemies/HeinMach/Humanoids/SwordShield/Animations/Playback/A_EN_PLAY_AC_Empire_SwordShield_LockOnWalk_L.uasset,242333,9c79bdf53d2a6c9b40019e439121d6423d6675112a0da1003a942e0b4e599613
/Game/_Art/Enemies/HeinMach/Humanoids/SwordShield/Animations/Playback/A_EN_PLAY_AC_Empire_SwordShield_LockOnWalk_R,AnimSequence,HeinMach/Humanoids/SwordShield,Content/_Art/Enemies/HeinMach/Humanoids/SwordShield/Animations/Playback/A_EN_PLAY_AC_Empire_SwordShield_LockOnWalk_R.uasset,255119,ef62d053b802cdf44ffdc14a201f4b04ab07dd7827c6312d69cb3a8f80b58716
/Game/_Art/Enemies/HeinMach/Humanoids/SwordShield/Animations/Playback/A_EN_PLAY_AC_Empire_SwordShield_Pierce,AnimSequence,HeinMach/Humanoids/SwordShield,Content/_Art/Enemies/HeinMach/Humanoids/SwordShield/Animations/Playback/A_EN_PLAY_AC_Empire_SwordShield_Pierce.uasset,1013666,fdbb56c81890de10b611eefd4e7ac6f959c7b44777e50c8eb99829cc2fe7404f
/Game/_Art/Enemies/HeinMach/Humanoids/SwordShield/Animations/Playback/A_EN_PLAY_AC_Empire_SwordShield_Run_F,AnimSequence,HeinMach/Humanoids/SwordShield,Content/_Art/Enemies/HeinMach/Humanoids/SwordShield/Animations/Playback/A_EN_PLAY_AC_Empire_SwordShield_Run_F.uasset,233354,30701d1d5f4f02a01d08c823ddcf3abc2ba3edb074d8f21287271ac226f3d532
/Game/_Art/Enemies/HeinMach/Humanoids/SwordShield/Animations/Playback/A_EN_PLAY_AC_Empire_SwordShield_ShieldCrash,AnimSequence,HeinMach/Humanoids/SwordShield,Content/_Art/Enemies/HeinMach/Humanoids/SwordShield/Animations/Playback/A_EN_PLAY_AC_Empire_SwordShield_ShieldCrash.uasset,909230,2e62a3a159e429aaf13f1341c61e53a3d28790b0e06292a3354e278f419d18ff
/Game/_Art/Enemies/HeinMach/Humanoids/SwordShield/Animations/Playback/A_EN_PLAY_AC_Empire_SwordShield_Stand_F,AnimSequence,HeinMach/Humanoids/SwordShield,Content/_Art/Enemies/HeinMach/Humanoids/SwordShield/Animations/Playback/A_EN_PLAY_AC_Empire_SwordShield_Stand_F.uasset,285841,c07f81a0942f9bff1eaf11813df55c9bd358d1cbdee699a07145dc29133bb56d
/Game/_Art/Enemies/HeinMach/Humanoids/SwordShield/Animations/Playback/A_EN_PLAY_AC_Empire_SwordShield_SwordCombo_01,AnimSequence,HeinMach/Humanoids/SwordShield,Content/_Art/Enemies/HeinMach/Humanoids/SwordShield/Animations/Playback/A_EN_PLAY_AC_Empire_SwordShield_SwordCombo_01.uasset,1058848,667c519f5c950b7e9cfdf4feebdbbee7f69be5e1af0c51050a70f492d460d4b4
/Game/_Art/Enemies/HeinMach/Humanoids/SwordShield/Animations/Playback/A_EN_PLAY_AC_Empire_SwordShield_SwordCombo_02,AnimSequence,HeinMach/Humanoids/SwordShield,Content/_Art/Enemies/HeinMach/Humanoids/SwordShield/Animations/Playback/A_EN_PLAY_AC_Empire_SwordShield_SwordCombo_02.uasset,599163,8e075894f4e773b123bd5ab451cc86e41a7e06c58b0994bfdc2901ab98261f8f
/Game/_Art/Enemies/HeinMach/Humanoids/SwordShield/Animations/Playback/A_EN_PLAY_AC_Empire_SwordShield_Turn_L,AnimSequence,HeinMach/Humanoids/SwordShield,Content/_Art/Enemies/HeinMach/Humanoids/SwordShield/Animations/Playback/A_EN_PLAY_AC_Empire_SwordShield_Turn_L.uasset,255617,24baff8dce7ad6170afc04a9e408f4d7edeb3a338d6b71d87927787ea79d5667
/Game/_Art/Enemies/HeinMach/Humanoids/SwordShield/Animations/Playback/A_EN_PLAY_AC_Empire_SwordShield_Turn_L_180,AnimSequence,HeinMach/Humanoids/SwordShield,Content/_Art/Enemies/HeinMach/Humanoids/SwordShield/Animations/Playback/A_EN_PLAY_AC_Empire_SwordShield_Turn_L_180.uasset,440516,732f605c955294f5eec4bf60f31c23cf835ffef9455d7921e955ee6c58b6cb08
/Game/_Art/Enemies/HeinMach/Humanoids/SwordShield/Animations/Playback/A_EN_PLAY_AC_Empire_SwordShield_Turn_R,AnimSequence,HeinMach/Humanoids/SwordShield,Content/_Art/Enemies/HeinMach/Humanoids/SwordShield/Animations/Playback/A_EN_PLAY_AC_Empire_SwordShield_Turn_R.uasset,265846,54dd98486e59de990d51b75e7225208d966caa2509bda9247ca1127dcce714a1
/Game/_Art/Enemies/HeinMach/Humanoids/SwordShield/Animations/Playback/A_EN_PLAY_AC_Empire_SwordShield_Turn_R_180,AnimSequence,HeinMach/Humanoids/SwordShield,Content/_Art/Enemies/HeinMach/Humanoids/SwordShield/Animations/Playback/A_EN_PLAY_AC_Empire_SwordShield_Turn_R_180.uasset,421329,5ab6ea7faeea50635488c5cda573a3ac54e0acce396e2041c360347b7f908fdc
/Game/_Art/Enemies/HeinMach/Humanoids/SwordShield/Animations/Playback/A_EN_PLAY_AC_Empire_SwordShield_Vigilant_FreakOut_Armed,AnimSequence,HeinMach/Humanoids/SwordShield,Content/_Art/Enemies/HeinMach/Humanoids/SwordShield/Animations/Playback/A_EN_PLAY_AC_Empire_SwordShield_Vigilant_FreakOut_Armed.uasset,322224,18598f8ed6039fbba164e85e22d5214d69d1178cf1f317c52d59fbe2a11c5d29
/Game/_Art/Enemies/HeinMach/Humanoids/SwordShield/Animations/Playback/A_EN_PLAY_AC_Empire_SwordShield_Vigilant_LookAround,AnimSequence,HeinMach/Humanoids/SwordShield,Content/_Art/Enemies/HeinMach/Humanoids/SwordShield/Animations/Playback/A_EN_PLAY_AC_Empire_SwordShield_Vigilant_LookAround.uasset,1205025,fe9dafe1679fd529a276a44ba2013121107e8159e4dbe9f155ebaadb8e150885
/Game/_Art/Enemies/HeinMach/Humanoids/SwordShield/Animations/Playback/A_EN_PLAY_AC_Empire_SwordShield_Walk_F,AnimSequence,HeinMach/Humanoids/SwordShield,Content/_Art/Enemies/HeinMach/Humanoids/SwordShield/Animations/Playback/A_EN_PLAY_AC_Empire_SwordShield_Walk_F.uasset,245159,2c8d9feb7f6630d09e420168e48da8ff217035d8d9a6d5ed48b9ef3f7e85234d
/Game/_Art/Enemies/HeinMach/Humanoids/SwordShield/Animations/Playback/A_EN_PLAY_AC_M_Empire_SwordShield_DamageParry_F,AnimSequence,HeinMach/Humanoids/SwordShield,Content/_Art/Enemies/HeinMach/Humanoids/SwordShield/Animations/Playback/A_EN_PLAY_AC_M_Empire_SwordShield_DamageParry_F.uasset,463706,b30fa6d643db55ba38cf04b32b9fd2b52a6d6272a7623d81130f05198d8d43bb
/Game/_Art/Enemies/HeinMach/Humanoids/SwordShield/Animations/Playback/A_EN_PLAY_CA_M_EmpireSwordShield_FallDown_End,AnimSequence,HeinMach/Humanoids/SwordShield,Content/_Art/Enemies/HeinMach/Humanoids/SwordShield/Animations/Playback/A_EN_PLAY_CA_M_EmpireSwordShield_FallDown_End.uasset,322290,90b1efec878bb63112bffc1b979a7136020ada57fd730dffbbe877ed345883f8
/Game/_Art/Enemies/HeinMach/Humanoids/SwordShield/Animations/Playback/A_EN_PLAY_CA_M_EmpireSwordShield_FallDown_Loop,AnimSequence,HeinMach/Humanoids/SwordShield,Content/_Art/Enemies/HeinMach/Humanoids/SwordShield/Animations/Playback/A_EN_PLAY_CA_M_EmpireSwordShield_FallDown_Loop.uasset,252512,0d11cfe4fc42df7777d7b19193ee9752a991e6f840dabda9f775cb0856c4cbb4
/Game/_Art/Enemies/HeinMach/Humanoids/SwordShield/Animations/Playback/A_EN_PLAY_CA_M_EmpireSwordShield_FallDown_Start,AnimSequence,HeinMach/Humanoids/SwordShield,Content/_Art/Enemies/HeinMach/Humanoids/SwordShield/Animations/Playback/A_EN_PLAY_CA_M_EmpireSwordShield_FallDown_Start.uasset,511570,5727c0ebfa16071028d07e0798a63430b7db351a849dc1eb01a6b59bbbd51589
/Game/_Art/Enemies/HeinMach/Humanoids/SwordShield/Animations/Playback/A_EN_PLAY_CA_M_EmpireSwordShield_LockOnWalk_B,AnimSequence,HeinMach/Humanoids/SwordShield,Content/_Art/Enemies/HeinMach/Humanoids/SwordShield/Animations/Playback/A_EN_PLAY_CA_M_EmpireSwordShield_LockOnWalk_B.uasset,246468,a5bd42671dbb7a9dd7b3d508232ad4efe94b7f3980b9dbfcd715f625444f38df
/Game/_Art/Enemies/HeinMach/Humanoids/SwordShield/Animations/Playback/A_EN_PLAY_CA_M_EmpireSwordShield_LockOnWalk_F,AnimSequence,HeinMach/Humanoids/SwordShield,Content/_Art/Enemies/HeinMach/Humanoids/SwordShield/Animations/Playback/A_EN_PLAY_CA_M_EmpireSwordShield_LockOnWalk_F.uasset,244583,0f0fd5238a953a74283e7f3ca50e0b2cb2cd5aeeb8d722f1bd793ad9267fc6d1
/Game/_Art/Enemies/HeinMach/Humanoids/SwordShield/Animations/Playback/A_EN_PLAY_CA_M_EmpireSwordShield_LockOnWalk_L,AnimSequence,HeinMach/Humanoids/SwordShield,Content/_Art/Enemies/HeinMach/Humanoids/SwordShield/Animations/Playback/A_EN_PLAY_CA_M_EmpireSwordShield_LockOnWalk_L.uasset,241662,bd577885b1d26cb6c6a993293a8e03a8316f5be23c27118a4edf779c28eaa79a
/Game/_Art/Enemies/HeinMach/Humanoids/SwordShield/Animations/Playback/A_EN_PLAY_CA_M_EmpireSwordShield_LockOnWalk_R,AnimSequence,HeinMach/Humanoids/SwordShield,Content/_Art/Enemies/HeinMach/Humanoids/SwordShield/Animations/Playback/A_EN_PLAY_CA_M_EmpireSwordShield_LockOnWalk_R.uasset,254449,aec89b3ce55bfba73468ac0af67c6583a60cb43bd2de240d19117a74b804df50
/Game/_Art/Enemies/HeinMach/Humanoids/SwordShield/Animations/Playback/A_EN_PLAY_CA_M_EmpireSwordShield_Run_F,AnimSequence,HeinMach/Humanoids/SwordShield,Content/_Art/Enemies/HeinMach/Humanoids/SwordShield/Animations/Playback/A_EN_PLAY_CA_M_EmpireSwordShield_Run_F.uasset,232714,ed803949ab6c7ff9edeb70cc6aeb4c47f2e547ba51449979dfabf8d710e2bd72
/Game/_Art/Enemies/HeinMach/Humanoids/SwordShield/Animations/Playback/A_EN_PLAY_CA_M_EmpireSwordShield_Run_F_02,AnimSequence,HeinMach/Humanoids/SwordShield,Content/_Art/Enemies/HeinMach/Humanoids/SwordShield/Animations/Playback/A_EN_PLAY_CA_M_EmpireSwordShield_Run_F_02.uasset,236995,58f85aaed615a1aa02b52f8959eaf17c8593a84083e1c734b8d3c3733db6d2b0
/Game/_Art/Enemies/HeinMach/Humanoids/SwordShield/Animations/Playback/A_EN_PLAY_CA_M_EmpireSwordShield_Stand_F,AnimSequence,HeinMach/Humanoids/SwordShield,Content/_Art/Enemies/HeinMach/Humanoids/SwordShield/Animations/Playback/A_EN_PLAY_CA_M_EmpireSwordShield_Stand_F.uasset,285201,28b7404d2094adfd311003ab5ecf6f0a27a998042b0c23078296591f9dc42c14
/Game/_Art/Enemies/HeinMach/Humanoids/SwordShield/Animations/Playback/A_EN_PLAY_CA_M_EmpireSwordShield_Walk_F,AnimSequence,HeinMach/Humanoids/SwordShield,Content/_Art/Enemies/HeinMach/Humanoids/SwordShield/Animations/Playback/A_EN_PLAY_CA_M_EmpireSwordShield_Walk_F.uasset,244510,a65d720131e5df0cefaa70fbe240415f8f17a76b502dd43a0497250e70a15e53
/Game/_Art/Enemies/HeinMach/Humanoids/SwordShield/Animations/Playback/A_EN_PLAY_CA_M_EmpireSwordShield_Walk_F_02,AnimSequence,HeinMach/Humanoids/SwordShield,Content/_Art/Enemies/HeinMach/Humanoids/SwordShield/Animations/Playback/A_EN_PLAY_CA_M_EmpireSwordShield_Walk_F_02.uasset,275615,f1bcddd96c42f59c5df0f7b18904d100b040d025024b0fdcafa5996c46789234
/Game/_Art/Enemies/HeinMach/Humanoids/SwordShield/Blueprints/BP_EN_SwordShield_U01_L01,Blueprint,HeinMach/Humanoids/SwordShield,Content/_Art/Enemies/HeinMach/Humanoids/SwordShield/Blueprints/BP_EN_SwordShield_U01_L01.uasset,36862,7e185e5fbf6cf84282b5a9621fbf9b04f7baaaac66639cc263bdee0a23686268
/Game/_Art/Enemies/HeinMach/Humanoids/SwordShield/Blueprints/BP_EN_SwordShield_U01_L02,Blueprint,HeinMach/Humanoids/SwordShield,Content/_Art/Enemies/HeinMach/Humanoids/SwordShield/Blueprints/BP_EN_SwordShield_U01_L02.uasset,36888,fefb5707f307fc0fcf24bc072fcfc09a8f32c2285d019205728e11cc52e32893
/Game/_Art/Enemies/HeinMach/Humanoids/SwordShield/Blueprints/BP_EN_SwordShield_U02_L01,Blueprint,HeinMach/Humanoids/SwordShield,Content/_Art/Enemies/HeinMach/Humanoids/SwordShield/Blueprints/BP_EN_SwordShield_U02_L01.uasset,36899,124c1b66cc7bb726f3bcc07567719084f133691986108175223e01dfe9d38aff
/Game/_Art/Enemies/HeinMach/Humanoids/SwordShield/Blueprints/BP_EN_SwordShield_U02_L02,Blueprint,HeinMach/Humanoids/SwordShield,Content/_Art/Enemies/HeinMach/Humanoids/SwordShield/Blueprints/BP_EN_SwordShield_U02_L02.uasset,36927,0bb1a679dce5f2980c23fd5f9dce157ffd7be500cb031a7a90ebb63606bb528c
/Game/_Art/Enemies/HeinMach/Humanoids/SwordShield/Meshes/SK_EN_SwordShield_U01_L01,SkeletalMesh,HeinMach/Humanoids/SwordShield,Content/_Art/Enemies/HeinMach/Humanoids/SwordShield/Meshes/SK_EN_SwordShield_U01_L01.uasset,3866601,9f322cd8f590e8ab345c38c0e7d4c1aa11a00769978bffc7fb1e8818b6dd1562
/Game/_Art/Enemies/HeinMach/Humanoids/SwordShield/Meshes/SK_EN_SwordShield_U01_L02,SkeletalMesh,HeinMach/Humanoids/SwordShield,Content/_Art/Enemies/HeinMach/Humanoids/SwordShield/Meshes/SK_EN_SwordShield_U01_L02.uasset,5676116,d8387393a05e07717e84b62ce5d1653e33edb95fa24d63f1c7ecf2f933bcab59
/Game/_Art/Enemies/HeinMach/Humanoids/SwordShield/Meshes/SK_EN_SwordShield_U02_L01,SkeletalMesh,HeinMach/Humanoids/SwordShield,Content/_Art/Enemies/HeinMach/Humanoids/SwordShield/Meshes/SK_EN_SwordShield_U02_L01.uasset,6216510,3a9a31a5869375b25d259888892fd9e5b80c170b3a6c4e3bd1a4a406bc5e71df
/Game/_Art/Enemies/HeinMach/Humanoids/SwordShield/Meshes/SK_EN_SwordShield_U02_L02,SkeletalMesh,HeinMach/Humanoids/SwordShield,Content/_Art/Enemies/HeinMach/Humanoids/SwordShield/Meshes/SK_EN_SwordShield_U02_L02.uasset,7978126,a38b0d799d038c122ffe442581805f1bdcf957a813a4c6f70cd7b4e036a7651e
/Game/_Art/Enemies/HeinMach/Humanoids/Swordsman/Animations/Playback/A_EN_PLAY_AC_EmpSwd_DamageGrapple_Atk_B_01,AnimSequence,HeinMach/Humanoids/Swordsman,Content/_Art/Enemies/HeinMach/Humanoids/Swordsman/Animations/Playback/A_EN_PLAY_AC_EmpSwd_DamageGrapple_Atk_B_01.uasset,430649,cdb45272c0e409edd0e4e24dff95b3c2e9b06008928706f0dd564b66adb0f09d
/Game/_Art/Enemies/HeinMach/Humanoids/Swordsman/Animations/Playback/A_EN_PLAY_AC_EmpSwd_DamageGrapple_Atk_B_02,AnimSequence,HeinMach/Humanoids/Swordsman,Content/_Art/Enemies/HeinMach/Humanoids/Swordsman/Animations/Playback/A_EN_PLAY_AC_EmpSwd_DamageGrapple_Atk_B_02.uasset,685022,a04449019f31b1f286db0f7128377f391b662ef439c3ec120c2b8d76a21f9837
/Game/_Art/Enemies/HeinMach/Humanoids/Swordsman/Animations/Playback/A_EN_PLAY_AC_EmpireSword_Ballista_Attack,AnimSequence,HeinMach/Humanoids/Swordsman,Content/_Art/Enemies/HeinMach/Humanoids/Swordsman/Animations/Playback/A_EN_PLAY_AC_EmpireSword_Ballista_Attack.uasset,870552,36f5e8eee10796d641c62b2449841a3d2066a6be97c181c4797cef52f92a816f
/Game/_Art/Enemies/HeinMach/Humanoids/Swordsman/Animations/Playback/A_EN_PLAY_AC_EmpireSword_Ballista_HandBattle,AnimSequence,HeinMach/Humanoids/Swordsman,Content/_Art/Enemies/HeinMach/Humanoids/Swordsman/Animations/Playback/A_EN_PLAY_AC_EmpireSword_Ballista_HandBattle.uasset,532414,e78cd7657a8c48a3454f75575155d932c3ae2e2fa492573b8dda10fb0e805797
/Game/_Art/Enemies/HeinMach/Humanoids/Swordsman/Animations/Playback/A_EN_PLAY_AC_EmpireSword_Ballista_Idle,AnimSequence,HeinMach/Humanoids/Swordsman,Content/_Art/Enemies/HeinMach/Humanoids/Swordsman/Animations/Playback/A_EN_PLAY_AC_EmpireSword_Ballista_Idle.uasset,434154,69dcf7ad5e9ec62f9e32d370bc6e0b05fd2772c064de18fa505428b0305fbcd4
/Game/_Art/Enemies/HeinMach/Humanoids/Swordsman/Animations/Playback/A_EN_PLAY_AC_EmpireSword_Ballista_Loop,AnimSequence,HeinMach/Humanoids/Swordsman,Content/_Art/Enemies/HeinMach/Humanoids/Swordsman/Animations/Playback/A_EN_PLAY_AC_EmpireSword_Ballista_Loop.uasset,409374,b9b4e519873c845ebf59a0fcdb993ed1b67093a855b137ddc965d6d45201316d
/Game/_Art/Enemies/HeinMach/Humanoids/Swordsman/Animations/Playback/A_EN_PLAY_AC_EmpireSword_Ballista_Reload,AnimSequence,HeinMach/Humanoids/Swordsman,Content/_Art/Enemies/HeinMach/Humanoids/Swordsman/Animations/Playback/A_EN_PLAY_AC_EmpireSword_Ballista_Reload.uasset,1706677,61141ac0a5cbc4243a06b7795e0e4027400fa8ff5a90092cde97b309e7f7aeee
/Game/_Art/Enemies/HeinMach/Humanoids/Swordsman/Animations/Playback/A_EN_PLAY_AC_EmpireSword_Basic_ChairSit_End_01,AnimSequence,HeinMach/Humanoids/Swordsman,Content/_Art/Enemies/HeinMach/Humanoids/Swordsman/Animations/Playback/A_EN_PLAY_AC_EmpireSword_Basic_ChairSit_End_01.uasset,873560,d39e072aa954fd04d624befe1d6ad65ac1ea7194715d79c41ad2608dc69f9b9a
/Game/_Art/Enemies/HeinMach/Humanoids/Swordsman/Animations/Playback/A_EN_PLAY_AC_EmpireSword_Basic_ChairSit_End_02,AnimSequence,HeinMach/Humanoids/Swordsman,Content/_Art/Enemies/HeinMach/Humanoids/Swordsman/Animations/Playback/A_EN_PLAY_AC_EmpireSword_Basic_ChairSit_End_02.uasset,512064,863dd4a02df65e78936c030f7fa39404872f3c0be3e372f4696a50bfda15b3e2
/Game/_Art/Enemies/HeinMach/Humanoids/Swordsman/Animations/Playback/A_EN_PLAY_AC_EmpireSword_Basic_ChairSit_Loop_01,AnimSequence,HeinMach/Humanoids/Swordsman,Content/_Art/Enemies/HeinMach/Humanoids/Swordsman/Animations/Playback/A_EN_PLAY_AC_EmpireSword_Basic_ChairSit_Loop_01.uasset,1261378,45286bee218323264d5809d51037fca5115ab06374d98ce128c1518f098eb16a
/Game/_Art/Enemies/HeinMach/Humanoids/Swordsman/Animations/Playback/A_EN_PLAY_AC_EmpireSword_Basic_ChairSit_Loop_02,AnimSequence,HeinMach/Humanoids/Swordsman,Content/_Art/Enemies/HeinMach/Humanoids/Swordsman/Animations/Playback/A_EN_PLAY_AC_EmpireSword_Basic_ChairSit_Loop_02.uasset,1086769,94b24faadf82b91528c9f6fe73f469394487b5da4fba13a44eaa92a7307c9dbb
/Game/_Art/Enemies/HeinMach/Humanoids/Swordsman/Animations/Playback/A_EN_PLAY_AC_EmpireSword_Basic_Coward_Loop_01,AnimSequence,HeinMach/Humanoids/Swordsman,Content/_Art/Enemies/HeinMach/Humanoids/Swordsman/Animations/Playback/A_EN_PLAY_AC_EmpireSword_Basic_Coward_Loop_01.uasset,2257667,6b21e292e3be4b4eb71deb2ea9a872a60da3123d24b2a3557712ee49ff8e8b8b
/Game/_Art/Enemies/HeinMach/Humanoids/Swordsman/Animations/Playback/A_EN_PLAY_AC_EmpireSword_Basic_End_01,AnimSequence,HeinMach/Humanoids/Swordsman,Content/_Art/Enemies/HeinMach/Humanoids/Swordsman/Animations/Playback/A_EN_PLAY_AC_EmpireSword_Basic_End_01.uasset,436985,ac8b5a434f8b28e7a9d45f1beb9ead29c126ff74757520d349da08ddcdf20991
/Game/_Art/Enemies/HeinMach/Humanoids/Swordsman/Animations/Playback/A_EN_PLAY_AC_EmpireSword_Basic_End_02,AnimSequence,HeinMach/Humanoids/Swordsman,Content/_Art/Enemies/HeinMach/Humanoids/Swordsman/Animations/Playback/A_EN_PLAY_AC_EmpireSword_Basic_End_02.uasset,442291,81b03fb50860a1a512c3315aa6ab704da5bf57570b7b0f3b939e29e49aa03d4f
/Game/_Art/Enemies/HeinMach/Humanoids/Swordsman/Animations/Playback/A_EN_PLAY_AC_EmpireSword_Basic_End_03,AnimSequence,HeinMach/Humanoids/Swordsman,Content/_Art/Enemies/HeinMach/Humanoids/Swordsman/Animations/Playback/A_EN_PLAY_AC_EmpireSword_Basic_End_03.uasset,531773,cfdf15a60e00db624331d276cbf2e36b5284e35124eca13efd34510fc85d53ed
/Game/_Art/Enemies/HeinMach/Humanoids/Swordsman/Animations/Playback/A_EN_PLAY_AC_EmpireSword_Basic_End_04,AnimSequence,HeinMach/Humanoids/Swordsman,Content/_Art/Enemies/HeinMach/Humanoids/Swordsman/Animations/Playback/A_EN_PLAY_AC_EmpireSword_Basic_End_04.uasset,442267,79b5b05f62195d0f27c93d7022c79ee02e503a9fb03e82ce3a38b9d7c7f34c85
/Game/_Art/Enemies/HeinMach/Humanoids/Swordsman/Animations/Playback/A_EN_PLAY_AC_EmpireSword_Basic_End_05,AnimSequence,HeinMach/Humanoids/Swordsman,Content/_Art/Enemies/HeinMach/Humanoids/Swordsman/Animations/Playback/A_EN_PLAY_AC_EmpireSword_Basic_End_05.uasset,452823,71416f1354fa71f3eb7e0ad4980feaee10eec4363a519400419456db344ac49c
/Game/_Art/Enemies/HeinMach/Humanoids/Swordsman/Animations/Playback/A_EN_PLAY_AC_EmpireSword_Basic_End_06,AnimSequence,HeinMach/Humanoids/Swordsman,Content/_Art/Enemies/HeinMach/Humanoids/Swordsman/Animations/Playback/A_EN_PLAY_AC_EmpireSword_Basic_End_06.uasset,757680,e851f96cad9e3d0b7441872e1cca7651627b3228807e866fcd1ec879e237fa22
/Game/_Art/Enemies/HeinMach/Humanoids/Swordsman/Animations/Playback/A_EN_PLAY_AC_EmpireSword_Basic_Guard_End_01,AnimSequence,HeinMach/Humanoids/Swordsman,Content/_Art/Enemies/HeinMach/Humanoids/Swordsman/Animations/Playback/A_EN_PLAY_AC_EmpireSword_Basic_Guard_End_01.uasset,499440,9665e4c063b0749509aa35186b0f93a18fe49125fb5a4c3450b2fd707a3d312f
/Game/_Art/Enemies/HeinMach/Humanoids/Swordsman/Animations/Playback/A_EN_PLAY_AC_EmpireSword_Basic_Guard_Loop_01,AnimSequence,HeinMach/Humanoids/Swordsman,Content/_Art/Enemies/HeinMach/Humanoids/Swordsman/Animations/Playback/A_EN_PLAY_AC_EmpireSword_Basic_Guard_Loop_01.uasset,2425842,d68cb8ecc3768a8727029979be9165fc4961b04322e39d9155f1cb1d1ab78f46
/Game/_Art/Enemies/HeinMach/Humanoids/Swordsman/Animations/Playback/A_EN_PLAY_AC_EmpireSword_Basic_Loop_01,AnimSequence,HeinMach/Humanoids/Swordsman,Content/_Art/Enemies/HeinMach/Humanoids/Swordsman/Animations/Playback/A_EN_PLAY_AC_EmpireSword_Basic_Loop_01.uasset,1538806,042687bd7075b6afb888416e13a51f57d69b2211cecb14bdbe4bc1d5aea4f135
/Game/_Art/Enemies/HeinMach/Humanoids/Swordsman/Animations/Playback/A_EN_PLAY_AC_EmpireSword_Basic_Loop_02,AnimSequence,HeinMach/Humanoids/Swordsman,Content/_Art/Enemies/HeinMach/Humanoids/Swordsman/Animations/Playback/A_EN_PLAY_AC_EmpireSword_Basic_Loop_02.uasset,1782133,6b110c1c519d83d8a1a72a3f8f758a1933c0436db8059841b86d60725eb915f0
/Game/_Art/Enemies/HeinMach/Humanoids/Swordsman/Animations/Playback/A_EN_PLAY_AC_EmpireSword_Basic_Loop_03,AnimSequence,HeinMach/Humanoids/Swordsman,Content/_Art/Enemies/HeinMach/Humanoids/Swordsman/Animations/Playback/A_EN_PLAY_AC_EmpireSword_Basic_Loop_03.uasset,2309744,4bac578fdc2ae8f0d36d3183ea2c1e3c62af56d8e815463a7f747ba14b93a8f1
/Game/_Art/Enemies/HeinMach/Humanoids/Swordsman/Animations/Playback/A_EN_PLAY_AC_EmpireSword_Basic_Loop_04,AnimSequence,HeinMach/Humanoids/Swordsman,Content/_Art/Enemies/HeinMach/Humanoids/Swordsman/Animations/Playback/A_EN_PLAY_AC_EmpireSword_Basic_Loop_04.uasset,1525634,c3564ed24878c8201cc47a0b18b3133991c8ad2f17c53c37e6bf4173c0a1b062
/Game/_Art/Enemies/HeinMach/Humanoids/Swordsman/Animations/Playback/A_EN_PLAY_AC_EmpireSword_Basic_Loop_05,AnimSequence,HeinMach/Humanoids/Swordsman,Content/_Art/Enemies/HeinMach/Humanoids/Swordsman/Animations/Playback/A_EN_PLAY_AC_EmpireSword_Basic_Loop_05.uasset,2364134,e2958e5f1c7e54fe3c7fd6d644bd281f411d83972de2d25205edb38525333595
/Game/_Art/Enemies/HeinMach/Humanoids/Swordsman/Animations/Playback/A_EN_PLAY_AC_EmpireSword_Basic_Loop_06,AnimSequence,HeinMach/Humanoids/Swordsman,Content/_Art/Enemies/HeinMach/Humanoids/Swordsman/Animations/Playback/A_EN_PLAY_AC_EmpireSword_Basic_Loop_06.uasset,1605112,5c3b66ad88c257a52a2cb69164f5bfb2d9d23af3574b0eccea315646ab2611c4
/Game/_Art/Enemies/HeinMach/Humanoids/Swordsman/Animations/Playback/A_EN_PLAY_AC_EmpireSword_Basic_Search_End_01,AnimSequence,HeinMach/Humanoids/Swordsman,Content/_Art/Enemies/HeinMach/Humanoids/Swordsman/Animations/Playback/A_EN_PLAY_AC_EmpireSword_Basic_Search_End_01.uasset,636298,e5ee5522c46edf4b3a10053c5c81761a8ada9e92662b49f87cc7950cef09fe82
/Game/_Art/Enemies/HeinMach/Humanoids/Swordsman/Animations/Playback/A_EN_PLAY_AC_EmpireSword_Basic_Search_Loop_01,AnimSequence,HeinMach/Humanoids/Swordsman,Content/_Art/Enemies/HeinMach/Humanoids/Swordsman/Animations/Playback/A_EN_PLAY_AC_EmpireSword_Basic_Search_Loop_01.uasset,1431791,dc4f493675f61c7faee8e423a21cab6e16053e6df5e3562709e21e1365e44b5c
/Game/_Art/Enemies/HeinMach/Humanoids/Swordsman/Animations/Playback/A_EN_PLAY_AC_EmpireSword_Basic_Sit_End_01,AnimSequence,HeinMach/Humanoids/Swordsman,Content/_Art/Enemies/HeinMach/Humanoids/Swordsman/Animations/Playback/A_EN_PLAY_AC_EmpireSword_Basic_Sit_End_01.uasset,641134,51bacb0671a9f2b5c7acbb02442fb6a15284c8b1150243623c4bdfc536d28a38
/Game/_Art/Enemies/HeinMach/Humanoids/Swordsman/Animations/Playback/A_EN_PLAY_AC_EmpireSword_Basic_Sit_End_02,AnimSequence,HeinMach/Humanoids/Swordsman,Content/_Art/Enemies/HeinMach/Humanoids/Swordsman/Animations/Playback/A_EN_PLAY_AC_EmpireSword_Basic_Sit_End_02.uasset,666759,03f979948bf031959f9e0750f32b2f3c3eee11b742035d6263b1b3073990586f
/Game/_Art/Enemies/HeinMach/Humanoids/Swordsman/Animations/Playback/A_EN_PLAY_AC_EmpireSword_Basic_Sit_End_03,AnimSequence,HeinMach/Humanoids/Swordsman,Content/_Art/Enemies/HeinMach/Humanoids/Swordsman/Animations/Playback/A_EN_PLAY_AC_EmpireSword_Basic_Sit_End_03.uasset,630966,89ab11f9ee2e2e372960e506988d0871f2bd9833904025189989c159ab691a10
/Game/_Art/Enemies/HeinMach/Humanoids/Swordsman/Animations/Playback/A_EN_PLAY_AC_EmpireSword_Basic_Sit_End_04,AnimSequence,HeinMach/Humanoids/Swordsman,Content/_Art/Enemies/HeinMach/Humanoids/Swordsman/Animations/Playback/A_EN_PLAY_AC_EmpireSword_Basic_Sit_End_04.uasset,540035,e0a5f0a7ad56d6c7eeb90f3c4b9d3aaf61e08f288098fc887e7739731069fdcf
/Game/_Art/Enemies/HeinMach/Humanoids/Swordsman/Animations/Playback/A_EN_PLAY_AC_EmpireSword_Basic_Sit_Loop_01,AnimSequence,HeinMach/Humanoids/Swordsman,Content/_Art/Enemies/HeinMach/Humanoids/Swordsman/Animations/Playback/A_EN_PLAY_AC_EmpireSword_Basic_Sit_Loop_01.uasset,1122458,88e651517f2942e3e65d2e3606c384d320d5adc0d941f9184657d335c50419cf
/Game/_Art/Enemies/HeinMach/Humanoids/Swordsman/Animations/Playback/A_EN_PLAY_AC_EmpireSword_Basic_Sit_Loop_02,AnimSequence,HeinMach/Humanoids/Swordsman,Content/_Art/Enemies/HeinMach/Humanoids/Swordsman/Animations/Playback/A_EN_PLAY_AC_EmpireSword_Basic_Sit_Loop_02.uasset,989552,50d322cce0962aea3181617be2f160dcba7b5f5e4ae2de178548e9152cf9655d
/Game/_Art/Enemies/HeinMach/Humanoids/Swordsman/Animations/Playback/A_EN_PLAY_AC_EmpireSword_Basic_Sit_Loop_03,AnimSequence,HeinMach/Humanoids/Swordsman,Content/_Art/Enemies/HeinMach/Humanoids/Swordsman/Animations/Playback/A_EN_PLAY_AC_EmpireSword_Basic_Sit_Loop_03.uasset,1105248,7699d3312045ba6ba41babbb904822902147f8647b3e86de48d63677785bee8c
/Game/_Art/Enemies/HeinMach/Humanoids/Swordsman/Animations/Playback/A_EN_PLAY_AC_EmpireSword_Basic_Sit_Loop_04,AnimSequence,HeinMach/Humanoids/Swordsman,Content/_Art/Enemies/HeinMach/Humanoids/Swordsman/Animations/Playback/A_EN_PLAY_AC_EmpireSword_Basic_Sit_Loop_04.uasset,1623635,07b63ea091e07a90aded0e85d761e0337c566965eae2355daa51f79b53422c5a
/Game/_Art/Enemies/HeinMach/Humanoids/Swordsman/Animations/Playback/A_EN_PLAY_AC_EmpireSword_Basic_Talk_End_01,AnimSequence,HeinMach/Humanoids/Swordsman,Content/_Art/Enemies/HeinMach/Humanoids/Swordsman/Animations/Playback/A_EN_PLAY_AC_EmpireSword_Basic_Talk_End_01.uasset,451130,3a5c514d9da56ed22cf8515d59e2776a122a5f0c1f071fe051402cfa3ff7058d
/Game/_Art/Enemies/HeinMach/Humanoids/Swordsman/Animations/Playback/A_EN_PLAY_AC_EmpireSword_Basic_Talk_End_02,AnimSequence,HeinMach/Humanoids/Swordsman,Content/_Art/Enemies/HeinMach/Humanoids/Swordsman/Animations/Playback/A_EN_PLAY_AC_EmpireSword_Basic_Talk_End_02.uasset,442312,a624e66c3232c58df6bc3ffc4238e9a2bb36af7d20115db1d5a49d63ba061804
/Game/_Art/Enemies/HeinMach/Humanoids/Swordsman/Animations/Playback/A_EN_PLAY_AC_EmpireSword_Basic_Talk_Loop_01,AnimSequence,HeinMach/Humanoids/Swordsman,Content/_Art/Enemies/HeinMach/Humanoids/Swordsman/Animations/Playback/A_EN_PLAY_AC_EmpireSword_Basic_Talk_Loop_01.uasset,1981182,0ff6889c5c6f54704949f3ef6cbc6a5284ef5c026e36fa9d68c56deb16cd22a4
/Game/_Art/Enemies/HeinMach/Humanoids/Swordsman/Animations/Playback/A_EN_PLAY_AC_EmpireSword_Basic_Talk_Loop_02,AnimSequence,HeinMach/Humanoids/Swordsman,Content/_Art/Enemies/HeinMach/Humanoids/Swordsman/Animations/Playback/A_EN_PLAY_AC_EmpireSword_Basic_Talk_Loop_02.uasset,1429529,f3ca72ae26ddb0c80fc0d14503b5f695d529bb5f737b2507f723ddeb337cf109
/Game/_Art/Enemies/HeinMach/Humanoids/Swordsman/Animations/Playback/A_EN_PLAY_AC_EmpireSword_Basic_Training_End_01,AnimSequence,HeinMach/Humanoids/Swordsman,Content/_Art/Enemies/HeinMach/Humanoids/Swordsman/Animations/Playback/A_EN_PLAY_AC_EmpireSword_Basic_Training_End_01.uasset,527812,8c367cbc53664120f8dcbdbaba3b385b80eeae317c6865b95565cda6060bdad4
/Game/_Art/Enemies/HeinMach/Humanoids/Swordsman/Animations/Playback/A_EN_PLAY_AC_EmpireSword_Basic_Training_End_02,AnimSequence,HeinMach/Humanoids/Swordsman,Content/_Art/Enemies/HeinMach/Humanoids/Swordsman/Animations/Playback/A_EN_PLAY_AC_EmpireSword_Basic_Training_End_02.uasset,537356,12dbc46e754e2ac92c84bc79208880ab7120f9dc0600daa2ddd939559345194e
/Game/_Art/Enemies/HeinMach/Humanoids/Swordsman/Animations/Playback/A_EN_PLAY_AC_EmpireSword_Basic_Training_Loop_01,AnimSequence,HeinMach/Humanoids/Swordsman,Content/_Art/Enemies/HeinMach/Humanoids/Swordsman/Animations/Playback/A_EN_PLAY_AC_EmpireSword_Basic_Training_Loop_01.uasset,2415889,b89e807f39d03bf3b86a3d9227e6082d159dba3f0955ba3adce8d7a51768207b
/Game/_Art/Enemies/HeinMach/Humanoids/Swordsman/Animations/Playback/A_EN_PLAY_AC_EmpireSword_Basic_Training_Loop_02,AnimSequence,HeinMach/Humanoids/Swordsman,Content/_Art/Enemies/HeinMach/Humanoids/Swordsman/Animations/Playback/A_EN_PLAY_AC_EmpireSword_Basic_Training_Loop_02.uasset,2243982,dfd49f3aeb9d23c3954c066fbef19f06964ecc4575c2736d08adc018b572e473
/Game/_Art/Enemies/HeinMach/Humanoids/Swordsman/Animations/Playback/A_EN_PLAY_AC_EmpireSword_ClimbingWall_Down_End,AnimSequence,HeinMach/Humanoids/Swordsman,Content/_Art/Enemies/HeinMach/Humanoids/Swordsman/Animations/Playback/A_EN_PLAY_AC_EmpireSword_ClimbingWall_Down_End.uasset,402161,329921d5c12187b864df98c106df4e7930b2939392d216927ba4489fc5a8460f
/Game/_Art/Enemies/HeinMach/Humanoids/Swordsman/Animations/Playback/A_EN_PLAY_AC_EmpireSword_ClimbingWall_Down_L,AnimSequence,HeinMach/Humanoids/Swordsman,Content/_Art/Enemies/HeinMach/Humanoids/Swordsman/Animations/Playback/A_EN_PLAY_AC_EmpireSword_ClimbingWall_Down_L.uasset,298491,fa137b3190dc3098bbedc936a0c56426a0c6e1a11a04909167e54cbd92622dda
/Game/_Art/Enemies/HeinMach/Humanoids/Swordsman/Animations/Playback/A_EN_PLAY_AC_EmpireSword_ClimbingWall_Down_R,AnimSequence,HeinMach/Humanoids/Swordsman,Content/_Art/Enemies/HeinMach/Humanoids/Swordsman/Animations/Playback/A_EN_PLAY_AC_EmpireSword_ClimbingWall_Down_R.uasset,282045,6e17ae507b236de09a8e445a5a9a18ac992c9df9e57c763ab28bc31afa15a012
/Game/_Art/Enemies/HeinMach/Humanoids/Swordsman/Animations/Playback/A_EN_PLAY_AC_EmpireSword_ClimbingWall_Down_Start,AnimSequence,HeinMach/Humanoids/Swordsman,Content/_Art/Enemies/HeinMach/Humanoids/Swordsman/Animations/Playback/A_EN_PLAY_AC_EmpireSword_ClimbingWall_Down_Start.uasset,395775,ba5a564b9ea53f89f3b9d1297f920038b71b54b12d3fec4f6245ed77b310bf67
/Game/_Art/Enemies/HeinMach/Humanoids/Swordsman/Animations/Playback/A_EN_PLAY_AC_EmpireSword_ClimbingWall_Loop_L_Idle,AnimSequence,HeinMach/Humanoids/Swordsman,Content/_Art/Enemies/HeinMach/Humanoids/Swordsman/Animations/Playback/A_EN_PLAY_AC_EmpireSword_ClimbingWall_Loop_L_Idle.uasset,377720,ecd9833cc3bbf9ce7c8f9e5f50a17c189ac8672c83ca0abff91d52f128033ff1
/Game/_Art/Enemies/HeinMach/Humanoids/Swordsman/Animations/Playback/A_EN_PLAY_AC_EmpireSword_ClimbingWall_Loop_R_Idle,AnimSequence,HeinMach/Humanoids/Swordsman,Content/_Art/Enemies/HeinMach/Humanoids/Swordsman/Animations/Playback/A_EN_PLAY_AC_EmpireSword_ClimbingWall_Loop_R_Idle.uasset,382457,7fa475391c40e882fe23b96ef7ba81e1394d20a72e27ff86609c0627fd3059c1
/Game/_Art/Enemies/HeinMach/Humanoids/Swordsman/Animations/Playback/A_EN_PLAY_AC_EmpireSword_ClimbingWall_Up_End,AnimSequence,HeinMach/Humanoids/Swordsman,Content/_Art/Enemies/HeinMach/Humanoids/Swordsman/Animations/Playback/A_EN_PLAY_AC_EmpireSword_ClimbingWall_Up_End.uasset,547428,f1d98d7b9274921c3feb97f6a1e19278849d79324e37028c83e40da70559c8df
/Game/_Art/Enemies/HeinMach/Humanoids/Swordsman/Animations/Playback/A_EN_PLAY_AC_EmpireSword_ClimbingWall_Up_L,AnimSequence,HeinMach/Humanoids/Swordsman,Content/_Art/Enemies/HeinMach/Humanoids/Swordsman/Animations/Playback/A_EN_PLAY_AC_EmpireSword_ClimbingWall_Up_L.uasset,270602,406718f72bfea839808aea15d69732279e2ef0c45789dd392f9d27b5d719fa79
/Game/_Art/Enemies/HeinMach/Humanoids/Swordsman/Animations/Playback/A_EN_PLAY_AC_EmpireSword_ClimbingWall_Up_R,AnimSequence,HeinMach/Humanoids/Swordsman,Content/_Art/Enemies/HeinMach/Humanoids/Swordsman/Animations/Playback/A_EN_PLAY_AC_EmpireSword_ClimbingWall_Up_R.uasset,271191,d16b2a8398ab6d993967283f62945b946354c916ae3623f804aa3812dafd553c
/Game/_Art/Enemies/HeinMach/Humanoids/Swordsman/Animations/Playback/A_EN_PLAY_AC_EmpireSword_ClimbingWall_Up_Start,AnimSequence,HeinMach/Humanoids/Swordsman,Content/_Art/Enemies/HeinMach/Humanoids/Swordsman/Animations/Playback/A_EN_PLAY_AC_EmpireSword_ClimbingWall_Up_Start.uasset,363466,06df379b0d563cc251f498166a806c409e52f1743a2f90334b958064e3a09435
/Game/_Art/Enemies/HeinMach/Humanoids/Swordsman/Animations/Playback/A_EN_PLAY_AC_EmpireSword_DamFinalBlow_Wraith,AnimSequence,HeinMach/Humanoids/Swordsman,Content/_Art/Enemies/HeinMach/Humanoids/Swordsman/Animations/Playback/A_EN_PLAY_AC_EmpireSword_DamFinalBlow_Wraith.uasset,491054,24780999546794675b4ec66bbf47bb3bb281c90bb03231e3eff62c3c381a4d5a
/Game/_Art/Enemies/HeinMach/Humanoids/Swordsman/Animations/Playback/A_EN_PLAY_AC_EmpireSword_DamageAir_B_Down,AnimSequence,HeinMach/Humanoids/Swordsman,Content/_Art/Enemies/HeinMach/Humanoids/Swordsman/Animations/Playback/A_EN_PLAY_AC_EmpireSword_DamageAir_B_Down.uasset,202503,649d492314be5333fa3530ffbadd63c8cc36eadeff945cd6f127cd739446356a
/Game/_Art/Enemies/HeinMach/Humanoids/Swordsman/Animations/Playback/A_EN_PLAY_AC_EmpireSword_DamageAir_B_Land,AnimSequence,HeinMach/Humanoids/Swordsman,Content/_Art/Enemies/HeinMach/Humanoids/Swordsman/Animations/Playback/A_EN_PLAY_AC_EmpireSword_DamageAir_B_Land.uasset,312322,da501e869953965a4c8033392d8a2222ff318045daff9832517fb77a20910c8b
/Game/_Art/Enemies/HeinMach/Humanoids/Swordsman/Animations/Playback/A_EN_PLAY_AC_EmpireSword_DamageAir_B_Peak,AnimSequence,HeinMach/Humanoids/Swordsman,Content/_Art/Enemies/HeinMach/Humanoids/Swordsman/Animations/Playback/A_EN_PLAY_AC_EmpireSword_DamageAir_B_Peak.uasset,197217,aa034d39ebfbdd66f3d9c4fa79fc52caa80aaf6e748a94732b309cebf63aef70
/Game/_Art/Enemies/HeinMach/Humanoids/Swordsman/Animations/Playback/A_EN_PLAY_AC_EmpireSword_DamageAir_B_Up,AnimSequence,HeinMach/Humanoids/Swordsman,Content/_Art/Enemies/HeinMach/Humanoids/Swordsman/Animations/Playback/A_EN_PLAY_AC_EmpireSword_DamageAir_B_Up.uasset,207281,c551ec71ad3c2d6bb6b9c0148008cc1ac2ce7f64dc9a5697ae23026dd0269fcf
/Game/_Art/Enemies/HeinMach/Humanoids/Swordsman/Animations/Playback/A_EN_PLAY_AC_EmpireSword_DamageAir_F_Down,AnimSequence,HeinMach/Humanoids/Swordsman,Content/_Art/Enemies/HeinMach/Humanoids/Swordsman/Animations/Playback/A_EN_PLAY_AC_EmpireSword_DamageAir_F_Down.uasset,201241,2a20411a52aa9a4633f9d61f22bcb9f57d7855be08f71ac49bf7aa95365c7e7d
/Game/_Art/Enemies/HeinMach/Humanoids/Swordsman/Animations/Playback/A_EN_PLAY_AC_EmpireSword_DamageAir_F_Land,AnimSequence,HeinMach/Humanoids/Swordsman,Content/_Art/Enemies/HeinMach/Humanoids/Swordsman/Animations/Playback/A_EN_PLAY_AC_EmpireSword_DamageAir_F_Land.uasset,305966,513faa849559bfc377ba7df5648bb56a405c33b9e32bb1ea0ca4edc15dac4de3
/Game/_Art/Enemies/HeinMach/Humanoids/Swordsman/Animations/Playback/A_EN_PLAY_AC_EmpireSword_DamageAir_F_Peak,AnimSequence,HeinMach/Humanoids/Swordsman,Content/_Art/Enemies/HeinMach/Humanoids/Swordsman/Animations/Playback/A_EN_PLAY_AC_EmpireSword_DamageAir_F_Peak.uasset,193811,b1a0ef9037441687b2464dbcf78b6657ff2020c6ac9fd520cfc1e3aef3430170
/Game/_Art/Enemies/HeinMach/Humanoids/Swordsman/Animations/Playback/A_EN_PLAY_AC_EmpireSword_DamageAir_F_Up,AnimSequence,HeinMach/Humanoids/Swordsman,Content/_Art/Enemies/HeinMach/Humanoids/Swordsman/Animations/Playback/A_EN_PLAY_AC_EmpireSword_DamageAir_F_Up.uasset,205928,469adf5c9260918a83b3d935f140bda4d218a429180639a55a4f4bb12151db94
/Game/_Art/Enemies/HeinMach/Humanoids/Swordsman/Animations/Playback/A_EN_PLAY_AC_EmpireSword_DamageDown_B,AnimSequence,HeinMach/Humanoids/Swordsman,Content/_Art/Enemies/HeinMach/Humanoids/Swordsman/Animations/Playback/A_EN_PLAY_AC_EmpireSword_DamageDown_B.uasset,267617,3509eaaa1b42599c51271ac57699b200cb93aab223e15cdf9dd48a2d5a622821
/Game/_Art/Enemies/HeinMach/Humanoids/Swordsman/Animations/Playback/A_EN_PLAY_AC_EmpireSword_DamageDown_F,AnimSequence,HeinMach/Humanoids/Swordsman,Content/_Art/Enemies/HeinMach/Humanoids/Swordsman/Animations/Playback/A_EN_PLAY_AC_EmpireSword_DamageDown_F.uasset,265970,bfad402635a8ff4e9e8867f400772b08af6d8b0ab2111fbc8c693f96751be3f7
/Game/_Art/Enemies/HeinMach/Humanoids/Swordsman/Animations/Playback/A_EN_PLAY_AC_EmpireSword_DamageGrapple_Atk_01,AnimSequence,HeinMach/Humanoids/Swordsman,Content/_Art/Enemies/HeinMach/Humanoids/Swordsman/Animations/Playback/A_EN_PLAY_AC_EmpireSword_DamageGrapple_Atk_01.uasset,296826,ddb3f33739bb83d875263d4c956b2b9c15038763a6d1def27d337937742cc9b4
/Game/_Art/Enemies/HeinMach/Humanoids/Swordsman/Animations/Playback/A_EN_PLAY_AC_EmpireSword_DamageGrapple_Atk_02,AnimSequence,HeinMach/Humanoids/Swordsman,Content/_Art/Enemies/HeinMach/Humanoids/Swordsman/Animations/Playback/A_EN_PLAY_AC_EmpireSword_DamageGrapple_Atk_02.uasset,322830,474f8172f85a46f15774df94990fcde1ef9b30196d5fbc850c1ed25e1122f237
/Game/_Art/Enemies/HeinMach/Humanoids/Swordsman/Animations/Playback/A_EN_PLAY_AC_EmpireSword_DamageNormal_D_B,AnimSequence,HeinMach/Humanoids/Swordsman,Content/_Art/Enemies/HeinMach/Humanoids/Swordsman/Animations/Playback/A_EN_PLAY_AC_EmpireSword_DamageNormal_D_B.uasset,488535,fb6bda6da6050768358ddb4e95e0322c9bf3798dc8426a0a8169245691e65374
/Game/_Art/Enemies/HeinMach/Humanoids/Swordsman/Animations/Playback/A_EN_PLAY_AC_EmpireSword_DamageNormal_D_F,AnimSequence,HeinMach/Humanoids/Swordsman,Content/_Art/Enemies/HeinMach/Humanoids/Swordsman/Animations/Playback/A_EN_PLAY_AC_EmpireSword_DamageNormal_D_F.uasset,235334,ad036c783aab1ce4d25305fb19661998034683b711655c9ee2055a9893d811d5
/Game/_Art/Enemies/HeinMach/Humanoids/Swordsman/Animations/Playback/A_EN_PLAY_AC_EmpireSword_DamageNormal_D_F_2,AnimSequence,HeinMach/Humanoids/Swordsman,Content/_Art/Enemies/HeinMach/Humanoids/Swordsman/Animations/Playback/A_EN_PLAY_AC_EmpireSword_DamageNormal_D_F_2.uasset,298815,c7f88947165c3ac602ed3df3edc228bb1eb84bc3ae692eaebb497dd3842c7be8
/Game/_Art/Enemies/HeinMach/Humanoids/Swordsman/Animations/Playback/A_EN_PLAY_AC_EmpireSword_DamageNormal_L_F,AnimSequence,HeinMach/Humanoids/Swordsman,Content/_Art/Enemies/HeinMach/Humanoids/Swordsman/Animations/Playback/A_EN_PLAY_AC_EmpireSword_DamageNormal_L_F.uasset,236730,4f9d1b90561db88dfc84f7234cbb4d50aa4530c4ff0ebf7212bdad4e2ee2ebac
/Game/_Art/Enemies/HeinMach/Humanoids/Swordsman/Animations/Playback/A_EN_PLAY_AC_EmpireSword_DamageNormal_L_F_2,AnimSequence,HeinMach/Humanoids/Swordsman,Content/_Art/Enemies/HeinMach/Humanoids/Swordsman/Animations/Playback/A_EN_PLAY_AC_EmpireSword_DamageNormal_L_F_2.uasset,276706,494cc71091e27ba6cd9fceb3295ff0ea8e52acc4efd0915e908ee3504844ebb3
/Game/_Art/Enemies/HeinMach/Humanoids/Swordsman/Animations/Playback/A_EN_PLAY_AC_EmpireSword_DamageNormal_R_F,AnimSequence,HeinMach/Humanoids/Swordsman,Content/_Art/Enemies/HeinMach/Humanoids/Swordsman/Animations/Playback/A_EN_PLAY_AC_EmpireSword_DamageNormal_R_F.uasset,257883,a363a1b13f4f42002869d9d87038c6038ce9c6bede5545644a29074e8032f912
/Game/_Art/Enemies/HeinMach/Humanoids/Swordsman/Animations/Playback/A_EN_PLAY_AC_EmpireSword_DamageNormal_R_F_2,AnimSequence,HeinMach/Humanoids/Swordsman,Content/_Art/Enemies/HeinMach/Humanoids/Swordsman/Animations/Playback/A_EN_PLAY_AC_EmpireSword_DamageNormal_R_F_2.uasset,266995,6922524889a2ff7abdb412dfa7ebd2dc79725b7e37a5f2c6e067ea619d6e645f
/Game/_Art/Enemies/HeinMach/Humanoids/Swordsman/Animations/Playback/A_EN_PLAY_AC_EmpireSword_DamageNormal_U_B,AnimSequence,HeinMach/Humanoids/Swordsman,Content/_Art/Enemies/HeinMach/Humanoids/Swordsman/Animations/Playback/A_EN_PLAY_AC_EmpireSword_DamageNormal_U_B.uasset,491810,20b15baa5dd1deb0f9cee8eff13660ddec7086a1b77f51a4834b41344b7c028f
/Game/_Art/Enemies/HeinMach/Humanoids/Swordsman/Animations/Playback/A_EN_PLAY_AC_EmpireSword_DamageNormal_U_F,AnimSequence,HeinMach/Humanoids/Swordsman,Content/_Art/Enemies/HeinMach/Humanoids/Swordsman/Animations/Playback/A_EN_PLAY_AC_EmpireSword_DamageNormal_U_F.uasset,233147,ec357f768ed4b4b5ab0a86342aa58c2ac0974abdbe543f5c8dd6a9f1de9c0669
/Game/_Art/Enemies/HeinMach/Humanoids/Swordsman/Animations/Playback/A_EN_PLAY_AC_EmpireSword_DamageNormal_U_F_2,AnimSequence,HeinMach/Humanoids/Swordsman,Content/_Art/Enemies/HeinMach/Humanoids/Swordsman/Animations/Playback/A_EN_PLAY_AC_EmpireSword_DamageNormal_U_F_2.uasset,264200,3680e700e1a26a4a26c2d44171fa65e10b37525bb57b105e8a47cdfd0bc6f8b7
/Game/_Art/Enemies/HeinMach/Humanoids/Swordsman/Animations/Playback/A_EN_PLAY_AC_EmpireSword_DamageStrong_D_F,AnimSequence,HeinMach/Humanoids/Swordsman,Content/_Art/Enemies/HeinMach/Humanoids/Swordsman/Animations/Playback/A_EN_PLAY_AC_EmpireSword_DamageStrong_D_F.uasset,267771,2b5e09bd2310f6189c9969fc58a4162b3d7c366c6598f7e88ef4c0c234c6fa35
/Game/_Art/Enemies/HeinMach/Humanoids/Swordsman/Animations/Playback/A_EN_PLAY_AC_EmpireSword_DamageStrong_D_F_2,AnimSequence,HeinMach/Humanoids/Swordsman,Content/_Art/Enemies/HeinMach/Humanoids/Swordsman/Animations/Playback/A_EN_PLAY_AC_EmpireSword_DamageStrong_D_F_2.uasset,361552,bc3b3b41ba5e6191d4c31bd7911885e744df37cdfa2c3afb5e46be8f4aa4fc46
/Game/_Art/Enemies/HeinMach/Humanoids/Swordsman/Animations/Playback/A_EN_PLAY_AC_EmpireSword_DamageStrong_L_F,AnimSequence,HeinMach/Humanoids/Swordsman,Content/_Art/Enemies/HeinMach/Humanoids/Swordsman/Animations/Playback/A_EN_PLAY_AC_EmpireSword_DamageStrong_L_F.uasset,336874,ead7212c88ac33191c34f127ed14360f675c1edf554c1d5859af0d4a71c87f45
/Game/_Art/Enemies/HeinMach/Humanoids/Swordsman/Animations/Playback/A_EN_PLAY_AC_EmpireSword_DamageStrong_L_F_2,AnimSequence,HeinMach/Humanoids/Swordsman,Content/_Art/Enemies/HeinMach/Humanoids/Swordsman/Animations/Playback/A_EN_PLAY_AC_EmpireSword_DamageStrong_L_F_2.uasset,391079,74095bdf716a969c444cd75cf04229d76d85bb0ff93f8ac67a1a9c2f1011d9a3
/Game/_Art/Enemies/HeinMach/Humanoids/Swordsman/Animations/Playback/A_EN_PLAY_AC_EmpireSword_DamageStrong_R_F,AnimSequence,HeinMach/Humanoids/Swordsman,Content/_Art/Enemies/HeinMach/Humanoids/Swordsman/Animations/Playback/A_EN_PLAY_AC_EmpireSword_DamageStrong_R_F.uasset,271170,8d81be591884ba4a4dd4f4d72f450216f60f6a8480cbe0a3c4f0999ea7aaab72
/Game/_Art/Enemies/HeinMach/Humanoids/Swordsman/Animations/Playback/A_EN_PLAY_AC_EmpireSword_DamageStrong_R_F_2,AnimSequence,HeinMach/Humanoids/Swordsman,Content/_Art/Enemies/HeinMach/Humanoids/Swordsman/Animations/Playback/A_EN_PLAY_AC_EmpireSword_DamageStrong_R_F_2.uasset,316841,9e5c6d9f495c72e5674eb4b5050eede4f42e1dfdd2ea01245d922468069cc720
/Game/_Art/Enemies/HeinMach/Humanoids/Swordsman/Animations/Playback/A_EN_PLAY_AC_EmpireSword_DamageStrong_U_F,AnimSequence,HeinMach/Humanoids/Swordsman,Content/_Art/Enemies/HeinMach/Humanoids/Swordsman/Animations/Playback/A_EN_PLAY_AC_EmpireSword_DamageStrong_U_F.uasset,274421,5d6a466ba69d4443fe05f6879988808d691249acecc39663d43bc1dedfb9aa60
/Game/_Art/Enemies/HeinMach/Humanoids/Swordsman/Animations/Playback/A_EN_PLAY_AC_EmpireSword_DamageStrong_U_F_2,AnimSequence,HeinMach/Humanoids/Swordsman,Content/_Art/Enemies/HeinMach/Humanoids/Swordsman/Animations/Playback/A_EN_PLAY_AC_EmpireSword_DamageStrong_U_F_2.uasset,318982,badf4b949bd2d2ffffe402038bcd6f574a307ce310b5d154e9ea8234e7595909
/Game/_Art/Enemies/HeinMach/Humanoids/Swordsman/Animations/Playback/A_EN_PLAY_AC_EmpireSword_DamageWeak_D_F,AnimSequence,HeinMach/Humanoids/Swordsman,Content/_Art/Enemies/HeinMach/Humanoids/Swordsman/Animations/Playback/A_EN_PLAY_AC_EmpireSword_DamageWeak_D_F.uasset,211266,660a2f34ac01c41bb001479543935de5f1dc8e199d83aceca1254654966bedbc
/Game/_Art/Enemies/HeinMach/Humanoids/Swordsman/Animations/Playback/A_EN_PLAY_AC_EmpireSword_DamageWeak_L_F,AnimSequence,HeinMach/Humanoids/Swordsman,Content/_Art/Enemies/HeinMach/Humanoids/Swordsman/Animations/Playback/A_EN_PLAY_AC_EmpireSword_DamageWeak_L_F.uasset,214228,1b70cd23709cc7841da9b298c97c6060b80a95934eac9ccbe8850f97b933aad3
/Game/_Art/Enemies/HeinMach/Humanoids/Swordsman/Animations/Playback/A_EN_PLAY_AC_EmpireSword_DamageWeak_R_F,AnimSequence,HeinMach/Humanoids/Swordsman,Content/_Art/Enemies/HeinMach/Humanoids/Swordsman/Animations/Playback/A_EN_PLAY_AC_EmpireSword_DamageWeak_R_F.uasset,214991,61e8b83c1b60bb2c779f736cd28e85c60ee8d499648f66a64f2d4ad55453de5e
/Game/_Art/Enemies/HeinMach/Humanoids/Swordsman/Animations/Playback/A_EN_PLAY_AC_EmpireSword_DamageWeak_U_F,AnimSequence,HeinMach/Humanoids/Swordsman,Content/_Art/Enemies/HeinMach/Humanoids/Swordsman/Animations/Playback/A_EN_PLAY_AC_EmpireSword_DamageWeak_U_F.uasset,212501,c8fa82fd527fde418dad54f212e9722b3ba3d7c5a42be4dcd02cbec3225e1830
/Game/_Art/Enemies/HeinMach/Humanoids/Swordsman/Animations/Playback/A_EN_PLAY_AC_EmpireSword_Down_Die_B,AnimSequence,HeinMach/Humanoids/Swordsman,Content/_Art/Enemies/HeinMach/Humanoids/Swordsman/Animations/Playback/A_EN_PLAY_AC_EmpireSword_Down_Die_B.uasset,1143096,4053a2d30b7af4618cda8b06dc6d3c62e10b96baf33d71d327bb0af0d45d68cf
/Game/_Art/Enemies/HeinMach/Humanoids/Swordsman/Animations/Playback/A_EN_PLAY_AC_EmpireSword_Down_Die_B_Wraith,AnimSequence,HeinMach/Humanoids/Swordsman,Content/_Art/Enemies/HeinMach/Humanoids/Swordsman/Animations/Playback/A_EN_PLAY_AC_EmpireSword_Down_Die_B_Wraith.uasset,1143175,6e10800b08ed118b45b3764f4f7f4cf09b3cbad7325a510ecb356725ba429bc8
/Game/_Art/Enemies/HeinMach/Humanoids/Swordsman/Animations/Playback/A_EN_PLAY_AC_EmpireSword_Down_Die_F,AnimSequence,HeinMach/Humanoids/Swordsman,Content/_Art/Enemies/HeinMach/Humanoids/Swordsman/Animations/Playback/A_EN_PLAY_AC_EmpireSword_Down_Die_F.uasset,1344472,538cd566c75f260bd14853ea6d85139093ef051ee2e6723c864564d1cd3907c2
/Game/_Art/Enemies/HeinMach/Humanoids/Swordsman/Animations/Playback/A_EN_PLAY_AC_EmpireSword_Down_Die_F_Wraith,AnimSequence,HeinMach/Humanoids/Swordsman,Content/_Art/Enemies/HeinMach/Humanoids/Swordsman/Animations/Playback/A_EN_PLAY_AC_EmpireSword_Down_Die_F_Wraith.uasset,1344554,827a572ab953549c281721c48c45eabd1d6d09221369a834f37046ca5b976e5d
/Game/_Art/Enemies/HeinMach/Humanoids/Swordsman/Animations/Playback/A_EN_PLAY_AC_EmpireSword_Down_Loop_B,AnimSequence,HeinMach/Humanoids/Swordsman,Content/_Art/Enemies/HeinMach/Humanoids/Swordsman/Animations/Playback/A_EN_PLAY_AC_EmpireSword_Down_Loop_B.uasset,321947,dac4fb51bbc263df4e5dcdaef54cd03a07f5117261d4bfe317e062b475a5f76c
/Game/_Art/Enemies/HeinMach/Humanoids/Swordsman/Animations/Playback/A_EN_PLAY_AC_EmpireSword_Down_Loop_F,AnimSequence,HeinMach/Humanoids/Swordsman,Content/_Art/Enemies/HeinMach/Humanoids/Swordsman/Animations/Playback/A_EN_PLAY_AC_EmpireSword_Down_Loop_F.uasset,351841,195202cb65471e768f4a67b1b778076d4afcf1f67b4fa893f769193a521eed77
/Game/_Art/Enemies/HeinMach/Humanoids/Swordsman/Animations/Playback/A_EN_PLAY_AC_EmpireSword_Equip,AnimSequence,HeinMach/Humanoids/Swordsman,Content/_Art/Enemies/HeinMach/Humanoids/Swordsman/Animations/Playback/A_EN_PLAY_AC_EmpireSword_Equip.uasset,599725,e2e0e8a49d5f1c1bda8544ba2003a02eaf2765850e5341859f47a0e1d4a9c421
/Game/_Art/Enemies/HeinMach/Humanoids/Swordsman/Animations/Playback/A_EN_PLAY_AC_EmpireSword_Equip_Turn_L,AnimSequence,HeinMach/Humanoids/Swordsman,Content/_Art/Enemies/HeinMach/Humanoids/Swordsman/Animations/Playback/A_EN_PLAY_AC_EmpireSword_Equip_Turn_L.uasset,416339,83516bbe4d5b7f615eed485ad40dab569a6e5aa53df24174f43e79107aad9e84
/Game/_Art/Enemies/HeinMach/Humanoids/Swordsman/Animations/Playback/A_EN_PLAY_AC_EmpireSword_Equip_Turn_R,AnimSequence,HeinMach/Humanoids/Swordsman,Content/_Art/Enemies/HeinMach/Humanoids/Swordsman/Animations/Playback/A_EN_PLAY_AC_EmpireSword_Equip_Turn_R.uasset,794763,30ba2904105e54885ca15066ecff8e6cd49aa9c05f56245bcd39bc02ff0d3b55
/Game/_Art/Enemies/HeinMach/Humanoids/Swordsman/Animations/Playback/A_EN_PLAY_AC_EmpireSword_Fear_Battle,AnimSequence,HeinMach/Humanoids/Swordsman,Content/_Art/Enemies/HeinMach/Humanoids/Swordsman/Animations/Playback/A_EN_PLAY_AC_EmpireSword_Fear_Battle.uasset,602805,290473386d7142ee3085781b9f20aea4370edde11afa9cde5b97f7795958ba2a
/Game/_Art/Enemies/HeinMach/Humanoids/Swordsman/Animations/Playback/A_EN_PLAY_AC_EmpireSword_Fear_Loop_01,AnimSequence,HeinMach/Humanoids/Swordsman,Content/_Art/Enemies/HeinMach/Humanoids/Swordsman/Animations/Playback/A_EN_PLAY_AC_EmpireSword_Fear_Loop_01.uasset,2995841,d298d62c04d9c19979ea911636eefd4645ee928c0cafa6f04d1e49a0da62f1b1
/Game/_Art/Enemies/HeinMach/Humanoids/Swordsman/Animations/Playback/A_EN_PLAY_AC_EmpireSword_Fear_Start,AnimSequence,HeinMach/Humanoids/Swordsman,Content/_Art/Enemies/HeinMach/Humanoids/Swordsman/Animations/Playback/A_EN_PLAY_AC_EmpireSword_Fear_Start.uasset,1523173,57bb0cad6e302a96954cc69ae1fd30f38b226b66107e24e48d74c3beb2c183f5
/Game/_Art/Enemies/HeinMach/Humanoids/Swordsman/Animations/Playback/A_EN_PLAY_AC_EmpireSword_Fear_Suprise,AnimSequence,HeinMach/Humanoids/Swordsman,Content/_Art/Enemies/HeinMach/Humanoids/Swordsman/Animations/Playback/A_EN_PLAY_AC_EmpireSword_Fear_Suprise.uasset,456867,396b35e0dbe91989dfd64eb3151731871bd6f9052da3a33d79d2bbbe83c24767
/Game/_Art/Enemies/HeinMach/Humanoids/Swordsman/Animations/Playback/A_EN_PLAY_AC_EmpireSword_Getup_B,AnimSequence,HeinMach/Humanoids/Swordsman,Content/_Art/Enemies/HeinMach/Humanoids/Swordsman/Animations/Playback/A_EN_PLAY_AC_EmpireSword_Getup_B.uasset,484018,8016046f4a2fd6738e809cfab4fe185d36e5ac147ae52a391d31749615331d1c
/Game/_Art/Enemies/HeinMach/Humanoids/Swordsman/Animations/Playback/A_EN_PLAY_AC_EmpireSword_Getup_F,AnimSequence,HeinMach/Humanoids/Swordsman,Content/_Art/Enemies/HeinMach/Humanoids/Swordsman/Animations/Playback/A_EN_PLAY_AC_EmpireSword_Getup_F.uasset,479817,c004f50732f51f64a8adf89230005a3937fb8f748ef66042aaea2d6ebfb8bb6d
/Game/_Art/Enemies/HeinMach/Humanoids/Swordsman/Animations/Playback/A_EN_PLAY_AC_EmpireSword_Groggy_End,AnimSequence,HeinMach/Humanoids/Swordsman,Content/_Art/Enemies/HeinMach/Humanoids/Swordsman/Animations/Playback/A_EN_PLAY_AC_EmpireSword_Groggy_End.uasset,240362,e7f684a3209aba2a5ef20eeaba37e60b12c92a39bf03bcccd624985640861224
/Game/_Art/Enemies/HeinMach/Humanoids/Swordsman/Animations/Playback/A_EN_PLAY_AC_EmpireSword_Groggy_Loop,AnimSequence,HeinMach/Humanoids/Swordsman,Content/_Art/Enemies/HeinMach/Humanoids/Swordsman/Animations/Playback/A_EN_PLAY_AC_EmpireSword_Groggy_Loop.uasset,290091,7f13d673f8f81d342d318a31263be52cf1215e9c01c6766c921da8271909a7ef
/Game/_Art/Enemies/HeinMach/Humanoids/Swordsman/Animations/Playback/A_EN_PLAY_AC_EmpireSword_Groggy_Start,AnimSequence,HeinMach/Humanoids/Swordsman,Content/_Art/Enemies/HeinMach/Humanoids/Swordsman/Animations/Playback/A_EN_PLAY_AC_EmpireSword_Groggy_Start.uasset,236269,581a23e341cf8b848603d0ae3cd44de33fefa3fac024642412b294962666e6a8
/Game/_Art/Enemies/HeinMach/Humanoids/Swordsman/Animations/Playback/A_EN_PLAY_AC_EmpireSword_Ground_Die_F,AnimSequence,HeinMach/Humanoids/Swordsman,Content/_Art/Enemies/HeinMach/Humanoids/Swordsman/Animations/Playback/A_EN_PLAY_AC_EmpireSword_Ground_Die_F.uasset,2022195,f2ddcdce827e4419210e266a4ec592e8bd34c253f9bb053195cd381cd7437d20
/Game/_Art/Enemies/HeinMach/Humanoids/Swordsman/Animations/Playback/A_EN_PLAY_AC_EmpireSword_Ground_Die_F_2,AnimSequence,HeinMach/Humanoids/Swordsman,Content/_Art/Enemies/HeinMach/Humanoids/Swordsman/Animations/Playback/A_EN_PLAY_AC_EmpireSword_Ground_Die_F_2.uasset,1577663,704ac904f68cd50a872e36c0ad6308040bc8fbefec8783711fd52f3346ade2fb
/Game/_Art/Enemies/HeinMach/Humanoids/Swordsman/Animations/Playback/A_EN_PLAY_AC_EmpireSword_Ground_Die_F_Wraith,AnimSequence,HeinMach/Humanoids/Swordsman,Content/_Art/Enemies/HeinMach/Humanoids/Swordsman/Animations/Playback/A_EN_PLAY_AC_EmpireSword_Ground_Die_F_Wraith.uasset,2022276,4a47eedf4d7aa702c38927793bfe8c7aa9f88923a4805f95b70ecd7f47a9030b
/Game/_Art/Enemies/HeinMach/Humanoids/Swordsman/Animations/Playback/A_EN_PLAY_AC_EmpireSword_Ground_Die_F_Wraith02,AnimSequence,HeinMach/Humanoids/Swordsman,Content/_Art/Enemies/HeinMach/Humanoids/Swordsman/Animations/Playback/A_EN_PLAY_AC_EmpireSword_Ground_Die_F_Wraith02.uasset,1577754,e75af1511b536bd51b48e97dc10d019b01b6ed397d120d9142547aac543f815d
/Game/_Art/Enemies/HeinMach/Humanoids/Swordsman/Animations/Playback/A_EN_PLAY_AC_EmpireSword_LockOnWalk_B,AnimSequence,HeinMach/Humanoids/Swordsman,Content/_Art/Enemies/HeinMach/Humanoids/Swordsman/Animations/Playback/A_EN_PLAY_AC_EmpireSword_LockOnWalk_B.uasset,250349,876986ef001a7f67f9ae7ffe823e7952492efe34d545348a8fa2b8a417bf7ea7
/Game/_Art/Enemies/HeinMach/Humanoids/Swordsman/Animations/Playback/A_EN_PLAY_AC_EmpireSword_LockOnWalk_F,AnimSequence,HeinMach/Humanoids/Swordsman,Content/_Art/Enemies/HeinMach/Humanoids/Swordsman/Animations/Playback/A_EN_PLAY_AC_EmpireSword_LockOnWalk_F.uasset,253396,42388b4207452699be82ede7d78d24fc288eaa89b3a9babfac337f38f6573fef
/Game/_Art/Enemies/HeinMach/Humanoids/Swordsman/Animations/Playback/A_EN_PLAY_AC_EmpireSword_LockOnWalk_L,AnimSequence,HeinMach/Humanoids/Swordsman,Content/_Art/Enemies/HeinMach/Humanoids/Swordsman/Animations/Playback/A_EN_PLAY_AC_EmpireSword_LockOnWalk_L.uasset,249257,96b12c1565ced4314d1f536272cef257f8966e91944a555d6ae91c88d9be0e2f
/Game/_Art/Enemies/HeinMach/Humanoids/Swordsman/Animations/Playback/A_EN_PLAY_AC_EmpireSword_LockOnWalk_R,AnimSequence,HeinMach/Humanoids/Swordsman,Content/_Art/Enemies/HeinMach/Humanoids/Swordsman/Animations/Playback/A_EN_PLAY_AC_EmpireSword_LockOnWalk_R.uasset,255336,7c55c442407cfd15c40717f21055e6b5d4cf097c7671b4c1ad771a95f6fc7dc6
/Game/_Art/Enemies/HeinMach/Humanoids/Swordsman/Animations/Playback/A_EN_PLAY_AC_EmpireSword_Pierce_LockOnWalk_B,AnimSequence,HeinMach/Humanoids/Swordsman,Content/_Art/Enemies/HeinMach/Humanoids/Swordsman/Animations/Playback/A_EN_PLAY_AC_EmpireSword_Pierce_LockOnWalk_B.uasset,250374,e1467d5aaa7fb5d805af8ddf1d615c8198e0484f47f50dc63b63fde43df4faa0
/Game/_Art/Enemies/HeinMach/Humanoids/Swordsman/Animations/Playback/A_EN_PLAY_AC_EmpireSword_Pierce_Step1,AnimSequence,HeinMach/Humanoids/Swordsman,Content/_Art/Enemies/HeinMach/Humanoids/Swordsman/Animations/Playback/A_EN_PLAY_AC_EmpireSword_Pierce_Step1.uasset,500986,889b6444b9a165b7999eeef83646c9f73334c48ed7aea42997a46865a987ee03
/Game/_Art/Enemies/HeinMach/Humanoids/Swordsman/Animations/Playback/A_EN_PLAY_AC_EmpireSword_Pierce_Step2,AnimSequence,HeinMach/Humanoids/Swordsman,Content/_Art/Enemies/HeinMach/Humanoids/Swordsman/Animations/Playback/A_EN_PLAY_AC_EmpireSword_Pierce_Step2.uasset,756541,95fbaef44532cd385d1a5e7c952c24a13d9c000c1ad39bb4e25add1760ab791a
/Game/_Art/Enemies/HeinMach/Humanoids/Swordsman/Animations/Playback/A_EN_PLAY_AC_EmpireSword_Push_Kick,AnimSequence,HeinMach/Humanoids/Swordsman,Content/_Art/Enemies/HeinMach/Humanoids/Swordsman/Animations/Playback/A_EN_PLAY_AC_EmpireSword_Push_Kick.uasset,982297,bc564d10d0370d313753c781448e811312fa9cd1d18e54306cec60b413ed8af9
/Game/_Art/Enemies/HeinMach/Humanoids/Swordsman/Animations/Playback/A_EN_PLAY_AC_EmpireSword_Push_Kick_Loop,AnimSequence,HeinMach/Humanoids/Swordsman,Content/_Art/Enemies/HeinMach/Humanoids/Swordsman/Animations/Playback/A_EN_PLAY_AC_EmpireSword_Push_Kick_Loop.uasset,1756232,d15bad53c926da9bc07c3ea4ab6331465b3a234e1747f80d03612a35c8c545e7
/Game/_Art/Enemies/HeinMach/Humanoids/Swordsman/Animations/Playback/A_EN_PLAY_AC_EmpireSword_Push_Kick_Ready,AnimSequence,HeinMach/Humanoids/Swordsman,Content/_Art/Enemies/HeinMach/Humanoids/Swordsman/Animations/Playback/A_EN_PLAY_AC_EmpireSword_Push_Kick_Ready.uasset,1636404,57a0c5c30f97158b1a6b3af50cacdd05d28b2408e9878de508cf6337be0c38bf
/Game/_Art/Enemies/HeinMach/Humanoids/Swordsman/Animations/Playback/A_EN_PLAY_AC_EmpireSword_Run_F,AnimSequence,HeinMach/Humanoids/Swordsman,Content/_Art/Enemies/HeinMach/Humanoids/Swordsman/Animations/Playback/A_EN_PLAY_AC_EmpireSword_Run_F.uasset,236617,265cc8e557a047732ca1e5c67a939e1633f4eec6dc4fa6358cd26012ef0f18a4
/Game/_Art/Enemies/HeinMach/Humanoids/Swordsman/Animations/Playback/A_EN_PLAY_AC_EmpireSword_Run_Peace_F,AnimSequence,HeinMach/Humanoids/Swordsman,Content/_Art/Enemies/HeinMach/Humanoids/Swordsman/Animations/Playback/A_EN_PLAY_AC_EmpireSword_Run_Peace_F.uasset,248110,457418933ba2728fb0cd7199ac085934db34e24ccbbf91f0a6bcd0ec6ff66447
/Game/_Art/Enemies/HeinMach/Humanoids/Swordsman/Animations/Playback/A_EN_PLAY_AC_EmpireSword_RushAttack_End,AnimSequence,HeinMach/Humanoids/Swordsman,Content/_Art/Enemies/HeinMach/Humanoids/Swordsman/Animations/Playback/A_EN_PLAY_AC_EmpireSword_RushAttack_End.uasset,339349,bca35dece8e691a021aa13f4f22c390297c272efba1945908c63a8e4169eae00
/Game/_Art/Enemies/HeinMach/Humanoids/Swordsman/Animations/Playback/A_EN_PLAY_AC_EmpireSword_RushAttack_Hit,AnimSequence,HeinMach/Humanoids/Swordsman,Content/_Art/Enemies/HeinMach/Humanoids/Swordsman/Animations/Playback/A_EN_PLAY_AC_EmpireSword_RushAttack_Hit.uasset,984393,9103280503bb79de8e7a4cdc3d420057e218413afe180228950dac7068b198fa
/Game/_Art/Enemies/HeinMach/Humanoids/Swordsman/Animations/Playback/A_EN_PLAY_AC_EmpireSword_RushAttack_Loop,AnimSequence,HeinMach/Humanoids/Swordsman,Content/_Art/Enemies/HeinMach/Humanoids/Swordsman/Animations/Playback/A_EN_PLAY_AC_EmpireSword_RushAttack_Loop.uasset,245252,d79ab237182af62a496162866ff18701adceba004816b610137cafedaf7245cf
/Game/_Art/Enemies/HeinMach/Humanoids/Swordsman/Animations/Playback/A_EN_PLAY_AC_EmpireSword_RushAttack_Start,AnimSequence,HeinMach/Humanoids/Swordsman,Content/_Art/Enemies/HeinMach/Humanoids/Swordsman/Animations/Playback/A_EN_PLAY_AC_EmpireSword_RushAttack_Start.uasset,298834,274558338f469489d39c596975fd88dd8f32e86319ee03555b00c21f959e1b91
/Game/_Art/Enemies/HeinMach/Humanoids/Swordsman/Animations/Playback/A_EN_PLAY_AC_EmpireSword_Sick_Down_B,AnimSequence,HeinMach/Humanoids/Swordsman,Content/_Art/Enemies/HeinMach/Humanoids/Swordsman/Animations/Playback/A_EN_PLAY_AC_EmpireSword_Sick_Down_B.uasset,1035107,d3b3ebcd55b297b9a657edc526919f928a5bc72990d60d478d14c536e766eb27
/Game/_Art/Enemies/HeinMach/Humanoids/Swordsman/Animations/Playback/A_EN_PLAY_AC_EmpireSword_Sick_Down_DieB,AnimSequence,HeinMach/Humanoids/Swordsman,Content/_Art/Enemies/HeinMach/Humanoids/Swordsman/Animations/Playback/A_EN_PLAY_AC_EmpireSword_Sick_Down_DieB.uasset,2409325,a3a40295bcf8f048a9ec1ac540838ec4f6d7c62cddef5bf1aa96efa0bbe1de69
/Game/_Art/Enemies/HeinMach/Humanoids/Swordsman/Animations/Playback/A_EN_PLAY_AC_EmpireSword_Sick_Down_DieF,AnimSequence,HeinMach/Humanoids/Swordsman,Content/_Art/Enemies/HeinMach/Humanoids/Swordsman/Animations/Playback/A_EN_PLAY_AC_EmpireSword_Sick_Down_DieF.uasset,2371994,7b5e9017e8aefca6378f488d60c86529ef138803fccfdb129e4255d731de39bc
/Game/_Art/Enemies/HeinMach/Humanoids/Swordsman/Animations/Playback/A_EN_PLAY_AC_EmpireSword_Sick_Down_F,AnimSequence,HeinMach/Humanoids/Swordsman,Content/_Art/Enemies/HeinMach/Humanoids/Swordsman/Animations/Playback/A_EN_PLAY_AC_EmpireSword_Sick_Down_F.uasset,1287996,5cba78f61190c3adb98c2c2b72c58dc5a3be5262d1da02deb15894aeafe72880
/Game/_Art/Enemies/HeinMach/Humanoids/Swordsman/Animations/Playback/A_EN_PLAY_AC_EmpireSword_Sick_Stand_F,AnimSequence,HeinMach/Humanoids/Swordsman,Content/_Art/Enemies/HeinMach/Humanoids/Swordsman/Animations/Playback/A_EN_PLAY_AC_EmpireSword_Sick_Stand_F.uasset,2995853,6953c213cc5d94cfc7c5b715261593220db4f2ea9dba8d94bb8fb8cca64933b5
/Game/_Art/Enemies/HeinMach/Humanoids/Swordsman/Animations/Playback/A_EN_PLAY_AC_EmpireSword_Slash_Step1,AnimSequence,HeinMach/Humanoids/Swordsman,Content/_Art/Enemies/HeinMach/Humanoids/Swordsman/Animations/Playback/A_EN_PLAY_AC_EmpireSword_Slash_Step1.uasset,1079809,9aac7d333654d632b53c3e3a1498b3b42b6e982ef68fda9b1c247d2e19e3d10c
/Game/_Art/Enemies/HeinMach/Humanoids/Swordsman/Animations/Playback/A_EN_PLAY_AC_EmpireSword_Slash_Step2,AnimSequence,HeinMach/Humanoids/Swordsman,Content/_Art/Enemies/HeinMach/Humanoids/Swordsman/Animations/Playback/A_EN_PLAY_AC_EmpireSword_Slash_Step2.uasset,812688,91572453cf0d73d187ae35011f65321092f57cd47f6d366aa5731c2e29c741e3
/Game/_Art/Enemies/HeinMach/Humanoids/Swordsman/Animations/Playback/A_EN_PLAY_AC_EmpireSword_Smash,AnimSequence,HeinMach/Humanoids/Swordsman,Content/_Art/Enemies/HeinMach/Humanoids/Swordsman/Animations/Playback/A_EN_PLAY_AC_EmpireSword_Smash.uasset,1071702,760d9216429c6f9e255751633563af3eba4000334f0089b75f8fe53f06b5f348
/Game/_Art/Enemies/HeinMach/Humanoids/Swordsman/Animations/Playback/A_EN_PLAY_AC_EmpireSword_Stand_F,AnimSequence,HeinMach/Humanoids/Swordsman,Content/_Art/Enemies/HeinMach/Humanoids/Swordsman/Animations/Playback/A_EN_PLAY_AC_EmpireSword_Stand_F.uasset,370687,661673cd36d0044c6186727c32a4c2ee7271ee448c9cce38c8ff356025379638
/Game/_Art/Enemies/HeinMach/Humanoids/Swordsman/Animations/Playback/A_EN_PLAY_AC_EmpireSword_Stand_F_9c49ca6b,AnimSequence,HeinMach/Humanoids/Swordsman,Content/_Art/Enemies/HeinMach/Humanoids/Swordsman/Animations/Playback/A_EN_PLAY_AC_EmpireSword_Stand_F_9c49ca6b.uasset,226886,03d0fd6926e8bb7c6c15d681aea53c864d3ea341bfbcad2fc39735b6da703ae2
/Game/_Art/Enemies/HeinMach/Humanoids/Swordsman/Animations/Playback/A_EN_PLAY_AC_EmpireSword_Stand_Peace_F,AnimSequence,HeinMach/Humanoids/Swordsman,Content/_Art/Enemies/HeinMach/Humanoids/Swordsman/Animations/Playback/A_EN_PLAY_AC_EmpireSword_Stand_Peace_F.uasset,722901,93b913da91ac46dbb8bd614cef1537d1e042e017dd91b572179fb838707c8cbc
/Game/_Art/Enemies/HeinMach/Humanoids/Swordsman/Animations/Playback/A_EN_PLAY_AC_EmpireSword_Turn_L,AnimSequence,HeinMach/Humanoids/Swordsman,Content/_Art/Enemies/HeinMach/Humanoids/Swordsman/Animations/Playback/A_EN_PLAY_AC_EmpireSword_Turn_L.uasset,260729,0475757ead59b32806bc53611873744049fbe8fbd83f7283ae7501eb95ff1095
/Game/_Art/Enemies/HeinMach/Humanoids/Swordsman/Animations/Playback/A_EN_PLAY_AC_EmpireSword_Turn_L_180,AnimSequence,HeinMach/Humanoids/Swordsman,Content/_Art/Enemies/HeinMach/Humanoids/Swordsman/Animations/Playback/A_EN_PLAY_AC_EmpireSword_Turn_L_180.uasset,428831,db549f71892d71ba8b9bcfaa688b6779a2d2a18f7faba4645ac68a21be63d1f7
/Game/_Art/Enemies/HeinMach/Humanoids/Swordsman/Animations/Playback/A_EN_PLAY_AC_EmpireSword_Turn_L_Peace,AnimSequence,HeinMach/Humanoids/Swordsman,Content/_Art/Enemies/HeinMach/Humanoids/Swordsman/Animations/Playback/A_EN_PLAY_AC_EmpireSword_Turn_L_Peace.uasset,284875,6f64690626c91d920ead1fdd77b511a2c25d0ac98074ac7e37263aec822bf5b9
/Game/_Art/Enemies/HeinMach/Humanoids/Swordsman/Animations/Playback/A_EN_PLAY_AC_EmpireSword_Turn_L_Peace_180,AnimSequence,HeinMach/Humanoids/Swordsman,Content/_Art/Enemies/HeinMach/Humanoids/Swordsman/Animations/Playback/A_EN_PLAY_AC_EmpireSword_Turn_L_Peace_180.uasset,487176,58dd18a0c7d65dcf2c57f77ec9d26e25dfb6545de1b5b6c9951837cc535a3549
/Game/_Art/Enemies/HeinMach/Humanoids/Swordsman/Animations/Playback/A_EN_PLAY_AC_EmpireSword_Turn_R,AnimSequence,HeinMach/Humanoids/Swordsman,Content/_Art/Enemies/HeinMach/Humanoids/Swordsman/Animations/Playback/A_EN_PLAY_AC_EmpireSword_Turn_R.uasset,271945,6ae392e544020fa245485ed7a73687cc910cbe05d31391676785a15345ae7ff0
/Game/_Art/Enemies/HeinMach/Humanoids/Swordsman/Animations/Playback/A_EN_PLAY_AC_EmpireSword_Turn_R_180,AnimSequence,HeinMach/Humanoids/Swordsman,Content/_Art/Enemies/HeinMach/Humanoids/Swordsman/Animations/Playback/A_EN_PLAY_AC_EmpireSword_Turn_R_180.uasset,413081,eb3ad9c86289bbd649b16cfc80a5e5bf998c0048fb6b852b107d3108528836dd
/Game/_Art/Enemies/HeinMach/Humanoids/Swordsman/Animations/Playback/A_EN_PLAY_AC_EmpireSword_Turn_R_Peace,AnimSequence,HeinMach/Humanoids/Swordsman,Content/_Art/Enemies/HeinMach/Humanoids/Swordsman/Animations/Playback/A_EN_PLAY_AC_EmpireSword_Turn_R_Peace.uasset,297191,b183438db74d6d80c2ff6dd3665374ce416c52c5deaf83136d0c12ec1a2f33df
/Game/_Art/Enemies/HeinMach/Humanoids/Swordsman/Animations/Playback/A_EN_PLAY_AC_EmpireSword_Turn_R_Peace_180,AnimSequence,HeinMach/Humanoids/Swordsman,Content/_Art/Enemies/HeinMach/Humanoids/Swordsman/Animations/Playback/A_EN_PLAY_AC_EmpireSword_Turn_R_Peace_180.uasset,473139,25e188f3a0f1448c13760317033a9d3e96fe171d88b4d9df8dbbabe5c151cfc1
/Game/_Art/Enemies/HeinMach/Humanoids/Swordsman/Animations/Playback/A_EN_PLAY_AC_EmpireSword_UnEquip,AnimSequence,HeinMach/Humanoids/Swordsman,Content/_Art/Enemies/HeinMach/Humanoids/Swordsman/Animations/Playback/A_EN_PLAY_AC_EmpireSword_UnEquip.uasset,426513,1dc130e23f08ca2a1628744a14e2bd185d8fec53d9b0913561a5cbb519d3960a
/Game/_Art/Enemies/HeinMach/Humanoids/Swordsman/Animations/Playback/A_EN_PLAY_AC_EmpireSword_Vigilant_FreakOut_Armed,AnimSequence,HeinMach/Humanoids/Swordsman,Content/_Art/Enemies/HeinMach/Humanoids/Swordsman/Animations/Playback/A_EN_PLAY_AC_EmpireSword_Vigilant_FreakOut_Armed.uasset,333174,b8e9f9fdc040b4905b7d8d5503c954e400d20fa03a35c67290cdb127f2824dd8
/Game/_Art/Enemies/HeinMach/Humanoids/Swordsman/Animations/Playback/A_EN_PLAY_AC_EmpireSword_Vigilant_FreakOut_UnArmed,AnimSequence,HeinMach/Humanoids/Swordsman,Content/_Art/Enemies/HeinMach/Humanoids/Swordsman/Animations/Playback/A_EN_PLAY_AC_EmpireSword_Vigilant_FreakOut_UnArmed.uasset,469839,84abafd06725be0dc24c07016fbb53e707ce995ef08898f5ff6165f1353571c2
/Game/_Art/Enemies/HeinMach/Humanoids/Swordsman/Animations/Playback/A_EN_PLAY_AC_EmpireSword_Vigilant_LookAround,AnimSequence,HeinMach/Humanoids/Swordsman,Content/_Art/Enemies/HeinMach/Humanoids/Swordsman/Animations/Playback/A_EN_PLAY_AC_EmpireSword_Vigilant_LookAround.uasset,1314809,75d7e28b8f0812c958ed92bd3fd92648e123bf7be1a69be5d2d604a5d43cd62e
/Game/_Art/Enemies/HeinMach/Humanoids/Swordsman/Animations/Playback/A_EN_PLAY_AC_EmpireSword_Walk_F,AnimSequence,HeinMach/Humanoids/Swordsman,Content/_Art/Enemies/HeinMach/Humanoids/Swordsman/Animations/Playback/A_EN_PLAY_AC_EmpireSword_Walk_F.uasset,266176,ce522fd58dd33812a1d416e8a2041d5d0148effdd0a68cb98fb240eaa67c0431
/Game/_Art/Enemies/HeinMach/Humanoids/Swordsman/Animations/Playback/A_EN_PLAY_AC_EmpireSword_Walk_Peace_F,AnimSequence,HeinMach/Humanoids/Swordsman,Content/_Art/Enemies/HeinMach/Humanoids/Swordsman/Animations/Playback/A_EN_PLAY_AC_EmpireSword_Walk_Peace_F.uasset,383795,f75ab7aaae0b0bd8bebb4312f1f564dcca445c95a8312eb5da0fd6be3d009505
/Game/_Art/Enemies/HeinMach/Humanoids/Swordsman/Animations/Playback/A_EN_PLAY_AC_M_EmpSwd_DamageParry_F,AnimSequence,HeinMach/Humanoids/Swordsman,Content/_Art/Enemies/HeinMach/Humanoids/Swordsman/Animations/Playback/A_EN_PLAY_AC_M_EmpSwd_DamageParry_F.uasset,481147,d9b32ee35aba227168307d1ce406ef92afafcdbf0f270de9378b9e38222358f6
/Game/_Art/Enemies/HeinMach/Humanoids/Swordsman/Animations/Playback/A_EN_PLAY_CA_M_EmpSwd_FallDown_Loop,AnimSequence,HeinMach/Humanoids/Swordsman,Content/_Art/Enemies/HeinMach/Humanoids/Swordsman/Animations/Playback/A_EN_PLAY_CA_M_EmpSwd_FallDown_Loop.uasset,252427,8cb8ff4d282a4ca2cd51649b36d293dede6bd718d0dbec5dc71fd347ed30ed31
/Game/_Art/Enemies/HeinMach/Humanoids/Swordsman/Animations/Playback/A_EN_PLAY_CA_M_EmpSwd_FallDown_Start,AnimSequence,HeinMach/Humanoids/Swordsman,Content/_Art/Enemies/HeinMach/Humanoids/Swordsman/Animations/Playback/A_EN_PLAY_CA_M_EmpSwd_FallDown_Start.uasset,515336,cdfc5a041a299d51b1692df441334e3812943b853809620d391dcaccfbb6578b
/Game/_Art/Enemies/HeinMach/Humanoids/Swordsman/Animations/Playback/A_EN_PLAY_CA_M_EmpSwd_FootSword,AnimSequence,HeinMach/Humanoids/Swordsman,Content/_Art/Enemies/HeinMach/Humanoids/Swordsman/Animations/Playback/A_EN_PLAY_CA_M_EmpSwd_FootSword.uasset,288275,245a76372ef0a351e46a63db40caa296bca530382934c1ec1de6e45e35153669
/Game/_Art/Enemies/HeinMach/Humanoids/Swordsman/Animations/Playback/A_EN_PLAY_CA_M_EmpSwd_FreakOutWithNoWeapon,AnimSequence,HeinMach/Humanoids/Swordsman,Content/_Art/Enemies/HeinMach/Humanoids/Swordsman/Animations/Playback/A_EN_PLAY_CA_M_EmpSwd_FreakOutWithNoWeapon.uasset,486771,48be7ccf2969ce9a0dc265793399e9e4f9e1c0b8ed9abde573dbe21aa64f6e1a
/Game/_Art/Enemies/HeinMach/Humanoids/Swordsman/Animations/Playback/A_EN_PLAY_CA_M_EmpSwd_FreakOutWithWeapon,AnimSequence,HeinMach/Humanoids/Swordsman,Content/_Art/Enemies/HeinMach/Humanoids/Swordsman/Animations/Playback/A_EN_PLAY_CA_M_EmpSwd_FreakOutWithWeapon.uasset,331325,e683cd07921f9c4ac6148089c4b21f56a88bae9a568981facb242bd51fd6e6a7
/Game/_Art/Enemies/HeinMach/Humanoids/Swordsman/Animations/Playback/A_EN_PLAY_CA_M_EmpSwd_LockOnWalk_B,AnimSequence,HeinMach/Humanoids/Swordsman,Content/_Art/Enemies/HeinMach/Humanoids/Swordsman/Animations/Playback/A_EN_PLAY_CA_M_EmpSwd_LockOnWalk_B.uasset,249645,f10e5b1f084b86ab9e48ba3665a6bfea80746f73f03cc5988b6968403da094fa
/Game/_Art/Enemies/HeinMach/Humanoids/Swordsman/Animations/Playback/A_EN_PLAY_CA_M_EmpSwd_LockOnWalk_F,AnimSequence,HeinMach/Humanoids/Swordsman,Content/_Art/Enemies/HeinMach/Humanoids/Swordsman/Animations/Playback/A_EN_PLAY_CA_M_EmpSwd_LockOnWalk_F.uasset,252757,9dda464537ec43fcf46e556bf9f4f2cff4f7844b6ecd37a052d2f94e781c091a
/Game/_Art/Enemies/HeinMach/Humanoids/Swordsman/Animations/Playback/A_EN_PLAY_CA_M_EmpSwd_LockOnWalk_L,AnimSequence,HeinMach/Humanoids/Swordsman,Content/_Art/Enemies/HeinMach/Humanoids/Swordsman/Animations/Playback/A_EN_PLAY_CA_M_EmpSwd_LockOnWalk_L.uasset,248614,b2e9e594d6b10e613dd13cd581d188d3f9e7b168db1a845e106dcd1e17fd0856
/Game/_Art/Enemies/HeinMach/Humanoids/Swordsman/Animations/Playback/A_EN_PLAY_CA_M_EmpSwd_LockOnWalk_R,AnimSequence,HeinMach/Humanoids/Swordsman,Content/_Art/Enemies/HeinMach/Humanoids/Swordsman/Animations/Playback/A_EN_PLAY_CA_M_EmpSwd_LockOnWalk_R.uasset,254642,1183b0efa569fb03124dbc67b379a22b48f980c8bed85abd10e9c8e310b85013
/Game/_Art/Enemies/HeinMach/Humanoids/Swordsman/Animations/Playback/A_EN_PLAY_CA_M_EmpSwd_NoBattlePain_End_01,AnimSequence,HeinMach/Humanoids/Swordsman,Content/_Art/Enemies/HeinMach/Humanoids/Swordsman/Animations/Playback/A_EN_PLAY_CA_M_EmpSwd_NoBattlePain_End_01.uasset,1355796,f292924ed369ab54ba43614d40f83640e9060474dcb38877f59adfd3990ee6b4
/Game/_Art/Enemies/HeinMach/Humanoids/Swordsman/Animations/Playback/A_EN_PLAY_CA_M_EmpSwd_NoBattlePain_End_02,AnimSequence,HeinMach/Humanoids/Swordsman,Content/_Art/Enemies/HeinMach/Humanoids/Swordsman/Animations/Playback/A_EN_PLAY_CA_M_EmpSwd_NoBattlePain_End_02.uasset,1273863,db70c405cb64391d5ffc60c69a97ed075b8a6ff5de31f0e4fa22b49e7d5a2916
/Game/_Art/Enemies/HeinMach/Humanoids/Swordsman/Animations/Playback/A_EN_PLAY_CA_M_EmpSwd_NoBattlePain_End_03,AnimSequence,HeinMach/Humanoids/Swordsman,Content/_Art/Enemies/HeinMach/Humanoids/Swordsman/Animations/Playback/A_EN_PLAY_CA_M_EmpSwd_NoBattlePain_End_03.uasset,1152128,352c14da7372969956e3da8db4c08cbdc445327950df60820c780a8e1e9bcf55
/Game/_Art/Enemies/HeinMach/Humanoids/Swordsman/Animations/Playback/A_EN_PLAY_CA_M_EmpSwd_NoBattlePain_End_04,AnimSequence,HeinMach/Humanoids/Swordsman,Content/_Art/Enemies/HeinMach/Humanoids/Swordsman/Animations/Playback/A_EN_PLAY_CA_M_EmpSwd_NoBattlePain_End_04.uasset,620920,32421dd74a080c8fac1b0c67b1a375f9efff14720292e4579a96eee48ca18492
/Game/_Art/Enemies/HeinMach/Humanoids/Swordsman/Animations/Playback/A_EN_PLAY_CA_M_EmpSwd_NoBattlePain_Loop_01,AnimSequence,HeinMach/Humanoids/Swordsman,Content/_Art/Enemies/HeinMach/Humanoids/Swordsman/Animations/Playback/A_EN_PLAY_CA_M_EmpSwd_NoBattlePain_Loop_01.uasset,1699342,68e73fe58711e1f8318ebfb79155523c4bc8d205f64529aa2abdd68e79aaa269
/Game/_Art/Enemies/HeinMach/Humanoids/Swordsman/Animations/Playback/A_EN_PLAY_CA_M_EmpSwd_NoBattlePain_Loop_02,AnimSequence,HeinMach/Humanoids/Swordsman,Content/_Art/Enemies/HeinMach/Humanoids/Swordsman/Animations/Playback/A_EN_PLAY_CA_M_EmpSwd_NoBattlePain_Loop_02.uasset,2515402,c2241fd091c09e57e264d653dfdfca9dcc07879b06a95bfff6889a7a48a86b52
/Game/_Art/Enemies/HeinMach/Humanoids/Swordsman/Animations/Playback/A_EN_PLAY_CA_M_EmpSwd_NoBattlePain_Loop_03,AnimSequence,HeinMach/Humanoids/Swordsman,Content/_Art/Enemies/HeinMach/Humanoids/Swordsman/Animations/Playback/A_EN_PLAY_CA_M_EmpSwd_NoBattlePain_Loop_03.uasset,1724044,44f305c02a35cf8571a52354087578f35e9d3f859704e63abd3e9c0ca825b2bb
/Game/_Art/Enemies/HeinMach/Humanoids/Swordsman/Animations/Playback/A_EN_PLAY_CA_M_EmpSwd_NoBattlePain_Loop_04,AnimSequence,HeinMach/Humanoids/Swordsman,Content/_Art/Enemies/HeinMach/Humanoids/Swordsman/Animations/Playback/A_EN_PLAY_CA_M_EmpSwd_NoBattlePain_Loop_04.uasset,1552890,f70d97f1d622a9bb6496d876136cb14318772c3c2712bfb4532aac2b9c1817ea
/Game/_Art/Enemies/HeinMach/Humanoids/Swordsman/Animations/Playback/A_EN_PLAY_CA_M_EmpSwd_Run_F,AnimSequence,HeinMach/Humanoids/Swordsman,Content/_Art/Enemies/HeinMach/Humanoids/Swordsman/Animations/Playback/A_EN_PLAY_CA_M_EmpSwd_Run_F.uasset,235957,7255ffa6f34f96ce27a6dfe7cf8fd5646734e6a46ef0a301141564bfc2daaeec
/Game/_Art/Enemies/HeinMach/Humanoids/Swordsman/Animations/Playback/A_EN_PLAY_CA_M_EmpSwd_Run_F_02,AnimSequence,HeinMach/Humanoids/Swordsman,Content/_Art/Enemies/HeinMach/Humanoids/Swordsman/Animations/Playback/A_EN_PLAY_CA_M_EmpSwd_Run_F_02.uasset,236022,8fe242bad2fcc467a1f8c770988e1d34146fc9378edf1fb06378a2aac5223bb8
/Game/_Art/Enemies/HeinMach/Humanoids/Swordsman/Animations/Playback/A_EN_PLAY_CA_M_EmpSwd_Run_Peace_F,AnimSequence,HeinMach/Humanoids/Swordsman,Content/_Art/Enemies/HeinMach/Humanoids/Swordsman/Animations/Playback/A_EN_PLAY_CA_M_EmpSwd_Run_Peace_F.uasset,247425,290ca8646067d7dac065de028e5e8d3a62a33b3bc4b8e933224dc89303839f21
/Game/_Art/Enemies/HeinMach/Humanoids/Swordsman/Animations/Playback/A_EN_PLAY_CA_M_EmpSwd_Stand_F,AnimSequence,HeinMach/Humanoids/Swordsman,Content/_Art/Enemies/HeinMach/Humanoids/Swordsman/Animations/Playback/A_EN_PLAY_CA_M_EmpSwd_Stand_F.uasset,969070,515fecdafd2e60e44bb0da803356de10dbff3460d6f49890a53f66896efb4366
/Game/_Art/Enemies/HeinMach/Humanoids/Swordsman/Animations/Playback/A_EN_PLAY_CA_M_EmpSwd_Stand_Peace_F,AnimSequence,HeinMach/Humanoids/Swordsman,Content/_Art/Enemies/HeinMach/Humanoids/Swordsman/Animations/Playback/A_EN_PLAY_CA_M_EmpSwd_Stand_Peace_F.uasset,793356,6adff488fc27b61bb349056d013b90fb145efc1623833e25d75a1f6c25d9321e
/Game/_Art/Enemies/HeinMach/Humanoids/Swordsman/Animations/Playback/A_EN_PLAY_CA_M_EmpSwd_Turn_Peace_L,AnimSequence,HeinMach/Humanoids/Swordsman,Content/_Art/Enemies/HeinMach/Humanoids/Swordsman/Animations/Playback/A_EN_PLAY_CA_M_EmpSwd_Turn_Peace_L.uasset,278043,83a02b0bbc2f930f545949596b304f430448ea40359caa2241859a67c57a3985
/Game/_Art/Enemies/HeinMach/Humanoids/Swordsman/Animations/Playback/A_EN_PLAY_CA_M_EmpSwd_Turn_Peace_R,AnimSequence,HeinMach/Humanoids/Swordsman,Content/_Art/Enemies/HeinMach/Humanoids/Swordsman/Animations/Playback/A_EN_PLAY_CA_M_EmpSwd_Turn_Peace_R.uasset,289244,5547ede66d309e3a49bb53ff005b765995c1b93076533c92b3805a11fe87ff3c
/Game/_Art/Enemies/HeinMach/Humanoids/Swordsman/Animations/Playback/A_EN_PLAY_CA_M_EmpSwd_Walk_F,AnimSequence,HeinMach/Humanoids/Swordsman,Content/_Art/Enemies/HeinMach/Humanoids/Swordsman/Animations/Playback/A_EN_PLAY_CA_M_EmpSwd_Walk_F.uasset,265534,a107b7b9b23d20b3eb6742e0d5fa4847c7208ed9335379841e117b9e823eef0b
/Game/_Art/Enemies/HeinMach/Humanoids/Swordsman/Animations/Playback/A_EN_PLAY_CA_M_EmpSwd_Walk_F_02,AnimSequence,HeinMach/Humanoids/Swordsman,Content/_Art/Enemies/HeinMach/Humanoids/Swordsman/Animations/Playback/A_EN_PLAY_CA_M_EmpSwd_Walk_F_02.uasset,264559,9ff980d44d7761e24752cbb0395f807b3f03f702601b0177bf80e2d54f263d40
/Game/_Art/Enemies/HeinMach/Humanoids/Swordsman/Animations/Playback/A_EN_PLAY_CA_M_EmpSwd_Walk_Peace_F,AnimSequence,HeinMach/Humanoids/Swordsman,Content/_Art/Enemies/HeinMach/Humanoids/Swordsman/Animations/Playback/A_EN_PLAY_CA_M_EmpSwd_Walk_Peace_F.uasset,260784,c430bd5fae28ef120c89bae44ab668a91c4a39a4130b07704135a5f9fd0f0f88
/Game/_Art/Enemies/HeinMach/Humanoids/Swordsman/Animations/Playback/A_EN_PLAY_CA_M_EmpSwd_WatchOut,AnimSequence,HeinMach/Humanoids/Swordsman,Content/_Art/Enemies/HeinMach/Humanoids/Swordsman/Animations/Playback/A_EN_PLAY_CA_M_EmpSwd_WatchOut.uasset,792116,3717576366d796a7a575bc6b1e65a68da62000ad6fac1be6dc0e9f6d0885aeed
/Game/_Art/Enemies/HeinMach/Humanoids/Swordsman/Blueprints/BP_EN_Swordsman_U01_L01,Blueprint,HeinMach/Humanoids/Swordsman,Content/_Art/Enemies/HeinMach/Humanoids/Swordsman/Blueprints/BP_EN_Swordsman_U01_L01.uasset,34846,758a0194cf5a7a13157e4f15bb1771e0c7cdfdbc147e756da39044f76186e5a1
/Game/_Art/Enemies/HeinMach/Humanoids/Swordsman/Blueprints/BP_EN_Swordsman_U01_L02,Blueprint,HeinMach/Humanoids/Swordsman,Content/_Art/Enemies/HeinMach/Humanoids/Swordsman/Blueprints/BP_EN_Swordsman_U01_L02.uasset,34889,7921988b9c176fb273e2cc480f02b2072d27e32fd152b5d4b0cac84a6d8f5156
/Game/_Art/Enemies/HeinMach/Humanoids/Swordsman/Blueprints/BP_EN_Swordsman_U02_L01,Blueprint,HeinMach/Humanoids/Swordsman,Content/_Art/Enemies/HeinMach/Humanoids/Swordsman/Blueprints/BP_EN_Swordsman_U02_L01.uasset,34932,996e0b56169a0aee6c8f877e4319c8312433d362b9266e7eadc6fdf79fdc0ea2
/Game/_Art/Enemies/HeinMach/Humanoids/Swordsman/Blueprints/BP_EN_Swordsman_U02_L02,Blueprint,HeinMach/Humanoids/Swordsman,Content/_Art/Enemies/HeinMach/Humanoids/Swordsman/Blueprints/BP_EN_Swordsman_U02_L02.uasset,34943,359f1d49e8cc3ff6150be166cdc7cecf5c58fa71c4612cedf201e04c95f6c1d4
/Game/_Art/Enemies/HeinMach/Humanoids/Swordsman/Meshes/SK_EN_Swordsman_U01_L01,SkeletalMesh,HeinMach/Humanoids/Swordsman,Content/_Art/Enemies/HeinMach/Humanoids/Swordsman/Meshes/SK_EN_Swordsman_U01_L01.uasset,4674205,ab29cee543b17a158c8d1d85cb1cb749dc65e7b9755156fe3a01a4bdf023e651
/Game/_Art/Enemies/HeinMach/Humanoids/Swordsman/Meshes/SK_EN_Swordsman_U01_L02,SkeletalMesh,HeinMach/Humanoids/Swordsman,Content/_Art/Enemies/HeinMach/Humanoids/Swordsman/Meshes/SK_EN_Swordsman_U01_L02.uasset,6252898,3ae53c6a0c4049d719f4bac250aa2f85e37ac2af457436b3386cdb878569beb2
/Game/_Art/Enemies/HeinMach/Humanoids/Swordsman/Meshes/SK_EN_Swordsman_U02_L01,SkeletalMesh,HeinMach/Humanoids/Swordsman,Content/_Art/Enemies/HeinMach/Humanoids/Swordsman/Meshes/SK_EN_Swordsman_U02_L01.uasset,7029519,1e1e6663e47969cbf392c0e9523c947216a26c43478a87e621d3565805c7d3ce
/Game/_Art/Enemies/HeinMach/Humanoids/Swordsman/Meshes/SK_EN_Swordsman_U02_L02,SkeletalMesh,HeinMach/Humanoids/Swordsman,Content/_Art/Enemies/HeinMach/Humanoids/Swordsman/Meshes/SK_EN_Swordsman_U02_L02.uasset,8828837,07499d093bfa8518b378847c06fbcd7b177509adcf666e4aa4d22e0ca926ce63
/Game/_Art/Enemies/HeinMach/Preview/L_HeinMach_EnemyCatalogue,World,HeinMach/Preview,Content/_Art/Enemies/HeinMach/Preview/L_HeinMach_EnemyCatalogue.umap,99368,4bf997c0633035ad56773fe62c3dd8e95f491545f858bfa53fa69d1113ac73b5
/Game/_Art/Enemies/HeinMach/Shared/Animations/Playback/A_EN_PLAY_CA_M_EmpireMagic_Basic_End_01,AnimSequence,HeinMach/Shared,Content/_Art/Enemies/HeinMach/Shared/Animations/Playback/A_EN_PLAY_CA_M_EmpireMagic_Basic_End_01.uasset,327920,c97a8a27c1949d95ec27b147cea792092c1d99f971007282ee2013fd28f07686
/Game/_Art/Enemies/HeinMach/Shared/Animations/Playback/A_EN_PLAY_CA_M_EmpireMagic_Basic_Loop_01,AnimSequence,HeinMach/Shared,Content/_Art/Enemies/HeinMach/Shared/Animations/Playback/A_EN_PLAY_CA_M_EmpireMagic_Basic_Loop_01.uasset,333468,31db0e1b02c1b55bd7baf22b4a4f82c04ff4c47289d1b86dac80db6fa211452c
/Game/_Art/Enemies/HeinMach/Shared/Animations/Playback/A_EN_PLAY_CA_M_Human_Adult_M_LOD_Pose,AnimSequence,HeinMach/Shared,Content/_Art/Enemies/HeinMach/Shared/Animations/Playback/A_EN_PLAY_CA_M_Human_Adult_M_LOD_Pose.uasset,175263,40de3bbe3f27743abfb1dc1c4095618dfbafa93b43d1688432f6ca135dace3f5
/Game/_Art/Enemies/HeinMach/Shared/Animations/Playback/A_EN_PLAY_CA_M_Human_Adult_M_PicaAxe_DamFinalBlow_New,AnimSequence,HeinMach/Shared,Content/_Art/Enemies/HeinMach/Shared/Animations/Playback/A_EN_PLAY_CA_M_Human_Adult_M_PicaAxe_DamFinalBlow_New.uasset,477071,641ff2023c06e9f6695ae87236543be6659854263bee409de7f907be13b98574
/Game/_Art/Enemies/HeinMach/Shared/Animations/Playback/A_EN_PLAY_CA_M_Human_Adult_M_PicaClub_Run,AnimSequence,HeinMach/Shared,Content/_Art/Enemies/HeinMach/Shared/Animations/Playback/A_EN_PLAY_CA_M_Human_Adult_M_PicaClub_Run.uasset,284087,1481f80674a079076499ae767641ad84b9e2b2df43f93f717db2c214a380c579
/Game/_Art/Enemies/HeinMach/Shared/Animations/Playback/A_EN_PLAY_CA_M_Human_Adult_M_PicaClub_Stand_F,AnimSequence,HeinMach/Shared,Content/_Art/Enemies/HeinMach/Shared/Animations/Playback/A_EN_PLAY_CA_M_Human_Adult_M_PicaClub_Stand_F.uasset,427329,176b766b2f98296c418632b23f7e771b1ddb1520b7f365b651348cc166ad661f
/Game/_Art/Enemies/HeinMach/Shared/Animations/Playback/A_EN_PLAY_CA_M_Human_Adult_M_PicaClub_Walk_F,AnimSequence,HeinMach/Shared,Content/_Art/Enemies/HeinMach/Shared/Animations/Playback/A_EN_PLAY_CA_M_Human_Adult_M_PicaClub_Walk_F.uasset,258650,fe2c36da707b48fae903ef9c7736d645a68e43d3a59d8dc0c9878c59c54305b2
/Game/_Art/Enemies/HeinMach/Shared/Animations/Playback/A_EN_PLAY_CA_M_Human_Elite_M_LOD_Pose,AnimSequence,HeinMach/Shared,Content/_Art/Enemies/HeinMach/Shared/Animations/Playback/A_EN_PLAY_CA_M_Human_Elite_M_LOD_Pose.uasset,187032,c8d0056cb7d0c9c220deb014446fdc1b5a7a744a6c3447872da24e9d8026ddb2
/Game/_Art/Enemies/HeinMach/Shared/Animations/Playback/A_EN_PLAY_CA_M_PicaCoward_Run_F_Fear_Ty3,AnimSequence,HeinMach/Shared,Content/_Art/Enemies/HeinMach/Shared/Animations/Playback/A_EN_PLAY_CA_M_PicaCoward_Run_F_Fear_Ty3.uasset,1200601,114a1167b284319a2a2d9ea26198ace26e8df860b9939a62cb48af4325aa8f1d
/Game/_Art/Enemies/HeinMach/Shared/Equipment/SK_EN_C_I_EmpireElite_Sword001V2,SkeletalMesh,HeinMach/Shared,Content/_Art/Enemies/HeinMach/Shared/Equipment/SK_EN_C_I_EmpireElite_Sword001V2.uasset,394899,8c6ac54119167996a1e69fdcefac1cfb9222c293b7fca0cd80a53bb7555da0d4
/Game/_Art/Enemies/HeinMach/Shared/Equipment/SK_EN_C_I_Empire_Q1BowArrow002,SkeletalMesh,HeinMach/Shared,Content/_Art/Enemies/HeinMach/Shared/Equipment/SK_EN_C_I_Empire_Q1BowArrow002.uasset,708237,a1b92d1b0a7de06b9881de38958a801d2f51166a62ada8021dbe56574a775f55
/Game/_Art/Enemies/HeinMach/Shared/Equipment/SK_EN_C_I_Empire_Q1BowArrow002V2,SkeletalMesh,HeinMach/Shared,Content/_Art/Enemies/HeinMach/Shared/Equipment/SK_EN_C_I_Empire_Q1BowArrow002V2.uasset,708262,07d8beff3b3bb2d7919195a7825d4353d574bb7672af8fe5fec5738bfe5b8d31
/Game/_Art/Enemies/HeinMach/Shared/Equipment/SK_EN_C_I_Empire_Q1Quiver002,SkeletalMesh,HeinMach/Shared,Content/_Art/Enemies/HeinMach/Shared/Equipment/SK_EN_C_I_Empire_Q1Quiver002.uasset,594827,a1e113f4ae6cfcd528f47881640cec6a9984ea9e7d3f3bcfd4ee80df83143fae
/Game/_Art/Enemies/HeinMach/Shared/Equipment/SK_EN_C_I_Empire_Q1Staff001,SkeletalMesh,HeinMach/Shared,Content/_Art/Enemies/HeinMach/Shared/Equipment/SK_EN_C_I_Empire_Q1Staff001.uasset,234920,e80d88b51fbe2d1fbd0dda68cf06f42bff75e4d76c7b8821f56e7ee0a4fd934e
/Game/_Art/Enemies/HeinMach/Shared/Equipment/SK_EN_C_I_Empire_Q1Sword002,SkeletalMesh,HeinMach/Shared,Content/_Art/Enemies/HeinMach/Shared/Equipment/SK_EN_C_I_Empire_Q1Sword002.uasset,178465,2083fbe34e77042c5ef6a1e6c353e3500cc7c23009f174b315f6408988485cc7
/Game/_Art/Enemies/HeinMach/Shared/Equipment/SK_EN_C_I_Empire_Staff002,SkeletalMesh,HeinMach/Shared,Content/_Art/Enemies/HeinMach/Shared/Equipment/SK_EN_C_I_Empire_Staff002.uasset,549418,1788e4b42c9dae7446dc3850c3ba10e0a334e1aed716b4edd88537e8a78ce48b
/Game/_Art/Enemies/HeinMach/Shared/Equipment/SK_EN_C_I_SwordShield_Default001V2_L1,SkeletalMesh,HeinMach/Shared,Content/_Art/Enemies/HeinMach/Shared/Equipment/SK_EN_C_I_SwordShield_Default001V2_L1.uasset,312209,6559f441943228a1845fb1332ac9f05009c16ca028f55500a7f0949b118c7b80
/Game/_Art/Enemies/HeinMach/Shared/Equipment/Skeletons/SKEL_EN_C_I_Empire_Q1Sword002,Skeleton,HeinMach/Shared,Content/_Art/Enemies/HeinMach/Shared/Equipment/Skeletons/SKEL_EN_C_I_Empire_Q1Sword002.uasset,3165,2b7da18f381cd821ce2768837d56691efc859bc532053c454494ed0cea48adef
/Game/_Art/Enemies/HeinMach/Shared/Equipment/Skeletons/SKEL_EN_C_I_SwordShield_Default001V2_L1,Skeleton,HeinMach/Shared,Content/_Art/Enemies/HeinMach/Shared/Equipment/Skeletons/SKEL_EN_C_I_SwordShield_Default001V2_L1.uasset,3285,a5f800f3f198e578570eb8ca30dd25ca18584f6ab4ffc73a6fbdb66591681e15
/Game/_Art/Enemies/HeinMach/Shared/Materials/Expansion/Instances/MI_EN_BASE_AllMaster_AK,MaterialInstanceConstant,HeinMach/Shared,Content/_Art/Enemies/HeinMach/Shared/Materials/Expansion/Instances/MI_EN_BASE_AllMaster_AK.uasset,70808,e5360ffab61c3135739ed3a625377120b2fadd3e640998f8287cfde58a397777
/Game/_Art/Enemies/HeinMach/Shared/Materials/Expansion/Instances/MI_EN_BASE_Default_AK,MaterialInstanceConstant,HeinMach/Shared,Content/_Art/Enemies/HeinMach/Shared/Materials/Expansion/Instances/MI_EN_BASE_Default_AK.uasset,21349,5bcdea262be14f439eedcaa358ff5dcf89d3e0e2a60b1c0f71ad1a25cc174cbd
/Game/_Art/Enemies/HeinMach/Shared/Materials/Expansion/Instances/MI_EN_BASE_Face_AK,MaterialInstanceConstant,HeinMach/Shared,Content/_Art/Enemies/HeinMach/Shared/Materials/Expansion/Instances/MI_EN_BASE_Face_AK.uasset,53880,041c07ede886c2dbc42f5c4dcb1c6d674e49d40a32baa8ee6f75b4e485a85538
/Game/_Art/Enemies/HeinMach/Shared/Materials/Expansion/Instances/MI_EN_BASE_Metal_AK,MaterialInstanceConstant,HeinMach/Shared,Content/_Art/Enemies/HeinMach/Shared/Materials/Expansion/Instances/MI_EN_BASE_Metal_AK.uasset,22567,293cc08567421bd6acab3d1effef7b607876b344e8ff146dd263bd149065c452
/Game/_Art/Enemies/HeinMach/Shared/Materials/Expansion/Instances/MI_EN_BASE_Skin_AK,MaterialInstanceConstant,HeinMach/Shared,Content/_Art/Enemies/HeinMach/Shared/Materials/Expansion/Instances/MI_EN_BASE_Skin_AK.uasset,41859,f7f8111d278083f8fee58735471a9190a702db94f9e383c7e6a5270f6deb8a6d
/Game/_Art/Enemies/HeinMach/Shared/Materials/Expansion/Instances/MI_EN_BASE_Transparent_AK,MaterialInstanceConstant,HeinMach/Shared,Content/_Art/Enemies/HeinMach/Shared/Materials/Expansion/Instances/MI_EN_BASE_Transparent_AK.uasset,5094,e348c611ce1c528ad4c86d0619b220a0ae6f44719a3b49758d259f223faf4391
/Game/_Art/Enemies/HeinMach/Shared/Materials/Expansion/Instances/MI_EN_Base_Eyes_AK,MaterialInstanceConstant,HeinMach/Shared,Content/_Art/Enemies/HeinMach/Shared/Materials/Expansion/Instances/MI_EN_Base_Eyes_AK.uasset,20958,4d41a7186375ee7d7d52bc8ff73f200c2905dcd650839e39e12d0ca513272370
/Game/_Art/Enemies/HeinMach/Shared/Materials/Expansion/Instances/MI_EN_CM_I_EmpireElite_Sword001V2,MaterialInstanceConstant,HeinMach/Shared,Content/_Art/Enemies/HeinMach/Shared/Materials/Expansion/Instances/MI_EN_CM_I_EmpireElite_Sword001V2.uasset,29373,4ab5c6102523c5c93ebc6c347acf34acb503dd0dabe8a21b62854f87fde46476
/Game/_Art/Enemies/HeinMach/Shared/Materials/Expansion/Instances/MI_EN_CM_I_Empire_Q1Arrow002,MaterialInstanceConstant,HeinMach/Shared,Content/_Art/Enemies/HeinMach/Shared/Materials/Expansion/Instances/MI_EN_CM_I_Empire_Q1Arrow002.uasset,24997,691bbba0618add9368c70e99f171dc77c15a8366e50dee61d683a5c821e58576
/Game/_Art/Enemies/HeinMach/Shared/Materials/Expansion/Instances/MI_EN_CM_I_Empire_Q1Bow002,MaterialInstanceConstant,HeinMach/Shared,Content/_Art/Enemies/HeinMach/Shared/Materials/Expansion/Instances/MI_EN_CM_I_Empire_Q1Bow002.uasset,24415,ce4bd512d0eec108dd50613319d358fae708b4c165b53e6448ef2c6ba0ea7ad1
/Game/_Art/Enemies/HeinMach/Shared/Materials/Expansion/Instances/MI_EN_CM_I_Empire_Q1Bow002V2,MaterialInstanceConstant,HeinMach/Shared,Content/_Art/Enemies/HeinMach/Shared/Materials/Expansion/Instances/MI_EN_CM_I_Empire_Q1Bow002V2.uasset,24443,e2abed29e8c5032a215a2839f5f3f8edddafd22b5b0eef9ec46080976a1a88e5
/Game/_Art/Enemies/HeinMach/Shared/Materials/Expansion/Instances/MI_EN_CM_I_Empire_Q1Staff001,MaterialInstanceConstant,HeinMach/Shared,Content/_Art/Enemies/HeinMach/Shared/Materials/Expansion/Instances/MI_EN_CM_I_Empire_Q1Staff001.uasset,29939,f21d07e34d4f38eb4933db9bdb061ffe74dddf7089f64a786926a62b73937684
/Game/_Art/Enemies/HeinMach/Shared/Materials/Expansion/Instances/MI_EN_CM_I_Empire_Q1Sword002,MaterialInstanceConstant,HeinMach/Shared,Content/_Art/Enemies/HeinMach/Shared/Materials/Expansion/Instances/MI_EN_CM_I_Empire_Q1Sword002.uasset,29187,ba2f97ccde6049ccc07da48948693a856e33c8a404c444aa1a0bc7007c7581fd
/Game/_Art/Enemies/HeinMach/Shared/Materials/Expansion/Instances/MI_EN_CM_I_Empire_Staff002,MaterialInstanceConstant,HeinMach/Shared,Content/_Art/Enemies/HeinMach/Shared/Materials/Expansion/Instances/MI_EN_CM_I_Empire_Staff002.uasset,36093,139607daade7df5f1389e8cf7c2be339965b0708b8be9b064625094441c5acae
/Game/_Art/Enemies/HeinMach/Shared/Materials/Expansion/Instances/MI_EN_CM_I_Halberd_WeaponV2,MaterialInstanceConstant,HeinMach/Shared,Content/_Art/Enemies/HeinMach/Shared/Materials/Expansion/Instances/MI_EN_CM_I_Halberd_WeaponV2.uasset,29972,9c45d4b4aab3e1bad09e0ba346cbbb8c5d532a405f6467878d98c62deeb5dc1f
/Game/_Art/Enemies/HeinMach/Shared/Materials/Expansion/Instances/MI_EN_CM_I_SwordShield_Default001V2_L,MaterialInstanceConstant,HeinMach/Shared,Content/_Art/Enemies/HeinMach/Shared/Materials/Expansion/Instances/MI_EN_CM_I_SwordShield_Default001V2_L.uasset,29507,38d653089f47cdf953a5befdc8ad47576c84c32b10ae9da5ee79f0bfb11492b8
/Game/_Art/Enemies/HeinMach/Shared/Materials/Expansion/Instances/MI_EN_CM_M_Human_Adult_M_Empire_Hair001V4,MaterialInstanceConstant,HeinMach/Shared,Content/_Art/Enemies/HeinMach/Shared/Materials/Expansion/Instances/MI_EN_CM_M_Human_Adult_M_Empire_Hair001V4.uasset,16783,dee23f5240d0fa83771d3f1b999a5de9f1705b16cfcd4a40305003f924fac6d9
/Game/_Art/Enemies/HeinMach/Shared/Materials/Expansion/Instances/MI_EN_CM_M_Human_Adult_M_Empire_Hair002V4,MaterialInstanceConstant,HeinMach/Shared,Content/_Art/Enemies/HeinMach/Shared/Materials/Expansion/Instances/MI_EN_CM_M_Human_Adult_M_Empire_Hair002V4.uasset,26209,1da28a8b3af71a69efca720f638072e8b14b425e13e062bb12fb77f947459f02
/Game/_Art/Enemies/HeinMach/Shared/Materials/Expansion/Instances/MI_EN_CM_M_Human_Adult_M_Empire_Hair003V4,MaterialInstanceConstant,HeinMach/Shared,Content/_Art/Enemies/HeinMach/Shared/Materials/Expansion/Instances/MI_EN_CM_M_Human_Adult_M_Empire_Hair003V4.uasset,16788,5a6d4e4ef1aad61e58c2a03c0cbe7661bd169fc172cbbd9bc09a4b3d1529b3a7
/Game/_Art/Enemies/HeinMach/Shared/Materials/Expansion/Instances/MI_EN_CM_M_Human_Adult_M_Empire_Hair004,MaterialInstanceConstant,HeinMach/Shared,Content/_Art/Enemies/HeinMach/Shared/Materials/Expansion/Instances/MI_EN_CM_M_Human_Adult_M_Empire_Hair004.uasset,26731,78d3f9e88472ba97df1b47add735a21cd8563c1613e6858751269277f546c8d1
/Game/_Art/Enemies/HeinMach/Shared/Materials/Expansion/Instances/MI_EN_CM_M_Human_Adult_M_Empire_Hair004V3,MaterialInstanceConstant,HeinMach/Shared,Content/_Art/Enemies/HeinMach/Shared/Materials/Expansion/Instances/MI_EN_CM_M_Human_Adult_M_Empire_Hair004V3.uasset,27215,fafbaa0248c3eeab4028c380a05325dda6c687f09e2b316992868a610635314b
/Game/_Art/Enemies/HeinMach/Shared/Materials/Expansion/Instances/MI_EN_CM_M_Human_Adult_M_Empire_Hair501V2,MaterialInstanceConstant,HeinMach/Shared,Content/_Art/Enemies/HeinMach/Shared/Materials/Expansion/Instances/MI_EN_CM_M_Human_Adult_M_Empire_Hair501V2.uasset,15429,00620fb970aa2a886f27f122297477d6a066585f9f69fba570c0037573df709f
/Game/_Art/Enemies/HeinMach/Shared/Materials/Expansion/Instances/MI_EN_CM_M_Human_Adult_M_Empire_Hair502,MaterialInstanceConstant,HeinMach/Shared,Content/_Art/Enemies/HeinMach/Shared/Materials/Expansion/Instances/MI_EN_CM_M_Human_Adult_M_Empire_Hair502.uasset,15428,960a066e49ac896dda0aa507eea7cfaefb96f51c5eecdca39e0641667ea70991
/Game/_Art/Enemies/HeinMach/Shared/Materials/Expansion/Instances/MI_EN_CM_M_Human_Adult_M_Empire_Lower001V4,MaterialInstanceConstant,HeinMach/Shared,Content/_Art/Enemies/HeinMach/Shared/Materials/Expansion/Instances/MI_EN_CM_M_Human_Adult_M_Empire_Lower001V4.uasset,15968,4d106d69b3626b73d20e32ee8e635bdd7ee961b2526466f6a3631f01fa848159
/Game/_Art/Enemies/HeinMach/Shared/Materials/Expansion/Instances/MI_EN_CM_M_Human_Adult_M_Empire_Lower002V4,MaterialInstanceConstant,HeinMach/Shared,Content/_Art/Enemies/HeinMach/Shared/Materials/Expansion/Instances/MI_EN_CM_M_Human_Adult_M_Empire_Lower002V4.uasset,18298,b9091dc0b5be9011d17a2320f61b78712dc6eb7e2dcac285d070d2c550b3604b
/Game/_Art/Enemies/HeinMach/Shared/Materials/Expansion/Instances/MI_EN_CM_M_Human_Adult_M_Empire_Lower003V4,MaterialInstanceConstant,HeinMach/Shared,Content/_Art/Enemies/HeinMach/Shared/Materials/Expansion/Instances/MI_EN_CM_M_Human_Adult_M_Empire_Lower003V4.uasset,16826,172df8643cd464cc1513468e7b21c0833248233b23ff55889ea293d46ceac8ae
/Game/_Art/Enemies/HeinMach/Shared/Materials/Expansion/Instances/MI_EN_CM_M_Human_Adult_M_Empire_Lower004,MaterialInstanceConstant,HeinMach/Shared,Content/_Art/Enemies/HeinMach/Shared/Materials/Expansion/Instances/MI_EN_CM_M_Human_Adult_M_Empire_Lower004.uasset,27049,b5d8f27799d04a5fd2a98e12877a92c58dc7ad69e3e5ca224237d9ceaf87be7a
/Game/_Art/Enemies/HeinMach/Shared/Materials/Expansion/Instances/MI_EN_CM_M_Human_Adult_M_Empire_Lower004V3,MaterialInstanceConstant,HeinMach/Shared,Content/_Art/Enemies/HeinMach/Shared/Materials/Expansion/Instances/MI_EN_CM_M_Human_Adult_M_Empire_Lower004V3.uasset,27077,cba1ad6ae9ec71b0dac9746ca7b49a6e8317311392cbc17b059643e7999770ea
/Game/_Art/Enemies/HeinMach/Shared/Materials/Expansion/Instances/MI_EN_CM_M_Human_Adult_M_Empire_Upper001V4,MaterialInstanceConstant,HeinMach/Shared,Content/_Art/Enemies/HeinMach/Shared/Materials/Expansion/Instances/MI_EN_CM_M_Human_Adult_M_Empire_Upper001V4.uasset,17030,5d74e54d7c462fad1ea0737bb713b988c84210a5e539dfaaedbfedbbe53301b6
/Game/_Art/Enemies/HeinMach/Shared/Materials/Expansion/Instances/MI_EN_CM_M_Human_Adult_M_Empire_Upper002V4,MaterialInstanceConstant,HeinMach/Shared,Content/_Art/Enemies/HeinMach/Shared/Materials/Expansion/Instances/MI_EN_CM_M_Human_Adult_M_Empire_Upper002V4.uasset,19047,79320f4994ab8d687d8dcdc8beadb87bfa2168fbcdf95d2cd0e97c2cea457923
/Game/_Art/Enemies/HeinMach/Shared/Materials/Expansion/Instances/MI_EN_CM_M_Human_Adult_M_Empire_Upper003V4,MaterialInstanceConstant,HeinMach/Shared,Content/_Art/Enemies/HeinMach/Shared/Materials/Expansion/Instances/MI_EN_CM_M_Human_Adult_M_Empire_Upper003V4.uasset,17029,73c1bdb36a67d02a3aced35c8f658fb6ffffac01ff345e0d598a4c5f8955f624
/Game/_Art/Enemies/HeinMach/Shared/Materials/Expansion/Instances/MI_EN_CM_M_Human_Adult_M_Empire_Upper004,MaterialInstanceConstant,HeinMach/Shared,Content/_Art/Enemies/HeinMach/Shared/Materials/Expansion/Instances/MI_EN_CM_M_Human_Adult_M_Empire_Upper004.uasset,27301,ec272addb85478fdd02ceb79cd813aaa40849b21b28eb023ae192ea5d4e0d9cf
/Game/_Art/Enemies/HeinMach/Shared/Materials/Expansion/Instances/MI_EN_CM_M_Human_Adult_M_Empire_Upper004V3,MaterialInstanceConstant,HeinMach/Shared,Content/_Art/Enemies/HeinMach/Shared/Materials/Expansion/Instances/MI_EN_CM_M_Human_Adult_M_Empire_Upper004V3.uasset,27329,1264f05ef3707d05967aa312eab6a0ec83295c00c448d71e0a2a935cf49937a2
/Game/_Art/Enemies/HeinMach/Shared/Materials/Expansion/Instances/MI_EN_CM_M_Human_Adult_M_Nude_Eye001,MaterialInstanceConstant,HeinMach/Shared,Content/_Art/Enemies/HeinMach/Shared/Materials/Expansion/Instances/MI_EN_CM_M_Human_Adult_M_Nude_Eye001.uasset,12737,2bdb029ee9ad3d59368bbcc8222f2cedf31be5e12654b666a1f1f85ae35a19c4
/Game/_Art/Enemies/HeinMach/Shared/Materials/Expansion/Instances/MI_EN_CM_M_Human_Adult_M_Nude_Eye002,MaterialInstanceConstant,HeinMach/Shared,Content/_Art/Enemies/HeinMach/Shared/Materials/Expansion/Instances/MI_EN_CM_M_Human_Adult_M_Nude_Eye002.uasset,12740,3fe9e9a30c6aefaed911b23559991f3c3d26f8bd3cf2e7b6a785f78a67615c38
/Game/_Art/Enemies/HeinMach/Shared/Materials/Expansion/Instances/MI_EN_CM_M_Human_Adult_M_Nude_Eye003,MaterialInstanceConstant,HeinMach/Shared,Content/_Art/Enemies/HeinMach/Shared/Materials/Expansion/Instances/MI_EN_CM_M_Human_Adult_M_Nude_Eye003.uasset,12738,940d8e32ad8c9e8ad8f736a834a2d526a8cbc2de7734c6dc4840adcf302652de
/Game/_Art/Enemies/HeinMach/Shared/Materials/Expansion/Instances/MI_EN_CM_M_Human_Adult_M_Nude_Face003,MaterialInstanceConstant,HeinMach/Shared,Content/_Art/Enemies/HeinMach/Shared/Materials/Expansion/Instances/MI_EN_CM_M_Human_Adult_M_Nude_Face003.uasset,15884,448ca2cfdc4cf1dcd631143913650c983dd8bded4271f05b86f4e3d73edd7814
/Game/_Art/Enemies/HeinMach/Shared/Materials/Expansion/Instances/MI_EN_CM_M_Human_Adult_M_Wounded_Face001,MaterialInstanceConstant,HeinMach/Shared,Content/_Art/Enemies/HeinMach/Shared/Materials/Expansion/Instances/MI_EN_CM_M_Human_Adult_M_Wounded_Face001.uasset,18407,c9db8c96060639867981b196d7664a57e7588ccf363bbcc6b06932e33a29f6de
/Game/_Art/Enemies/HeinMach/Shared/Materials/Expansion/Instances/MI_EN_CM_M_Human_Adult_M_Wounded_Face002,MaterialInstanceConstant,HeinMach/Shared,Content/_Art/Enemies/HeinMach/Shared/Materials/Expansion/Instances/MI_EN_CM_M_Human_Adult_M_Wounded_Face002.uasset,18399,9b4244085e18e1a9e499b022cffff2a099934ef0e157dc3e61bf63cf3d705c96
/Game/_Art/Enemies/HeinMach/Shared/Materials/Expansion/Instances/MI_EN_CM_M_Human_Adult_M_Wounded_Face003,MaterialInstanceConstant,HeinMach/Shared,Content/_Art/Enemies/HeinMach/Shared/Materials/Expansion/Instances/MI_EN_CM_M_Human_Adult_M_Wounded_Face003.uasset,15893,62fb4947c9f3cc429d0e482a0a5815600abfe65a246081b577b527785b010058
/Game/_Art/Enemies/HeinMach/Shared/Materials/Expansion/Instances/MI_EN_CM_M_Human_Adult_M_Wounded_Upper001,MaterialInstanceConstant,HeinMach/Shared,Content/_Art/Enemies/HeinMach/Shared/Materials/Expansion/Instances/MI_EN_CM_M_Human_Adult_M_Wounded_Upper001.uasset,12767,cf8414804dd1db2262fc69a5e346e9653f16bb9cebdc53cc205ddf8a383962d0
/Game/_Art/Enemies/HeinMach/Shared/Materials/Expansion/Instances/MI_EN_CM_M_Human_Elite_M_Empire_Head001V2,MaterialInstanceConstant,HeinMach/Shared,Content/_Art/Enemies/HeinMach/Shared/Materials/Expansion/Instances/MI_EN_CM_M_Human_Elite_M_Empire_Head001V2.uasset,28176,55acdc02cd7f853aed47b4cb19218e9e5568b03ceb86ea7deee2e73d2f9bc461
/Game/_Art/Enemies/HeinMach/Shared/Materials/Expansion/Instances/MI_EN_CM_M_Human_Elite_M_Empire_Lower001V2,MaterialInstanceConstant,HeinMach/Shared,Content/_Art/Enemies/HeinMach/Shared/Materials/Expansion/Instances/MI_EN_CM_M_Human_Elite_M_Empire_Lower001V2.uasset,28222,ecd21eb1572bc480046fee40d7a4454c18579f44506bf165b21d882c28e6879b
/Game/_Art/Enemies/HeinMach/Shared/Materials/Expansion/Instances/MI_EN_CM_M_Human_Elite_M_Empire_Upper001V2,MaterialInstanceConstant,HeinMach/Shared,Content/_Art/Enemies/HeinMach/Shared/Materials/Expansion/Instances/MI_EN_CM_M_Human_Elite_M_Empire_Upper001V2.uasset,28022,ff61bb8b5178413acd8b60922ecdd99456ccbafe38a8ce2fffee37876a4029b6
/Game/_Art/Enemies/HeinMach/Shared/Materials/Expansion/Instances/MI_EN_EyeShadow,MaterialInstanceConstant,HeinMach/Shared,Content/_Art/Enemies/HeinMach/Shared/Materials/Expansion/Instances/MI_EN_EyeShadow.uasset,6358,b8848a0092ea068a1f9e175af9bdbd7b01c95df10d9fa3f03cad7418d13832ce
/Game/_Art/Enemies/HeinMach/Shared/Materials/Expansion/Masters/M_EN_M_AKCartoonCharacter,Material,HeinMach/Shared,Content/_Art/Enemies/HeinMach/Shared/Materials/Expansion/Masters/M_EN_M_AKCartoonCharacter.uasset,608420,063d8cf68b53bec624e1e410bdef02029ee573b0534bf8ad196bc1e9595324fd
/Game/_Art/Enemies/HeinMach/Shared/Materials/Expansion/Masters/M_EN_M_BBQCartoonEye_AK,Material,HeinMach/Shared,Content/_Art/Enemies/HeinMach/Shared/Materials/Expansion/Masters/M_EN_M_BBQCartoonEye_AK.uasset,172491,e9cb6c13674e471d45a8dd0860e507f90cb1daadc13cd2c7c91fef9e494914c4
/Game/_Art/Enemies/HeinMach/Shared/Materials/Expansion/Masters/M_EN_M_BBQ_CharTransparent_AK,Material,HeinMach/Shared,Content/_Art/Enemies/HeinMach/Shared/Materials/Expansion/Masters/M_EN_M_BBQ_CharTransparent_AK.uasset,118224,9f692ab2ce07c85c581a3343bef1ace7567c831f5c0631a687bb5077991e423f
/Game/_Art/Enemies/HeinMach/Shared/Materials/Instances/MI_EN_CM_I_Empire_Q1Sword002,MaterialInstanceConstant,HeinMach/Shared,Content/_Art/Enemies/HeinMach/Shared/Materials/Instances/MI_EN_CM_I_Empire_Q1Sword002.uasset,29143,6a2c42be180c53ac8a29dcc1634a0ac36cf83b8d2e00e8b1db75e106a88e04a7
/Game/_Art/Enemies/HeinMach/Shared/Materials/Instances/MI_EN_CM_I_Halberd_WeaponV2,MaterialInstanceConstant,HeinMach/Shared,Content/_Art/Enemies/HeinMach/Shared/Materials/Instances/MI_EN_CM_I_Halberd_WeaponV2.uasset,29928,986702f50f56344c57953e9ca7837df12c9cdee23c9aabe99230cbf6a5589f05
/Game/_Art/Enemies/HeinMach/Shared/Materials/Instances/MI_EN_CM_I_SwordShield_Default001V2_L,MaterialInstanceConstant,HeinMach/Shared,Content/_Art/Enemies/HeinMach/Shared/Materials/Instances/MI_EN_CM_I_SwordShield_Default001V2_L.uasset,29463,9064dbef5f1b9dc6d30427578ec16dc9b8f02a944676a3211bd1f588442c873d
/Game/_Art/Enemies/HeinMach/Shared/Materials/Instances/MI_EN_CM_M_Halberd_BodyV2,MaterialInstanceConstant,HeinMach/Shared,Content/_Art/Enemies/HeinMach/Shared/Materials/Instances/MI_EN_CM_M_Halberd_BodyV2.uasset,12092,c57569c8c2d066e16ed607976c976d29ec57b0baf20f2bc0147358037a879a9b
/Game/_Art/Enemies/HeinMach/Shared/Materials/Instances/MI_EN_CM_M_Halberd_Eye001,MaterialInstanceConstant,HeinMach/Shared,Content/_Art/Enemies/HeinMach/Shared/Materials/Instances/MI_EN_CM_M_Halberd_Eye001.uasset,12756,15d8c10399b696c7fe9e44dd7c1c296fabf612ea784645d36395a44e20c1b4a1
/Game/_Art/Enemies/HeinMach/Shared/Materials/Instances/MI_EN_CM_M_Halberd_FaceV2,MaterialInstanceConstant,HeinMach/Shared,Content/_Art/Enemies/HeinMach/Shared/Materials/Instances/MI_EN_CM_M_Halberd_FaceV2.uasset,23834,7c2fed198d8e268b5fc57b5fc5bca9e2b0918c957dcfac12866f372ff7292bcb
/Game/_Art/Enemies/HeinMach/Shared/Materials/Instances/MI_EN_CM_M_Halberd_LowerV2,MaterialInstanceConstant,HeinMach/Shared,Content/_Art/Enemies/HeinMach/Shared/Materials/Instances/MI_EN_CM_M_Halberd_LowerV2.uasset,19233,28a87387a37e557f39cae8f70773760076d72534f0a1fa2bc0245e98660e5518
/Game/_Art/Enemies/HeinMach/Shared/Materials/Instances/MI_EN_CM_M_Halberd_UpperV2,MaterialInstanceConstant,HeinMach/Shared,Content/_Art/Enemies/HeinMach/Shared/Materials/Instances/MI_EN_CM_M_Halberd_UpperV2.uasset,19048,11222169072a0e29de81609455ff7d21167bae4b2182de694f37302a70a23c55
/Game/_Art/Enemies/HeinMach/Shared/Materials/M_EN_InvisiblePoseCarrier,Material,HeinMach/Shared,Content/_Art/Enemies/HeinMach/Shared/Materials/M_EN_InvisiblePoseCarrier.uasset,4826,467108a652da02f250c4e8ab93056ab2d7cb30f0915dc52be8f61d101d706de6
/Game/_Art/Enemies/HeinMach/Shared/Materials/Parents/MI_EN_BASE_AllMaster_AK,MaterialInstanceConstant,HeinMach/Shared,Content/_Art/Enemies/HeinMach/Shared/Materials/Parents/MI_EN_BASE_AllMaster_AK.uasset,70764,0bb195e334655a6ccac0d3efe2cbeb035f7511a440d85825c09c41ae67230bd8
/Game/_Art/Enemies/HeinMach/Shared/Materials/Parents/MI_EN_BASE_Default_AK,MaterialInstanceConstant,HeinMach/Shared,Content/_Art/Enemies/HeinMach/Shared/Materials/Parents/MI_EN_BASE_Default_AK.uasset,21301,cab42783171b943c1c565158125f51f69fac36b585ded439e3a63eb972a4bc6e
/Game/_Art/Enemies/HeinMach/Shared/Materials/Parents/MI_EN_BASE_Face_AK,MaterialInstanceConstant,HeinMach/Shared,Content/_Art/Enemies/HeinMach/Shared/Materials/Parents/MI_EN_BASE_Face_AK.uasset,53832,de45f12c1c55eecd3c39efa641b71f32a9783c57491bd442c46359d4a9b7f92f
/Game/_Art/Enemies/HeinMach/Shared/Materials/Parents/MI_EN_BASE_Metal_AK,MaterialInstanceConstant,HeinMach/Shared,Content/_Art/Enemies/HeinMach/Shared/Materials/Parents/MI_EN_BASE_Metal_AK.uasset,22519,3f0d22761c7255013661760c24cae89ab522caaee8a378c1eece2b151d2630d8
/Game/_Art/Enemies/HeinMach/Shared/Materials/Parents/MI_EN_BASE_Skin_AK,MaterialInstanceConstant,HeinMach/Shared,Content/_Art/Enemies/HeinMach/Shared/Materials/Parents/MI_EN_BASE_Skin_AK.uasset,41811,9a61b5a47a47e809fec279a936b0e2a22b6dbf7f604d4480e5e64ed97d2a5c24
/Game/_Art/Enemies/HeinMach/Shared/Materials/Parents/MI_EN_Base_Eyes_AK,MaterialInstanceConstant,HeinMach/Shared,Content/_Art/Enemies/HeinMach/Shared/Materials/Parents/MI_EN_Base_Eyes_AK.uasset,20914,d63c97f5506d6fefa1f181a7a6fd784cf39f711bcd088e56a869cd6fc943d338
/Game/_Art/Enemies/HeinMach/Shared/Materials/Parents/M_EN_M_AKCartoonCharacter,Material,HeinMach/Shared,Content/_Art/Enemies/HeinMach/Shared/Materials/Parents/M_EN_M_AKCartoonCharacter.uasset,554262,29f68db023b28a11b89fd600314eeefd62da9a4606eb013779f83611d5f9ca3e
/Game/_Art/Enemies/HeinMach/Shared/Materials/Parents/M_EN_M_BBQCartoonEye_AK,Material,HeinMach/Shared,Content/_Art/Enemies/HeinMach/Shared/Materials/Parents/M_EN_M_BBQCartoonEye_AK.uasset,116700,f4525040bc291cd70f3479c71ea0e04c4f7d33208fc6efa906e4adcad1232b9b
/Game/_Art/Enemies/HeinMach/Shared/PoseCarriers/SK_EN_C_M_Human_Adult_M_EmptyMesh,SkeletalMesh,HeinMach/Shared,Content/_Art/Enemies/HeinMach/Shared/PoseCarriers/SK_EN_C_M_Human_Adult_M_EmptyMesh.uasset,649111,2cdcb1ae600d330ff08370571d39ebdff12ed54f04aaeeebdc8fdc32c683f6ca
/Game/_Art/Enemies/HeinMach/Shared/PoseCarriers/SK_EN_C_M_Human_Elite_M_EmptyMesh,SkeletalMesh,HeinMach/Shared,Content/_Art/Enemies/HeinMach/Shared/PoseCarriers/SK_EN_C_M_Human_Elite_M_EmptyMesh.uasset,814749,ed3ea3c78687fec527a49f8e4d31538230358535141b880c94db7705990ede77
/Game/_Art/Enemies/HeinMach/Shared/Skeletons/SKEL_EN_C_I_EmpireElite_Sword001_Skeleton,Skeleton,HeinMach/Shared,Content/_Art/Enemies/HeinMach/Shared/Skeletons/SKEL_EN_C_I_EmpireElite_Sword001_Skeleton.uasset,2285,cc79458481fa809b4bf3735e083c67c5166ec91b8253a90769f453c9f7fac34b
/Game/_Art/Enemies/HeinMach/Shared/Skeletons/SKEL_EN_C_I_Empire_Q1BowArrow001_Skeleton,Skeleton,HeinMach/Shared,Content/_Art/Enemies/HeinMach/Shared/Skeletons/SKEL_EN_C_I_Empire_Q1BowArrow001_Skeleton.uasset,3061,c6d727f55d5f3097007080420a3da3fcb53cbe82488ef8d98f313b63c2b2c254
/Game/_Art/Enemies/HeinMach/Shared/Skeletons/SKEL_EN_C_I_Empire_Q1Quiver001_Skeleton,Skeleton,HeinMach/Shared,Content/_Art/Enemies/HeinMach/Shared/Skeletons/SKEL_EN_C_I_Empire_Q1Quiver001_Skeleton.uasset,2279,cf07aa6a68ec63b7e462e7e5ef3db5ee410bc1be645284db4a51dad8d36ea3a7
/Game/_Art/Enemies/HeinMach/Shared/Skeletons/SKEL_EN_C_I_Empire_Q1Staff001_Skeleton,Skeleton,HeinMach/Shared,Content/_Art/Enemies/HeinMach/Shared/Skeletons/SKEL_EN_C_I_Empire_Q1Staff001_Skeleton.uasset,2253,2113013360b755def307886959eae9e90cb787ca77aeaa4fc4039c674a43d451
/Game/_Art/Enemies/HeinMach/Shared/Skeletons/SKEL_EN_C_M_Human_Elite_M_Skeleton,Skeleton,HeinMach/Shared,Content/_Art/Enemies/HeinMach/Shared/Skeletons/SKEL_EN_C_M_Human_Elite_M_Skeleton.uasset,45320,2f16861cd5440ef74b50d30358d779bca64c82f405afec054909b2001322a737
/Game/_Art/Enemies/HeinMach/Shared/Skeletons/SKEL_EN_EmpireHuman,Skeleton,HeinMach/Shared,Content/_Art/Enemies/HeinMach/Shared/Skeletons/SKEL_EN_EmpireHuman.uasset,42876,5c08f5b7daea27429ffb8eeaac86850721eef0ee6a460648188d4c71281a398d
/Game/_Art/Enemies/HeinMach/Shared/Textures/T_EN_BASE_Black,Texture2D,HeinMach/Shared,Content/_Art/Enemies/HeinMach/Shared/Textures/T_EN_BASE_Black.uasset,4891,45615b78ec8ae27cff22e3b9da14d73324e5fe723933e8a7362b15a580fa5553
/Game/_Art/Enemies/HeinMach/Shared/Textures/T_EN_BASE_Black_NoneSRGB,Texture2D,HeinMach/Shared,Content/_Art/Enemies/HeinMach/Shared/Textures/T_EN_BASE_Black_NoneSRGB.uasset,4993,ebda2a5f4c6db95e6f81220fc44d6811ca74ed1d635541fd57243bb9e21097be
/Game/_Art/Enemies/HeinMach/Shared/Textures/T_EN_BASE_Black_NoneSRGB_b6fdb840,Texture2D,HeinMach/Shared,Content/_Art/Enemies/HeinMach/Shared/Textures/T_EN_BASE_Black_NoneSRGB_b6fdb840.uasset,4975,db5a5c64b85d853ba40b4e0b55176384a38a2fbf1a53e80c435ad241d9201744
/Game/_Art/Enemies/HeinMach/Shared/Textures/T_EN_BASE_Black_e5f55951,Texture2D,HeinMach/Shared,Content/_Art/Enemies/HeinMach/Shared/Textures/T_EN_BASE_Black_e5f55951.uasset,4873,6c6c59e81adc84b01f519cb3ade8fbf140834d8cdf6b8b0a427d29df23f597ae
/Game/_Art/Enemies/HeinMach/Shared/Textures/T_EN_BASE_Blue,Texture2D,HeinMach/Shared,Content/_Art/Enemies/HeinMach/Shared/Textures/T_EN_BASE_Blue.uasset,4875,e0d5ba5afe77ec11d180dea6732177a725eba00bc92c6de74750542bfb74482a
/Game/_Art/Enemies/HeinMach/Shared/Textures/T_EN_BASE_Disolve,Texture2D,HeinMach/Shared,Content/_Art/Enemies/HeinMach/Shared/Textures/T_EN_BASE_Disolve.uasset,71010,943d118d9aeead04be6c275df9bd06330b305890a49055451b3ad53fc212140f
/Game/_Art/Enemies/HeinMach/Shared/Textures/T_EN_BASE_Eye_E,Texture2D,HeinMach/Shared,Content/_Art/Enemies/HeinMach/Shared/Textures/T_EN_BASE_Eye_E.uasset,13940,d9d7647c3953e97be97d71a04ee589ca23a43a5523fbe104eda42594aca0fd74
/Game/_Art/Enemies/HeinMach/Shared/Textures/T_EN_BASE_Eye_S,Texture2D,HeinMach/Shared,Content/_Art/Enemies/HeinMach/Shared/Textures/T_EN_BASE_Eye_S.uasset,8363,6a22064eea75b5663e352d833e3bb5cae192e8a9fc3ce72c4450d17ad294e5ff
/Game/_Art/Enemies/HeinMach/Shared/Textures/T_EN_BASE_Grey,Texture2D,HeinMach/Shared,Content/_Art/Enemies/HeinMach/Shared/Textures/T_EN_BASE_Grey.uasset,5715,c96f008c4ade03cc2e2ecab36a609106f787f0a032304cccab353b4b10203516
/Game/_Art/Enemies/HeinMach/Shared/Textures/T_EN_BASE_Normal,Texture2D,HeinMach/Shared,Content/_Art/Enemies/HeinMach/Shared/Textures/T_EN_BASE_Normal.uasset,5172,777a21ce15838582a823f5a4e724304b57c46d287ee15553d850ea6ef5f7c180
/Game/_Art/Enemies/HeinMach/Shared/Textures/T_EN_BASE_SAPE,Texture2D,HeinMach/Shared,Content/_Art/Enemies/HeinMach/Shared/Textures/T_EN_BASE_SAPE.uasset,10663,f1980a1fe96fe97d9406b20180efb5e87d2782f6b9c3e9507f04a76ae8a5be56
/Game/_Art/Enemies/HeinMach/Shared/Textures/T_EN_BASE_SAPE_9dc7c1cd,Texture2D,HeinMach/Shared,Content/_Art/Enemies/HeinMach/Shared/Textures/T_EN_BASE_SAPE_9dc7c1cd.uasset,10645,3db83d8da5995aab659a5c83114402adb387eb993259055aff24b037dbbbb6f3
/Game/_Art/Enemies/HeinMach/Shared/Textures/T_EN_BASE_White,Texture2D,HeinMach/Shared,Content/_Art/Enemies/HeinMach/Shared/Textures/T_EN_BASE_White.uasset,4891,7db6473e48a3df0ab0051dfe212fa987fec410e82c1be1f537b06308945ec998
/Game/_Art/Enemies/HeinMach/Shared/Textures/T_EN_BASE_White_NoneSRGB,Texture2D,HeinMach/Shared,Content/_Art/Enemies/HeinMach/Shared/Textures/T_EN_BASE_White_NoneSRGB.uasset,5691,fd15cb89929b8fd56fe28de0749fb96a429d176c0febfa9322ec6ab1ab954114
/Game/_Art/Enemies/HeinMach/Shared/Textures/T_EN_CT_I_EmpireElite_Sword001V2_D,Texture2D,HeinMach/Shared,Content/_Art/Enemies/HeinMach/Shared/Textures/T_EN_CT_I_EmpireElite_Sword001V2_D.uasset,927335,2a3f997c5aeabe8d3b9c50ccc19b088beb0c63ef762c2bd68c0301c26f9dee5a
/Game/_Art/Enemies/HeinMach/Shared/Textures/T_EN_CT_I_EmpireElite_Sword001_I,Texture2D,HeinMach/Shared,Content/_Art/Enemies/HeinMach/Shared/Textures/T_EN_CT_I_EmpireElite_Sword001_I.uasset,357417,30c710747a5c531bd56e977497571d1469cdf1263f00c2999fcafbaa7bf7a422
/Game/_Art/Enemies/HeinMach/Shared/Textures/T_EN_CT_I_EmpireElite_Sword001_N,Texture2D,HeinMach/Shared,Content/_Art/Enemies/HeinMach/Shared/Textures/T_EN_CT_I_EmpireElite_Sword001_N.uasset,343598,09c956085a3334641e0713c600318f48722267f63dc984782f3926bec18cc8e3
/Game/_Art/Enemies/HeinMach/Shared/Textures/T_EN_CT_I_EmpireElite_Sword001_R,Texture2D,HeinMach/Shared,Content/_Art/Enemies/HeinMach/Shared/Textures/T_EN_CT_I_EmpireElite_Sword001_R.uasset,14599,fbcce03ee4b48d5c90ec1cf966c45353f72f712ca511b3a50e1d70004c31a618
/Game/_Art/Enemies/HeinMach/Shared/Textures/T_EN_CT_I_EmpireElite_Sword001_S,Texture2D,HeinMach/Shared,Content/_Art/Enemies/HeinMach/Shared/Textures/T_EN_CT_I_EmpireElite_Sword001_S.uasset,122807,0b83d6f4d3a028bf4ebbabe77b961a20d85dd6d4f9efaf78eecc146f1836196d
/Game/_Art/Enemies/HeinMach/Shared/Textures/T_EN_CT_I_Empire_Q1Arrow002_D,Texture2D,HeinMach/Shared,Content/_Art/Enemies/HeinMach/Shared/Textures/T_EN_CT_I_Empire_Q1Arrow002_D.uasset,21518,d44d1b93415bafd954ea75ed4896a9309c069c8a2da8a15fc20a238f8c4977d0
/Game/_Art/Enemies/HeinMach/Shared/Textures/T_EN_CT_I_Empire_Q1Arrow002_I,Texture2D,HeinMach/Shared,Content/_Art/Enemies/HeinMach/Shared/Textures/T_EN_CT_I_Empire_Q1Arrow002_I.uasset,157294,e6d537727ca1e385a8cf24c7d5a6f745d3d1f8bd375414ee0f244b4a8d1c77b9
/Game/_Art/Enemies/HeinMach/Shared/Textures/T_EN_CT_I_Empire_Q1Arrow002_N,Texture2D,HeinMach/Shared,Content/_Art/Enemies/HeinMach/Shared/Textures/T_EN_CT_I_Empire_Q1Arrow002_N.uasset,59584,834a1d4ad5208e1d49e44ea63542a01eacf749a7106a8a937ac5feaf1b890c73
/Game/_Art/Enemies/HeinMach/Shared/Textures/T_EN_CT_I_Empire_Q1Arrow002_R,Texture2D,HeinMach/Shared,Content/_Art/Enemies/HeinMach/Shared/Textures/T_EN_CT_I_Empire_Q1Arrow002_R.uasset,12885,cb8f0b329c32586ff345cbedc2732cdfebc4a0bbd735b8cc22a8144f373bc607
/Game/_Art/Enemies/HeinMach/Shared/Textures/T_EN_CT_I_Empire_Q1Arrow002_S,Texture2D,HeinMach/Shared,Content/_Art/Enemies/HeinMach/Shared/Textures/T_EN_CT_I_Empire_Q1Arrow002_S.uasset,31257,d8278695ab4e0f322a8070226c86e3066f63ef45b0de9b1c01b975f966b2a3ee
/Game/_Art/Enemies/HeinMach/Shared/Textures/T_EN_CT_I_Empire_Q1Bow002V2_D,Texture2D,HeinMach/Shared,Content/_Art/Enemies/HeinMach/Shared/Textures/T_EN_CT_I_Empire_Q1Bow002V2_D.uasset,294614,3d2a3ea26e80b845af4fcc43b6c9b7c1e4da7f8286aabb0bbc6beb77ce000ba5
/Game/_Art/Enemies/HeinMach/Shared/Textures/T_EN_CT_I_Empire_Q1Bow002_D,Texture2D,HeinMach/Shared,Content/_Art/Enemies/HeinMach/Shared/Textures/T_EN_CT_I_Empire_Q1Bow002_D.uasset,69873,7a55b29ea4129a1c22fc959f2c24af465b7239dc00390105dd41017570bf5df8
/Game/_Art/Enemies/HeinMach/Shared/Textures/T_EN_CT_I_Empire_Q1Bow002_I,Texture2D,HeinMach/Shared,Content/_Art/Enemies/HeinMach/Shared/Textures/T_EN_CT_I_Empire_Q1Bow002_I.uasset,225283,e10e0f69e274dc8ee5db7a5a209e368ef2e34dbdaed88368801b2657e6f436cf
/Game/_Art/Enemies/HeinMach/Shared/Textures/T_EN_CT_I_Empire_Q1Bow002_N,Texture2D,HeinMach/Shared,Content/_Art/Enemies/HeinMach/Shared/Textures/T_EN_CT_I_Empire_Q1Bow002_N.uasset,359371,b08b9f4d0927654aac3b0f9c6dd8013efa654e97df2c4a62690fa93a87388ddb
/Game/_Art/Enemies/HeinMach/Shared/Textures/T_EN_CT_I_Empire_Q1Bow002_R,Texture2D,HeinMach/Shared,Content/_Art/Enemies/HeinMach/Shared/Textures/T_EN_CT_I_Empire_Q1Bow002_R.uasset,13278,08ad289030b1e11578dc347faa9653708d2614fb5ead10a91b43c8346943a036
/Game/_Art/Enemies/HeinMach/Shared/Textures/T_EN_CT_I_Empire_Q1Bow002_S,Texture2D,HeinMach/Shared,Content/_Art/Enemies/HeinMach/Shared/Textures/T_EN_CT_I_Empire_Q1Bow002_S.uasset,131531,9ed99a04547c210800d4c640be89e168ba0ee8cda5a35e3e91191d34bc53c4c9
/Game/_Art/Enemies/HeinMach/Shared/Textures/T_EN_CT_I_Empire_Q1Staff001_D,Texture2D,HeinMach/Shared,Content/_Art/Enemies/HeinMach/Shared/Textures/T_EN_CT_I_Empire_Q1Staff001_D.uasset,136215,df15b753072b7d88d280a920828697c02bd01250a3443963db2ae44ecbe3f788
/Game/_Art/Enemies/HeinMach/Shared/Textures/T_EN_CT_I_Empire_Q1Staff001_E,Texture2D,HeinMach/Shared,Content/_Art/Enemies/HeinMach/Shared/Textures/T_EN_CT_I_Empire_Q1Staff001_E.uasset,8294,1200141c01e4ddb702bac02bee4182fa117e809d6b880abfb5b7ae7ec89e02a8
/Game/_Art/Enemies/HeinMach/Shared/Textures/T_EN_CT_I_Empire_Q1Staff001_I,Texture2D,HeinMach/Shared,Content/_Art/Enemies/HeinMach/Shared/Textures/T_EN_CT_I_Empire_Q1Staff001_I.uasset,40034,5461ccc03904f175bb1b764dbb1468215577573c623f7553f1da8705f28f388b
/Game/_Art/Enemies/HeinMach/Shared/Textures/T_EN_CT_I_Empire_Q1Staff001_R,Texture2D,HeinMach/Shared,Content/_Art/Enemies/HeinMach/Shared/Textures/T_EN_CT_I_Empire_Q1Staff001_R.uasset,11201,969aa5a80bc0b62a26c38da9fc5ff374c5bf63b641036b963e8bc8b9fd9dbfdc
/Game/_Art/Enemies/HeinMach/Shared/Textures/T_EN_CT_I_Empire_Q1Staff001_S,Texture2D,HeinMach/Shared,Content/_Art/Enemies/HeinMach/Shared/Textures/T_EN_CT_I_Empire_Q1Staff001_S.uasset,48182,e369cbb8cc0f460e92351a4a011ca97c29777197c1eef280b857ed1c085b8bbd
/Game/_Art/Enemies/HeinMach/Shared/Textures/T_EN_CT_I_Empire_Q1Sword001V2_D,Texture2D,HeinMach/Shared,Content/_Art/Enemies/HeinMach/Shared/Textures/T_EN_CT_I_Empire_Q1Sword001V2_D.uasset,159690,ded100b14a01c344326f1e40c3dc012582c1236783d682340ee208c967c18dda
/Game/_Art/Enemies/HeinMach/Shared/Textures/T_EN_CT_I_Empire_Q1Sword001_I,Texture2D,HeinMach/Shared,Content/_Art/Enemies/HeinMach/Shared/Textures/T_EN_CT_I_Empire_Q1Sword001_I.uasset,89234,68003e72587a562fb2f1eba127974e5031a42e8fe260e41da25f487b3e38ec06
/Game/_Art/Enemies/HeinMach/Shared/Textures/T_EN_CT_I_Empire_Q1Sword001_N,Texture2D,HeinMach/Shared,Content/_Art/Enemies/HeinMach/Shared/Textures/T_EN_CT_I_Empire_Q1Sword001_N.uasset,147809,40fe852a7c82a89fcd252cd63f669167c06d37127bef7b3d83e0a47a81a23d19
/Game/_Art/Enemies/HeinMach/Shared/Textures/T_EN_CT_I_Empire_Q1Sword001_R,Texture2D,HeinMach/Shared,Content/_Art/Enemies/HeinMach/Shared/Textures/T_EN_CT_I_Empire_Q1Sword001_R.uasset,5993,011d8dc084b29899ff5ff0bbb7c19f96ee000fccbd92065f76823d931757c474
/Game/_Art/Enemies/HeinMach/Shared/Textures/T_EN_CT_I_Empire_Q1Sword001_S,Texture2D,HeinMach/Shared,Content/_Art/Enemies/HeinMach/Shared/Textures/T_EN_CT_I_Empire_Q1Sword001_S.uasset,40016,a8bd6b39213a9d3ee3934aa4eb7d5a72d372bf1c52a12caf32bf85b268430737
/Game/_Art/Enemies/HeinMach/Shared/Textures/T_EN_CT_I_Empire_Staff002_D,Texture2D,HeinMach/Shared,Content/_Art/Enemies/HeinMach/Shared/Textures/T_EN_CT_I_Empire_Staff002_D.uasset,154808,a45d259a30b54c0593b684bb68a05d35c440017b11845c9893686ab4d3c77509
/Game/_Art/Enemies/HeinMach/Shared/Textures/T_EN_CT_I_Empire_Staff002_E,Texture2D,HeinMach/Shared,Content/_Art/Enemies/HeinMach/Shared/Textures/T_EN_CT_I_Empire_Staff002_E.uasset,13241,b83e580ef3bd4e86048331aedff5157a244cfff0be051a290cc6804e37034bc4
/Game/_Art/Enemies/HeinMach/Shared/Textures/T_EN_CT_I_Empire_Staff002_I,Texture2D,HeinMach/Shared,Content/_Art/Enemies/HeinMach/Shared/Textures/T_EN_CT_I_Empire_Staff002_I.uasset,72281,406654f2de9e6f54fa44238e0fb93c576bf944f7349595cbf32492532101d7dd
/Game/_Art/Enemies/HeinMach/Shared/Textures/T_EN_CT_I_Empire_Staff002_N,Texture2D,HeinMach/Shared,Content/_Art/Enemies/HeinMach/Shared/Textures/T_EN_CT_I_Empire_Staff002_N.uasset,302793,3a6b1b4b070509f554da2c9f6153a59c28f9c95b25c540f23729341fcb282b11
/Game/_Art/Enemies/HeinMach/Shared/Textures/T_EN_CT_I_Empire_Staff002_R,Texture2D,HeinMach/Shared,Content/_Art/Enemies/HeinMach/Shared/Textures/T_EN_CT_I_Empire_Staff002_R.uasset,9927,7c93e27835f376d4fd3d5b261614afc6820b239c77cbcaddab3c3fa2a1f087bf
/Game/_Art/Enemies/HeinMach/Shared/Textures/T_EN_CT_I_Empire_Staff002_S,Texture2D,HeinMach/Shared,Content/_Art/Enemies/HeinMach/Shared/Textures/T_EN_CT_I_Empire_Staff002_S.uasset,131504,c5fad64b86b1660c0bd718b9933e3adc60fffe558f095e53f79d12c7867e9b5b
/Game/_Art/Enemies/HeinMach/Shared/Textures/T_EN_CT_I_Halberd_WeaponV2_D,Texture2D,HeinMach/Shared,Content/_Art/Enemies/HeinMach/Shared/Textures/T_EN_CT_I_Halberd_WeaponV2_D.uasset,1143053,52116727fbbf736f8fbcb2f2a4d0bc2c762cae734e6213d5896230a55bd1afe7
/Game/_Art/Enemies/HeinMach/Shared/Textures/T_EN_CT_I_Halberd_Weapon_I,Texture2D,HeinMach/Shared,Content/_Art/Enemies/HeinMach/Shared/Textures/T_EN_CT_I_Halberd_Weapon_I.uasset,289975,2c2dabbadce083ea896a0a1dfbfb4ceba71bb394d82f79d916ce69cb91bcd247
/Game/_Art/Enemies/HeinMach/Shared/Textures/T_EN_CT_I_Halberd_Weapon_N,Texture2D,HeinMach/Shared,Content/_Art/Enemies/HeinMach/Shared/Textures/T_EN_CT_I_Halberd_Weapon_N.uasset,449873,0fe2dbed07a06bd540a1af7375114afeb1fda2c274240fb280b7bda9e8012404
/Game/_Art/Enemies/HeinMach/Shared/Textures/T_EN_CT_I_Halberd_Weapon_R,Texture2D,HeinMach/Shared,Content/_Art/Enemies/HeinMach/Shared/Textures/T_EN_CT_I_Halberd_Weapon_R.uasset,86006,627d5a863ba0907cec7a23075c8c823dbc809ad4adb1d0caad8351936db0abbc
/Game/_Art/Enemies/HeinMach/Shared/Textures/T_EN_CT_I_Halberd_Weapon_S,Texture2D,HeinMach/Shared,Content/_Art/Enemies/HeinMach/Shared/Textures/T_EN_CT_I_Halberd_Weapon_S.uasset,173607,cf85ad3b62ab863c52c90cb96457f3ad70094c71b280bdf99f47d0d3c4a36445
/Game/_Art/Enemies/HeinMach/Shared/Textures/T_EN_CT_I_Staff_HumanEmpire001_N,Texture2D,HeinMach/Shared,Content/_Art/Enemies/HeinMach/Shared/Textures/T_EN_CT_I_Staff_HumanEmpire001_N.uasset,63903,776e90a3bdc58cb81b7f584ee772748a4fd9dc23fe7397aed370f9b8a400adeb
/Game/_Art/Enemies/HeinMach/Shared/Textures/T_EN_CT_I_SwordShield_Default001V2_L_D,Texture2D,HeinMach/Shared,Content/_Art/Enemies/HeinMach/Shared/Textures/T_EN_CT_I_SwordShield_Default001V2_L_D.uasset,831849,12f3cb436e5b02dab7a7b482e621f83e7494f15334bd33021a2580f4f2a6a18e
/Game/_Art/Enemies/HeinMach/Shared/Textures/T_EN_CT_I_SwordShield_Default001_L_I,Texture2D,HeinMach/Shared,Content/_Art/Enemies/HeinMach/Shared/Textures/T_EN_CT_I_SwordShield_Default001_L_I.uasset,310246,dbc63c40f71e9ab4e7c1282aa8bf927f89bc35bd7fb76be18022f0f628d7dda7
/Game/_Art/Enemies/HeinMach/Shared/Textures/T_EN_CT_I_SwordShield_Default001_L_N,Texture2D,HeinMach/Shared,Content/_Art/Enemies/HeinMach/Shared/Textures/T_EN_CT_I_SwordShield_Default001_L_N.uasset,883577,944b71d747bbfe99314b636f83e429df7e75c3c8d884e15c2be54a49081d3551
/Game/_Art/Enemies/HeinMach/Shared/Textures/T_EN_CT_I_SwordShield_Default001_L_R,Texture2D,HeinMach/Shared,Content/_Art/Enemies/HeinMach/Shared/Textures/T_EN_CT_I_SwordShield_Default001_L_R.uasset,9698,2496afe93139da01837f353d441bad3a9b5ee44fa4aef0a819ce07e14deff99e
/Game/_Art/Enemies/HeinMach/Shared/Textures/T_EN_CT_I_SwordShield_Default001_L_S,Texture2D,HeinMach/Shared,Content/_Art/Enemies/HeinMach/Shared/Textures/T_EN_CT_I_SwordShield_Default001_L_S.uasset,405881,23aa90b2be92fcbb05412117c7d0fae88a35a455ddbf654edfce3e20a9c4b844
/Game/_Art/Enemies/HeinMach/Shared/Textures/T_EN_CT_M_Halberd_BodyV2_D,Texture2D,HeinMach/Shared,Content/_Art/Enemies/HeinMach/Shared/Textures/T_EN_CT_M_Halberd_BodyV2_D.uasset,1106384,91ac768be54975b0583916a04c7c3c6242d6c76a42785359413bb32dad47045e
/Game/_Art/Enemies/HeinMach/Shared/Textures/T_EN_CT_M_Halberd_Body_I,Texture2D,HeinMach/Shared,Content/_Art/Enemies/HeinMach/Shared/Textures/T_EN_CT_M_Halberd_Body_I.uasset,1155876,4ea668f57e30dfa259adad549adf9d2fb3f75e240d32aeb0018b795e2a3e4a4d
/Game/_Art/Enemies/HeinMach/Shared/Textures/T_EN_CT_M_Halberd_Body_N,Texture2D,HeinMach/Shared,Content/_Art/Enemies/HeinMach/Shared/Textures/T_EN_CT_M_Halberd_Body_N.uasset,1322077,4e8f732d2043126c934f11e42b3cf888c37d663ef1372cf09c472b895cf6acc5
/Game/_Art/Enemies/HeinMach/Shared/Textures/T_EN_CT_M_Halberd_Body_S,Texture2D,HeinMach/Shared,Content/_Art/Enemies/HeinMach/Shared/Textures/T_EN_CT_M_Halberd_Body_S.uasset,58632,20ea85fed828c21bd798eb503e6af53de43156f46ad8a4efcd2716b0615de919
/Game/_Art/Enemies/HeinMach/Shared/Textures/T_EN_CT_M_Halberd_FaceV2_D,Texture2D,HeinMach/Shared,Content/_Art/Enemies/HeinMach/Shared/Textures/T_EN_CT_M_Halberd_FaceV2_D.uasset,447388,5e59e607ffb14d1f05cdb42b70e51b5cefc5d5867808fe8b406e9b8981df9eea
/Game/_Art/Enemies/HeinMach/Shared/Textures/T_EN_CT_M_Halberd_Face_E,Texture2D,HeinMach/Shared,Content/_Art/Enemies/HeinMach/Shared/Textures/T_EN_CT_M_Halberd_Face_E.uasset,8744,a07152427bdeba6140146a4f1b3417bad7c4e1a5577407b62bc0ae5c73fca851
/Game/_Art/Enemies/HeinMach/Shared/Textures/T_EN_CT_M_Halberd_Face_I,Texture2D,HeinMach/Shared,Content/_Art/Enemies/HeinMach/Shared/Textures/T_EN_CT_M_Halberd_Face_I.uasset,312961,ce3adee1f492838b12d563f33762054bb4177f751627cb1f114f36d8d4b78a60
/Game/_Art/Enemies/HeinMach/Shared/Textures/T_EN_CT_M_Halberd_Face_N,Texture2D,HeinMach/Shared,Content/_Art/Enemies/HeinMach/Shared/Textures/T_EN_CT_M_Halberd_Face_N.uasset,256069,d72072a52937fecdaf710228e52dd4f5b81336b6522284c767fd2b99dd33ee7c
/Game/_Art/Enemies/HeinMach/Shared/Textures/T_EN_CT_M_Halberd_Face_S,Texture2D,HeinMach/Shared,Content/_Art/Enemies/HeinMach/Shared/Textures/T_EN_CT_M_Halberd_Face_S.uasset,103954,d8318877f477872198fabd3db95e41d9bd3415c8e2356fe649ac343a9431070c
/Game/_Art/Enemies/HeinMach/Shared/Textures/T_EN_CT_M_Halberd_LowerV2_D,Texture2D,HeinMach/Shared,Content/_Art/Enemies/HeinMach/Shared/Textures/T_EN_CT_M_Halberd_LowerV2_D.uasset,1319272,5c57fcae05fd2274fec0a8b1c28321de1bb9382994686d2206bd9fe31f1f76cc
/Game/_Art/Enemies/HeinMach/Shared/Textures/T_EN_CT_M_Halberd_Lower_E,Texture2D,HeinMach/Shared,Content/_Art/Enemies/HeinMach/Shared/Textures/T_EN_CT_M_Halberd_Lower_E.uasset,32202,ba493eaf799b5a0cf4dfad6376a7d7ceec1c69eeb77838eb4b1804a2e3679ddf
/Game/_Art/Enemies/HeinMach/Shared/Textures/T_EN_CT_M_Halberd_Lower_I,Texture2D,HeinMach/Shared,Content/_Art/Enemies/HeinMach/Shared/Textures/T_EN_CT_M_Halberd_Lower_I.uasset,1647693,f6b90af7ab04a9df64aff75eed92fdd4a8b8cded22193686c06a0b1d59b2318d
/Game/_Art/Enemies/HeinMach/Shared/Textures/T_EN_CT_M_Halberd_Lower_N,Texture2D,HeinMach/Shared,Content/_Art/Enemies/HeinMach/Shared/Textures/T_EN_CT_M_Halberd_Lower_N.uasset,1569013,9143cad5d672f360444374aea40f0b778bbf819fe93ff35b13dffd40f95ef7f9
/Game/_Art/Enemies/HeinMach/Shared/Textures/T_EN_CT_M_Halberd_Lower_R,Texture2D,HeinMach/Shared,Content/_Art/Enemies/HeinMach/Shared/Textures/T_EN_CT_M_Halberd_Lower_R.uasset,20002,f769ceed9ba73594435c2a0786cd3ccd4896427b422a4ccb561cb9e5f0425aa6
/Game/_Art/Enemies/HeinMach/Shared/Textures/T_EN_CT_M_Halberd_Lower_S,Texture2D,HeinMach/Shared,Content/_Art/Enemies/HeinMach/Shared/Textures/T_EN_CT_M_Halberd_Lower_S.uasset,332647,a9f5290eb83648fcbfb9384e64f77aa3b1e3c1c111a84e79e2bced0b89aeed83
/Game/_Art/Enemies/HeinMach/Shared/Textures/T_EN_CT_M_Halberd_UpperV2_D,Texture2D,HeinMach/Shared,Content/_Art/Enemies/HeinMach/Shared/Textures/T_EN_CT_M_Halberd_UpperV2_D.uasset,972907,ceeb64b27c9d719cbf0b4b9faa802f8282986353bae5c8091f72c5b94ba29104
/Game/_Art/Enemies/HeinMach/Shared/Textures/T_EN_CT_M_Halberd_Upper_E,Texture2D,HeinMach/Shared,Content/_Art/Enemies/HeinMach/Shared/Textures/T_EN_CT_M_Halberd_Upper_E.uasset,10648,a547b4c9d02a739e2db1f33fb0c68d5a66a1c04935a16a04210561843e9f3d88
/Game/_Art/Enemies/HeinMach/Shared/Textures/T_EN_CT_M_Halberd_Upper_I,Texture2D,HeinMach/Shared,Content/_Art/Enemies/HeinMach/Shared/Textures/T_EN_CT_M_Halberd_Upper_I.uasset,1646200,d2d76093d0479dc30979921340e3ad7d03e9dc89cf830eae8500fbe4faf4379c
/Game/_Art/Enemies/HeinMach/Shared/Textures/T_EN_CT_M_Halberd_Upper_N,Texture2D,HeinMach/Shared,Content/_Art/Enemies/HeinMach/Shared/Textures/T_EN_CT_M_Halberd_Upper_N.uasset,1508012,4d61b3e1bafb148320dc555b8a259fda94fbbdd19894cdbe213377931804176e
/Game/_Art/Enemies/HeinMach/Shared/Textures/T_EN_CT_M_Halberd_Upper_R,Texture2D,HeinMach/Shared,Content/_Art/Enemies/HeinMach/Shared/Textures/T_EN_CT_M_Halberd_Upper_R.uasset,28720,3df6d284cebb7e22bcc66eee1f0255c757e04cbcb9cd161aa7e654fda598dc98
/Game/_Art/Enemies/HeinMach/Shared/Textures/T_EN_CT_M_Halberd_Upper_S,Texture2D,HeinMach/Shared,Content/_Art/Enemies/HeinMach/Shared/Textures/T_EN_CT_M_Halberd_Upper_S.uasset,385469,1559487368e8d2cf85e09834b01de97eb5cb5d466261a1d94aff810d69c13933
/Game/_Art/Enemies/HeinMach/Shared/Textures/T_EN_CT_M_Human_Adult_M_Empire_Hair001V4_D,Texture2D,HeinMach/Shared,Content/_Art/Enemies/HeinMach/Shared/Textures/T_EN_CT_M_Human_Adult_M_Empire_Hair001V4_D.uasset,285453,1b5d0efde466be27e138c42ea0dd6ddb3e43ed866a18196a6bf66e3822e7ffc1
/Game/_Art/Enemies/HeinMach/Shared/Textures/T_EN_CT_M_Human_Adult_M_Empire_Hair001_E,Texture2D,HeinMach/Shared,Content/_Art/Enemies/HeinMach/Shared/Textures/T_EN_CT_M_Human_Adult_M_Empire_Hair001_E.uasset,11817,8ca927819d45564a55e2a5a1596a99007260e35844ce8b0197bd69234767e889
/Game/_Art/Enemies/HeinMach/Shared/Textures/T_EN_CT_M_Human_Adult_M_Empire_Hair001_I,Texture2D,HeinMach/Shared,Content/_Art/Enemies/HeinMach/Shared/Textures/T_EN_CT_M_Human_Adult_M_Empire_Hair001_I.uasset,408159,8b95af5ac7deb01cacf0b18a5b719346523d21ad087d3268edc982afae4225bc
/Game/_Art/Enemies/HeinMach/Shared/Textures/T_EN_CT_M_Human_Adult_M_Empire_Hair001_N,Texture2D,HeinMach/Shared,Content/_Art/Enemies/HeinMach/Shared/Textures/T_EN_CT_M_Human_Adult_M_Empire_Hair001_N.uasset,286628,e7040d43f29abde97fa6467873e7f5d16546fc3cdafc5a51444e6447b81cb603
/Game/_Art/Enemies/HeinMach/Shared/Textures/T_EN_CT_M_Human_Adult_M_Empire_Hair001_R,Texture2D,HeinMach/Shared,Content/_Art/Enemies/HeinMach/Shared/Textures/T_EN_CT_M_Human_Adult_M_Empire_Hair001_R.uasset,9956,a1249b2445d99cb972463ca7bf9cd9c17e5246ee3f99ee8da36a6a874de6ef64
/Game/_Art/Enemies/HeinMach/Shared/Textures/T_EN_CT_M_Human_Adult_M_Empire_Hair001_S,Texture2D,HeinMach/Shared,Content/_Art/Enemies/HeinMach/Shared/Textures/T_EN_CT_M_Human_Adult_M_Empire_Hair001_S.uasset,133773,152fe5e7863216afaa2c65149e88e3fafd8be7dd5f985c04c031300a627a6ad6
/Game/_Art/Enemies/HeinMach/Shared/Textures/T_EN_CT_M_Human_Adult_M_Empire_Hair002V4_D,Texture2D,HeinMach/Shared,Content/_Art/Enemies/HeinMach/Shared/Textures/T_EN_CT_M_Human_Adult_M_Empire_Hair002V4_D.uasset,144932,923f7696d6a8ee9165fc5b3a7e44f569652f77c72175f9f2148bd1925d55206b
/Game/_Art/Enemies/HeinMach/Shared/Textures/T_EN_CT_M_Human_Adult_M_Empire_Hair002_E,Texture2D,HeinMach/Shared,Content/_Art/Enemies/HeinMach/Shared/Textures/T_EN_CT_M_Human_Adult_M_Empire_Hair002_E.uasset,32528,b9e0d707c2925c9ca4b56825999192a338aaa6010cd3aa4a16cc20f42eaccf24
/Game/_Art/Enemies/HeinMach/Shared/Textures/T_EN_CT_M_Human_Adult_M_Empire_Hair002_I,Texture2D,HeinMach/Shared,Content/_Art/Enemies/HeinMach/Shared/Textures/T_EN_CT_M_Human_Adult_M_Empire_Hair002_I.uasset,369106,b8b8863f5dbe30bb914dc2ddb6daba9864981257c3497bb810139f4c1ac903d1
/Game/_Art/Enemies/HeinMach/Shared/Textures/T_EN_CT_M_Human_Adult_M_Empire_Hair002_N,Texture2D,HeinMach/Shared,Content/_Art/Enemies/HeinMach/Shared/Textures/T_EN_CT_M_Human_Adult_M_Empire_Hair002_N.uasset,217944,17986755a70b773a4ac1b35e7944e5d63c42584b9c43d17bc6a1bfab7c8e27aa
/Game/_Art/Enemies/HeinMach/Shared/Textures/T_EN_CT_M_Human_Adult_M_Empire_Hair002_S,Texture2D,HeinMach/Shared,Content/_Art/Enemies/HeinMach/Shared/Textures/T_EN_CT_M_Human_Adult_M_Empire_Hair002_S.uasset,84157,a8f777ea1a47bc269d9ccfc17c399b5923234ab51d3a13e33782b79152305c7f
/Game/_Art/Enemies/HeinMach/Shared/Textures/T_EN_CT_M_Human_Adult_M_Empire_Hair003V4_D,Texture2D,HeinMach/Shared,Content/_Art/Enemies/HeinMach/Shared/Textures/T_EN_CT_M_Human_Adult_M_Empire_Hair003V4_D.uasset,278781,215a70ad40667a6884060ce1a0f7117906293e6a485847e25ff7d51b9f4e91ac
/Game/_Art/Enemies/HeinMach/Shared/Textures/T_EN_CT_M_Human_Adult_M_Empire_Hair003_I,Texture2D,HeinMach/Shared,Content/_Art/Enemies/HeinMach/Shared/Textures/T_EN_CT_M_Human_Adult_M_Empire_Hair003_I.uasset,404672,98bd059a4469276e2bceacd5099b44a182e823fd45433c8df4513aa2b9a85362
/Game/_Art/Enemies/HeinMach/Shared/Textures/T_EN_CT_M_Human_Adult_M_Empire_Hair003_N,Texture2D,HeinMach/Shared,Content/_Art/Enemies/HeinMach/Shared/Textures/T_EN_CT_M_Human_Adult_M_Empire_Hair003_N.uasset,382952,ac8e548153202a56f9f54facf0209ab155f6538ff30e78a1a34b40515300200e
/Game/_Art/Enemies/HeinMach/Shared/Textures/T_EN_CT_M_Human_Adult_M_Empire_Hair003_R,Texture2D,HeinMach/Shared,Content/_Art/Enemies/HeinMach/Shared/Textures/T_EN_CT_M_Human_Adult_M_Empire_Hair003_R.uasset,10517,938dd9ee400f0c3ebbd54efb50affd2668aebf1847662cab79f0962cd6674e98
/Game/_Art/Enemies/HeinMach/Shared/Textures/T_EN_CT_M_Human_Adult_M_Empire_Hair003_S,Texture2D,HeinMach/Shared,Content/_Art/Enemies/HeinMach/Shared/Textures/T_EN_CT_M_Human_Adult_M_Empire_Hair003_S.uasset,282752,f87c7f25a32b8bbaa277a1f8a5cb03fd6b543df6cb17bd451c7ed1b8257f73e4
/Game/_Art/Enemies/HeinMach/Shared/Textures/T_EN_CT_M_Human_Adult_M_Empire_Hair004V3_D,Texture2D,HeinMach/Shared,Content/_Art/Enemies/HeinMach/Shared/Textures/T_EN_CT_M_Human_Adult_M_Empire_Hair004V3_D.uasset,48175,579bb2e1dc74ce4b0638ef01f5c3f0a79ad81f4d84512ff22c4532151fb4bac8
/Game/_Art/Enemies/HeinMach/Shared/Textures/T_EN_CT_M_Human_Adult_M_Empire_Hair004_D,Texture2D,HeinMach/Shared,Content/_Art/Enemies/HeinMach/Shared/Textures/T_EN_CT_M_Human_Adult_M_Empire_Hair004_D.uasset,53171,4f4a96f40a054b3a522109e1b8f59a5629e8cf35ca89d2d8a02ab6fa2c47f5b6
/Game/_Art/Enemies/HeinMach/Shared/Textures/T_EN_CT_M_Human_Adult_M_Empire_Hair004_E,Texture2D,HeinMach/Shared,Content/_Art/Enemies/HeinMach/Shared/Textures/T_EN_CT_M_Human_Adult_M_Empire_Hair004_E.uasset,41056,ce2acfe340dd4e57d3bb5bc446ee0632d9ad5fc4c75bee82b7493cca0477b440
/Game/_Art/Enemies/HeinMach/Shared/Textures/T_EN_CT_M_Human_Adult_M_Empire_Hair004_I,Texture2D,HeinMach/Shared,Content/_Art/Enemies/HeinMach/Shared/Textures/T_EN_CT_M_Human_Adult_M_Empire_Hair004_I.uasset,358945,c7fb9e6cf93d0f58e02b7fc74cae937311c9a0203c1c7eacb8a9126e67913c51
/Game/_Art/Enemies/HeinMach/Shared/Textures/T_EN_CT_M_Human_Adult_M_Empire_Hair004_N,Texture2D,HeinMach/Shared,Content/_Art/Enemies/HeinMach/Shared/Textures/T_EN_CT_M_Human_Adult_M_Empire_Hair004_N.uasset,208325,ab915989daec3ccf0a3e57cc360ef999c26792f209631eeaf5b1dafa4339cd2f
/Game/_Art/Enemies/HeinMach/Shared/Textures/T_EN_CT_M_Human_Adult_M_Empire_Hair004_S,Texture2D,HeinMach/Shared,Content/_Art/Enemies/HeinMach/Shared/Textures/T_EN_CT_M_Human_Adult_M_Empire_Hair004_S.uasset,41420,0f05b11273b2dc5357d441e5ac4a0a4638c446669e58fc1a9e0d4b335f9fc7c2
/Game/_Art/Enemies/HeinMach/Shared/Textures/T_EN_CT_M_Human_Adult_M_Empire_Hair501V2_D,Texture2D,HeinMach/Shared,Content/_Art/Enemies/HeinMach/Shared/Textures/T_EN_CT_M_Human_Adult_M_Empire_Hair501V2_D.uasset,263686,740e8f9d0bf823516a7c0f1511d499e98fa2712bd9e49cdcbdeb4719fb2802de
/Game/_Art/Enemies/HeinMach/Shared/Textures/T_EN_CT_M_Human_Adult_M_Empire_Hair501_E,Texture2D,HeinMach/Shared,Content/_Art/Enemies/HeinMach/Shared/Textures/T_EN_CT_M_Human_Adult_M_Empire_Hair501_E.uasset,13996,a2b3df69ad7a0234e1bccc4b7465cb6313881e73bf8689867fedac32795a7742
/Game/_Art/Enemies/HeinMach/Shared/Textures/T_EN_CT_M_Human_Adult_M_Empire_Hair501_I,Texture2D,HeinMach/Shared,Content/_Art/Enemies/HeinMach/Shared/Textures/T_EN_CT_M_Human_Adult_M_Empire_Hair501_I.uasset,442583,891acacf014ce1d37249c25344ace26fceca8fddd363aec97367be2712923a51
/Game/_Art/Enemies/HeinMach/Shared/Textures/T_EN_CT_M_Human_Adult_M_Empire_Hair501_N,Texture2D,HeinMach/Shared,Content/_Art/Enemies/HeinMach/Shared/Textures/T_EN_CT_M_Human_Adult_M_Empire_Hair501_N.uasset,507063,30eb32c789f547eccc2776271b8cb031664450e732e662eecc4df434e51d1712
/Game/_Art/Enemies/HeinMach/Shared/Textures/T_EN_CT_M_Human_Adult_M_Empire_Hair501_R,Texture2D,HeinMach/Shared,Content/_Art/Enemies/HeinMach/Shared/Textures/T_EN_CT_M_Human_Adult_M_Empire_Hair501_R.uasset,29561,3a735f8a91c60ef421c1eeeaad5c149bd37255a2b264fd52aa84d446020eaaf6
/Game/_Art/Enemies/HeinMach/Shared/Textures/T_EN_CT_M_Human_Adult_M_Empire_Hair501_S,Texture2D,HeinMach/Shared,Content/_Art/Enemies/HeinMach/Shared/Textures/T_EN_CT_M_Human_Adult_M_Empire_Hair501_S.uasset,136155,0a11356ede4228ff08f21b06ac5d4a3260d599b3f53a94dbb06a1f30027068ca
/Game/_Art/Enemies/HeinMach/Shared/Textures/T_EN_CT_M_Human_Adult_M_Empire_Hair502_D,Texture2D,HeinMach/Shared,Content/_Art/Enemies/HeinMach/Shared/Textures/T_EN_CT_M_Human_Adult_M_Empire_Hair502_D.uasset,76234,f17f5c2315b4dfec262fe22a4749380cc0ba03a6889ae8e109f8e9cd124d8ebf
/Game/_Art/Enemies/HeinMach/Shared/Textures/T_EN_CT_M_Human_Adult_M_Empire_Hair502_E,Texture2D,HeinMach/Shared,Content/_Art/Enemies/HeinMach/Shared/Textures/T_EN_CT_M_Human_Adult_M_Empire_Hair502_E.uasset,20308,b60047d51034c385c4d70e5f06683e93dad2643b08af33a50ba04fbd95846825
/Game/_Art/Enemies/HeinMach/Shared/Textures/T_EN_CT_M_Human_Adult_M_Empire_Hair502_I,Texture2D,HeinMach/Shared,Content/_Art/Enemies/HeinMach/Shared/Textures/T_EN_CT_M_Human_Adult_M_Empire_Hair502_I.uasset,452208,29427c3b7699040002b1750e6e754392d04cc77b8cc8aac9b70b4174245d523f
/Game/_Art/Enemies/HeinMach/Shared/Textures/T_EN_CT_M_Human_Adult_M_Empire_Hair502_N,Texture2D,HeinMach/Shared,Content/_Art/Enemies/HeinMach/Shared/Textures/T_EN_CT_M_Human_Adult_M_Empire_Hair502_N.uasset,1408113,010be965297c9c8dfa4c55b3653dafbb300be6e3a0c6da0549df55e968047a98
/Game/_Art/Enemies/HeinMach/Shared/Textures/T_EN_CT_M_Human_Adult_M_Empire_Hair502_R,Texture2D,HeinMach/Shared,Content/_Art/Enemies/HeinMach/Shared/Textures/T_EN_CT_M_Human_Adult_M_Empire_Hair502_R.uasset,31755,0c2ae829c8e09af19d6a7f00d0426e012605911a421bb57d2400dbf2f3ede2d4
/Game/_Art/Enemies/HeinMach/Shared/Textures/T_EN_CT_M_Human_Adult_M_Empire_Hair502_S,Texture2D,HeinMach/Shared,Content/_Art/Enemies/HeinMach/Shared/Textures/T_EN_CT_M_Human_Adult_M_Empire_Hair502_S.uasset,131867,7e4a8f7c3f91bdda1bc308caeb9ca2aed53dd9972643362202be9450b0beeac3
/Game/_Art/Enemies/HeinMach/Shared/Textures/T_EN_CT_M_Human_Adult_M_Empire_Lower001V4_D,Texture2D,HeinMach/Shared,Content/_Art/Enemies/HeinMach/Shared/Textures/T_EN_CT_M_Human_Adult_M_Empire_Lower001V4_D.uasset,972910,1fee93974754977f77d84a587676ad12dca25bff24865229d4398ea2ce863683
/Game/_Art/Enemies/HeinMach/Shared/Textures/T_EN_CT_M_Human_Adult_M_Empire_Lower001_E,Texture2D,HeinMach/Shared,Content/_Art/Enemies/HeinMach/Shared/Textures/T_EN_CT_M_Human_Adult_M_Empire_Lower001_E.uasset,33317,f6cc8544efac8daeb5a0ddd0eb99c0c66c67d113b183152f708010e6672e2b16
/Game/_Art/Enemies/HeinMach/Shared/Textures/T_EN_CT_M_Human_Adult_M_Empire_Lower001_I,Texture2D,HeinMach/Shared,Content/_Art/Enemies/HeinMach/Shared/Textures/T_EN_CT_M_Human_Adult_M_Empire_Lower001_I.uasset,1424234,d0c2b9d5b9c51bd0601cdf3c80f63f21bc3141c4b5c002962077f5b105edb87b
/Game/_Art/Enemies/HeinMach/Shared/Textures/T_EN_CT_M_Human_Adult_M_Empire_Lower001_N,Texture2D,HeinMach/Shared,Content/_Art/Enemies/HeinMach/Shared/Textures/T_EN_CT_M_Human_Adult_M_Empire_Lower001_N.uasset,1240232,bd7cb07830076832d08f5cc4683948bc7a6ab62d5a4f4ee946fb677ff6fc1e96
/Game/_Art/Enemies/HeinMach/Shared/Textures/T_EN_CT_M_Human_Adult_M_Empire_Lower001_S,Texture2D,HeinMach/Shared,Content/_Art/Enemies/HeinMach/Shared/Textures/T_EN_CT_M_Human_Adult_M_Empire_Lower001_S.uasset,105729,29cbc4d89415d86709a88e5dc25c295c0a159d1437e24e21b7e7386e1c73b5d4
/Game/_Art/Enemies/HeinMach/Shared/Textures/T_EN_CT_M_Human_Adult_M_Empire_Lower002V4_D,Texture2D,HeinMach/Shared,Content/_Art/Enemies/HeinMach/Shared/Textures/T_EN_CT_M_Human_Adult_M_Empire_Lower002V4_D.uasset,249356,39db7c44982c6e68d55ce9ed87c8d09d379a230e53483b264a21da727c30637c
/Game/_Art/Enemies/HeinMach/Shared/Textures/T_EN_CT_M_Human_Adult_M_Empire_Lower002_E,Texture2D,HeinMach/Shared,Content/_Art/Enemies/HeinMach/Shared/Textures/T_EN_CT_M_Human_Adult_M_Empire_Lower002_E.uasset,32536,8437797be33697e75c21fd0ec1f0e1c7678e08abb024b495176b12d7ee7df979
/Game/_Art/Enemies/HeinMach/Shared/Textures/T_EN_CT_M_Human_Adult_M_Empire_Lower002_I,Texture2D,HeinMach/Shared,Content/_Art/Enemies/HeinMach/Shared/Textures/T_EN_CT_M_Human_Adult_M_Empire_Lower002_I.uasset,423223,0bd01cf9a0698743d26c4118d33421b6453067d46823eba74e733a6ded4a19f9
/Game/_Art/Enemies/HeinMach/Shared/Textures/T_EN_CT_M_Human_Adult_M_Empire_Lower002_N,Texture2D,HeinMach/Shared,Content/_Art/Enemies/HeinMach/Shared/Textures/T_EN_CT_M_Human_Adult_M_Empire_Lower002_N.uasset,1065484,edaa3de1175390cd40f5acdb92c94ffd919ff852b0e50e6e8b02a78df6ad2e13
/Game/_Art/Enemies/HeinMach/Shared/Textures/T_EN_CT_M_Human_Adult_M_Empire_Lower002_R,Texture2D,HeinMach/Shared,Content/_Art/Enemies/HeinMach/Shared/Textures/T_EN_CT_M_Human_Adult_M_Empire_Lower002_R.uasset,12035,f39e4fadd85b5a80146fd4e80cfcaf37bffdb49195b84a8af2fb2110506325a5
/Game/_Art/Enemies/HeinMach/Shared/Textures/T_EN_CT_M_Human_Adult_M_Empire_Lower002_S,Texture2D,HeinMach/Shared,Content/_Art/Enemies/HeinMach/Shared/Textures/T_EN_CT_M_Human_Adult_M_Empire_Lower002_S.uasset,195490,5f161e1031122e61afe043e0a5a793469a90eeca73398f9a9c0f99be5217b423
/Game/_Art/Enemies/HeinMach/Shared/Textures/T_EN_CT_M_Human_Adult_M_Empire_Lower003V4_D,Texture2D,HeinMach/Shared,Content/_Art/Enemies/HeinMach/Shared/Textures/T_EN_CT_M_Human_Adult_M_Empire_Lower003V4_D.uasset,300413,3e054e8d45e5181f3fbf28d6f5883e1e16bfebafb91bcc0d587766166ef27f69
/Game/_Art/Enemies/HeinMach/Shared/Textures/T_EN_CT_M_Human_Adult_M_Empire_Lower003_E,Texture2D,HeinMach/Shared,Content/_Art/Enemies/HeinMach/Shared/Textures/T_EN_CT_M_Human_Adult_M_Empire_Lower003_E.uasset,14774,940bbd67152996da24c373c53ce1887aa80a60cc88f3c8c14832672414fd016a
/Game/_Art/Enemies/HeinMach/Shared/Textures/T_EN_CT_M_Human_Adult_M_Empire_Lower003_I,Texture2D,HeinMach/Shared,Content/_Art/Enemies/HeinMach/Shared/Textures/T_EN_CT_M_Human_Adult_M_Empire_Lower003_I.uasset,444089,dc67616c9962fb4c512fafdfd69e7f6ecf4463a3a0140eb1271aa151894b4c6c
/Game/_Art/Enemies/HeinMach/Shared/Textures/T_EN_CT_M_Human_Adult_M_Empire_Lower003_N,Texture2D,HeinMach/Shared,Content/_Art/Enemies/HeinMach/Shared/Textures/T_EN_CT_M_Human_Adult_M_Empire_Lower003_N.uasset,373353,6d3e8ff067e3fd7222f5342b44c44485d37b117aa6411b83bd43720210351f19
/Game/_Art/Enemies/HeinMach/Shared/Textures/T_EN_CT_M_Human_Adult_M_Empire_Lower003_R,Texture2D,HeinMach/Shared,Content/_Art/Enemies/HeinMach/Shared/Textures/T_EN_CT_M_Human_Adult_M_Empire_Lower003_R.uasset,6981,91db67884ea3b3498a8e208d766886e7dab683431ccc4f6fe992e70e2ddc2ca8
/Game/_Art/Enemies/HeinMach/Shared/Textures/T_EN_CT_M_Human_Adult_M_Empire_Lower003_S,Texture2D,HeinMach/Shared,Content/_Art/Enemies/HeinMach/Shared/Textures/T_EN_CT_M_Human_Adult_M_Empire_Lower003_S.uasset,210382,c40a28b5069d833a4a8cc32b03076b3d08535a684b770f4c8f8279a670363eb9
/Game/_Art/Enemies/HeinMach/Shared/Textures/T_EN_CT_M_Human_Adult_M_Empire_Lower004V3_D,Texture2D,HeinMach/Shared,Content/_Art/Enemies/HeinMach/Shared/Textures/T_EN_CT_M_Human_Adult_M_Empire_Lower004V3_D.uasset,105041,02783b76a8adab8f4cac79dc40606f2cc23cff16e3f936136db26c2d531d7d3b
/Game/_Art/Enemies/HeinMach/Shared/Textures/T_EN_CT_M_Human_Adult_M_Empire_Lower004_D,Texture2D,HeinMach/Shared,Content/_Art/Enemies/HeinMach/Shared/Textures/T_EN_CT_M_Human_Adult_M_Empire_Lower004_D.uasset,110946,ec05dcf337c8a69a30a887108bfc98cfd586fac039d0945a47d45baf1d315689
/Game/_Art/Enemies/HeinMach/Shared/Textures/T_EN_CT_M_Human_Adult_M_Empire_Lower004_E,Texture2D,HeinMach/Shared,Content/_Art/Enemies/HeinMach/Shared/Textures/T_EN_CT_M_Human_Adult_M_Empire_Lower004_E.uasset,32331,96e0220b9c99c7ab3a001d4f14657429277da3a653982493abf60f75d1e8355a
/Game/_Art/Enemies/HeinMach/Shared/Textures/T_EN_CT_M_Human_Adult_M_Empire_Lower004_I,Texture2D,HeinMach/Shared,Content/_Art/Enemies/HeinMach/Shared/Textures/T_EN_CT_M_Human_Adult_M_Empire_Lower004_I.uasset,1376073,07c8136b91684a45cc9fd7cbaf1f163b96208756409dd9c3d1958764809a7f89
/Game/_Art/Enemies/HeinMach/Shared/Textures/T_EN_CT_M_Human_Adult_M_Empire_Lower004_N,Texture2D,HeinMach/Shared,Content/_Art/Enemies/HeinMach/Shared/Textures/T_EN_CT_M_Human_Adult_M_Empire_Lower004_N.uasset,1345554,9d0415df86ed5b61a8024c093535a379444b8b9d4873f326560389c88c5fd0dc
/Game/_Art/Enemies/HeinMach/Shared/Textures/T_EN_CT_M_Human_Adult_M_Empire_Lower004_R,Texture2D,HeinMach/Shared,Content/_Art/Enemies/HeinMach/Shared/Textures/T_EN_CT_M_Human_Adult_M_Empire_Lower004_R.uasset,19566,871758909641cda3fb882ab0ba441f49094adc836119b5a34b912563d615d24a
/Game/_Art/Enemies/HeinMach/Shared/Textures/T_EN_CT_M_Human_Adult_M_Empire_Lower004_S,Texture2D,HeinMach/Shared,Content/_Art/Enemies/HeinMach/Shared/Textures/T_EN_CT_M_Human_Adult_M_Empire_Lower004_S.uasset,78740,4d175f0a854e6f3000072adb854b0a5480ba943a8c9c6a4c04001878d23884a0
/Game/_Art/Enemies/HeinMach/Shared/Textures/T_EN_CT_M_Human_Adult_M_Empire_Upper001V4_D,Texture2D,HeinMach/Shared,Content/_Art/Enemies/HeinMach/Shared/Textures/T_EN_CT_M_Human_Adult_M_Empire_Upper001V4_D.uasset,647142,717925093a33596ceba037f891ef14d9ac2814086721aee7b29c604b600205e0
/Game/_Art/Enemies/HeinMach/Shared/Textures/T_EN_CT_M_Human_Adult_M_Empire_Upper001_E,Texture2D,HeinMach/Shared,Content/_Art/Enemies/HeinMach/Shared/Textures/T_EN_CT_M_Human_Adult_M_Empire_Upper001_E.uasset,20429,ca4edafe82760417c4cf2e458be3aac0c8cb6055a802e6f5292a3cfca450abe8
/Game/_Art/Enemies/HeinMach/Shared/Textures/T_EN_CT_M_Human_Adult_M_Empire_Upper001_I,Texture2D,HeinMach/Shared,Content/_Art/Enemies/HeinMach/Shared/Textures/T_EN_CT_M_Human_Adult_M_Empire_Upper001_I.uasset,1591292,627617603ff12081f4b86f439213ae05ecf22e7eedcf3469be7ddb05e3c7bd5f
/Game/_Art/Enemies/HeinMach/Shared/Textures/T_EN_CT_M_Human_Adult_M_Empire_Upper001_N,Texture2D,HeinMach/Shared,Content/_Art/Enemies/HeinMach/Shared/Textures/T_EN_CT_M_Human_Adult_M_Empire_Upper001_N.uasset,1143069,d1d87e317022c2e7b34a86f8ca8e98904bbc5f3f3bd598e0d5d35d773c847a0f
/Game/_Art/Enemies/HeinMach/Shared/Textures/T_EN_CT_M_Human_Adult_M_Empire_Upper001_R,Texture2D,HeinMach/Shared,Content/_Art/Enemies/HeinMach/Shared/Textures/T_EN_CT_M_Human_Adult_M_Empire_Upper001_R.uasset,20090,1739d9333997eb1ca161611212ff5d5f145d3016c39ec5c673c79f0fa16b43d0
/Game/_Art/Enemies/HeinMach/Shared/Textures/T_EN_CT_M_Human_Adult_M_Empire_Upper001_S,Texture2D,HeinMach/Shared,Content/_Art/Enemies/HeinMach/Shared/Textures/T_EN_CT_M_Human_Adult_M_Empire_Upper001_S.uasset,459783,d520f5624ee801e91b0407f39be9e1d8584d348ff7af0e0636bf0f5bcff6e49b
/Game/_Art/Enemies/HeinMach/Shared/Textures/T_EN_CT_M_Human_Adult_M_Empire_Upper002V4_D,Texture2D,HeinMach/Shared,Content/_Art/Enemies/HeinMach/Shared/Textures/T_EN_CT_M_Human_Adult_M_Empire_Upper002V4_D.uasset,935653,f80ae0f2dc45282a46d68814c22edb12dc0dd34aeecce8d3cfc6d86c09703e56
/Game/_Art/Enemies/HeinMach/Shared/Textures/T_EN_CT_M_Human_Adult_M_Empire_Upper002_E,Texture2D,HeinMach/Shared,Content/_Art/Enemies/HeinMach/Shared/Textures/T_EN_CT_M_Human_Adult_M_Empire_Upper002_E.uasset,49061,52deb47b3998aa0dc1fc9dc070c289f59bb9532b7d6badc1e5c887e5319a7473
/Game/_Art/Enemies/HeinMach/Shared/Textures/T_EN_CT_M_Human_Adult_M_Empire_Upper002_I,Texture2D,HeinMach/Shared,Content/_Art/Enemies/HeinMach/Shared/Textures/T_EN_CT_M_Human_Adult_M_Empire_Upper002_I.uasset,1561046,620110f8efcf318cc2372f30c5ada3b24334591d4694cb38e63c8307aeff91c9
/Game/_Art/Enemies/HeinMach/Shared/Textures/T_EN_CT_M_Human_Adult_M_Empire_Upper002_N,Texture2D,HeinMach/Shared,Content/_Art/Enemies/HeinMach/Shared/Textures/T_EN_CT_M_Human_Adult_M_Empire_Upper002_N.uasset,1022281,b7dddf523baea5b8f85a5aac605f6cdc3e0839f93d9f921490a4805a3427d2cf
/Game/_Art/Enemies/HeinMach/Shared/Textures/T_EN_CT_M_Human_Adult_M_Empire_Upper002_R,Texture2D,HeinMach/Shared,Content/_Art/Enemies/HeinMach/Shared/Textures/T_EN_CT_M_Human_Adult_M_Empire_Upper002_R.uasset,23571,0fd92625bcddfca69b39775e16b380eeb9fd110186154fda32e5b3521619f8c9
/Game/_Art/Enemies/HeinMach/Shared/Textures/T_EN_CT_M_Human_Adult_M_Empire_Upper002_S,Texture2D,HeinMach/Shared,Content/_Art/Enemies/HeinMach/Shared/Textures/T_EN_CT_M_Human_Adult_M_Empire_Upper002_S.uasset,619925,5c4a7ac3c02b2c98e60bc80f81fd466333f0064daa19748d6b9fa75d6ab97086
/Game/_Art/Enemies/HeinMach/Shared/Textures/T_EN_CT_M_Human_Adult_M_Empire_Upper003V4_D,Texture2D,HeinMach/Shared,Content/_Art/Enemies/HeinMach/Shared/Textures/T_EN_CT_M_Human_Adult_M_Empire_Upper003V4_D.uasset,896642,c08bb544987cce4f823a501b82da53402733cc5826713cf1352dfafcd5835b6a
/Game/_Art/Enemies/HeinMach/Shared/Textures/T_EN_CT_M_Human_Adult_M_Empire_Upper003_E,Texture2D,HeinMach/Shared,Content/_Art/Enemies/HeinMach/Shared/Textures/T_EN_CT_M_Human_Adult_M_Empire_Upper003_E.uasset,21898,c83ee1b35939988d682d6a1de104b7d4338d367ac0db772bb5d1fe3b35d6967f
/Game/_Art/Enemies/HeinMach/Shared/Textures/T_EN_CT_M_Human_Adult_M_Empire_Upper003_I,Texture2D,HeinMach/Shared,Content/_Art/Enemies/HeinMach/Shared/Textures/T_EN_CT_M_Human_Adult_M_Empire_Upper003_I.uasset,1580079,a1f597eed0f65dd8233f1621d9f95d55e531a8da0ee8b046f045859fa6ec38e0
/Game/_Art/Enemies/HeinMach/Shared/Textures/T_EN_CT_M_Human_Adult_M_Empire_Upper003_N,Texture2D,HeinMach/Shared,Content/_Art/Enemies/HeinMach/Shared/Textures/T_EN_CT_M_Human_Adult_M_Empire_Upper003_N.uasset,392233,e686d65281468a478593804fc6bc8527c88e42a3ea703f0e23025577389a877e
/Game/_Art/Enemies/HeinMach/Shared/Textures/T_EN_CT_M_Human_Adult_M_Empire_Upper003_R,Texture2D,HeinMach/Shared,Content/_Art/Enemies/HeinMach/Shared/Textures/T_EN_CT_M_Human_Adult_M_Empire_Upper003_R.uasset,20715,08605ea9aaeff3f5b717e7861cc2fecd773e66f497a08e5ec4723b8fd885b474
/Game/_Art/Enemies/HeinMach/Shared/Textures/T_EN_CT_M_Human_Adult_M_Empire_Upper003_S,Texture2D,HeinMach/Shared,Content/_Art/Enemies/HeinMach/Shared/Textures/T_EN_CT_M_Human_Adult_M_Empire_Upper003_S.uasset,897991,4c62fc5575c17607c052a155e953e174e68fb56080bb753866cb437ff75b38d1
/Game/_Art/Enemies/HeinMach/Shared/Textures/T_EN_CT_M_Human_Adult_M_Empire_Upper004V3_D,Texture2D,HeinMach/Shared,Content/_Art/Enemies/HeinMach/Shared/Textures/T_EN_CT_M_Human_Adult_M_Empire_Upper004V3_D.uasset,108100,6da4ebd0adb4328d6b899671a2b7048ac97ab0a629b8abad9b884764ada1dc5a
/Game/_Art/Enemies/HeinMach/Shared/Textures/T_EN_CT_M_Human_Adult_M_Empire_Upper004_D,Texture2D,HeinMach/Shared,Content/_Art/Enemies/HeinMach/Shared/Textures/T_EN_CT_M_Human_Adult_M_Empire_Upper004_D.uasset,115738,978a6d251e7c6a7230d09d4acb519030c14f0685e5f2c15ecbe4a5a9bcc06914
/Game/_Art/Enemies/HeinMach/Shared/Textures/T_EN_CT_M_Human_Adult_M_Empire_Upper004_E,Texture2D,HeinMach/Shared,Content/_Art/Enemies/HeinMach/Shared/Textures/T_EN_CT_M_Human_Adult_M_Empire_Upper004_E.uasset,55135,5df14b9de56b6be7d0bdc16b046e49b7b8fc604cf46b23ff69a345f73ae0d046
/Game/_Art/Enemies/HeinMach/Shared/Textures/T_EN_CT_M_Human_Adult_M_Empire_Upper004_I,Texture2D,HeinMach/Shared,Content/_Art/Enemies/HeinMach/Shared/Textures/T_EN_CT_M_Human_Adult_M_Empire_Upper004_I.uasset,1594672,4a05b2ff5eb1042e7b6ed0722ad93a60fa4cfc01b3ffb5dfe3a8e3d52b478ecd
/Game/_Art/Enemies/HeinMach/Shared/Textures/T_EN_CT_M_Human_Adult_M_Empire_Upper004_N,Texture2D,HeinMach/Shared,Content/_Art/Enemies/HeinMach/Shared/Textures/T_EN_CT_M_Human_Adult_M_Empire_Upper004_N.uasset,1827705,44a93e815c31f6ec35ed31ba727db9447cef296f06120b2be01592bd78c20362
/Game/_Art/Enemies/HeinMach/Shared/Textures/T_EN_CT_M_Human_Adult_M_Empire_Upper004_R,Texture2D,HeinMach/Shared,Content/_Art/Enemies/HeinMach/Shared/Textures/T_EN_CT_M_Human_Adult_M_Empire_Upper004_R.uasset,19311,c3b924e2440d798fbb247557f6ae2ae5529297f21da6d70f51af52b454625b9e
/Game/_Art/Enemies/HeinMach/Shared/Textures/T_EN_CT_M_Human_Adult_M_Empire_Upper004_S,Texture2D,HeinMach/Shared,Content/_Art/Enemies/HeinMach/Shared/Textures/T_EN_CT_M_Human_Adult_M_Empire_Upper004_S.uasset,115802,62232670f9e09856fcca0d1d2092c4cc946d7dfcecbc42c3208c9c77bc8362ad
/Game/_Art/Enemies/HeinMach/Shared/Textures/T_EN_CT_M_Human_Adult_M_Nude_Face001_F1,Texture2D,HeinMach/Shared,Content/_Art/Enemies/HeinMach/Shared/Textures/T_EN_CT_M_Human_Adult_M_Nude_Face001_F1.uasset,13892,d6eff26af6bcb5514e01be49fbc487b7ba20d6f61d8e4e360e1222506a961d64
/Game/_Art/Enemies/HeinMach/Shared/Textures/T_EN_CT_M_Human_Adult_M_Nude_Face001_F2,Texture2D,HeinMach/Shared,Content/_Art/Enemies/HeinMach/Shared/Textures/T_EN_CT_M_Human_Adult_M_Nude_Face001_F2.uasset,91676,2df5daaa421a3cc7a4dd4fe23507c09a8b459b705badf66bd8f4066bb42ff0b0
/Game/_Art/Enemies/HeinMach/Shared/Textures/T_EN_CT_M_Human_Adult_M_Nude_Face001_I,Texture2D,HeinMach/Shared,Content/_Art/Enemies/HeinMach/Shared/Textures/T_EN_CT_M_Human_Adult_M_Nude_Face001_I.uasset,458252,7f5f7a1289e0935db853303de770ee71293bbc83e23cb52ecafb29678d26edc3
/Game/_Art/Enemies/HeinMach/Shared/Textures/T_EN_CT_M_Human_Adult_M_Nude_Face001_M1,Texture2D,HeinMach/Shared,Content/_Art/Enemies/HeinMach/Shared/Textures/T_EN_CT_M_Human_Adult_M_Nude_Face001_M1.uasset,218869,817048fb704cde70d9a503e37a98e83c079e38c4f6378c1edddf550ff69049ca
/Game/_Art/Enemies/HeinMach/Shared/Textures/T_EN_CT_M_Human_Adult_M_Nude_Face001_N,Texture2D,HeinMach/Shared,Content/_Art/Enemies/HeinMach/Shared/Textures/T_EN_CT_M_Human_Adult_M_Nude_Face001_N.uasset,246378,96a973b5ac3035a4155d32189610b22a4b5f2e7c6d2fdf31bcfd04986c0f27e7
/Game/_Art/Enemies/HeinMach/Shared/Textures/T_EN_CT_M_Human_Adult_M_Nude_Face001_NTP,Texture2D,HeinMach/Shared,Content/_Art/Enemies/HeinMach/Shared/Textures/T_EN_CT_M_Human_Adult_M_Nude_Face001_NTP.uasset,83359,09603b600bf7b879e815dcc9049d94aaa1fb787fc5b8bc57b77e4b4a30a0a078
/Game/_Art/Enemies/HeinMach/Shared/Textures/T_EN_CT_M_Human_Adult_M_Nude_Face001_S,Texture2D,HeinMach/Shared,Content/_Art/Enemies/HeinMach/Shared/Textures/T_EN_CT_M_Human_Adult_M_Nude_Face001_S.uasset,54118,b240492de1a5df0f3ff2e0f8547b8342ea50c4c71888297f1e76c8495e12f5f0
/Game/_Art/Enemies/HeinMach/Shared/Textures/T_EN_CT_M_Human_Adult_M_Nude_Face002_F1,Texture2D,HeinMach/Shared,Content/_Art/Enemies/HeinMach/Shared/Textures/T_EN_CT_M_Human_Adult_M_Nude_Face002_F1.uasset,13612,72ea2def9ea762d3c6c13156e23176a5499990fc0c5fc42e44a08a7db4166f1b
/Game/_Art/Enemies/HeinMach/Shared/Textures/T_EN_CT_M_Human_Adult_M_Nude_Face002_F2,Texture2D,HeinMach/Shared,Content/_Art/Enemies/HeinMach/Shared/Textures/T_EN_CT_M_Human_Adult_M_Nude_Face002_F2.uasset,77690,3cf4a38618a59d5862d4cb66a38711594e32780134c038d7c6be41f5da31d316
/Game/_Art/Enemies/HeinMach/Shared/Textures/T_EN_CT_M_Human_Adult_M_Nude_Face002_I,Texture2D,HeinMach/Shared,Content/_Art/Enemies/HeinMach/Shared/Textures/T_EN_CT_M_Human_Adult_M_Nude_Face002_I.uasset,554028,2e4a781ee7789919ac4263024d3b4654d0034ff193fe1e6b2fd8e647f374e912
/Game/_Art/Enemies/HeinMach/Shared/Textures/T_EN_CT_M_Human_Adult_M_Nude_Face002_M1,Texture2D,HeinMach/Shared,Content/_Art/Enemies/HeinMach/Shared/Textures/T_EN_CT_M_Human_Adult_M_Nude_Face002_M1.uasset,166138,6e159d52f840efbf126682a132d4f024872161a83fac517b0be4a3145fcb06f2
/Game/_Art/Enemies/HeinMach/Shared/Textures/T_EN_CT_M_Human_Adult_M_Nude_Face002_N,Texture2D,HeinMach/Shared,Content/_Art/Enemies/HeinMach/Shared/Textures/T_EN_CT_M_Human_Adult_M_Nude_Face002_N.uasset,205804,fc0214c90be26172c4a6bca3906be20ea06fcefe19e776a93004878e2300b8ff
/Game/_Art/Enemies/HeinMach/Shared/Textures/T_EN_CT_M_Human_Adult_M_Nude_Face002_NTP,Texture2D,HeinMach/Shared,Content/_Art/Enemies/HeinMach/Shared/Textures/T_EN_CT_M_Human_Adult_M_Nude_Face002_NTP.uasset,89767,5d769c62b3125d966a0345f0ba97d15c2464b17fe217eb56a1128c7304ac5899
/Game/_Art/Enemies/HeinMach/Shared/Textures/T_EN_CT_M_Human_Adult_M_Nude_Face002_S,Texture2D,HeinMach/Shared,Content/_Art/Enemies/HeinMach/Shared/Textures/T_EN_CT_M_Human_Adult_M_Nude_Face002_S.uasset,33960,734d1a7e9efd77e86f59742d3f8e12891743c39b955f43be0d5bc781aaca1b20
/Game/_Art/Enemies/HeinMach/Shared/Textures/T_EN_CT_M_Human_Adult_M_Nude_Face003_D,Texture2D,HeinMach/Shared,Content/_Art/Enemies/HeinMach/Shared/Textures/T_EN_CT_M_Human_Adult_M_Nude_Face003_D.uasset,97819,245195798884ad42f20e5c6f76ec6c6942d439bb6f63c8f257e947bbbd4a6c2e
/Game/_Art/Enemies/HeinMach/Shared/Textures/T_EN_CT_M_Human_Adult_M_Nude_Face003_F1,Texture2D,HeinMach/Shared,Content/_Art/Enemies/HeinMach/Shared/Textures/T_EN_CT_M_Human_Adult_M_Nude_Face003_F1.uasset,19048,9922df26cbbce71078d2a8bec1fefac84397ba01b6c77bfae49b851cdfa3be81
/Game/_Art/Enemies/HeinMach/Shared/Textures/T_EN_CT_M_Human_Adult_M_Nude_Face003_F2,Texture2D,HeinMach/Shared,Content/_Art/Enemies/HeinMach/Shared/Textures/T_EN_CT_M_Human_Adult_M_Nude_Face003_F2.uasset,86817,ba212afe3f8440632eef48e2eb67465d7405190dfe2d0c5c5fa310df0d59697b
/Game/_Art/Enemies/HeinMach/Shared/Textures/T_EN_CT_M_Human_Adult_M_Nude_Face003_I,Texture2D,HeinMach/Shared,Content/_Art/Enemies/HeinMach/Shared/Textures/T_EN_CT_M_Human_Adult_M_Nude_Face003_I.uasset,361427,012c55a64558f160b668677bd741e80f70f566c49af6131fd0d061a013abebf1
/Game/_Art/Enemies/HeinMach/Shared/Textures/T_EN_CT_M_Human_Adult_M_Nude_Face003_M1,Texture2D,HeinMach/Shared,Content/_Art/Enemies/HeinMach/Shared/Textures/T_EN_CT_M_Human_Adult_M_Nude_Face003_M1.uasset,64394,e63b6aed96d58f2fdd7cff2fba642e6472190af9f38e0e9e6772cc00f7dbe019
/Game/_Art/Enemies/HeinMach/Shared/Textures/T_EN_CT_M_Human_Adult_M_Nude_Face003_N,Texture2D,HeinMach/Shared,Content/_Art/Enemies/HeinMach/Shared/Textures/T_EN_CT_M_Human_Adult_M_Nude_Face003_N.uasset,306656,d58f26cdd75ad221b55be5dacd98bcd61a7fa6711aa62d1b373cd757188e50dd
/Game/_Art/Enemies/HeinMach/Shared/Textures/T_EN_CT_M_Human_Adult_M_Nude_Face003_NTP,Texture2D,HeinMach/Shared,Content/_Art/Enemies/HeinMach/Shared/Textures/T_EN_CT_M_Human_Adult_M_Nude_Face003_NTP.uasset,58852,50f9a2b916736b1cb609f07c804e8871ef1d4586248af44e2dbc6cdfc5ef8069
/Game/_Art/Enemies/HeinMach/Shared/Textures/T_EN_CT_M_Human_Adult_M_Nude_Face003_S,Texture2D,HeinMach/Shared,Content/_Art/Enemies/HeinMach/Shared/Textures/T_EN_CT_M_Human_Adult_M_Nude_Face003_S.uasset,28084,ad868e2baa2227e1cd7a67ae9cb9db4671b34d70c8eb4aa78114612a2554b5b1
/Game/_Art/Enemies/HeinMach/Shared/Textures/T_EN_CT_M_Human_Adult_M_Nude_Upper001_I,Texture2D,HeinMach/Shared,Content/_Art/Enemies/HeinMach/Shared/Textures/T_EN_CT_M_Human_Adult_M_Nude_Upper001_I.uasset,984698,44e8958f7f7ac76657db82a13b838870f039336f83066da8a18053af6ae3e8f1
/Game/_Art/Enemies/HeinMach/Shared/Textures/T_EN_CT_M_Human_Adult_M_Nude_Upper001_N,Texture2D,HeinMach/Shared,Content/_Art/Enemies/HeinMach/Shared/Textures/T_EN_CT_M_Human_Adult_M_Nude_Upper001_N.uasset,923780,c359e4dc04dfad94be26ab94aa8801f9d5eb60b2597546cd4ae046f8e5cd8eb0
/Game/_Art/Enemies/HeinMach/Shared/Textures/T_EN_CT_M_Human_Adult_M_Nude_Upper001_S,Texture2D,HeinMach/Shared,Content/_Art/Enemies/HeinMach/Shared/Textures/T_EN_CT_M_Human_Adult_M_Nude_Upper001_S.uasset,45172,0d8571458b53b261793ede0a3bcd8658dc2b657d3b9e53ba51243d0b3c062b4c
/Game/_Art/Enemies/HeinMach/Shared/Textures/T_EN_CT_M_Human_Adult_M_Wounded_Face001_D,Texture2D,HeinMach/Shared,Content/_Art/Enemies/HeinMach/Shared/Textures/T_EN_CT_M_Human_Adult_M_Wounded_Face001_D.uasset,1119178,c363732a93a78693eb336162b7bf7efd699e8afc9f938f3a8962e7cd061750d5
/Game/_Art/Enemies/HeinMach/Shared/Textures/T_EN_CT_M_Human_Adult_M_Wounded_Face002_D,Texture2D,HeinMach/Shared,Content/_Art/Enemies/HeinMach/Shared/Textures/T_EN_CT_M_Human_Adult_M_Wounded_Face002_D.uasset,1085785,ab90b5aace7ddab6274c7c28202c0bd511bf2a8cb1fb412478045f9b182013f2
/Game/_Art/Enemies/HeinMach/Shared/Textures/T_EN_CT_M_Human_Adult_M_Wounded_Face003_D,Texture2D,HeinMach/Shared,Content/_Art/Enemies/HeinMach/Shared/Textures/T_EN_CT_M_Human_Adult_M_Wounded_Face003_D.uasset,787909,83f26790f66289b4791588d81cd47a775a041b9822802908150cda215704054c
/Game/_Art/Enemies/HeinMach/Shared/Textures/T_EN_CT_M_Human_Adult_M_Wounded_Upper001_D,Texture2D,HeinMach/Shared,Content/_Art/Enemies/HeinMach/Shared/Textures/T_EN_CT_M_Human_Adult_M_Wounded_Upper001_D.uasset,4273606,700dedd91d368fc477bee35e5b9c05a52157eea0fad836d5fdcb60bf89a814df
/Game/_Art/Enemies/HeinMach/Shared/Textures/T_EN_CT_M_Human_Elite_M_Empire_Head001V2_D,Texture2D,HeinMach/Shared,Content/_Art/Enemies/HeinMach/Shared/Textures/T_EN_CT_M_Human_Elite_M_Empire_Head001V2_D.uasset,239033,3ea22fb9304e70d785cd7f0371dc488b5048b961ad65407c40cda9313ddc0198
/Game/_Art/Enemies/HeinMach/Shared/Textures/T_EN_CT_M_Human_Elite_M_Empire_Head001_E,Texture2D,HeinMach/Shared,Content/_Art/Enemies/HeinMach/Shared/Textures/T_EN_CT_M_Human_Elite_M_Empire_Head001_E.uasset,9941,17dbdb3aa1ab0a600d8ebe8380c7df5d7eb76f34254d69e7bc9891c519a8a886
/Game/_Art/Enemies/HeinMach/Shared/Textures/T_EN_CT_M_Human_Elite_M_Empire_Head001_I,Texture2D,HeinMach/Shared,Content/_Art/Enemies/HeinMach/Shared/Textures/T_EN_CT_M_Human_Elite_M_Empire_Head001_I.uasset,1535272,76efcb40e183bf217a1b4ff9e57497b0d6ed4f4dcafbd2220e6ef53d1d64d5c2
/Game/_Art/Enemies/HeinMach/Shared/Textures/T_EN_CT_M_Human_Elite_M_Empire_Head001_N,Texture2D,HeinMach/Shared,Content/_Art/Enemies/HeinMach/Shared/Textures/T_EN_CT_M_Human_Elite_M_Empire_Head001_N.uasset,471662,c19a81ded42a710a20246364cc8fa39fa28f56f32f5de8ecb7e22061a05cb129
/Game/_Art/Enemies/HeinMach/Shared/Textures/T_EN_CT_M_Human_Elite_M_Empire_Head001_R,Texture2D,HeinMach/Shared,Content/_Art/Enemies/HeinMach/Shared/Textures/T_EN_CT_M_Human_Elite_M_Empire_Head001_R.uasset,26630,dd9c4a58e76fe217ab404dba554daead6f94fe9bf721a6f2e0a53ffa8986d4e2
/Game/_Art/Enemies/HeinMach/Shared/Textures/T_EN_CT_M_Human_Elite_M_Empire_Head001_S,Texture2D,HeinMach/Shared,Content/_Art/Enemies/HeinMach/Shared/Textures/T_EN_CT_M_Human_Elite_M_Empire_Head001_S.uasset,169792,3962ce2b4726d302d9d6ecb246078394a933a1c086e9650f2b41118d39e937d8
/Game/_Art/Enemies/HeinMach/Shared/Textures/T_EN_CT_M_Human_Elite_M_Empire_Lower001V2_D,Texture2D,HeinMach/Shared,Content/_Art/Enemies/HeinMach/Shared/Textures/T_EN_CT_M_Human_Elite_M_Empire_Lower001V2_D.uasset,234429,12f6d73a18f4f8f188fe0abff5462d45e8b3c6a2e9d8c69c642c9995d64aea24
/Game/_Art/Enemies/HeinMach/Shared/Textures/T_EN_CT_M_Human_Elite_M_Empire_Lower001_E,Texture2D,HeinMach/Shared,Content/_Art/Enemies/HeinMach/Shared/Textures/T_EN_CT_M_Human_Elite_M_Empire_Lower001_E.uasset,11662,1fbaed19a340a4588e25dd8af2ac9e5e78294d88a03c431cb5ad8554d5041c75
/Game/_Art/Enemies/HeinMach/Shared/Textures/T_EN_CT_M_Human_Elite_M_Empire_Lower001_I,Texture2D,HeinMach/Shared,Content/_Art/Enemies/HeinMach/Shared/Textures/T_EN_CT_M_Human_Elite_M_Empire_Lower001_I.uasset,1348631,cae320c75df31f1fc0903709ca8b91020000928de0f4b3fd803ebdaf84f6dfb8
/Game/_Art/Enemies/HeinMach/Shared/Textures/T_EN_CT_M_Human_Elite_M_Empire_Lower001_N,Texture2D,HeinMach/Shared,Content/_Art/Enemies/HeinMach/Shared/Textures/T_EN_CT_M_Human_Elite_M_Empire_Lower001_N.uasset,392493,b2bcaf935a5425ea48125885950feb76bfb092dac00d4571fde73f70d089d31c
/Game/_Art/Enemies/HeinMach/Shared/Textures/T_EN_CT_M_Human_Elite_M_Empire_Lower001_R,Texture2D,HeinMach/Shared,Content/_Art/Enemies/HeinMach/Shared/Textures/T_EN_CT_M_Human_Elite_M_Empire_Lower001_R.uasset,23353,bc8c7cd40cf9cd9b73ea0b53bd7a35dffa6c7cd0519ac4f1984524230f6fe2a1
/Game/_Art/Enemies/HeinMach/Shared/Textures/T_EN_CT_M_Human_Elite_M_Empire_Lower001_S,Texture2D,HeinMach/Shared,Content/_Art/Enemies/HeinMach/Shared/Textures/T_EN_CT_M_Human_Elite_M_Empire_Lower001_S.uasset,78868,5d106fa002248cff8d5202894de3ac2ac7748539ae6e0cc82e5e82f0696df6c3
/Game/_Art/Enemies/HeinMach/Shared/Textures/T_EN_CT_M_Human_Elite_M_Empire_Upper001V2_D,Texture2D,HeinMach/Shared,Content/_Art/Enemies/HeinMach/Shared/Textures/T_EN_CT_M_Human_Elite_M_Empire_Upper001V2_D.uasset,892060,9e2d07aa92ef497bcd5854bc64fc76ab59cafb4273d07dce7d28abf29b770942
/Game/_Art/Enemies/HeinMach/Shared/Textures/T_EN_CT_M_Human_Elite_M_Empire_Upper001_E,Texture2D,HeinMach/Shared,Content/_Art/Enemies/HeinMach/Shared/Textures/T_EN_CT_M_Human_Elite_M_Empire_Upper001_E.uasset,68442,01f11c03e95022a9d69e9d87067fe0a8388d0383fa2f8cd48fc93222cdc96b1d
/Game/_Art/Enemies/HeinMach/Shared/Textures/T_EN_CT_M_Human_Elite_M_Empire_Upper001_I,Texture2D,HeinMach/Shared,Content/_Art/Enemies/HeinMach/Shared/Textures/T_EN_CT_M_Human_Elite_M_Empire_Upper001_I.uasset,1956061,fa77e2059d94690e0b1e2f7559e5922a60c5b4f1dcb5a5dc965b55c4f5881ba9
/Game/_Art/Enemies/HeinMach/Shared/Textures/T_EN_CT_M_Human_Elite_M_Empire_Upper001_N,Texture2D,HeinMach/Shared,Content/_Art/Enemies/HeinMach/Shared/Textures/T_EN_CT_M_Human_Elite_M_Empire_Upper001_N.uasset,1512893,f50e95a56e5c3e378a17575c1a6f6d1320b1d4794f65acc91175264768b64df0
/Game/_Art/Enemies/HeinMach/Shared/Textures/T_EN_CT_M_Human_Elite_M_Empire_Upper001_R,Texture2D,HeinMach/Shared,Content/_Art/Enemies/HeinMach/Shared/Textures/T_EN_CT_M_Human_Elite_M_Empire_Upper001_R.uasset,58099,0a0517c55ec4643ae23ef05cf5d0917badb164cdc77b46b3b13085f7d6caf569
/Game/_Art/Enemies/HeinMach/Shared/Textures/T_EN_CT_M_Human_Elite_M_Empire_Upper001_S,Texture2D,HeinMach/Shared,Content/_Art/Enemies/HeinMach/Shared/Textures/T_EN_CT_M_Human_Elite_M_Empire_Upper001_S.uasset,410580,660f5746a424e9ccfdeff4c91e7428670378c53001c3d9e9208f7c28cb670cbe
/Game/_Art/Enemies/HeinMach/Shared/Textures/T_EN_CT_M_Human_Giant_M_Nude_Face001_NTP,Texture2D,HeinMach/Shared,Content/_Art/Enemies/HeinMach/Shared/Textures/T_EN_CT_M_Human_Giant_M_Nude_Face001_NTP.uasset,95426,2817db2ba0f966770a1d8004ebf1f20129b296571fefd42f6ed5087437658420
/Game/_Art/Enemies/HeinMach/Shared/Textures/T_EN_CT_P_Kazan_Eye001_E,Texture2D,HeinMach/Shared,Content/_Art/Enemies/HeinMach/Shared/Textures/T_EN_CT_P_Kazan_Eye001_E.uasset,27839,12b73ab4837525df42581aa01f218b87e191842978ee1cff0550dcd7916f0e52
/Game/_Art/Enemies/HeinMach/Shared/Textures/T_EN_CT_P_Kazan_Eye001_S,Texture2D,HeinMach/Shared,Content/_Art/Enemies/HeinMach/Shared/Textures/T_EN_CT_P_Kazan_Eye001_S.uasset,20912,3801541be5aa621aea7b76d867124202e9f7be6e1523c1fce8ae38e96e96174f
/Game/_Art/Enemies/HeinMach/Shared/Textures/T_EN_DefaultTexture,Texture2D,HeinMach/Shared,Content/_Art/Enemies/HeinMach/Shared/Textures/T_EN_DefaultTexture.uasset,24009,8626f98253401a9d5f96f7bd45fae4b0834cb7c5b2cd3656698323ce11b2c064
/Game/_Art/Enemies/HeinMach/Shared/Textures/T_EN_FT_BloodDecalTile_test_001,Texture2D,HeinMach/Shared,Content/_Art/Enemies/HeinMach/Shared/Textures/T_EN_FT_BloodDecalTile_test_001.uasset,652700,482252eca557733b7800aaec9df5e3fe72596503328f9c3152ea8c0ed7aaef32
/Game/_Art/Enemies/HeinMach/Shared/Textures/T_EN_FT_Noise_Flow_003_GrayScale,Texture2D,HeinMach/Shared,Content/_Art/Enemies/HeinMach/Shared/Textures/T_EN_FT_Noise_Flow_003_GrayScale.uasset,313540,d5c6e68b7e1047a6aae2d91d81ec1d7ce8bf1c3dd7a2be44b9cc64238f7957cd
/Game/_Art/Enemies/OtherRegions/Humanoids/EliteShield/Animations/Playback/A_EN_PLAY_AC_ESpearShield_DamageDown_B,AnimSequence,OtherRegions/Humanoids/EliteShield,Content/_Art/Enemies/OtherRegions/Humanoids/EliteShield/Animations/Playback/A_EN_PLAY_AC_ESpearShield_DamageDown_B.uasset,321799,48f9e32100b1f5b7fa8e6553994b49b327190af15580b05b569f3424dcb41b6c
/Game/_Art/Enemies/OtherRegions/Humanoids/EliteShield/Animations/Playback/A_EN_PLAY_AC_ESwordShield_DamageDown_F,AnimSequence,OtherRegions/Humanoids/EliteShield,Content/_Art/Enemies/OtherRegions/Humanoids/EliteShield/Animations/Playback/A_EN_PLAY_AC_ESwordShield_DamageDown_F.uasset,310304,4fd65cbfb7b42f36174eb060bad92647dce2606d63c3726876424767707968c4
/Game/_Art/Enemies/OtherRegions/Humanoids/EliteShield/Animations/Playback/A_EN_PLAY_AC_ESwordShield_DamageFinalBlow,AnimSequence,OtherRegions/Humanoids/EliteShield,Content/_Art/Enemies/OtherRegions/Humanoids/EliteShield/Animations/Playback/A_EN_PLAY_AC_ESwordShield_DamageFinalBlow.uasset,618553,652847e6bf5c983860f097674ac9cecfd26b092f4ee5a1115bd542920846d999
/Game/_Art/Enemies/OtherRegions/Humanoids/EliteShield/Animations/Playback/A_EN_PLAY_AC_ESwordShield_DamageFinalBlow_Wraith,AnimSequence,OtherRegions/Humanoids/EliteShield,Content/_Art/Enemies/OtherRegions/Humanoids/EliteShield/Animations/Playback/A_EN_PLAY_AC_ESwordShield_DamageFinalBlow_Wraith.uasset,618624,4491cd6621825ac49a29081f8dd35188302abd5bd4f495acf24b31d1135666e2
/Game/_Art/Enemies/OtherRegions/Humanoids/EliteShield/Animations/Playback/A_EN_PLAY_AC_ESwordShield_DamageGrapple_Atk_01,AnimSequence,OtherRegions/Humanoids/EliteShield,Content/_Art/Enemies/OtherRegions/Humanoids/EliteShield/Animations/Playback/A_EN_PLAY_AC_ESwordShield_DamageGrapple_Atk_01.uasset,483455,8f8dfaac9f861d62a48bbd2428a02958fa8cea8b46187697fe3b6384e1a250af
/Game/_Art/Enemies/OtherRegions/Humanoids/EliteShield/Animations/Playback/A_EN_PLAY_AC_ESwordShield_DamageGrapple_Atk_02,AnimSequence,OtherRegions/Humanoids/EliteShield,Content/_Art/Enemies/OtherRegions/Humanoids/EliteShield/Animations/Playback/A_EN_PLAY_AC_ESwordShield_DamageGrapple_Atk_02.uasset,412012,27e75cfb7cb95faf70746dbe15d422392b6d3005b54c6b61fdcba1eb825d2ca6
/Game/_Art/Enemies/OtherRegions/Humanoids/EliteShield/Animations/Playback/A_EN_PLAY_AC_ESwordShield_DamageGrapple_Atk_B_01,AnimSequence,OtherRegions/Humanoids/EliteShield,Content/_Art/Enemies/OtherRegions/Humanoids/EliteShield/Animations/Playback/A_EN_PLAY_AC_ESwordShield_DamageGrapple_Atk_B_01.uasset,439003,d30daed67069dac78db5e50beb07b9fb4dd818198c112e564b8c2d66a039a948
/Game/_Art/Enemies/OtherRegions/Humanoids/EliteShield/Animations/Playback/A_EN_PLAY_AC_ESwordShield_DamageGrapple_Atk_B_02,AnimSequence,OtherRegions/Humanoids/EliteShield,Content/_Art/Enemies/OtherRegions/Humanoids/EliteShield/Animations/Playback/A_EN_PLAY_AC_ESwordShield_DamageGrapple_Atk_B_02.uasset,683212,2f8d5d17f34c2cfe86131f589b7e7c6da71b23d685cda630fb052fb6d0dde7fc
/Game/_Art/Enemies/OtherRegions/Humanoids/EliteShield/Animations/Playback/A_EN_PLAY_AC_ESwordShield_DamageNormal_D_B,AnimSequence,OtherRegions/Humanoids/EliteShield,Content/_Art/Enemies/OtherRegions/Humanoids/EliteShield/Animations/Playback/A_EN_PLAY_AC_ESwordShield_DamageNormal_D_B.uasset,509811,026358583247e8b3e80de47e2a59fcb728158b7221e523e765bb8d7273b77077
/Game/_Art/Enemies/OtherRegions/Humanoids/EliteShield/Animations/Playback/A_EN_PLAY_AC_ESwordShield_DamageNormal_D_F,AnimSequence,OtherRegions/Humanoids/EliteShield,Content/_Art/Enemies/OtherRegions/Humanoids/EliteShield/Animations/Playback/A_EN_PLAY_AC_ESwordShield_DamageNormal_D_F.uasset,290543,5ec325b0b1427fec532205f3b8598ad1b0de1e57507f300fe49efe4c7e3da312
/Game/_Art/Enemies/OtherRegions/Humanoids/EliteShield/Animations/Playback/A_EN_PLAY_AC_ESwordShield_DamageNormal_L_F,AnimSequence,OtherRegions/Humanoids/EliteShield,Content/_Art/Enemies/OtherRegions/Humanoids/EliteShield/Animations/Playback/A_EN_PLAY_AC_ESwordShield_DamageNormal_L_F.uasset,318231,ebf9a50e8cf32351392784272fd118c61fa56134dbdb6f6ae219e980d80d4033
/Game/_Art/Enemies/OtherRegions/Humanoids/EliteShield/Animations/Playback/A_EN_PLAY_AC_ESwordShield_DamageNormal_R_F,AnimSequence,OtherRegions/Humanoids/EliteShield,Content/_Art/Enemies/OtherRegions/Humanoids/EliteShield/Animations/Playback/A_EN_PLAY_AC_ESwordShield_DamageNormal_R_F.uasset,321554,29d46779fa298dbe29be025e8cf1d67a424e3088d7464de7f2238e39d9596b4b
/Game/_Art/Enemies/OtherRegions/Humanoids/EliteShield/Animations/Playback/A_EN_PLAY_AC_ESwordShield_DamageNormal_U_B,AnimSequence,OtherRegions/Humanoids/EliteShield,Content/_Art/Enemies/OtherRegions/Humanoids/EliteShield/Animations/Playback/A_EN_PLAY_AC_ESwordShield_DamageNormal_U_B.uasset,481958,bb646f468b2160a9b3be063ca529714b987fc86111fe7852a680cf52b9aba875
/Game/_Art/Enemies/OtherRegions/Humanoids/EliteShield/Animations/Playback/A_EN_PLAY_AC_ESwordShield_DamageNormal_U_F,AnimSequence,OtherRegions/Humanoids/EliteShield,Content/_Art/Enemies/OtherRegions/Humanoids/EliteShield/Animations/Playback/A_EN_PLAY_AC_ESwordShield_DamageNormal_U_F.uasset,319518,d9930bdf111a20d7d3275bed6a298ab6f161533a861239252622caf3b1926851
/Game/_Art/Enemies/OtherRegions/Humanoids/EliteShield/Animations/Playback/A_EN_PLAY_AC_ESwordShield_DamageParry_F,AnimSequence,OtherRegions/Humanoids/EliteShield,Content/_Art/Enemies/OtherRegions/Humanoids/EliteShield/Animations/Playback/A_EN_PLAY_AC_ESwordShield_DamageParry_F.uasset,367055,eddd178fc267ec0299d2b355756b772983ed454cd46efbd340104abaf5a0d051
/Game/_Art/Enemies/OtherRegions/Humanoids/EliteShield/Animations/Playback/A_EN_PLAY_AC_ESwordShield_DamageStrong_D_F,AnimSequence,OtherRegions/Humanoids/EliteShield,Content/_Art/Enemies/OtherRegions/Humanoids/EliteShield/Animations/Playback/A_EN_PLAY_AC_ESwordShield_DamageStrong_D_F.uasset,295309,52a63ec784b68930e55be9e2c7bd223084122e167a632ef8b0ee462db7bcdde7
/Game/_Art/Enemies/OtherRegions/Humanoids/EliteShield/Animations/Playback/A_EN_PLAY_AC_ESwordShield_DamageStrong_D_F_2,AnimSequence,OtherRegions/Humanoids/EliteShield,Content/_Art/Enemies/OtherRegions/Humanoids/EliteShield/Animations/Playback/A_EN_PLAY_AC_ESwordShield_DamageStrong_D_F_2.uasset,285654,115129cdaffa7bc6329a29be27556327d9069dca261661f7db7cb6d2d196d6e0
/Game/_Art/Enemies/OtherRegions/Humanoids/EliteShield/Animations/Playback/A_EN_PLAY_AC_ESwordShield_DamageStrong_L_F,AnimSequence,OtherRegions/Humanoids/EliteShield,Content/_Art/Enemies/OtherRegions/Humanoids/EliteShield/Animations/Playback/A_EN_PLAY_AC_ESwordShield_DamageStrong_L_F.uasset,295735,1861e3449894bf529d4b6774b11d00ab3c82f822ea2add46cd66fcf11788e32d
/Game/_Art/Enemies/OtherRegions/Humanoids/EliteShield/Animations/Playback/A_EN_PLAY_AC_ESwordShield_DamageStrong_R_F,AnimSequence,OtherRegions/Humanoids/EliteShield,Content/_Art/Enemies/OtherRegions/Humanoids/EliteShield/Animations/Playback/A_EN_PLAY_AC_ESwordShield_DamageStrong_R_F.uasset,344293,afdaaf841ebe9e9f0220eaec2777dafa1b96bf60ac8937cbc5e6cb2f33932e42
/Game/_Art/Enemies/OtherRegions/Humanoids/EliteShield/Animations/Playback/A_EN_PLAY_AC_ESwordShield_DamageStrong_U_F,AnimSequence,OtherRegions/Humanoids/EliteShield,Content/_Art/Enemies/OtherRegions/Humanoids/EliteShield/Animations/Playback/A_EN_PLAY_AC_ESwordShield_DamageStrong_U_F.uasset,333990,8e3d5fdec52b98ab3e8c6e69297eed4d9640a992eb125a6ddcaf4c8acdf0382d
/Game/_Art/Enemies/OtherRegions/Humanoids/EliteShield/Animations/Playback/A_EN_PLAY_AC_ESwordShield_DamageWeak_D_F,AnimSequence,OtherRegions/Humanoids/EliteShield,Content/_Art/Enemies/OtherRegions/Humanoids/EliteShield/Animations/Playback/A_EN_PLAY_AC_ESwordShield_DamageWeak_D_F.uasset,250278,87b74bcb1e03281fed2cfb723b30efb143c7f9fcbba475e443b597b2345c95c6
/Game/_Art/Enemies/OtherRegions/Humanoids/EliteShield/Animations/Playback/A_EN_PLAY_AC_ESwordShield_DamageWeak_L_F,AnimSequence,OtherRegions/Humanoids/EliteShield,Content/_Art/Enemies/OtherRegions/Humanoids/EliteShield/Animations/Playback/A_EN_PLAY_AC_ESwordShield_DamageWeak_L_F.uasset,250412,f0e2e6ad30eb0d485dce7ddad20310da9616af55f2cbb264dcd8446da9126b8d
/Game/_Art/Enemies/OtherRegions/Humanoids/EliteShield/Animations/Playback/A_EN_PLAY_AC_ESwordShield_DamageWeak_R_F,AnimSequence,OtherRegions/Humanoids/EliteShield,Content/_Art/Enemies/OtherRegions/Humanoids/EliteShield/Animations/Playback/A_EN_PLAY_AC_ESwordShield_DamageWeak_R_F.uasset,231137,71e9a8a68dd6bbd6a8ca50d728f0113e501c58ebd9fef4bccc023fd62e21ab28
/Game/_Art/Enemies/OtherRegions/Humanoids/EliteShield/Animations/Playback/A_EN_PLAY_AC_ESwordShield_DamageWeak_U_F,AnimSequence,OtherRegions/Humanoids/EliteShield,Content/_Art/Enemies/OtherRegions/Humanoids/EliteShield/Animations/Playback/A_EN_PLAY_AC_ESwordShield_DamageWeak_U_F.uasset,248578,c98580cdeed88e087e7b841f30dd106b9e3093b217f8796fab5f89bbca668f2b
/Game/_Art/Enemies/OtherRegions/Humanoids/EliteShield/Animations/Playback/A_EN_PLAY_AC_ESwordShield_Defence_Loop,AnimSequence,OtherRegions/Humanoids/EliteShield,Content/_Art/Enemies/OtherRegions/Humanoids/EliteShield/Animations/Playback/A_EN_PLAY_AC_ESwordShield_Defence_Loop.uasset,332316,b0171b786862fbcad3b6ae7fee697a2aa3051909f230c33768d2bd04f0ced70e
/Game/_Art/Enemies/OtherRegions/Humanoids/EliteShield/Animations/Playback/A_EN_PLAY_AC_ESwordShield_Die_F,AnimSequence,OtherRegions/Humanoids/EliteShield,Content/_Art/Enemies/OtherRegions/Humanoids/EliteShield/Animations/Playback/A_EN_PLAY_AC_ESwordShield_Die_F.uasset,718485,9809b5b5edfe505dd88784beffadd603a1d48e12e53895f605662c47c619dcd6
/Game/_Art/Enemies/OtherRegions/Humanoids/EliteShield/Animations/Playback/A_EN_PLAY_AC_ESwordShield_Die_F_Wraith,AnimSequence,OtherRegions/Humanoids/EliteShield,Content/_Art/Enemies/OtherRegions/Humanoids/EliteShield/Animations/Playback/A_EN_PLAY_AC_ESwordShield_Die_F_Wraith.uasset,718567,20c416aea94f46450cb0de6aefe7f91c24d1f39081a0a27d42429d0a830065a9
/Game/_Art/Enemies/OtherRegions/Humanoids/EliteShield/Animations/Playback/A_EN_PLAY_AC_ESwordShield_Down_B_Loop,AnimSequence,OtherRegions/Humanoids/EliteShield,Content/_Art/Enemies/OtherRegions/Humanoids/EliteShield/Animations/Playback/A_EN_PLAY_AC_ESwordShield_Down_B_Loop.uasset,370248,575e6107f139542f5ec5d3a1bedc3c894d1442c3fffb50aefcea7157139d3cdc
/Game/_Art/Enemies/OtherRegions/Humanoids/EliteShield/Animations/Playback/A_EN_PLAY_AC_ESwordShield_Down_F_Loop,AnimSequence,OtherRegions/Humanoids/EliteShield,Content/_Art/Enemies/OtherRegions/Humanoids/EliteShield/Animations/Playback/A_EN_PLAY_AC_ESwordShield_Down_F_Loop.uasset,379579,99cb8cf765f26793431b40b9ba5174a0932fba86952897f46d6fed98e8ab50e1
/Game/_Art/Enemies/OtherRegions/Humanoids/EliteShield/Animations/Playback/A_EN_PLAY_AC_ESwordShield_Falling,AnimSequence,OtherRegions/Humanoids/EliteShield,Content/_Art/Enemies/OtherRegions/Humanoids/EliteShield/Animations/Playback/A_EN_PLAY_AC_ESwordShield_Falling.uasset,201682,1231bb3d299ab4acd556de4b6bf273ba486e6e3f4c53179a6d652737df6bf22d
/Game/_Art/Enemies/OtherRegions/Humanoids/EliteShield/Animations/Playback/A_EN_PLAY_AC_ESwordShield_Getup_B,AnimSequence,OtherRegions/Humanoids/EliteShield,Content/_Art/Enemies/OtherRegions/Humanoids/EliteShield/Animations/Playback/A_EN_PLAY_AC_ESwordShield_Getup_B.uasset,613132,8569786d7ba75a2ff18280d883ff202e48195403ddd471030a0a647043053202
/Game/_Art/Enemies/OtherRegions/Humanoids/EliteShield/Animations/Playback/A_EN_PLAY_AC_ESwordShield_Getup_F,AnimSequence,OtherRegions/Humanoids/EliteShield,Content/_Art/Enemies/OtherRegions/Humanoids/EliteShield/Animations/Playback/A_EN_PLAY_AC_ESwordShield_Getup_F.uasset,581764,6820069950d7e1a0e1be0559449e71649ccb59935f638b1b43241eec6cbbbceb
/Game/_Art/Enemies/OtherRegions/Humanoids/EliteShield/Animations/Playback/A_EN_PLAY_AC_ESwordShield_Groggy_F_End,AnimSequence,OtherRegions/Humanoids/EliteShield,Content/_Art/Enemies/OtherRegions/Humanoids/EliteShield/Animations/Playback/A_EN_PLAY_AC_ESwordShield_Groggy_F_End.uasset,316642,6e02a7ea51b94117c67242416e4537351e6abdf55f93c4e50e1c02dcb44404c2
/Game/_Art/Enemies/OtherRegions/Humanoids/EliteShield/Animations/Playback/A_EN_PLAY_AC_ESwordShield_Groggy_F_Loop,AnimSequence,OtherRegions/Humanoids/EliteShield,Content/_Art/Enemies/OtherRegions/Humanoids/EliteShield/Animations/Playback/A_EN_PLAY_AC_ESwordShield_Groggy_F_Loop.uasset,417250,70585900a8608c0ec3b105456221166b6891ad1dce0aeb8629afe2c9e1277634
/Game/_Art/Enemies/OtherRegions/Humanoids/EliteShield/Animations/Playback/A_EN_PLAY_AC_ESwordShield_Groggy_F_Start,AnimSequence,OtherRegions/Humanoids/EliteShield,Content/_Art/Enemies/OtherRegions/Humanoids/EliteShield/Animations/Playback/A_EN_PLAY_AC_ESwordShield_Groggy_F_Start.uasset,410654,c4a4f0fc02ffe0fe2e34a34d331fb3f3d4a7d19a187a368870798c0369c0d95b
/Game/_Art/Enemies/OtherRegions/Humanoids/EliteShield/Animations/Playback/A_EN_PLAY_AC_ESwordShield_Guard_Broken,AnimSequence,OtherRegions/Humanoids/EliteShield,Content/_Art/Enemies/OtherRegions/Humanoids/EliteShield/Animations/Playback/A_EN_PLAY_AC_ESwordShield_Guard_Broken.uasset,466717,6613982b311cf8ea367e2b6203e8f7ad95d410862c81aaee8897b8b8972b9aad
/Game/_Art/Enemies/OtherRegions/Humanoids/EliteShield/Animations/Playback/A_EN_PLAY_AC_ESwordShield_Guard_Counter,AnimSequence,OtherRegions/Humanoids/EliteShield,Content/_Art/Enemies/OtherRegions/Humanoids/EliteShield/Animations/Playback/A_EN_PLAY_AC_ESwordShield_Guard_Counter.uasset,766388,a5f0bb6e9d75225fd2df46fc3359af7cfb9518338559c02385667d1bdd69d688
/Game/_Art/Enemies/OtherRegions/Humanoids/EliteShield/Animations/Playback/A_EN_PLAY_AC_ESwordShield_Guard_End,AnimSequence,OtherRegions/Humanoids/EliteShield,Content/_Art/Enemies/OtherRegions/Humanoids/EliteShield/Animations/Playback/A_EN_PLAY_AC_ESwordShield_Guard_End.uasset,229533,2aa2324b90edd4cb7ee6aa9798bd2707bcb5a77dec84514e67728217c08ca534
/Game/_Art/Enemies/OtherRegions/Humanoids/EliteShield/Animations/Playback/A_EN_PLAY_AC_ESwordShield_Guard_Hit,AnimSequence,OtherRegions/Humanoids/EliteShield,Content/_Art/Enemies/OtherRegions/Humanoids/EliteShield/Animations/Playback/A_EN_PLAY_AC_ESwordShield_Guard_Hit.uasset,240813,8d39d8d39fd6c382c71d5245c84afc843c61277bd45b833e8c336a5842fd066e
/Game/_Art/Enemies/OtherRegions/Humanoids/EliteShield/Animations/Playback/A_EN_PLAY_AC_ESwordShield_Run_F,AnimSequence,OtherRegions/Humanoids/EliteShield,Content/_Art/Enemies/OtherRegions/Humanoids/EliteShield/Animations/Playback/A_EN_PLAY_AC_ESwordShield_Run_F.uasset,287132,11dcbf1fdd21dcd5157039580a097f4e4f7b66528c6a5a70b265100b01b6e815
/Game/_Art/Enemies/OtherRegions/Humanoids/EliteShield/Animations/Playback/A_EN_PLAY_AC_ESwordShield_Stand_F,AnimSequence,OtherRegions/Humanoids/EliteShield,Content/_Art/Enemies/OtherRegions/Humanoids/EliteShield/Animations/Playback/A_EN_PLAY_AC_ESwordShield_Stand_F.uasset,353957,22fd7864c0a76af225e9e607cbde8d50c04f7290b24dac32505758a6050ee29e
/Game/_Art/Enemies/OtherRegions/Humanoids/EliteShield/Animations/Playback/A_EN_PLAY_AC_ESwordShield_Turn_L,AnimSequence,OtherRegions/Humanoids/EliteShield,Content/_Art/Enemies/OtherRegions/Humanoids/EliteShield/Animations/Playback/A_EN_PLAY_AC_ESwordShield_Turn_L.uasset,507708,b9ee36a9e3b429406ef74f1aaa44cc36ea947fe865c4b2ab1081008ec0eb5a83
/Game/_Art/Enemies/OtherRegions/Humanoids/EliteShield/Animations/Playback/A_EN_PLAY_AC_ESwordShield_Turn_L_180,AnimSequence,OtherRegions/Humanoids/EliteShield,Content/_Art/Enemies/OtherRegions/Humanoids/EliteShield/Animations/Playback/A_EN_PLAY_AC_ESwordShield_Turn_L_180.uasset,510187,8a3adf2e3ebe2f74509dbbd8287c41c00a7e7bd5899f7093c89555dcd86099ed
/Game/_Art/Enemies/OtherRegions/Humanoids/EliteShield/Animations/Playback/A_EN_PLAY_AC_ESwordShield_Turn_R,AnimSequence,OtherRegions/Humanoids/EliteShield,Content/_Art/Enemies/OtherRegions/Humanoids/EliteShield/Animations/Playback/A_EN_PLAY_AC_ESwordShield_Turn_R.uasset,414470,1a25a9d40bb3006cdad7bd6f87684df752bd65983f0077489b8a00fff1289de7
/Game/_Art/Enemies/OtherRegions/Humanoids/EliteShield/Animations/Playback/A_EN_PLAY_AC_ESwordShield_Turn_R_180,AnimSequence,OtherRegions/Humanoids/EliteShield,Content/_Art/Enemies/OtherRegions/Humanoids/EliteShield/Animations/Playback/A_EN_PLAY_AC_ESwordShield_Turn_R_180.uasset,503284,9a235a72d0a9ab1fe7dc61f46c15b4e46f3ba42838748104e72cd026a09b41e3
/Game/_Art/Enemies/OtherRegions/Humanoids/EliteShield/Animations/Playback/A_EN_PLAY_AC_ESwordShield_Walk_F,AnimSequence,OtherRegions/Humanoids/EliteShield,Content/_Art/Enemies/OtherRegions/Humanoids/EliteShield/Animations/Playback/A_EN_PLAY_AC_ESwordShield_Walk_F.uasset,366182,013dc45e8abbba873ea3da3f9633e39dc5c57065f61185db77aecb5e0644dba0
/Game/_Art/Enemies/OtherRegions/Humanoids/EliteShield/Animations/Playback/A_EN_PLAY_AC_EmpireSwordShield_BackCounter,AnimSequence,OtherRegions/Humanoids/EliteShield,Content/_Art/Enemies/OtherRegions/Humanoids/EliteShield/Animations/Playback/A_EN_PLAY_AC_EmpireSwordShield_BackCounter.uasset,597477,228b25c29a4e67924bb0012b687e8479afb9f8137730239a87a2987454a0670c
/Game/_Art/Enemies/OtherRegions/Humanoids/EliteShield/Animations/Playback/A_EN_PLAY_AC_EmpireSwordShield_BurstStrike,AnimSequence,OtherRegions/Humanoids/EliteShield,Content/_Art/Enemies/OtherRegions/Humanoids/EliteShield/Animations/Playback/A_EN_PLAY_AC_EmpireSwordShield_BurstStrike.uasset,715457,e32d280bea5029f2a100d292e2da121c04780f9636da855b7482182a48204571
/Game/_Art/Enemies/OtherRegions/Humanoids/EliteShield/Animations/Playback/A_EN_PLAY_AC_EmpireSwordShield_BurstStrike_Turn_F,AnimSequence,OtherRegions/Humanoids/EliteShield,Content/_Art/Enemies/OtherRegions/Humanoids/EliteShield/Animations/Playback/A_EN_PLAY_AC_EmpireSwordShield_BurstStrike_Turn_F.uasset,840496,cd6cd9227c550d8e6138e1dec071a815e7c2eef683e5149bd35d508f80ee41ec
/Game/_Art/Enemies/OtherRegions/Humanoids/EliteShield/Animations/Playback/A_EN_PLAY_AC_EmpireSwordShield_ChargeCrash_End_ShieldSmash,AnimSequence,OtherRegions/Humanoids/EliteShield,Content/_Art/Enemies/OtherRegions/Humanoids/EliteShield/Animations/Playback/A_EN_PLAY_AC_EmpireSwordShield_ChargeCrash_End_ShieldSmash.uasset,416902,2cc08d2945e4527499d9866c58479909b0665544ee3529779c66c98a4530d8cd
/Game/_Art/Enemies/OtherRegions/Humanoids/EliteShield/Animations/Playback/A_EN_PLAY_AC_EmpireSwordShield_ChargeCrash_End_Thrust,AnimSequence,OtherRegions/Humanoids/EliteShield,Content/_Art/Enemies/OtherRegions/Humanoids/EliteShield/Animations/Playback/A_EN_PLAY_AC_EmpireSwordShield_ChargeCrash_End_Thrust.uasset,672164,feb6a7550cc0fd9cdb651883d4876f5fc916a9cc2f33bc9eb582a9d821fde287
/Game/_Art/Enemies/OtherRegions/Humanoids/EliteShield/Animations/Playback/A_EN_PLAY_AC_EmpireSwordShield_ChargeCrash_GuardStart,AnimSequence,OtherRegions/Humanoids/EliteShield,Content/_Art/Enemies/OtherRegions/Humanoids/EliteShield/Animations/Playback/A_EN_PLAY_AC_EmpireSwordShield_ChargeCrash_GuardStart.uasset,287292,8c6f34dc869f62f0aa57f9fd9aaeadc74e3e5197dbd188c135e874a4b43dec8d
/Game/_Art/Enemies/OtherRegions/Humanoids/EliteShield/Animations/Playback/A_EN_PLAY_AC_EmpireSwordShield_ChargeCrash_Loop,AnimSequence,OtherRegions/Humanoids/EliteShield,Content/_Art/Enemies/OtherRegions/Humanoids/EliteShield/Animations/Playback/A_EN_PLAY_AC_EmpireSwordShield_ChargeCrash_Loop.uasset,362918,c41c1c60770d2794ecd30e3983d61bf1364bfd07220e33c98f8ecc5b98b46f07
/Game/_Art/Enemies/OtherRegions/Humanoids/EliteShield/Animations/Playback/A_EN_PLAY_AC_EmpireSwordShield_ChargeCrash_Start,AnimSequence,OtherRegions/Humanoids/EliteShield,Content/_Art/Enemies/OtherRegions/Humanoids/EliteShield/Animations/Playback/A_EN_PLAY_AC_EmpireSwordShield_ChargeCrash_Start.uasset,353816,421a68b43ed0f184e173acd655d8b6c0ded16bf01dc5bfcc335d1884530926fa
/Game/_Art/Enemies/OtherRegions/Humanoids/EliteShield/Animations/Playback/A_EN_PLAY_AC_EmpireSwordShield_ChargeCrash_Thrust,AnimSequence,OtherRegions/Humanoids/EliteShield,Content/_Art/Enemies/OtherRegions/Humanoids/EliteShield/Animations/Playback/A_EN_PLAY_AC_EmpireSwordShield_ChargeCrash_Thrust.uasset,683989,a84bf51fd55cfbfb4e04a1219dc4672fa6eb9dbbc5fe6d5aef1372375e75aa26
/Game/_Art/Enemies/OtherRegions/Humanoids/EliteShield/Animations/Playback/A_EN_PLAY_AC_EmpireSwordShield_ChargeSmash,AnimSequence,OtherRegions/Humanoids/EliteShield,Content/_Art/Enemies/OtherRegions/Humanoids/EliteShield/Animations/Playback/A_EN_PLAY_AC_EmpireSwordShield_ChargeSmash.uasset,1019674,74a2d7e16b6f7c5119536b09b84119d7fafa363ac3b87ec9f2fc3179b01636ad
/Game/_Art/Enemies/OtherRegions/Humanoids/EliteShield/Animations/Playback/A_EN_PLAY_AC_EmpireSwordShield_ChargeSmash_Step,AnimSequence,OtherRegions/Humanoids/EliteShield,Content/_Art/Enemies/OtherRegions/Humanoids/EliteShield/Animations/Playback/A_EN_PLAY_AC_EmpireSwordShield_ChargeSmash_Step.uasset,320897,1a9fac2f68a719d67b93329607e902985d90d4e2e362ea55ccda056524bd2876
/Game/_Art/Enemies/OtherRegions/Humanoids/EliteShield/Animations/Playback/A_EN_PLAY_AC_EmpireSwordShield_E_Basic_End_01,AnimSequence,OtherRegions/Humanoids/EliteShield,Content/_Art/Enemies/OtherRegions/Humanoids/EliteShield/Animations/Playback/A_EN_PLAY_AC_EmpireSwordShield_E_Basic_End_01.uasset,364692,b95cb34f0021df3c9db6f9ea04b1f0c7317b37da8db9086d7f11c15c82b33208
/Game/_Art/Enemies/OtherRegions/Humanoids/EliteShield/Animations/Playback/A_EN_PLAY_AC_EmpireSwordShield_E_Basic_End_02,AnimSequence,OtherRegions/Humanoids/EliteShield,Content/_Art/Enemies/OtherRegions/Humanoids/EliteShield/Animations/Playback/A_EN_PLAY_AC_EmpireSwordShield_E_Basic_End_02.uasset,451178,53dded4e15bda7b06d935528bb5220a7905aad304731c7961ca7f3b050c9b8d4
/Game/_Art/Enemies/OtherRegions/Humanoids/EliteShield/Animations/Playback/A_EN_PLAY_AC_EmpireSwordShield_E_Basic_End_03,AnimSequence,OtherRegions/Humanoids/EliteShield,Content/_Art/Enemies/OtherRegions/Humanoids/EliteShield/Animations/Playback/A_EN_PLAY_AC_EmpireSwordShield_E_Basic_End_03.uasset,610264,ab4b126e892ba05d49f60a05d6a4337e8198500b7295e76a6bf494ece32f9072
/Game/_Art/Enemies/OtherRegions/Humanoids/EliteShield/Animations/Playback/A_EN_PLAY_AC_EmpireSwordShield_E_Basic_Loop_01,AnimSequence,OtherRegions/Humanoids/EliteShield,Content/_Art/Enemies/OtherRegions/Humanoids/EliteShield/Animations/Playback/A_EN_PLAY_AC_EmpireSwordShield_E_Basic_Loop_01.uasset,2315891,0d0ed3cfd1e6507528e64ad8459cb27ed9a3b07c3612c46df1c74de5159b61f6
/Game/_Art/Enemies/OtherRegions/Humanoids/EliteShield/Animations/Playback/A_EN_PLAY_AC_EmpireSwordShield_E_Basic_Loop_02,AnimSequence,OtherRegions/Humanoids/EliteShield,Content/_Art/Enemies/OtherRegions/Humanoids/EliteShield/Animations/Playback/A_EN_PLAY_AC_EmpireSwordShield_E_Basic_Loop_02.uasset,1623158,414097e2d095e7bf54b865140286138f6e62d4925eb58e7693907e06c718f0e8
/Game/_Art/Enemies/OtherRegions/Humanoids/EliteShield/Animations/Playback/A_EN_PLAY_AC_EmpireSwordShield_E_Basic_Loop_03,AnimSequence,OtherRegions/Humanoids/EliteShield,Content/_Art/Enemies/OtherRegions/Humanoids/EliteShield/Animations/Playback/A_EN_PLAY_AC_EmpireSwordShield_E_Basic_Loop_03.uasset,769586,eb03b31a1c5d2ca10d6eef13b31aa2498f8ad279d1f691bb9ad3d85c3852f1e1
/Game/_Art/Enemies/OtherRegions/Humanoids/EliteShield/Animations/Playback/A_EN_PLAY_AC_EmpireSwordShield_E_Basic_Talk_End_01,AnimSequence,OtherRegions/Humanoids/EliteShield,Content/_Art/Enemies/OtherRegions/Humanoids/EliteShield/Animations/Playback/A_EN_PLAY_AC_EmpireSwordShield_E_Basic_Talk_End_01.uasset,313845,ed62e38a08b2beaebbdc78c14bdb8087cf84d1579fbd5a1774df457586318e05
/Game/_Art/Enemies/OtherRegions/Humanoids/EliteShield/Animations/Playback/A_EN_PLAY_AC_EmpireSwordShield_E_Basic_Talk_Loop_01,AnimSequence,OtherRegions/Humanoids/EliteShield,Content/_Art/Enemies/OtherRegions/Humanoids/EliteShield/Animations/Playback/A_EN_PLAY_AC_EmpireSwordShield_E_Basic_Talk_Loop_01.uasset,1350188,68ac0a4883a3736bdc8bb3a340c1889c27e2caa5c84115c6ed73589e8f441696
/Game/_Art/Enemies/OtherRegions/Humanoids/EliteShield/Animations/Playback/A_EN_PLAY_AC_EmpireSwordShield_E_StormPass_InnerTrial_Spawn_End,AnimSequence,OtherRegions/Humanoids/EliteShield,Content/_Art/Enemies/OtherRegions/Humanoids/EliteShield/Animations/Playback/A_EN_PLAY_AC_EmpireSwordShield_E_StormPass_InnerTrial_Spawn_End.uasset,513639,5ff2eb506d39012eb8637adae6fde869ab6809413f9919e028107cd737df89a1
/Game/_Art/Enemies/OtherRegions/Humanoids/EliteShield/Animations/Playback/A_EN_PLAY_AC_EmpireSwordShield_E_StormPass_InnerTrial_Spawn_End_Loop,AnimSequence,OtherRegions/Humanoids/EliteShield,Content/_Art/Enemies/OtherRegions/Humanoids/EliteShield/Animations/Playback/A_EN_PLAY_AC_EmpireSwordShield_E_StormPass_InnerTrial_Spawn_End_Loop.uasset,274672,56afa8997c9a53187188b8affa0f5f8b21a6644909cafa4182415f47110a41de
/Game/_Art/Enemies/OtherRegions/Humanoids/EliteShield/Animations/Playback/A_EN_PLAY_AC_EmpireSwordShield_E_StormPass_InnerTrial_Spawn_Start,AnimSequence,OtherRegions/Humanoids/EliteShield,Content/_Art/Enemies/OtherRegions/Humanoids/EliteShield/Animations/Playback/A_EN_PLAY_AC_EmpireSwordShield_E_StormPass_InnerTrial_Spawn_Start.uasset,509996,401fac60a52492d1d77ba7e78606693a827c4a3cdfdbe959816fd65d675c244a
/Game/_Art/Enemies/OtherRegions/Humanoids/EliteShield/Animations/Playback/A_EN_PLAY_AC_EmpireSwordShield_E_Vigilant_FreakOut_Armed,AnimSequence,OtherRegions/Humanoids/EliteShield,Content/_Art/Enemies/OtherRegions/Humanoids/EliteShield/Animations/Playback/A_EN_PLAY_AC_EmpireSwordShield_E_Vigilant_FreakOut_Armed.uasset,574257,61ba9a96751675d1def338992d9f4ea3ea685c4168461e09be7815ed3d5182bd
/Game/_Art/Enemies/OtherRegions/Humanoids/EliteShield/Animations/Playback/A_EN_PLAY_AC_EmpireSwordShield_E_Vigilant_LookAround,AnimSequence,OtherRegions/Humanoids/EliteShield,Content/_Art/Enemies/OtherRegions/Humanoids/EliteShield/Animations/Playback/A_EN_PLAY_AC_EmpireSwordShield_E_Vigilant_LookAround.uasset,2077886,e032be6f40d7344758ad673e9108880b6eff27f7d77f40a7a34d66d7aac839a5
/Game/_Art/Enemies/OtherRegions/Humanoids/EliteShield/Animations/Playback/A_EN_PLAY_AC_EmpireSwordShield_E_Walk_F,AnimSequence,OtherRegions/Humanoids/EliteShield,Content/_Art/Enemies/OtherRegions/Humanoids/EliteShield/Animations/Playback/A_EN_PLAY_AC_EmpireSwordShield_E_Walk_F.uasset,707448,831c965b276cff4d816b257840447e222a2536efd992d5d07c00af8d96961a72
/Game/_Art/Enemies/OtherRegions/Humanoids/EliteShield/Animations/Playback/A_EN_PLAY_AC_EmpireSwordShield_GuardCounter_Broken_Full,AnimSequence,OtherRegions/Humanoids/EliteShield,Content/_Art/Enemies/OtherRegions/Humanoids/EliteShield/Animations/Playback/A_EN_PLAY_AC_EmpireSwordShield_GuardCounter_Broken_Full.uasset,815589,248b98c171b1633d5cb188c3fea0fe8bc66c9aaf208264ceedefa46a77868ad4
/Game/_Art/Enemies/OtherRegions/Humanoids/EliteShield/Animations/Playback/A_EN_PLAY_AC_EmpireSwordShield_GuardCounter_Burst_Start,AnimSequence,OtherRegions/Humanoids/EliteShield,Content/_Art/Enemies/OtherRegions/Humanoids/EliteShield/Animations/Playback/A_EN_PLAY_AC_EmpireSwordShield_GuardCounter_Burst_Start.uasset,358643,c081a5e412d358079362090196c9dea1aba9948c9945238760b1a269aa1ce46a
/Game/_Art/Enemies/OtherRegions/Humanoids/EliteShield/Animations/Playback/A_EN_PLAY_AC_EmpireSwordShield_GuardCounter_Burst_Step2_New,AnimSequence,OtherRegions/Humanoids/EliteShield,Content/_Art/Enemies/OtherRegions/Humanoids/EliteShield/Animations/Playback/A_EN_PLAY_AC_EmpireSwordShield_GuardCounter_Burst_Step2_New.uasset,272462,e055cfe58d56ed7115773e510be026888a3a8e799b35b6e798d42813aaff37be
/Game/_Art/Enemies/OtherRegions/Humanoids/EliteShield/Animations/Playback/A_EN_PLAY_AC_EmpireSwordShield_GuardCounter_Burst_Step3,AnimSequence,OtherRegions/Humanoids/EliteShield,Content/_Art/Enemies/OtherRegions/Humanoids/EliteShield/Animations/Playback/A_EN_PLAY_AC_EmpireSwordShield_GuardCounter_Burst_Step3.uasset,684075,d3d2a0e3edd590911e0a0ad7ab936ce4add20ec842d95399bdd78971fbd49bc3
/Game/_Art/Enemies/OtherRegions/Humanoids/EliteShield/Animations/Playback/A_EN_PLAY_AC_EmpireSwordShield_GuardCounter_Burst_Step4,AnimSequence,OtherRegions/Humanoids/EliteShield,Content/_Art/Enemies/OtherRegions/Humanoids/EliteShield/Animations/Playback/A_EN_PLAY_AC_EmpireSwordShield_GuardCounter_Burst_Step4.uasset,715620,a9ed3b42a5819353feac99122ed961c68cf99c5af8bedb8ed63954d28b27616e
/Game/_Art/Enemies/OtherRegions/Humanoids/EliteShield/Animations/Playback/A_EN_PLAY_AC_EmpireSwordShield_GuardCounter_Burst_Turn_L,AnimSequence,OtherRegions/Humanoids/EliteShield,Content/_Art/Enemies/OtherRegions/Humanoids/EliteShield/Animations/Playback/A_EN_PLAY_AC_EmpireSwordShield_GuardCounter_Burst_Turn_L.uasset,785885,301b031afc40d1b69e08908b1ff8428dcb9a4d3e7f601e678e5b390054312af8
/Game/_Art/Enemies/OtherRegions/Humanoids/EliteShield/Animations/Playback/A_EN_PLAY_AC_EmpireSwordShield_GuardCounter_Level_Loop,AnimSequence,OtherRegions/Humanoids/EliteShield,Content/_Art/Enemies/OtherRegions/Humanoids/EliteShield/Animations/Playback/A_EN_PLAY_AC_EmpireSwordShield_GuardCounter_Level_Loop.uasset,332525,eda3ac387b3857ebab9bc5f90329e2b51f4bbc968439a84919d67ceac101a5bc
/Game/_Art/Enemies/OtherRegions/Humanoids/EliteShield/Animations/Playback/A_EN_PLAY_AC_EmpireSwordShield_GuardCounter_Level_Start,AnimSequence,OtherRegions/Humanoids/EliteShield,Content/_Art/Enemies/OtherRegions/Humanoids/EliteShield/Animations/Playback/A_EN_PLAY_AC_EmpireSwordShield_GuardCounter_Level_Start.uasset,239882,6d98cc8549779b01439aafd7ea0bab0ee861471cfcf821f628f3687187e7ec82
/Game/_Art/Enemies/OtherRegions/Humanoids/EliteShield/Animations/Playback/A_EN_PLAY_AC_EmpireSwordShield_GuardCounter_Smash,AnimSequence,OtherRegions/Humanoids/EliteShield,Content/_Art/Enemies/OtherRegions/Humanoids/EliteShield/Animations/Playback/A_EN_PLAY_AC_EmpireSwordShield_GuardCounter_Smash.uasset,1019700,7a12f98f034559f7d0bf2a157a89c66c441da7799d2c3e36f97c217de7a95fc4
/Game/_Art/Enemies/OtherRegions/Humanoids/EliteShield/Animations/Playback/A_EN_PLAY_AC_EmpireSwordShield_GuardCounter_Start,AnimSequence,OtherRegions/Humanoids/EliteShield,Content/_Art/Enemies/OtherRegions/Humanoids/EliteShield/Animations/Playback/A_EN_PLAY_AC_EmpireSwordShield_GuardCounter_Start.uasset,331434,706a40449e836c6ddb53945e125ab372f157d78626a43d8486e7b1cd8b010ab5
/Game/_Art/Enemies/OtherRegions/Humanoids/EliteShield/Animations/Playback/A_EN_PLAY_AC_EmpireSwordShield_GuardCounter_Step,AnimSequence,OtherRegions/Humanoids/EliteShield,Content/_Art/Enemies/OtherRegions/Humanoids/EliteShield/Animations/Playback/A_EN_PLAY_AC_EmpireSwordShield_GuardCounter_Step.uasset,315059,0728560fe03c761fb25af490c4ca38a72b56d9c66afa0a595db0877948c78238
/Game/_Art/Enemies/OtherRegions/Humanoids/EliteShield/Animations/Playback/A_EN_PLAY_AC_EmpireSwordShield_Guard_Broken,AnimSequence,OtherRegions/Humanoids/EliteShield,Content/_Art/Enemies/OtherRegions/Humanoids/EliteShield/Animations/Playback/A_EN_PLAY_AC_EmpireSwordShield_Guard_Broken.uasset,249390,939494ef7b267320b7fdce334b6ac1e687e06a8f6bc1b90ccd0ce11131c6f844
/Game/_Art/Enemies/OtherRegions/Humanoids/EliteShield/Animations/Playback/A_EN_PLAY_AC_EmpireSwordShield_Guard_Broken_Full,AnimSequence,OtherRegions/Humanoids/EliteShield,Content/_Art/Enemies/OtherRegions/Humanoids/EliteShield/Animations/Playback/A_EN_PLAY_AC_EmpireSwordShield_Guard_Broken_Full.uasset,962658,cb69db2beb1b5ceb064d0ee4851a93bfd0364a33a39bf1bc46250e0763170a4d
/Game/_Art/Enemies/OtherRegions/Humanoids/EliteShield/Animations/Playback/A_EN_PLAY_AC_EmpireSwordShield_Guard_End,AnimSequence,OtherRegions/Humanoids/EliteShield,Content/_Art/Enemies/OtherRegions/Humanoids/EliteShield/Animations/Playback/A_EN_PLAY_AC_EmpireSwordShield_Guard_End.uasset,229545,c36daa23fc27d0dfb5d6f244d0b237b98569dee8e88c06b05ded516a2facf41c
/Game/_Art/Enemies/OtherRegions/Humanoids/EliteShield/Animations/Playback/A_EN_PLAY_AC_EmpireSwordShield_Guard_Hit,AnimSequence,OtherRegions/Humanoids/EliteShield,Content/_Art/Enemies/OtherRegions/Humanoids/EliteShield/Animations/Playback/A_EN_PLAY_AC_EmpireSwordShield_Guard_Hit.uasset,240910,f4cabbe0236d3e1678773efe5ccd1e1f20f3fb68ab5fe3b585fbca90d1287c0d
/Game/_Art/Enemies/OtherRegions/Humanoids/EliteShield/Animations/Playback/A_EN_PLAY_AC_EmpireSwordShield_Guard_Loop,AnimSequence,OtherRegions/Humanoids/EliteShield,Content/_Art/Enemies/OtherRegions/Humanoids/EliteShield/Animations/Playback/A_EN_PLAY_AC_EmpireSwordShield_Guard_Loop.uasset,332335,e788b36021b9dd4b57fb141b0e56e2c9e238e9f28483c3d90b61982d218a6f49
/Game/_Art/Enemies/OtherRegions/Humanoids/EliteShield/Animations/Playback/A_EN_PLAY_AC_EmpireSwordShield_Guard_Start,AnimSequence,OtherRegions/Humanoids/EliteShield,Content/_Art/Enemies/OtherRegions/Humanoids/EliteShield/Animations/Playback/A_EN_PLAY_AC_EmpireSwordShield_Guard_Start.uasset,214705,ff50dd054599fb283250d41087dc65ad1a21bc36828cea204735cba9406dcc31
/Game/_Art/Enemies/OtherRegions/Humanoids/EliteShield/Animations/Playback/A_EN_PLAY_AC_EmpireSwordShield_JustGuardCounter_Combo2_Step1,AnimSequence,OtherRegions/Humanoids/EliteShield,Content/_Art/Enemies/OtherRegions/Humanoids/EliteShield/Animations/Playback/A_EN_PLAY_AC_EmpireSwordShield_JustGuardCounter_Combo2_Step1.uasset,584796,53405c6184a6756cac3e0c1bddb7a5457e0a94d8b018be31f890c3a581511c23
/Game/_Art/Enemies/OtherRegions/Humanoids/EliteShield/Animations/Playback/A_EN_PLAY_AC_EmpireSwordShield_JustGuardCounter_Combo2_Step2,AnimSequence,OtherRegions/Humanoids/EliteShield,Content/_Art/Enemies/OtherRegions/Humanoids/EliteShield/Animations/Playback/A_EN_PLAY_AC_EmpireSwordShield_JustGuardCounter_Combo2_Step2.uasset,502828,108f48d573e5c026c5202babda6d76d952f59d8d09299b7d320248e843a3ab70
/Game/_Art/Enemies/OtherRegions/Humanoids/EliteShield/Animations/Playback/A_EN_PLAY_AC_EmpireSwordShield_JustGuardCounter_Combo_Step1,AnimSequence,OtherRegions/Humanoids/EliteShield,Content/_Art/Enemies/OtherRegions/Humanoids/EliteShield/Animations/Playback/A_EN_PLAY_AC_EmpireSwordShield_JustGuardCounter_Combo_Step1.uasset,712735,5dcdf60578eacc7beabe0e81d66371ad7e126cf49ccf6047f47b9c5e3778dced
/Game/_Art/Enemies/OtherRegions/Humanoids/EliteShield/Animations/Playback/A_EN_PLAY_AC_EmpireSwordShield_JustGuardCounter_Combo_Step2,AnimSequence,OtherRegions/Humanoids/EliteShield,Content/_Art/Enemies/OtherRegions/Humanoids/EliteShield/Animations/Playback/A_EN_PLAY_AC_EmpireSwordShield_JustGuardCounter_Combo_Step2.uasset,498239,7428c70b1adb80dc105aa7fa59e11bd51460957d6665ad002b4db321e94acce2
/Game/_Art/Enemies/OtherRegions/Humanoids/EliteShield/Animations/Playback/A_EN_PLAY_AC_EmpireSwordShield_JustGuardCounter_Combo_Step3,AnimSequence,OtherRegions/Humanoids/EliteShield,Content/_Art/Enemies/OtherRegions/Humanoids/EliteShield/Animations/Playback/A_EN_PLAY_AC_EmpireSwordShield_JustGuardCounter_Combo_Step3.uasset,575573,c3b798b246a4118c462e007a80fde43855461933440c0f0d205561c6f76b3ca4
/Game/_Art/Enemies/OtherRegions/Humanoids/EliteShield/Animations/Playback/A_EN_PLAY_AC_EmpireSwordShield_JustGuardCounter_Execution,AnimSequence,OtherRegions/Humanoids/EliteShield,Content/_Art/Enemies/OtherRegions/Humanoids/EliteShield/Animations/Playback/A_EN_PLAY_AC_EmpireSwordShield_JustGuardCounter_Execution.uasset,787352,c35da5892ce95d939369e75a781018c8ba70670fea08d7d261d108e949f6c3d9
/Game/_Art/Enemies/OtherRegions/Humanoids/EliteShield/Animations/Playback/A_EN_PLAY_AC_EmpireSwordShield_JustGuardCounter_Smash,AnimSequence,OtherRegions/Humanoids/EliteShield,Content/_Art/Enemies/OtherRegions/Humanoids/EliteShield/Animations/Playback/A_EN_PLAY_AC_EmpireSwordShield_JustGuardCounter_Smash.uasset,1037353,93b90ad89eac05138925fb3f93f1e9051e76456e7693830d226cadf0bbad798b
/Game/_Art/Enemies/OtherRegions/Humanoids/EliteShield/Animations/Playback/A_EN_PLAY_AC_EmpireSwordShield_JustGuardCounter_Start_New,AnimSequence,OtherRegions/Humanoids/EliteShield,Content/_Art/Enemies/OtherRegions/Humanoids/EliteShield/Animations/Playback/A_EN_PLAY_AC_EmpireSwordShield_JustGuardCounter_Start_New.uasset,304457,4408df44bec5df07690cd8ba4cdba733c5201385e8434dd695d0585bd544cdbd
/Game/_Art/Enemies/OtherRegions/Humanoids/EliteShield/Animations/Playback/A_EN_PLAY_AC_EmpireSwordShield_JustGuardCounter_Step,AnimSequence,OtherRegions/Humanoids/EliteShield,Content/_Art/Enemies/OtherRegions/Humanoids/EliteShield/Animations/Playback/A_EN_PLAY_AC_EmpireSwordShield_JustGuardCounter_Step.uasset,320999,b0d76eec9ab159c5509d8bf5fa2b4254fac5d8a9ea3d9a12f188e5abf2f767aa
/Game/_Art/Enemies/OtherRegions/Humanoids/EliteShield/Animations/Playback/A_EN_PLAY_AC_EmpireSwordShield_JustGuardCounter_Thrust,AnimSequence,OtherRegions/Humanoids/EliteShield,Content/_Art/Enemies/OtherRegions/Humanoids/EliteShield/Animations/Playback/A_EN_PLAY_AC_EmpireSwordShield_JustGuardCounter_Thrust.uasset,652066,47dbb728f0961b634aab3b53a583b7e4fd971942255b55df55a3a4b49b32b8ee
/Game/_Art/Enemies/OtherRegions/Humanoids/EliteShield/Animations/Playback/A_EN_PLAY_AC_EmpireSwordShield_JustGuardCounter_empty_proto,AnimSequence,OtherRegions/Humanoids/EliteShield,Content/_Art/Enemies/OtherRegions/Humanoids/EliteShield/Animations/Playback/A_EN_PLAY_AC_EmpireSwordShield_JustGuardCounter_empty_proto.uasset,2590079,8a3afa863a1960d58f856af246c6524219ccba3bed70d8bdb75d8f3735e0efd7
/Game/_Art/Enemies/OtherRegions/Humanoids/EliteShield/Animations/Playback/A_EN_PLAY_AC_EmpireSwordShield_ShieldCrash,AnimSequence,OtherRegions/Humanoids/EliteShield,Content/_Art/Enemies/OtherRegions/Humanoids/EliteShield/Animations/Playback/A_EN_PLAY_AC_EmpireSwordShield_ShieldCrash.uasset,564717,1d501f8d43d95c7c1a1a0e85332d59edbc325995810da995afa59742a0619801
/Game/_Art/Enemies/OtherRegions/Humanoids/EliteShield/Animations/Playback/A_EN_PLAY_AC_EmpireSwordShield_ShieldSmash,AnimSequence,OtherRegions/Humanoids/EliteShield,Content/_Art/Enemies/OtherRegions/Humanoids/EliteShield/Animations/Playback/A_EN_PLAY_AC_EmpireSwordShield_ShieldSmash.uasset,701742,1de89e1d4b93e1c061283ff9b4da06782b2d679b9dfacec256b87b26e638acce
/Game/_Art/Enemies/OtherRegions/Humanoids/EliteShield/Animations/Playback/A_EN_PLAY_AC_EmpireSwordShield_ShieldSmash_2,AnimSequence,OtherRegions/Humanoids/EliteShield,Content/_Art/Enemies/OtherRegions/Humanoids/EliteShield/Animations/Playback/A_EN_PLAY_AC_EmpireSwordShield_ShieldSmash_2.uasset,701757,bbb1a299eb36b5970cc5c7f57eee3a780bdb644cc6c3a92cd3ad77906e9d98c1
/Game/_Art/Enemies/OtherRegions/Humanoids/EliteShield/Animations/Playback/A_EN_PLAY_AC_EmpireSwordShield_ShieldStamp,AnimSequence,OtherRegions/Humanoids/EliteShield,Content/_Art/Enemies/OtherRegions/Humanoids/EliteShield/Animations/Playback/A_EN_PLAY_AC_EmpireSwordShield_ShieldStamp.uasset,541639,dec7607a921202058b34a8d452dfc6fc092109401bc1cfcba3d389cd9819246a
/Game/_Art/Enemies/OtherRegions/Humanoids/EliteShield/Animations/Playback/A_EN_PLAY_AC_EmpireSwordShield_SwordSting_Step1,AnimSequence,OtherRegions/Humanoids/EliteShield,Content/_Art/Enemies/OtherRegions/Humanoids/EliteShield/Animations/Playback/A_EN_PLAY_AC_EmpireSwordShield_SwordSting_Step1.uasset,402954,d7f7ad440d5e408e0cfa5607980541f0704f5b5dd0eb542fb27f4321c59a5160
/Game/_Art/Enemies/OtherRegions/Humanoids/EliteShield/Animations/Playback/A_EN_PLAY_AC_EmpireSwordShield_SwordSting_Step2,AnimSequence,OtherRegions/Humanoids/EliteShield,Content/_Art/Enemies/OtherRegions/Humanoids/EliteShield/Animations/Playback/A_EN_PLAY_AC_EmpireSwordShield_SwordSting_Step2.uasset,287406,e04cc109524168ec595cb168fa7f9a275b1b9cc01b3585aec1fde623d6675769
/Game/_Art/Enemies/OtherRegions/Humanoids/EliteShield/Animations/Playback/A_EN_PLAY_AC_EmpireSwordShield_SwordSting_Step3_1,AnimSequence,OtherRegions/Humanoids/EliteShield,Content/_Art/Enemies/OtherRegions/Humanoids/EliteShield/Animations/Playback/A_EN_PLAY_AC_EmpireSwordShield_SwordSting_Step3_1.uasset,556255,77be965bfd2523c32ef95e3c2e5e0cd8ae27807e63c3dc0033873d2846782999
/Game/_Art/Enemies/OtherRegions/Humanoids/EliteShield/Animations/Playback/A_EN_PLAY_AC_EmpireSwordShield_SwordSting_Step3_2,AnimSequence,OtherRegions/Humanoids/EliteShield,Content/_Art/Enemies/OtherRegions/Humanoids/EliteShield/Animations/Playback/A_EN_PLAY_AC_EmpireSwordShield_SwordSting_Step3_2.uasset,651996,1c82ff01484bc454c6dcef108bdf24e1fe8d3e33f0c0b0b696ae4992abce9286
/Game/_Art/Enemies/OtherRegions/Humanoids/EliteShield/Animations/Playback/A_EN_PLAY_AC_EmpireSwordShield_SwordSting_Step3_3,AnimSequence,OtherRegions/Humanoids/EliteShield,Content/_Art/Enemies/OtherRegions/Humanoids/EliteShield/Animations/Playback/A_EN_PLAY_AC_EmpireSwordShield_SwordSting_Step3_3.uasset,489669,4a96774880e919f51b89a2a41ef6f7350ea89d4526a41ad146373148788d67ba
/Game/_Art/Enemies/OtherRegions/Humanoids/EliteShield/Animations/Playback/A_EN_PLAY_AC_EmpireSwordShield_SwordSting_Stop,AnimSequence,OtherRegions/Humanoids/EliteShield,Content/_Art/Enemies/OtherRegions/Humanoids/EliteShield/Animations/Playback/A_EN_PLAY_AC_EmpireSwordShield_SwordSting_Stop.uasset,312916,7bd67baf8ee6263bc4abb772fe9ced87e28e4565db0b85222c29d1e11cf682bd
/Game/_Art/Enemies/OtherRegions/Humanoids/EliteShield/Animations/Playback/A_EN_PLAY_AC_EmpireSwordShield_SwordSwing_Combo1_Step1,AnimSequence,OtherRegions/Humanoids/EliteShield,Content/_Art/Enemies/OtherRegions/Humanoids/EliteShield/Animations/Playback/A_EN_PLAY_AC_EmpireSwordShield_SwordSwing_Combo1_Step1.uasset,624264,b573eb63e0aaf63e2600724561782e90a552893967fc3b6d91ff5011d9ce89bf
/Game/_Art/Enemies/OtherRegions/Humanoids/EliteShield/Animations/Playback/A_EN_PLAY_AC_EmpireSwordShield_SwordSwing_Combo1_Step2,AnimSequence,OtherRegions/Humanoids/EliteShield,Content/_Art/Enemies/OtherRegions/Humanoids/EliteShield/Animations/Playback/A_EN_PLAY_AC_EmpireSwordShield_SwordSwing_Combo1_Step2.uasset,533107,675f751761bc9fc2eb08661ab685b1b9bd98b64afd0fe727c47bbda248ee2d13
/Game/_Art/Enemies/OtherRegions/Humanoids/EliteShield/Animations/Playback/A_EN_PLAY_AC_EmpireSwordShield_SwordSwing_Combo1_Step3,AnimSequence,OtherRegions/Humanoids/EliteShield,Content/_Art/Enemies/OtherRegions/Humanoids/EliteShield/Animations/Playback/A_EN_PLAY_AC_EmpireSwordShield_SwordSwing_Combo1_Step3.uasset,575558,0d27fe5001886b5d90c9c4c500a1bf1b63c34becb9498538aae5419e314b55d7
/Game/_Art/Enemies/OtherRegions/Humanoids/EliteShield/Animations/Playback/A_EN_PLAY_AC_EmpireSwordShield_SwordSwing_Combo1_Step4,AnimSequence,OtherRegions/Humanoids/EliteShield,Content/_Art/Enemies/OtherRegions/Humanoids/EliteShield/Animations/Playback/A_EN_PLAY_AC_EmpireSwordShield_SwordSwing_Combo1_Step4.uasset,462904,315f1b5530002c484d9848d3c01b36ac5d678311be3f9be8a4798f6670baa100
/Game/_Art/Enemies/OtherRegions/Humanoids/EliteShield/Animations/Playback/A_EN_PLAY_AC_EmpireSwordShield_SwordSwing_Combo2_Step1,AnimSequence,OtherRegions/Humanoids/EliteShield,Content/_Art/Enemies/OtherRegions/Humanoids/EliteShield/Animations/Playback/A_EN_PLAY_AC_EmpireSwordShield_SwordSwing_Combo2_Step1.uasset,768331,5106c29599ab2b910a841aa172df1e4c897cc7dbf6ba2d6d6eea32eb369dc743
/Game/_Art/Enemies/OtherRegions/Humanoids/EliteShield/Animations/Playback/A_EN_PLAY_AC_EmpireSwordShield_SwordSwing_Combo2_Step2,AnimSequence,OtherRegions/Humanoids/EliteShield,Content/_Art/Enemies/OtherRegions/Humanoids/EliteShield/Animations/Playback/A_EN_PLAY_AC_EmpireSwordShield_SwordSwing_Combo2_Step2.uasset,442877,d662444c36ce84b10985f13c9df144eeae004e459ee4194cc99873f20519a6ab
/Game/_Art/Enemies/OtherRegions/Humanoids/EliteShield/Animations/Playback/A_EN_PLAY_AC_EmpireSwordShield_SwordSwing_Combo3_Step1,AnimSequence,OtherRegions/Humanoids/EliteShield,Content/_Art/Enemies/OtherRegions/Humanoids/EliteShield/Animations/Playback/A_EN_PLAY_AC_EmpireSwordShield_SwordSwing_Combo3_Step1.uasset,775446,08414abead8f03f025e4ddb916a079c0f1b486db9862d5ef04330a692f469ac3
/Game/_Art/Enemies/OtherRegions/Humanoids/EliteShield/Animations/Playback/A_EN_PLAY_AC_EmpireSwordShield_SwordSwing_Combo3_Step2,AnimSequence,OtherRegions/Humanoids/EliteShield,Content/_Art/Enemies/OtherRegions/Humanoids/EliteShield/Animations/Playback/A_EN_PLAY_AC_EmpireSwordShield_SwordSwing_Combo3_Step2.uasset,891245,a2c97685a92d2b193025fbadbd3aedb860f179860b9755b41f2f3ad68a2d345e
/Game/_Art/Enemies/OtherRegions/Humanoids/EliteShield/Animations/Playback/A_EN_PLAY_AC_EmpireSwordShield_SwordSwing_Combo3_Step3,AnimSequence,OtherRegions/Humanoids/EliteShield,Content/_Art/Enemies/OtherRegions/Humanoids/EliteShield/Animations/Playback/A_EN_PLAY_AC_EmpireSwordShield_SwordSwing_Combo3_Step3.uasset,502781,68661c521f39671a8005308c06075d2c85ffaf7aed98bb918c4bd95ef0053404
/Game/_Art/Enemies/OtherRegions/Humanoids/EliteShield/Animations/Playback/A_EN_PLAY_AC_EmpireSwordShield_SwordSwing_Turn_L,AnimSequence,OtherRegions/Humanoids/EliteShield,Content/_Art/Enemies/OtherRegions/Humanoids/EliteShield/Animations/Playback/A_EN_PLAY_AC_EmpireSwordShield_SwordSwing_Turn_L.uasset,840490,eaa80cad183b9ac1bb5b84525cdc0d989d231c1391bea75d08cce8d8ef6b16c6
/Game/_Art/Enemies/OtherRegions/Humanoids/EliteShield/Animations/Playback/A_EN_PLAY_AC_EmpireSwordShield_SwordSwing_Turn_R,AnimSequence,OtherRegions/Humanoids/EliteShield,Content/_Art/Enemies/OtherRegions/Humanoids/EliteShield/Animations/Playback/A_EN_PLAY_AC_EmpireSwordShield_SwordSwing_Turn_R.uasset,809860,49567759cd1d245a85c48aeec757cd3797f51a550db88d1a41bb4fd152e7bfcc
/Game/_Art/Enemies/OtherRegions/Humanoids/EliteShield/Animations/Playback/A_EN_PLAY_AC_EmpireSwordShield_Sword_Disease,AnimSequence,OtherRegions/Humanoids/EliteShield,Content/_Art/Enemies/OtherRegions/Humanoids/EliteShield/Animations/Playback/A_EN_PLAY_AC_EmpireSwordShield_Sword_Disease.uasset,17043,658789b3ab7ee1bd954d65aef11c624793e4a77463a64ebdef13643da6e78a79
/Game/_Art/Enemies/OtherRegions/Humanoids/EliteShield/Animations/Playback/A_EN_PLAY_AC_M_Human_Elite_M_PicaClub_DamageFinalBlow,AnimSequence,OtherRegions/Humanoids/EliteShield,Content/_Art/Enemies/OtherRegions/Humanoids/EliteShield/Animations/Playback/A_EN_PLAY_AC_M_Human_Elite_M_PicaClub_DamageFinalBlow.uasset,1185910,8fd35b1b6a338843d819178557a8f9ea7af9c85c9c2999457593ac7b99af2165
/Game/_Art/Enemies/OtherRegions/Humanoids/EliteShield/Animations/Playback/A_EN_PLAY_CA_ESwordShield_Guard_Loop,AnimSequence,OtherRegions/Humanoids/EliteShield,Content/_Art/Enemies/OtherRegions/Humanoids/EliteShield/Animations/Playback/A_EN_PLAY_CA_ESwordShield_Guard_Loop.uasset,331644,cb7cfc62295447105df4a4dc027b15a4a56b583f80dcde76e9566c8ae61ea00f
/Game/_Art/Enemies/OtherRegions/Humanoids/EliteShield/Animations/Playback/A_EN_PLAY_CA_ESwordShield_LockOnWalk_B,AnimSequence,OtherRegions/Humanoids/EliteShield,Content/_Art/Enemies/OtherRegions/Humanoids/EliteShield/Animations/Playback/A_EN_PLAY_CA_ESwordShield_LockOnWalk_B.uasset,301390,4832ed98d403c9bdb1098aa2aa78eb9d329af1583c9ca6886fcb70f1cb91f736
/Game/_Art/Enemies/OtherRegions/Humanoids/EliteShield/Animations/Playback/A_EN_PLAY_CA_ESwordShield_LockOnWalk_F,AnimSequence,OtherRegions/Humanoids/EliteShield,Content/_Art/Enemies/OtherRegions/Humanoids/EliteShield/Animations/Playback/A_EN_PLAY_CA_ESwordShield_LockOnWalk_F.uasset,365644,4e056401900792b5d7e32dba183889f3f0acbc17104f769b1080b54a658dcafd
/Game/_Art/Enemies/OtherRegions/Humanoids/EliteShield/Animations/Playback/A_EN_PLAY_CA_ESwordShield_LockOnWalk_L,AnimSequence,OtherRegions/Humanoids/EliteShield,Content/_Art/Enemies/OtherRegions/Humanoids/EliteShield/Animations/Playback/A_EN_PLAY_CA_ESwordShield_LockOnWalk_L.uasset,298747,934d35e0045b298f39628d5e7966bc1f8191039b1ef59f5c5f35a4801952acfa
/Game/_Art/Enemies/OtherRegions/Humanoids/EliteShield/Animations/Playback/A_EN_PLAY_CA_ESwordShield_LockOnWalk_R,AnimSequence,OtherRegions/Humanoids/EliteShield,Content/_Art/Enemies/OtherRegions/Humanoids/EliteShield/Animations/Playback/A_EN_PLAY_CA_ESwordShield_LockOnWalk_R.uasset,344605,31e10f5253d709e984d6fab3d232c36cfc3f313e8d3ec929c49d2e003d001ecc
/Game/_Art/Enemies/OtherRegions/Humanoids/EliteShield/Animations/Playback/A_EN_PLAY_CA_ESwordShield_Run_F,AnimSequence,OtherRegions/Humanoids/EliteShield,Content/_Art/Enemies/OtherRegions/Humanoids/EliteShield/Animations/Playback/A_EN_PLAY_CA_ESwordShield_Run_F.uasset,286562,18acd5ed48720c00aa116fe28532249a8503ac48352df45bdfca22170413d5b3
/Game/_Art/Enemies/OtherRegions/Humanoids/EliteShield/Animations/Playback/A_EN_PLAY_CA_ESwordShield_Stand_F,AnimSequence,OtherRegions/Humanoids/EliteShield,Content/_Art/Enemies/OtherRegions/Humanoids/EliteShield/Animations/Playback/A_EN_PLAY_CA_ESwordShield_Stand_F.uasset,353377,d14deae46b4e9b549ccfc8e0c0e10d94308642881fca9a1cc5e5f874a836deda
/Game/_Art/Enemies/OtherRegions/Humanoids/EliteShield/Animations/Playback/A_EN_PLAY_CA_ESwordShield_Walk_F,AnimSequence,OtherRegions/Humanoids/EliteShield,Content/_Art/Enemies/OtherRegions/Humanoids/EliteShield/Animations/Playback/A_EN_PLAY_CA_ESwordShield_Walk_F.uasset,365573,c996db6e4ef41a13128a857a6206019cefd2c537aa82262737dc7a14fdbbd359
/Game/_Art/Enemies/OtherRegions/Humanoids/Mage/Animations/Playback/A_EN_PLAY_AC_EMagic_DamageGrapple_Atk_B_01,AnimSequence,OtherRegions/Humanoids/Mage,Content/_Art/Enemies/OtherRegions/Humanoids/Mage/Animations/Playback/A_EN_PLAY_AC_EMagic_DamageGrapple_Atk_B_01.uasset,381656,13f2343ddf2bf6c4c9fcb01f59ac9eb3ce9245897462c226d38f4a1245d69ac7
/Game/_Art/Enemies/OtherRegions/Humanoids/Mage/Animations/Playback/A_EN_PLAY_AC_EMagic_DamageGrapple_Atk_B_02,AnimSequence,OtherRegions/Humanoids/Mage,Content/_Art/Enemies/OtherRegions/Humanoids/Mage/Animations/Playback/A_EN_PLAY_AC_EMagic_DamageGrapple_Atk_B_02.uasset,655814,ed5ec7c64948f5427ca68513471acb5ddc041b9d0b621fc43daaa7bfc7cefdf0
/Game/_Art/Enemies/OtherRegions/Humanoids/Mage/Animations/Playback/A_EN_PLAY_AC_EmpireMagic_Basic_ChairSit_End_01,AnimSequence,OtherRegions/Humanoids/Mage,Content/_Art/Enemies/OtherRegions/Humanoids/Mage/Animations/Playback/A_EN_PLAY_AC_EmpireMagic_Basic_ChairSit_End_01.uasset,470559,ec0be84db1b4657eca270370ab56576c6bfb440e3e00f057b42db5d7273dc7b1
/Game/_Art/Enemies/OtherRegions/Humanoids/Mage/Animations/Playback/A_EN_PLAY_AC_EmpireMagic_Basic_ChairSit_Loop_01,AnimSequence,OtherRegions/Humanoids/Mage,Content/_Art/Enemies/OtherRegions/Humanoids/Mage/Animations/Playback/A_EN_PLAY_AC_EmpireMagic_Basic_ChairSit_Loop_01.uasset,1673369,5963b847d88c8a2c8f339418dad8023ca8e07bb446b20f8f1e3ca19da660c10f
/Game/_Art/Enemies/OtherRegions/Humanoids/Mage/Animations/Playback/A_EN_PLAY_AC_EmpireMagic_Basic_End_01,AnimSequence,OtherRegions/Humanoids/Mage,Content/_Art/Enemies/OtherRegions/Humanoids/Mage/Animations/Playback/A_EN_PLAY_AC_EmpireMagic_Basic_End_01.uasset,415122,95b6f4e18536c73645a8d9f30192930f10a9fc0bce3c15fc7ef01b2ba8218c2c
/Game/_Art/Enemies/OtherRegions/Humanoids/Mage/Animations/Playback/A_EN_PLAY_AC_EmpireMagic_Basic_Loop_01,AnimSequence,OtherRegions/Humanoids/Mage,Content/_Art/Enemies/OtherRegions/Humanoids/Mage/Animations/Playback/A_EN_PLAY_AC_EmpireMagic_Basic_Loop_01.uasset,915925,fd4b7c757b6bdb3c2da3e6d45c169c203514c0d8e36b2b943ee7aaa02543013d
/Game/_Art/Enemies/OtherRegions/Humanoids/Mage/Animations/Playback/A_EN_PLAY_AC_EmpireMagic_Basic_Search_End_01,AnimSequence,OtherRegions/Humanoids/Mage,Content/_Art/Enemies/OtherRegions/Humanoids/Mage/Animations/Playback/A_EN_PLAY_AC_EmpireMagic_Basic_Search_End_01.uasset,376164,d88bf33aeb218f99407435d15e211e309dcc4c56af975e13820202a1c83a07ff
/Game/_Art/Enemies/OtherRegions/Humanoids/Mage/Animations/Playback/A_EN_PLAY_AC_EmpireMagic_Basic_Search_End_02,AnimSequence,OtherRegions/Humanoids/Mage,Content/_Art/Enemies/OtherRegions/Humanoids/Mage/Animations/Playback/A_EN_PLAY_AC_EmpireMagic_Basic_Search_End_02.uasset,422945,74590202e84337ab372457e5bdb6763fbcab7b200e458ec1fa092b5808572beb
/Game/_Art/Enemies/OtherRegions/Humanoids/Mage/Animations/Playback/A_EN_PLAY_AC_EmpireMagic_Basic_Search_Loop_01,AnimSequence,OtherRegions/Humanoids/Mage,Content/_Art/Enemies/OtherRegions/Humanoids/Mage/Animations/Playback/A_EN_PLAY_AC_EmpireMagic_Basic_Search_Loop_01.uasset,2849519,d5919e3c66d9e70a115184431240163a3b0acf62be90cbc3344917c89d169ffa
/Game/_Art/Enemies/OtherRegions/Humanoids/Mage/Animations/Playback/A_EN_PLAY_AC_EmpireMagic_Basic_Search_Loop_02,AnimSequence,OtherRegions/Humanoids/Mage,Content/_Art/Enemies/OtherRegions/Humanoids/Mage/Animations/Playback/A_EN_PLAY_AC_EmpireMagic_Basic_Search_Loop_02.uasset,1207081,98ef2ddd92d5894ab5eaf984bdd3cecd708df37f13696ea152735637f8d40edb
/Game/_Art/Enemies/OtherRegions/Humanoids/Mage/Animations/Playback/A_EN_PLAY_AC_EmpireMagic_Basic_Sit_End_01,AnimSequence,OtherRegions/Humanoids/Mage,Content/_Art/Enemies/OtherRegions/Humanoids/Mage/Animations/Playback/A_EN_PLAY_AC_EmpireMagic_Basic_Sit_End_01.uasset,656538,cc709b162d52e3e1fbfe6543beec702fd63dacee2f26ef820a7d8fc99b302abd
/Game/_Art/Enemies/OtherRegions/Humanoids/Mage/Animations/Playback/A_EN_PLAY_AC_EmpireMagic_Basic_Sit_Loop_01,AnimSequence,OtherRegions/Humanoids/Mage,Content/_Art/Enemies/OtherRegions/Humanoids/Mage/Animations/Playback/A_EN_PLAY_AC_EmpireMagic_Basic_Sit_Loop_01.uasset,1090160,5e7b5c8ef2e5ff09f73e8425e7b39b6a2016762f1adcd1ea4058b0509c9e1d28
/Game/_Art/Enemies/OtherRegions/Humanoids/Mage/Animations/Playback/A_EN_PLAY_AC_EmpireMagic_Basic_Talk_End_01,AnimSequence,OtherRegions/Humanoids/Mage,Content/_Art/Enemies/OtherRegions/Humanoids/Mage/Animations/Playback/A_EN_PLAY_AC_EmpireMagic_Basic_Talk_End_01.uasset,336464,43fde62b660ad9f75516db974408e7bcaf0b3ae4648975318921ab1152477036
/Game/_Art/Enemies/OtherRegions/Humanoids/Mage/Animations/Playback/A_EN_PLAY_AC_EmpireMagic_Basic_Talk_Loop_01,AnimSequence,OtherRegions/Humanoids/Mage,Content/_Art/Enemies/OtherRegions/Humanoids/Mage/Animations/Playback/A_EN_PLAY_AC_EmpireMagic_Basic_Talk_Loop_01.uasset,1953219,24a315f76662b771b3832113946fe284a968c8715c1a586f764d543700779ac0
/Game/_Art/Enemies/OtherRegions/Humanoids/Mage/Animations/Playback/A_EN_PLAY_AC_EmpireMagic_DamageAir_B_Down,AnimSequence,OtherRegions/Humanoids/Mage,Content/_Art/Enemies/OtherRegions/Humanoids/Mage/Animations/Playback/A_EN_PLAY_AC_EmpireMagic_DamageAir_B_Down.uasset,201820,a523301063bc3c63abd6de23176df303659d77abdb90ffa7c7da403cea8768e5
/Game/_Art/Enemies/OtherRegions/Humanoids/Mage/Animations/Playback/A_EN_PLAY_AC_EmpireMagic_DamageAir_B_Land,AnimSequence,OtherRegions/Humanoids/Mage,Content/_Art/Enemies/OtherRegions/Humanoids/Mage/Animations/Playback/A_EN_PLAY_AC_EmpireMagic_DamageAir_B_Land.uasset,288075,9b068229c4d9001ef89982e4c7e6d12e2f7638b453bc9fa7e93ef78c1beaeb6e
/Game/_Art/Enemies/OtherRegions/Humanoids/Mage/Animations/Playback/A_EN_PLAY_AC_EmpireMagic_DamageAir_B_Peak,AnimSequence,OtherRegions/Humanoids/Mage,Content/_Art/Enemies/OtherRegions/Humanoids/Mage/Animations/Playback/A_EN_PLAY_AC_EmpireMagic_DamageAir_B_Peak.uasset,193806,237928080893530d15be804b84ab38a19952e339a801b8a3b5b1883a908b2365
/Game/_Art/Enemies/OtherRegions/Humanoids/Mage/Animations/Playback/A_EN_PLAY_AC_EmpireMagic_DamageAir_B_Up,AnimSequence,OtherRegions/Humanoids/Mage,Content/_Art/Enemies/OtherRegions/Humanoids/Mage/Animations/Playback/A_EN_PLAY_AC_EmpireMagic_DamageAir_B_Up.uasset,202803,f12fda32893bbf1c8a6831b76bcdb7f7a56b11c6ea5b2ef92d7a218ec07c55f3
/Game/_Art/Enemies/OtherRegions/Humanoids/Mage/Animations/Playback/A_EN_PLAY_AC_EmpireMagic_DamageAir_F_Down,AnimSequence,OtherRegions/Humanoids/Mage,Content/_Art/Enemies/OtherRegions/Humanoids/Mage/Animations/Playback/A_EN_PLAY_AC_EmpireMagic_DamageAir_F_Down.uasset,201761,7b2315c24f8f7529f40af9b1e4717b3c63d2ecf59e8d370307bd95d6676aa864
/Game/_Art/Enemies/OtherRegions/Humanoids/Mage/Animations/Playback/A_EN_PLAY_AC_EmpireMagic_DamageAir_F_Land,AnimSequence,OtherRegions/Humanoids/Mage,Content/_Art/Enemies/OtherRegions/Humanoids/Mage/Animations/Playback/A_EN_PLAY_AC_EmpireMagic_DamageAir_F_Land.uasset,285192,5009f7cf369f1610d9d9973ad5ffedb80365f76ef41c6ff9231d07b27efc2403
/Game/_Art/Enemies/OtherRegions/Humanoids/Mage/Animations/Playback/A_EN_PLAY_AC_EmpireMagic_DamageAir_F_Peak,AnimSequence,OtherRegions/Humanoids/Mage,Content/_Art/Enemies/OtherRegions/Humanoids/Mage/Animations/Playback/A_EN_PLAY_AC_EmpireMagic_DamageAir_F_Peak.uasset,194322,bb4629fc0584cf8d20fd137f209e7b99ff9067987cfa56a3d5d91ecae20537bf
/Game/_Art/Enemies/OtherRegions/Humanoids/Mage/Animations/Playback/A_EN_PLAY_AC_EmpireMagic_DamageAir_F_Up,AnimSequence,OtherRegions/Humanoids/Mage,Content/_Art/Enemies/OtherRegions/Humanoids/Mage/Animations/Playback/A_EN_PLAY_AC_EmpireMagic_DamageAir_F_Up.uasset,201907,35c9a61d4e993bcc373aee20cc4844e441482257f2c83c7261cfe706751c6a99
/Game/_Art/Enemies/OtherRegions/Humanoids/Mage/Animations/Playback/A_EN_PLAY_AC_EmpireMagic_DamageDown_B,AnimSequence,OtherRegions/Humanoids/Mage,Content/_Art/Enemies/OtherRegions/Humanoids/Mage/Animations/Playback/A_EN_PLAY_AC_EmpireMagic_DamageDown_B.uasset,267599,536ae2073d91fdb6401d0bd8715a43b661815b23c4c7060115294081a0c797fd
/Game/_Art/Enemies/OtherRegions/Humanoids/Mage/Animations/Playback/A_EN_PLAY_AC_EmpireMagic_DamageDown_F,AnimSequence,OtherRegions/Humanoids/Mage,Content/_Art/Enemies/OtherRegions/Humanoids/Mage/Animations/Playback/A_EN_PLAY_AC_EmpireMagic_DamageDown_F.uasset,265963,448f01fdff5752deebbb0a48a45175257380e27a1b2e9b140afe6766a7cd5be7
/Game/_Art/Enemies/OtherRegions/Humanoids/Mage/Animations/Playback/A_EN_PLAY_AC_EmpireMagic_DamageGrapple_Atk_01,AnimSequence,OtherRegions/Humanoids/Mage,Content/_Art/Enemies/OtherRegions/Humanoids/Mage/Animations/Playback/A_EN_PLAY_AC_EmpireMagic_DamageGrapple_Atk_01.uasset,345296,4e0b491af95c08933b836664e1539d99fe34fd4b99fe958c2e974673d2156883
/Game/_Art/Enemies/OtherRegions/Humanoids/Mage/Animations/Playback/A_EN_PLAY_AC_EmpireMagic_DamageGrapple_Atk_02,AnimSequence,OtherRegions/Humanoids/Mage,Content/_Art/Enemies/OtherRegions/Humanoids/Mage/Animations/Playback/A_EN_PLAY_AC_EmpireMagic_DamageGrapple_Atk_02.uasset,318439,b0c5965b6c9a019ec93d80d8270057f77f626239dc0023c6f5bce431ea59a7ee
/Game/_Art/Enemies/OtherRegions/Humanoids/Mage/Animations/Playback/A_EN_PLAY_AC_EmpireMagic_DamageNormal_D_B,AnimSequence,OtherRegions/Humanoids/Mage,Content/_Art/Enemies/OtherRegions/Humanoids/Mage/Animations/Playback/A_EN_PLAY_AC_EmpireMagic_DamageNormal_D_B.uasset,422517,1d10e2985737e53673cdbd044d99c452ea888eb21d96b1baf880d0fe789699a3
/Game/_Art/Enemies/OtherRegions/Humanoids/Mage/Animations/Playback/A_EN_PLAY_AC_EmpireMagic_DamageNormal_D_F,AnimSequence,OtherRegions/Humanoids/Mage,Content/_Art/Enemies/OtherRegions/Humanoids/Mage/Animations/Playback/A_EN_PLAY_AC_EmpireMagic_DamageNormal_D_F.uasset,259671,e0ac25928c60f58a4ce34156cd713f9f640fee43e09b2da7ffa61734469411a0
/Game/_Art/Enemies/OtherRegions/Humanoids/Mage/Animations/Playback/A_EN_PLAY_AC_EmpireMagic_DamageNormal_L_F,AnimSequence,OtherRegions/Humanoids/Mage,Content/_Art/Enemies/OtherRegions/Humanoids/Mage/Animations/Playback/A_EN_PLAY_AC_EmpireMagic_DamageNormal_L_F.uasset,259661,c3bc6ea65c81b17dc62209ee9a62c3d6d270559ef4880d65e4e88784bf52e795
/Game/_Art/Enemies/OtherRegions/Humanoids/Mage/Animations/Playback/A_EN_PLAY_AC_EmpireMagic_DamageNormal_R_F,AnimSequence,OtherRegions/Humanoids/Mage,Content/_Art/Enemies/OtherRegions/Humanoids/Mage/Animations/Playback/A_EN_PLAY_AC_EmpireMagic_DamageNormal_R_F.uasset,275764,ef667c5f6f1948803f602a33902c0d301e194f0d2e599e06d59a919637f9fa40
/Game/_Art/Enemies/OtherRegions/Humanoids/Mage/Animations/Playback/A_EN_PLAY_AC_EmpireMagic_DamageNormal_U_B,AnimSequence,OtherRegions/Humanoids/Mage,Content/_Art/Enemies/OtherRegions/Humanoids/Mage/Animations/Playback/A_EN_PLAY_AC_EmpireMagic_DamageNormal_U_B.uasset,435452,5d97ef0400c2457c200cc4000448754013011636b2e88ab4b83774c07836bf8e
/Game/_Art/Enemies/OtherRegions/Humanoids/Mage/Animations/Playback/A_EN_PLAY_AC_EmpireMagic_DamageNormal_U_F,AnimSequence,OtherRegions/Humanoids/Mage,Content/_Art/Enemies/OtherRegions/Humanoids/Mage/Animations/Playback/A_EN_PLAY_AC_EmpireMagic_DamageNormal_U_F.uasset,275087,1c43cadd8c716a075f7ef041a58b37cbc92cf8cae74affced01f75d01e79116f
/Game/_Art/Enemies/OtherRegions/Humanoids/Mage/Animations/Playback/A_EN_PLAY_AC_EmpireMagic_DamageStrong_D_F,AnimSequence,OtherRegions/Humanoids/Mage,Content/_Art/Enemies/OtherRegions/Humanoids/Mage/Animations/Playback/A_EN_PLAY_AC_EmpireMagic_DamageStrong_D_F.uasset,298834,1a84327ddebb4c8d4fe58f3488f4039150f0057ecb5993cb7d28b591d33ed450
/Game/_Art/Enemies/OtherRegions/Humanoids/Mage/Animations/Playback/A_EN_PLAY_AC_EmpireMagic_DamageStrong_D_F_2,AnimSequence,OtherRegions/Humanoids/Mage,Content/_Art/Enemies/OtherRegions/Humanoids/Mage/Animations/Playback/A_EN_PLAY_AC_EmpireMagic_DamageStrong_D_F_2.uasset,334417,b291f2e2aa8f429241df16be8c789cf7c6913d53e6737256a399d149603bc63c
/Game/_Art/Enemies/OtherRegions/Humanoids/Mage/Animations/Playback/A_EN_PLAY_AC_EmpireMagic_DamageStrong_L_F,AnimSequence,OtherRegions/Humanoids/Mage,Content/_Art/Enemies/OtherRegions/Humanoids/Mage/Animations/Playback/A_EN_PLAY_AC_EmpireMagic_DamageStrong_L_F.uasset,301884,23714aa57dcce79988289b902cc3c2010890b55bae450f802187210113c570aa
/Game/_Art/Enemies/OtherRegions/Humanoids/Mage/Animations/Playback/A_EN_PLAY_AC_EmpireMagic_DamageStrong_R_F,AnimSequence,OtherRegions/Humanoids/Mage,Content/_Art/Enemies/OtherRegions/Humanoids/Mage/Animations/Playback/A_EN_PLAY_AC_EmpireMagic_DamageStrong_R_F.uasset,300757,ed0bdad4324b850f50530f1c4ac0ec0aa67419338736f5bd82e32c92d934739b
/Game/_Art/Enemies/OtherRegions/Humanoids/Mage/Animations/Playback/A_EN_PLAY_AC_EmpireMagic_DamageStrong_U_F,AnimSequence,OtherRegions/Humanoids/Mage,Content/_Art/Enemies/OtherRegions/Humanoids/Mage/Animations/Playback/A_EN_PLAY_AC_EmpireMagic_DamageStrong_U_F.uasset,297512,fee276cd98fd7fb80710ffda115a1991e2c1f34de06bd6a9969fce447a7e8710
/Game/_Art/Enemies/OtherRegions/Humanoids/Mage/Animations/Playback/A_EN_PLAY_AC_EmpireMagic_DamageWeak_D_F,AnimSequence,OtherRegions/Humanoids/Mage,Content/_Art/Enemies/OtherRegions/Humanoids/Mage/Animations/Playback/A_EN_PLAY_AC_EmpireMagic_DamageWeak_D_F.uasset,227541,a61baf740f70cd848bdbaed18b25b915e0e71b0422041b993f41ed0f404ab260
/Game/_Art/Enemies/OtherRegions/Humanoids/Mage/Animations/Playback/A_EN_PLAY_AC_EmpireMagic_DamageWeak_L_F,AnimSequence,OtherRegions/Humanoids/Mage,Content/_Art/Enemies/OtherRegions/Humanoids/Mage/Animations/Playback/A_EN_PLAY_AC_EmpireMagic_DamageWeak_L_F.uasset,234908,95f2f4e57e6dec43ee8e880244c3fc2b3d9923c3c8801b5b11c1686479581ce1
/Game/_Art/Enemies/OtherRegions/Humanoids/Mage/Animations/Playback/A_EN_PLAY_AC_EmpireMagic_DamageWeak_R_F,AnimSequence,OtherRegions/Humanoids/Mage,Content/_Art/Enemies/OtherRegions/Humanoids/Mage/Animations/Playback/A_EN_PLAY_AC_EmpireMagic_DamageWeak_R_F.uasset,222132,6d75acf1c0928f242ffe2842bb46012f01720f095bca660712408e5ea4c0f7bb
/Game/_Art/Enemies/OtherRegions/Humanoids/Mage/Animations/Playback/A_EN_PLAY_AC_EmpireMagic_DamageWeak_U_F,AnimSequence,OtherRegions/Humanoids/Mage,Content/_Art/Enemies/OtherRegions/Humanoids/Mage/Animations/Playback/A_EN_PLAY_AC_EmpireMagic_DamageWeak_U_F.uasset,223432,31abcdbc2026ccc8e51d75135b327d995f178263f3172505c35b18ea30e4fb9e
/Game/_Art/Enemies/OtherRegions/Humanoids/Mage/Animations/Playback/A_EN_PLAY_AC_EmpireMagic_Down_Die_B,AnimSequence,OtherRegions/Humanoids/Mage,Content/_Art/Enemies/OtherRegions/Humanoids/Mage/Animations/Playback/A_EN_PLAY_AC_EmpireMagic_Down_Die_B.uasset,1143119,6913b4097b56f588c77d41bb2a70f675c837640b85690ee79e4b993eb6455960
/Game/_Art/Enemies/OtherRegions/Humanoids/Mage/Animations/Playback/A_EN_PLAY_AC_EmpireMagic_Down_Die_F,AnimSequence,OtherRegions/Humanoids/Mage,Content/_Art/Enemies/OtherRegions/Humanoids/Mage/Animations/Playback/A_EN_PLAY_AC_EmpireMagic_Down_Die_F.uasset,1365520,d8dc5ad240ad24c7e17948fcb37b25bbe9355d2a3a884c6914fe285b90d0a882
/Game/_Art/Enemies/OtherRegions/Humanoids/Mage/Animations/Playback/A_EN_PLAY_AC_EmpireMagic_Down_Loop_B,AnimSequence,OtherRegions/Humanoids/Mage,Content/_Art/Enemies/OtherRegions/Humanoids/Mage/Animations/Playback/A_EN_PLAY_AC_EmpireMagic_Down_Loop_B.uasset,321919,73287885feac71d0724957254f0029e724b67d08cab67ba8008c1e7b6e1a1c12
/Game/_Art/Enemies/OtherRegions/Humanoids/Mage/Animations/Playback/A_EN_PLAY_AC_EmpireMagic_Down_Loop_F,AnimSequence,OtherRegions/Humanoids/Mage,Content/_Art/Enemies/OtherRegions/Humanoids/Mage/Animations/Playback/A_EN_PLAY_AC_EmpireMagic_Down_Loop_F.uasset,354830,25b4e4457f51b3319a3331271f34a743d077dead137944c295aa3a25d7deda2c
/Game/_Art/Enemies/OtherRegions/Humanoids/Mage/Animations/Playback/A_EN_PLAY_AC_EmpireMagic_Equip,AnimSequence,OtherRegions/Humanoids/Mage,Content/_Art/Enemies/OtherRegions/Humanoids/Mage/Animations/Playback/A_EN_PLAY_AC_EmpireMagic_Equip.uasset,455497,d37561cfd753f98f431cba1e05ae12a34cce2dbbca1387cf957bfcf7beb78fa8
/Game/_Art/Enemies/OtherRegions/Humanoids/Mage/Animations/Playback/A_EN_PLAY_AC_EmpireMagic_Equip_Turn_L,AnimSequence,OtherRegions/Humanoids/Mage,Content/_Art/Enemies/OtherRegions/Humanoids/Mage/Animations/Playback/A_EN_PLAY_AC_EmpireMagic_Equip_Turn_L.uasset,631689,9813106b32f29e8fa64fa85718e3c9461cbb09ac3b95a753f71d3fec108a30a5
/Game/_Art/Enemies/OtherRegions/Humanoids/Mage/Animations/Playback/A_EN_PLAY_AC_EmpireMagic_Equip_Turn_R,AnimSequence,OtherRegions/Humanoids/Mage,Content/_Art/Enemies/OtherRegions/Humanoids/Mage/Animations/Playback/A_EN_PLAY_AC_EmpireMagic_Equip_Turn_R.uasset,652098,66b2ccef3ba8cae8acc6ba80685370d109a73995ab7e6b9496387b6926181b39
/Game/_Art/Enemies/OtherRegions/Humanoids/Mage/Animations/Playback/A_EN_PLAY_AC_EmpireMagic_FireBall_End,AnimSequence,OtherRegions/Humanoids/Mage,Content/_Art/Enemies/OtherRegions/Humanoids/Mage/Animations/Playback/A_EN_PLAY_AC_EmpireMagic_FireBall_End.uasset,1033573,0c57978c08aedcba369eeb1f268ce7164bb1b65c0642965dcaefc0fc193ba1e7
/Game/_Art/Enemies/OtherRegions/Humanoids/Mage/Animations/Playback/A_EN_PLAY_AC_EmpireMagic_FireBall_Loop,AnimSequence,OtherRegions/Humanoids/Mage,Content/_Art/Enemies/OtherRegions/Humanoids/Mage/Animations/Playback/A_EN_PLAY_AC_EmpireMagic_FireBall_Loop.uasset,847628,835ba724f68dc35f974829ef6da7304ff4970b6ee205d1390e163842525af90c
/Game/_Art/Enemies/OtherRegions/Humanoids/Mage/Animations/Playback/A_EN_PLAY_AC_EmpireMagic_FireBall_Start,AnimSequence,OtherRegions/Humanoids/Mage,Content/_Art/Enemies/OtherRegions/Humanoids/Mage/Animations/Playback/A_EN_PLAY_AC_EmpireMagic_FireBall_Start.uasset,770949,b3537e6c710963695ac6e615bd1d05295a2dd17a99429e06e22224b6ae563bc0
/Game/_Art/Enemies/OtherRegions/Humanoids/Mage/Animations/Playback/A_EN_PLAY_AC_EmpireMagic_FireLine_Dodge_B,AnimSequence,OtherRegions/Humanoids/Mage,Content/_Art/Enemies/OtherRegions/Humanoids/Mage/Animations/Playback/A_EN_PLAY_AC_EmpireMagic_FireLine_Dodge_B.uasset,336935,5cabe1838623c40767c8ca6448d8d5657527ad76781a55aa59caebadc4e6e955
/Game/_Art/Enemies/OtherRegions/Humanoids/Mage/Animations/Playback/A_EN_PLAY_AC_EmpireMagic_FireLine_Dodge_B_Shoot,AnimSequence,OtherRegions/Humanoids/Mage,Content/_Art/Enemies/OtherRegions/Humanoids/Mage/Animations/Playback/A_EN_PLAY_AC_EmpireMagic_FireLine_Dodge_B_Shoot.uasset,508913,aec35cbb756a9ac36a1e9dfecbfec8f823bb0b832394bbd3f34a6b6c801ae5f9
/Game/_Art/Enemies/OtherRegions/Humanoids/Mage/Animations/Playback/A_EN_PLAY_AC_EmpireMagic_FireLine_Shoot,AnimSequence,OtherRegions/Humanoids/Mage,Content/_Art/Enemies/OtherRegions/Humanoids/Mage/Animations/Playback/A_EN_PLAY_AC_EmpireMagic_FireLine_Shoot.uasset,842434,6c4ad0d0d80ae7b61cf0a649bc9d5b1cbb4a0f46e88ada0394b6d9122f5ec0aa
/Game/_Art/Enemies/OtherRegions/Humanoids/Mage/Animations/Playback/A_EN_PLAY_AC_EmpireMagic_FireRandom_End,AnimSequence,OtherRegions/Humanoids/Mage,Content/_Art/Enemies/OtherRegions/Humanoids/Mage/Animations/Playback/A_EN_PLAY_AC_EmpireMagic_FireRandom_End.uasset,529460,86ba847c7a866b13818147bb8835a8205d0a2ffbccf80327743bfebfb7b3d930
/Game/_Art/Enemies/OtherRegions/Humanoids/Mage/Animations/Playback/A_EN_PLAY_AC_EmpireMagic_FireRandom_Loop_Back,AnimSequence,OtherRegions/Humanoids/Mage,Content/_Art/Enemies/OtherRegions/Humanoids/Mage/Animations/Playback/A_EN_PLAY_AC_EmpireMagic_FireRandom_Loop_Back.uasset,429920,1d55995d4b2cf379ed0a1c63e9358805b3c9c75034c9b8f04189a937d7e4d5c4
/Game/_Art/Enemies/OtherRegions/Humanoids/Mage/Animations/Playback/A_EN_PLAY_AC_EmpireMagic_FireRandom_Loop_Front,AnimSequence,OtherRegions/Humanoids/Mage,Content/_Art/Enemies/OtherRegions/Humanoids/Mage/Animations/Playback/A_EN_PLAY_AC_EmpireMagic_FireRandom_Loop_Front.uasset,429936,b8df3653ec2a6ef6f98714f094c1521b5afa74f894c9e0c98a490ad89ee37398
/Game/_Art/Enemies/OtherRegions/Humanoids/Mage/Animations/Playback/A_EN_PLAY_AC_EmpireMagic_FireRandom_Start,AnimSequence,OtherRegions/Humanoids/Mage,Content/_Art/Enemies/OtherRegions/Humanoids/Mage/Animations/Playback/A_EN_PLAY_AC_EmpireMagic_FireRandom_Start.uasset,711759,6cfdb9ef80d3f82879dd0ab72ccbb3d4fdcf04e127dfe0b550c494fa3f2dfb0d
/Game/_Art/Enemies/OtherRegions/Humanoids/Mage/Animations/Playback/A_EN_PLAY_AC_EmpireMagic_Getup_B,AnimSequence,OtherRegions/Humanoids/Mage,Content/_Art/Enemies/OtherRegions/Humanoids/Mage/Animations/Playback/A_EN_PLAY_AC_EmpireMagic_Getup_B.uasset,433059,deb7df18cd1d000019a1758f49f91004a2fb1360718d44c2d4e836b5f0bbf077
/Game/_Art/Enemies/OtherRegions/Humanoids/Mage/Animations/Playback/A_EN_PLAY_AC_EmpireMagic_Getup_F,AnimSequence,OtherRegions/Humanoids/Mage,Content/_Art/Enemies/OtherRegions/Humanoids/Mage/Animations/Playback/A_EN_PLAY_AC_EmpireMagic_Getup_F.uasset,356103,b45b41010f9fbe83c51b039ec7ec9c24ac82cfa4a0e65f3abeee05b3658ae209
/Game/_Art/Enemies/OtherRegions/Humanoids/Mage/Animations/Playback/A_EN_PLAY_AC_EmpireMagic_Groggy_End,AnimSequence,OtherRegions/Humanoids/Mage,Content/_Art/Enemies/OtherRegions/Humanoids/Mage/Animations/Playback/A_EN_PLAY_AC_EmpireMagic_Groggy_End.uasset,338808,13e4ae3a675304c84af592fd7ecb7d8a3e260939d4e1b4e0781ead24a2bcdcd5
/Game/_Art/Enemies/OtherRegions/Humanoids/Mage/Animations/Playback/A_EN_PLAY_AC_EmpireMagic_Groggy_Loop,AnimSequence,OtherRegions/Humanoids/Mage,Content/_Art/Enemies/OtherRegions/Humanoids/Mage/Animations/Playback/A_EN_PLAY_AC_EmpireMagic_Groggy_Loop.uasset,386850,5375fe920d8f290e780b24efaa49816fd728287293e4008696c7ed90ffad8de5
/Game/_Art/Enemies/OtherRegions/Humanoids/Mage/Animations/Playback/A_EN_PLAY_AC_EmpireMagic_Groggy_Start,AnimSequence,OtherRegions/Humanoids/Mage,Content/_Art/Enemies/OtherRegions/Humanoids/Mage/Animations/Playback/A_EN_PLAY_AC_EmpireMagic_Groggy_Start.uasset,322859,6b75edede5e4659987412e7cd0f68d85242a9f28281570d98041904e205a3774
/Game/_Art/Enemies/OtherRegions/Humanoids/Mage/Animations/Playback/A_EN_PLAY_AC_EmpireMagic_Ground_Die_F,AnimSequence,OtherRegions/Humanoids/Mage,Content/_Art/Enemies/OtherRegions/Humanoids/Mage/Animations/Playback/A_EN_PLAY_AC_EmpireMagic_Ground_Die_F.uasset,1725572,34fceaaf834e8f26886ccfc2396b4deeb1cd75f0e34ed9960453892ce0bab9f4
/Game/_Art/Enemies/OtherRegions/Humanoids/Mage/Animations/Playback/A_EN_PLAY_AC_EmpireMagic_LockOnWalk_B,AnimSequence,OtherRegions/Humanoids/Mage,Content/_Art/Enemies/OtherRegions/Humanoids/Mage/Animations/Playback/A_EN_PLAY_AC_EmpireMagic_LockOnWalk_B.uasset,271827,acb1783f76b24cbee104c79343a4af60d26dd0faa0a77d32386ca411fa8a3ffb
/Game/_Art/Enemies/OtherRegions/Humanoids/Mage/Animations/Playback/A_EN_PLAY_AC_EmpireMagic_LockOnWalk_F,AnimSequence,OtherRegions/Humanoids/Mage,Content/_Art/Enemies/OtherRegions/Humanoids/Mage/Animations/Playback/A_EN_PLAY_AC_EmpireMagic_LockOnWalk_F.uasset,300415,5d0f683d61a6b2cc4d56c26e406120fc6fbad6061058f19708274d9e8ad1986b
/Game/_Art/Enemies/OtherRegions/Humanoids/Mage/Animations/Playback/A_EN_PLAY_AC_EmpireMagic_LockOnWalk_L,AnimSequence,OtherRegions/Humanoids/Mage,Content/_Art/Enemies/OtherRegions/Humanoids/Mage/Animations/Playback/A_EN_PLAY_AC_EmpireMagic_LockOnWalk_L.uasset,269121,8036b80ed0e1fc44e55e241cf4b3a7c7388689b268ab3bed19857c654e8d173b
/Game/_Art/Enemies/OtherRegions/Humanoids/Mage/Animations/Playback/A_EN_PLAY_AC_EmpireMagic_LockOnWalk_R,AnimSequence,OtherRegions/Humanoids/Mage,Content/_Art/Enemies/OtherRegions/Humanoids/Mage/Animations/Playback/A_EN_PLAY_AC_EmpireMagic_LockOnWalk_R.uasset,309759,6e4622f1dca2d8f44a1cf32603b9600238b0c7b54616416369e2d1cf5792190e
/Game/_Art/Enemies/OtherRegions/Humanoids/Mage/Animations/Playback/A_EN_PLAY_AC_EmpireMagic_Run_F,AnimSequence,OtherRegions/Humanoids/Mage,Content/_Art/Enemies/OtherRegions/Humanoids/Mage/Animations/Playback/A_EN_PLAY_AC_EmpireMagic_Run_F.uasset,294689,6b3c8bd527132165ca78143090c7f9affbe5bf63d5dc24d2643d23fc313bede8
/Game/_Art/Enemies/OtherRegions/Humanoids/Mage/Animations/Playback/A_EN_PLAY_AC_EmpireMagic_Stand_F,AnimSequence,OtherRegions/Humanoids/Mage,Content/_Art/Enemies/OtherRegions/Humanoids/Mage/Animations/Playback/A_EN_PLAY_AC_EmpireMagic_Stand_F.uasset,532302,6f1f44eae2981277e0524ea7005329fe15f3b76f00c00b964444bee75851b4bc
/Game/_Art/Enemies/OtherRegions/Humanoids/Mage/Animations/Playback/A_EN_PLAY_AC_EmpireMagic_StartFireBall_00_Idle,AnimSequence,OtherRegions/Humanoids/Mage,Content/_Art/Enemies/OtherRegions/Humanoids/Mage/Animations/Playback/A_EN_PLAY_AC_EmpireMagic_StartFireBall_00_Idle.uasset,532484,403bb0e831b794c1b7f495b2f6fda7b997c32d20df171b8fdd8dce553c45394b
/Game/_Art/Enemies/OtherRegions/Humanoids/Mage/Animations/Playback/A_EN_PLAY_AC_EmpireMagic_StartFireBall_01_Start_01,AnimSequence,OtherRegions/Humanoids/Mage,Content/_Art/Enemies/OtherRegions/Humanoids/Mage/Animations/Playback/A_EN_PLAY_AC_EmpireMagic_StartFireBall_01_Start_01.uasset,416308,fdf5a789f0dd9fa0c762298ea48b5505eb4ca6d53c0e37feaab6b53f811fb1cf
/Game/_Art/Enemies/OtherRegions/Humanoids/Mage/Animations/Playback/A_EN_PLAY_AC_EmpireMagic_StartFireBall_01_Start_02,AnimSequence,OtherRegions/Humanoids/Mage,Content/_Art/Enemies/OtherRegions/Humanoids/Mage/Animations/Playback/A_EN_PLAY_AC_EmpireMagic_StartFireBall_01_Start_02.uasset,414749,86957774749e2461243dbee56b4d8c3fc66c644a6cea78d6769431bdc9ab55b6
/Game/_Art/Enemies/OtherRegions/Humanoids/Mage/Animations/Playback/A_EN_PLAY_AC_EmpireMagic_StartFireBall_02_End,AnimSequence,OtherRegions/Humanoids/Mage,Content/_Art/Enemies/OtherRegions/Humanoids/Mage/Animations/Playback/A_EN_PLAY_AC_EmpireMagic_StartFireBall_02_End.uasset,972489,68e3c807f9e8a83341a1bf11c62827d92c7fc1ecf4c93053c985038c01bcbd02
/Game/_Art/Enemies/OtherRegions/Humanoids/Mage/Animations/Playback/A_EN_PLAY_AC_EmpireMagic_Turn_L,AnimSequence,OtherRegions/Humanoids/Mage,Content/_Art/Enemies/OtherRegions/Humanoids/Mage/Animations/Playback/A_EN_PLAY_AC_EmpireMagic_Turn_L.uasset,291268,76ab24d4489a79cba29113fb9023520eb1938e5fba398bd7d11117592e249b29
/Game/_Art/Enemies/OtherRegions/Humanoids/Mage/Animations/Playback/A_EN_PLAY_AC_EmpireMagic_Turn_L_180,AnimSequence,OtherRegions/Humanoids/Mage,Content/_Art/Enemies/OtherRegions/Humanoids/Mage/Animations/Playback/A_EN_PLAY_AC_EmpireMagic_Turn_L_180.uasset,353181,b44da988d32dbe0df3e85e8c190105b78db0a7ff780b875e8ee305ccdabd14ad
/Game/_Art/Enemies/OtherRegions/Humanoids/Mage/Animations/Playback/A_EN_PLAY_AC_EmpireMagic_Turn_L_Peace,AnimSequence,OtherRegions/Humanoids/Mage,Content/_Art/Enemies/OtherRegions/Humanoids/Mage/Animations/Playback/A_EN_PLAY_AC_EmpireMagic_Turn_L_Peace.uasset,322750,f59ba6786b890c1b235a0b925aa264b7fad9a007425214a4d41aee16ec845efc
/Game/_Art/Enemies/OtherRegions/Humanoids/Mage/Animations/Playback/A_EN_PLAY_AC_EmpireMagic_Turn_R,AnimSequence,OtherRegions/Humanoids/Mage,Content/_Art/Enemies/OtherRegions/Humanoids/Mage/Animations/Playback/A_EN_PLAY_AC_EmpireMagic_Turn_R.uasset,312196,fe264ded4faf4026845b32d056d9ed3b4dce9d3f614cf78a4ee0938f9ac418d4
/Game/_Art/Enemies/OtherRegions/Humanoids/Mage/Animations/Playback/A_EN_PLAY_AC_EmpireMagic_Turn_R_180,AnimSequence,OtherRegions/Humanoids/Mage,Content/_Art/Enemies/OtherRegions/Humanoids/Mage/Animations/Playback/A_EN_PLAY_AC_EmpireMagic_Turn_R_180.uasset,395229,d9d78b14c13dbbf5a571ca4f71ec809c746e051c5afc863d8b4a7471e76d89bc
/Game/_Art/Enemies/OtherRegions/Humanoids/Mage/Animations/Playback/A_EN_PLAY_AC_EmpireMagic_Turn_R_Peace,AnimSequence,OtherRegions/Humanoids/Mage,Content/_Art/Enemies/OtherRegions/Humanoids/Mage/Animations/Playback/A_EN_PLAY_AC_EmpireMagic_Turn_R_Peace.uasset,301249,04d24bc45d08eddf7655b498623dbdb8c573688ab4e26daedef0498966396779
/Game/_Art/Enemies/OtherRegions/Humanoids/Mage/Animations/Playback/A_EN_PLAY_AC_EmpireMagic_UnEquip,AnimSequence,OtherRegions/Humanoids/Mage,Content/_Art/Enemies/OtherRegions/Humanoids/Mage/Animations/Playback/A_EN_PLAY_AC_EmpireMagic_UnEquip.uasset,324743,1114f862c4573ed8db07f8a85dd304a570d07692aa88005a0cf93636c7e428f5
/Game/_Art/Enemies/OtherRegions/Humanoids/Mage/Animations/Playback/A_EN_PLAY_AC_EmpireMagic_Vigilant_FreakOut_Armed,AnimSequence,OtherRegions/Humanoids/Mage,Content/_Art/Enemies/OtherRegions/Humanoids/Mage/Animations/Playback/A_EN_PLAY_AC_EmpireMagic_Vigilant_FreakOut_Armed.uasset,403263,35c2954ecf18d504a290bd64e45280e8e9e8923c7ab73441d864ae4d04860320
/Game/_Art/Enemies/OtherRegions/Humanoids/Mage/Animations/Playback/A_EN_PLAY_AC_EmpireMagic_Vigilant_FreakOut_UnArmed,AnimSequence,OtherRegions/Humanoids/Mage,Content/_Art/Enemies/OtherRegions/Humanoids/Mage/Animations/Playback/A_EN_PLAY_AC_EmpireMagic_Vigilant_FreakOut_UnArmed.uasset,491587,78d7af19b42afd4246af8bc71ab2c90059ca8a3ed9f8c7b6683d30c39b034f4c
/Game/_Art/Enemies/OtherRegions/Humanoids/Mage/Animations/Playback/A_EN_PLAY_AC_EmpireMagic_Vigilant_LookAround,AnimSequence,OtherRegions/Humanoids/Mage,Content/_Art/Enemies/OtherRegions/Humanoids/Mage/Animations/Playback/A_EN_PLAY_AC_EmpireMagic_Vigilant_LookAround.uasset,1208979,d972b1eabc9ed4cc3ce26156de040a5290f0f1872d6b3fe5107d83e8cf04aed7
/Game/_Art/Enemies/OtherRegions/Humanoids/Mage/Animations/Playback/A_EN_PLAY_AC_EmpireMagic_Walk_F,AnimSequence,OtherRegions/Humanoids/Mage,Content/_Art/Enemies/OtherRegions/Humanoids/Mage/Animations/Playback/A_EN_PLAY_AC_EmpireMagic_Walk_F.uasset,299277,19e63222cfa8f0f93a1e2a1a8a44bb2437b1c645627d3b4624d3b9e8e3c276e6
/Game/_Art/Enemies/OtherRegions/Humanoids/Mage/Animations/Playback/A_EN_PLAY_AC_EmpireMagic_Weapon_Equip,AnimSequence,OtherRegions/Humanoids/Mage,Content/_Art/Enemies/OtherRegions/Humanoids/Mage/Animations/Playback/A_EN_PLAY_AC_EmpireMagic_Weapon_Equip.uasset,16714,910859808c364d71d73981576ca09a7f102979834cdbbb476f275b54bc504a0e
/Game/_Art/Enemies/OtherRegions/Humanoids/Mage/Animations/Playback/A_EN_PLAY_AC_EmpireMagic_Weapon_Unequip,AnimSequence,OtherRegions/Humanoids/Mage,Content/_Art/Enemies/OtherRegions/Humanoids/Mage/Animations/Playback/A_EN_PLAY_AC_EmpireMagic_Weapon_Unequip.uasset,16736,aff0d984422372b6a6cf84b5fdc8c5749ff67d7f24cf069e601df1c2d0df6f94
/Game/_Art/Enemies/OtherRegions/Humanoids/Mage/Animations/Playback/A_EN_PLAY_AC_M_EMagic_DamageParry_F,AnimSequence,OtherRegions/Humanoids/Mage,Content/_Art/Enemies/OtherRegions/Humanoids/Mage/Animations/Playback/A_EN_PLAY_AC_M_EMagic_DamageParry_F.uasset,400193,471a70318202e81feec43896e8515c022c178095592a0f6059398f8bc5951d3d
/Game/_Art/Enemies/OtherRegions/Humanoids/Mage/Animations/Playback/A_EN_PLAY_CA_M_EMagic_ClimbingWall_Down_End,AnimSequence,OtherRegions/Humanoids/Mage,Content/_Art/Enemies/OtherRegions/Humanoids/Mage/Animations/Playback/A_EN_PLAY_CA_M_EMagic_ClimbingWall_Down_End.uasset,379247,dc85547465e22f9f49bef6d8694835e460cfc604e6f431ed1288f854f8cae049
/Game/_Art/Enemies/OtherRegions/Humanoids/Mage/Animations/Playback/A_EN_PLAY_CA_M_EMagic_ClimbingWall_Down_L,AnimSequence,OtherRegions/Humanoids/Mage,Content/_Art/Enemies/OtherRegions/Humanoids/Mage/Animations/Playback/A_EN_PLAY_CA_M_EMagic_ClimbingWall_Down_L.uasset,291863,8748b9d8f1cbc1e693c792991fd618afcdf55516d2fa59ec2b2e671a92da220c
/Game/_Art/Enemies/OtherRegions/Humanoids/Mage/Animations/Playback/A_EN_PLAY_CA_M_EMagic_ClimbingWall_Down_R,AnimSequence,OtherRegions/Humanoids/Mage,Content/_Art/Enemies/OtherRegions/Humanoids/Mage/Animations/Playback/A_EN_PLAY_CA_M_EMagic_ClimbingWall_Down_R.uasset,276018,61794934f7725da850396825cf701e2ee857227ff618deb45385f015f502e44e
/Game/_Art/Enemies/OtherRegions/Humanoids/Mage/Animations/Playback/A_EN_PLAY_CA_M_EMagic_ClimbingWall_Down_Start,AnimSequence,OtherRegions/Humanoids/Mage,Content/_Art/Enemies/OtherRegions/Humanoids/Mage/Animations/Playback/A_EN_PLAY_CA_M_EMagic_ClimbingWall_Down_Start.uasset,384768,122625c679e340f4c1e5fa349a88c95b964cae0c49046f7d6c9f8d36293c24a0
/Game/_Art/Enemies/OtherRegions/Humanoids/Mage/Animations/Playback/A_EN_PLAY_CA_M_EMagic_ClimbingWall_Loop_L_Idle,AnimSequence,OtherRegions/Humanoids/Mage,Content/_Art/Enemies/OtherRegions/Humanoids/Mage/Animations/Playback/A_EN_PLAY_CA_M_EMagic_ClimbingWall_Loop_L_Idle.uasset,366486,ada9e5f58b0e51e2ca697dc1297e9091fb69371d2d9c28915567f268e6a8843e
/Game/_Art/Enemies/OtherRegions/Humanoids/Mage/Animations/Playback/A_EN_PLAY_CA_M_EMagic_ClimbingWall_Loop_R_Idle,AnimSequence,OtherRegions/Humanoids/Mage,Content/_Art/Enemies/OtherRegions/Humanoids/Mage/Animations/Playback/A_EN_PLAY_CA_M_EMagic_ClimbingWall_Loop_R_Idle.uasset,369806,3993690d4bb2531640db2a54d390f57f64a21b1fc5ad09e187a5d318945496e3
/Game/_Art/Enemies/OtherRegions/Humanoids/Mage/Animations/Playback/A_EN_PLAY_CA_M_EMagic_ClimbingWall_Up_End,AnimSequence,OtherRegions/Humanoids/Mage,Content/_Art/Enemies/OtherRegions/Humanoids/Mage/Animations/Playback/A_EN_PLAY_CA_M_EMagic_ClimbingWall_Up_End.uasset,523041,08551ac59f07a45cacfc37326964f9c230cf7542bfbf8233ef5b4cce64459e6c
/Game/_Art/Enemies/OtherRegions/Humanoids/Mage/Animations/Playback/A_EN_PLAY_CA_M_EMagic_ClimbingWall_Up_L,AnimSequence,OtherRegions/Humanoids/Mage,Content/_Art/Enemies/OtherRegions/Humanoids/Mage/Animations/Playback/A_EN_PLAY_CA_M_EMagic_ClimbingWall_Up_L.uasset,265735,9f868fd2d83d1d2c622c080b9f44a7efea6cc6fc600147dab1f07fd19ed8102f
/Game/_Art/Enemies/OtherRegions/Humanoids/Mage/Animations/Playback/A_EN_PLAY_CA_M_EMagic_ClimbingWall_Up_R,AnimSequence,OtherRegions/Humanoids/Mage,Content/_Art/Enemies/OtherRegions/Humanoids/Mage/Animations/Playback/A_EN_PLAY_CA_M_EMagic_ClimbingWall_Up_R.uasset,263848,eafc1a0f75252ade9e75b4ae9a4025efca1332a968b366878389caee8a30e272
/Game/_Art/Enemies/OtherRegions/Humanoids/Mage/Animations/Playback/A_EN_PLAY_CA_M_EMagic_ClimbingWall_Up_Start,AnimSequence,OtherRegions/Humanoids/Mage,Content/_Art/Enemies/OtherRegions/Humanoids/Mage/Animations/Playback/A_EN_PLAY_CA_M_EMagic_ClimbingWall_Up_Start.uasset,364359,7f7be166d76d219fff946403b0b77ab043b918fb6cdc3f5dd24b54a2b01f2260
/Game/_Art/Enemies/OtherRegions/Humanoids/Mage/Animations/Playback/A_EN_PLAY_CA_M_EMagic_DamageDown_B,AnimSequence,OtherRegions/Humanoids/Mage,Content/_Art/Enemies/OtherRegions/Humanoids/Mage/Animations/Playback/A_EN_PLAY_CA_M_EMagic_DamageDown_B.uasset,271674,d4e42ef65208782d223ddc016ebdb159c7605796e554bb23d2f36e8a912884a5
/Game/_Art/Enemies/OtherRegions/Humanoids/Mage/Animations/Playback/A_EN_PLAY_CA_M_EMagic_DamageDown_F,AnimSequence,OtherRegions/Humanoids/Mage,Content/_Art/Enemies/OtherRegions/Humanoids/Mage/Animations/Playback/A_EN_PLAY_CA_M_EMagic_DamageDown_F.uasset,269345,8b40bbf377f7cc715ee5d55e6bca062ade3215336412e8f1cede90d6754e236b
/Game/_Art/Enemies/OtherRegions/Humanoids/Mage/Animations/Playback/A_EN_PLAY_CA_M_EMagic_FallDown_Loop,AnimSequence,OtherRegions/Humanoids/Mage,Content/_Art/Enemies/OtherRegions/Humanoids/Mage/Animations/Playback/A_EN_PLAY_CA_M_EMagic_FallDown_Loop.uasset,248975,b0a2aa2d54ab138c321c457a67d35d006d5f155fef68668c297ae9ecb3e98ded
/Game/_Art/Enemies/OtherRegions/Humanoids/Mage/Animations/Playback/A_EN_PLAY_CA_M_EMagic_FallDown_Start,AnimSequence,OtherRegions/Humanoids/Mage,Content/_Art/Enemies/OtherRegions/Humanoids/Mage/Animations/Playback/A_EN_PLAY_CA_M_EMagic_FallDown_Start.uasset,454043,9ea3eeca5001f2e695f6817474e4333c0eab305ddac4f75a91a0d8609e9cadad
/Game/_Art/Enemies/OtherRegions/Humanoids/Mage/Animations/Playback/A_EN_PLAY_CA_M_EMagic_LockOnWalk_B,AnimSequence,OtherRegions/Humanoids/Mage,Content/_Art/Enemies/OtherRegions/Humanoids/Mage/Animations/Playback/A_EN_PLAY_CA_M_EMagic_LockOnWalk_B.uasset,271177,87236645517d5fde8a568082f0d2953aa2ac4f35d51ce34f91484b815cb7ec28
/Game/_Art/Enemies/OtherRegions/Humanoids/Mage/Animations/Playback/A_EN_PLAY_CA_M_EMagic_LockOnWalk_F,AnimSequence,OtherRegions/Humanoids/Mage,Content/_Art/Enemies/OtherRegions/Humanoids/Mage/Animations/Playback/A_EN_PLAY_CA_M_EMagic_LockOnWalk_F.uasset,299749,eecee611be3e30a21685acc8c3352769465951dc9a443ee0e9cad8b677699414
/Game/_Art/Enemies/OtherRegions/Humanoids/Mage/Animations/Playback/A_EN_PLAY_CA_M_EMagic_LockOnWalk_L,AnimSequence,OtherRegions/Humanoids/Mage,Content/_Art/Enemies/OtherRegions/Humanoids/Mage/Animations/Playback/A_EN_PLAY_CA_M_EMagic_LockOnWalk_L.uasset,268441,47fc0505b1182d6b4b36162a1a3a5118c3060b4456ffe45fcdf0815be182efba
/Game/_Art/Enemies/OtherRegions/Humanoids/Mage/Animations/Playback/A_EN_PLAY_CA_M_EMagic_LockOnWalk_R,AnimSequence,OtherRegions/Humanoids/Mage,Content/_Art/Enemies/OtherRegions/Humanoids/Mage/Animations/Playback/A_EN_PLAY_CA_M_EMagic_LockOnWalk_R.uasset,309073,b6905b286770bc97d68a62fd586f47cf3b6a41d773159676d0c2d4530337ce18
/Game/_Art/Enemies/OtherRegions/Humanoids/Mage/Animations/Playback/A_EN_PLAY_CA_M_EMagic_Run_F,AnimSequence,OtherRegions/Humanoids/Mage,Content/_Art/Enemies/OtherRegions/Humanoids/Mage/Animations/Playback/A_EN_PLAY_CA_M_EMagic_Run_F.uasset,294048,e050e9fb3b6fb76182f2aa1f118f25de2744bdd8243dce6847b20180507d165c
/Game/_Art/Enemies/OtherRegions/Humanoids/Mage/Animations/Playback/A_EN_PLAY_CA_M_EMagic_Run_Peace_F,AnimSequence,OtherRegions/Humanoids/Mage,Content/_Art/Enemies/OtherRegions/Humanoids/Mage/Animations/Playback/A_EN_PLAY_CA_M_EMagic_Run_Peace_F.uasset,239598,020960505026b3745c3bc14cd5b509f4603778c22f7e6dfe18c6fd180d304ca1
/Game/_Art/Enemies/OtherRegions/Humanoids/Mage/Animations/Playback/A_EN_PLAY_CA_M_EMagic_Stand_F,AnimSequence,OtherRegions/Humanoids/Mage,Content/_Art/Enemies/OtherRegions/Humanoids/Mage/Animations/Playback/A_EN_PLAY_CA_M_EMagic_Stand_F.uasset,531643,b680691a58a5e3dc8e2babcd72a3719c871df620817ca03fff16ff817b66aa75
/Game/_Art/Enemies/OtherRegions/Humanoids/Mage/Animations/Playback/A_EN_PLAY_CA_M_EMagic_Stand_Peace_F,AnimSequence,OtherRegions/Humanoids/Mage,Content/_Art/Enemies/OtherRegions/Humanoids/Mage/Animations/Playback/A_EN_PLAY_CA_M_EMagic_Stand_Peace_F.uasset,750169,76467b67920adfa9ebe0cb63407765f5512cae91045456e914249ebd17e75a8b
/Game/_Art/Enemies/OtherRegions/Humanoids/Mage/Animations/Playback/A_EN_PLAY_CA_M_EMagic_Walk_F,AnimSequence,OtherRegions/Humanoids/Mage,Content/_Art/Enemies/OtherRegions/Humanoids/Mage/Animations/Playback/A_EN_PLAY_CA_M_EMagic_Walk_F.uasset,298623,fa87cdaafeefbadf9e0862c171100d9eb87b70fd32dfbb682a5421df90a53963
/Game/_Art/Enemies/OtherRegions/Humanoids/Mage/Animations/Playback/A_EN_PLAY_CA_M_EMagic_Walk_Peace_F,AnimSequence,OtherRegions/Humanoids/Mage,Content/_Art/Enemies/OtherRegions/Humanoids/Mage/Animations/Playback/A_EN_PLAY_CA_M_EMagic_Walk_Peace_F.uasset,396089,4de55cc2b916a999209f677eed16d387b423b96d0c514bc19c4aae4761d213b5
/Game/_Art/Enemies/OtherRegions/Humanoids/Mage/Blueprints/BP_EN_MageHard_U01_L01,Blueprint,OtherRegions/Humanoids/Mage,Content/_Art/Enemies/OtherRegions/Humanoids/Mage/Blueprints/BP_EN_MageHard_U01_L01.uasset,31078,e537afe1c0c5af639724a191dafa70513698c59189474426f4d5df7ab85dcb75
/Game/_Art/Enemies/OtherRegions/Humanoids/Mage/Blueprints/BP_EN_Mage_U01_L01,Blueprint,OtherRegions/Humanoids/Mage,Content/_Art/Enemies/OtherRegions/Humanoids/Mage/Blueprints/BP_EN_Mage_U01_L01.uasset,35402,609d7e6be9ebf8ddb7f0dba5f5fa53bdd1f8d22da1f0dd8fc2d7a8ba11b0a884
/Game/_Art/Enemies/OtherRegions/Humanoids/Mage/Meshes/SK_EN_MageHard_U01_L01,SkeletalMesh,OtherRegions/Humanoids/Mage,Content/_Art/Enemies/OtherRegions/Humanoids/Mage/Meshes/SK_EN_MageHard_U01_L01.uasset,5653910,75950ef84324ec53c53a4785112e0d151fe71a20f3ba31c8363b902835fd1541
/Game/_Art/Enemies/OtherRegions/Humanoids/Mage/Meshes/SK_EN_Mage_U01_L01,SkeletalMesh,OtherRegions/Humanoids/Mage,Content/_Art/Enemies/OtherRegions/Humanoids/Mage/Meshes/SK_EN_Mage_U01_L01.uasset,6252982,9dfca8710f14ae83559e6f9638f4cd6c525b6f7b59157e9f2b82c5686a5cc4e1
/Game/_Art/Enemies/Shared/Beasts/BigBear/Animations/Playback/A_EN_PLAY_AC_BIgBear_E_DamageGrappleAtk_B_01,AnimSequence,Shared/Beasts/BigBear,Content/_Art/Enemies/Shared/Beasts/BigBear/Animations/Playback/A_EN_PLAY_AC_BIgBear_E_DamageGrappleAtk_B_01.uasset,314364,08869190bc289c53bb9fe53afb8eb1c81915aa33555dcc9a38c4f3715a6f79b4
/Game/_Art/Enemies/Shared/Beasts/BigBear/Animations/Playback/A_EN_PLAY_AC_BIgBear_E_DamageGrappleAtk_B_02,AnimSequence,Shared/Beasts/BigBear,Content/_Art/Enemies/Shared/Beasts/BigBear/Animations/Playback/A_EN_PLAY_AC_BIgBear_E_DamageGrappleAtk_B_02.uasset,557482,d03d8ddfcfc0ef31f545d71720cecb6e6cb861ef3e756373aaabbda56596a8a3
/Game/_Art/Enemies/Shared/Beasts/BigBear/Animations/Playback/A_EN_PLAY_AC_BIgBear_E_Falling,AnimSequence,Shared/Beasts/BigBear,Content/_Art/Enemies/Shared/Beasts/BigBear/Animations/Playback/A_EN_PLAY_AC_BIgBear_E_Falling.uasset,98725,2e4e77bb9fda53fcae3d24d0eeb0ac22a87a9d5d45a0edc41f8cc03402ec75c4
/Game/_Art/Enemies/Shared/Beasts/BigBear/Animations/Playback/A_EN_PLAY_AC_BIgBear_E_Turn_L,AnimSequence,Shared/Beasts/BigBear,Content/_Art/Enemies/Shared/Beasts/BigBear/Animations/Playback/A_EN_PLAY_AC_BIgBear_E_Turn_L.uasset,245249,1a7865eed3543e07f6b73896c9914dda80791687919d73fb2d5668c2e2998e70
/Game/_Art/Enemies/Shared/Beasts/BigBear/Animations/Playback/A_EN_PLAY_AC_BIgBear_E_Turn_L_180,AnimSequence,Shared/Beasts/BigBear,Content/_Art/Enemies/Shared/Beasts/BigBear/Animations/Playback/A_EN_PLAY_AC_BIgBear_E_Turn_L_180.uasset,341245,a5ab6cdd5bed883bf074e9955b9fddb1c1bb1d1c2fbfe17dba465ce6fdfd1408
/Game/_Art/Enemies/Shared/Beasts/BigBear/Animations/Playback/A_EN_PLAY_AC_BIgBear_E_Turn_R,AnimSequence,Shared/Beasts/BigBear,Content/_Art/Enemies/Shared/Beasts/BigBear/Animations/Playback/A_EN_PLAY_AC_BIgBear_E_Turn_R.uasset,283137,0cbd3db7f62ca0784db6743bb507cb715ec8bc0374edf6919e7b2a87567fcc9a
/Game/_Art/Enemies/Shared/Beasts/BigBear/Animations/Playback/A_EN_PLAY_AC_BIgBear_E_Turn_R_180,AnimSequence,Shared/Beasts/BigBear,Content/_Art/Enemies/Shared/Beasts/BigBear/Animations/Playback/A_EN_PLAY_AC_BIgBear_E_Turn_R_180.uasset,330941,0df1b97d8230069045411359867ae57e158d2bd115f64ae40e61024617c04086
/Game/_Art/Enemies/Shared/Beasts/BigBear/Animations/Playback/A_EN_PLAY_AC_BigBear_Basic_End_05,AnimSequence,Shared/Beasts/BigBear,Content/_Art/Enemies/Shared/Beasts/BigBear/Animations/Playback/A_EN_PLAY_AC_BigBear_Basic_End_05.uasset,351469,15acc2397406574165a96ad84d8663aa7eda3c64327af54e229d7e6629f91a38
/Game/_Art/Enemies/Shared/Beasts/BigBear/Animations/Playback/A_EN_PLAY_AC_BigBear_Basic_Loop_05,AnimSequence,Shared/Beasts/BigBear,Content/_Art/Enemies/Shared/Beasts/BigBear/Animations/Playback/A_EN_PLAY_AC_BigBear_Basic_Loop_05.uasset,588794,e6fd97bbc3b12d758e673e9ab2e7cd04e3df53420a34d29bd6977f1f34005a1f
/Game/_Art/Enemies/Shared/Beasts/BigBear/Animations/Playback/A_EN_PLAY_AC_BigBear_E_2Legs_BodyPress,AnimSequence,Shared/Beasts/BigBear,Content/_Art/Enemies/Shared/Beasts/BigBear/Animations/Playback/A_EN_PLAY_AC_BigBear_E_2Legs_BodyPress.uasset,1494736,7c7af4cda75313afa0e9aa75be6926cab1e715013e1ef5caf2d9762758581eb4
/Game/_Art/Enemies/Shared/Beasts/BigBear/Animations/Playback/A_EN_PLAY_AC_BigBear_E_2Legs_Damage,AnimSequence,Shared/Beasts/BigBear,Content/_Art/Enemies/Shared/Beasts/BigBear/Animations/Playback/A_EN_PLAY_AC_BigBear_E_2Legs_Damage.uasset,223030,334670de06b54a64dba3122bc6d299892c86e6a5476b81bd72fc00ca123481b4
/Game/_Art/Enemies/Shared/Beasts/BigBear/Animations/Playback/A_EN_PLAY_AC_BigBear_E_2Legs_Damage_1a2d84f9,AnimSequence,Shared/Beasts/BigBear,Content/_Art/Enemies/Shared/Beasts/BigBear/Animations/Playback/A_EN_PLAY_AC_BigBear_E_2Legs_Damage_1a2d84f9.uasset,212423,5d9d6e9a1547793ac065fb4e9df0bedf030d61707200a949ca1dbbafdff16c6e
/Game/_Art/Enemies/Shared/Beasts/BigBear/Animations/Playback/A_EN_PLAY_AC_BigBear_E_2Legs_Damage_54c935df,AnimSequence,Shared/Beasts/BigBear,Content/_Art/Enemies/Shared/Beasts/BigBear/Animations/Playback/A_EN_PLAY_AC_BigBear_E_2Legs_Damage_54c935df.uasset,212425,57cb43f3972d860bd450f035b67eb2c7060f13e64f3ace7adf067259526009d6
/Game/_Art/Enemies/Shared/Beasts/BigBear/Animations/Playback/A_EN_PLAY_AC_BigBear_E_2Legs_Damage_68763e5d,AnimSequence,Shared/Beasts/BigBear,Content/_Art/Enemies/Shared/Beasts/BigBear/Animations/Playback/A_EN_PLAY_AC_BigBear_E_2Legs_Damage_68763e5d.uasset,212423,53caebd3c85639c7cafa67f220cfbedfc04ea085981ad4894e5cbdf5aacca6ca
/Game/_Art/Enemies/Shared/Beasts/BigBear/Animations/Playback/A_EN_PLAY_AC_BigBear_E_2Legs_Damage_a583df54,AnimSequence,Shared/Beasts/BigBear,Content/_Art/Enemies/Shared/Beasts/BigBear/Animations/Playback/A_EN_PLAY_AC_BigBear_E_2Legs_Damage_a583df54.uasset,212425,7e2ff385ff7c3a139e392738d314f4855e6e7b0851490c41f3d208e0ab0ee972
/Game/_Art/Enemies/Shared/Beasts/BigBear/Animations/Playback/A_EN_PLAY_AC_BigBear_E_2Legs_Damage_e757e9fd,AnimSequence,Shared/Beasts/BigBear,Content/_Art/Enemies/Shared/Beasts/BigBear/Animations/Playback/A_EN_PLAY_AC_BigBear_E_2Legs_Damage_e757e9fd.uasset,212419,5a8d86c00a6762e89852b87c8fa0802252eda9bcc43f8d40432557e7b2366489
/Game/_Art/Enemies/Shared/Beasts/BigBear/Animations/Playback/A_EN_PLAY_AC_BigBear_E_2Legs_Down,AnimSequence,Shared/Beasts/BigBear,Content/_Art/Enemies/Shared/Beasts/BigBear/Animations/Playback/A_EN_PLAY_AC_BigBear_E_2Legs_Down.uasset,375823,c750fdf6784aac8bc0f32083a6035645ee535cc6a547a690296169d4c7724d1b
/Game/_Art/Enemies/Shared/Beasts/BigBear/Animations/Playback/A_EN_PLAY_AC_BigBear_E_2Legs_Swipe,AnimSequence,Shared/Beasts/BigBear,Content/_Art/Enemies/Shared/Beasts/BigBear/Animations/Playback/A_EN_PLAY_AC_BigBear_E_2Legs_Swipe.uasset,1107232,0e1d0fdcabf9fec63599100a71dd359b96a30c0ea622b0634363212e46b65303
/Game/_Art/Enemies/Shared/Beasts/BigBear/Animations/Playback/A_EN_PLAY_AC_BigBear_E_2Legs_TurnAttack_L,AnimSequence,Shared/Beasts/BigBear,Content/_Art/Enemies/Shared/Beasts/BigBear/Animations/Playback/A_EN_PLAY_AC_BigBear_E_2Legs_TurnAttack_L.uasset,593285,c4bb1277b8150cdd28065dac32b497002b2042b843439f81e99812434e909668
/Game/_Art/Enemies/Shared/Beasts/BigBear/Animations/Playback/A_EN_PLAY_AC_BigBear_E_2Legs_TurnAttack_R,AnimSequence,Shared/Beasts/BigBear,Content/_Art/Enemies/Shared/Beasts/BigBear/Animations/Playback/A_EN_PLAY_AC_BigBear_E_2Legs_TurnAttack_R.uasset,598917,07bc7e9eaa362ba5af97118cdf014f4d5b69a9cfc16d56fbe614ac6797cdb19b
/Game/_Art/Enemies/Shared/Beasts/BigBear/Animations/Playback/A_EN_PLAY_AC_BigBear_E_2Legs_Up,AnimSequence,Shared/Beasts/BigBear,Content/_Art/Enemies/Shared/Beasts/BigBear/Animations/Playback/A_EN_PLAY_AC_BigBear_E_2Legs_Up.uasset,398083,ad86a57ace49d4839d2b40f6a16343f8e96fe0c263cf288d9f57238a56357ef1
/Game/_Art/Enemies/Shared/Beasts/BigBear/Animations/Playback/A_EN_PLAY_AC_BigBear_E_2Legs_Walk,AnimSequence,Shared/Beasts/BigBear,Content/_Art/Enemies/Shared/Beasts/BigBear/Animations/Playback/A_EN_PLAY_AC_BigBear_E_2Legs_Walk.uasset,529823,f939385eadbead1e3858dde60dddabad77dad44e59c14f8e0850cbbc8625ef8e
/Game/_Art/Enemies/Shared/Beasts/BigBear/Animations/Playback/A_EN_PLAY_AC_BigBear_E_2Legs_WalkFast,AnimSequence,Shared/Beasts/BigBear,Content/_Art/Enemies/Shared/Beasts/BigBear/Animations/Playback/A_EN_PLAY_AC_BigBear_E_2Legs_WalkFast.uasset,366075,c1fbc685be42e12dd90dce76d269dadf66a543f812cc503404d99f0b26071ab8
/Game/_Art/Enemies/Shared/Beasts/BigBear/Animations/Playback/A_EN_PLAY_AC_BigBear_E_2Legs_WalkSuperFast,AnimSequence,Shared/Beasts/BigBear,Content/_Art/Enemies/Shared/Beasts/BigBear/Animations/Playback/A_EN_PLAY_AC_BigBear_E_2Legs_WalkSuperFast.uasset,329830,c11b400b138dbc6cd9a34179ca81f44094b26c00444431d34bc836018e99e578
/Game/_Art/Enemies/Shared/Beasts/BigBear/Animations/Playback/A_EN_PLAY_AC_BigBear_E_BackJump_Jump,AnimSequence,Shared/Beasts/BigBear,Content/_Art/Enemies/Shared/Beasts/BigBear/Animations/Playback/A_EN_PLAY_AC_BigBear_E_BackJump_Jump.uasset,532320,322f3fee91bb1982e5a88cf921b82b6e866924bfb724a157de5a8c05023a6ee8
/Game/_Art/Enemies/Shared/Beasts/BigBear/Animations/Playback/A_EN_PLAY_AC_BigBear_E_BackJump_Jump_Del,AnimSequence,Shared/Beasts/BigBear,Content/_Art/Enemies/Shared/Beasts/BigBear/Animations/Playback/A_EN_PLAY_AC_BigBear_E_BackJump_Jump_Del.uasset,98793,1422a7f470c44e2f32326c3c4b7e53ece7a3cdca78035a60f741c24ddbe68c4c
/Game/_Art/Enemies/Shared/Beasts/BigBear/Animations/Playback/A_EN_PLAY_AC_BigBear_E_BackMove,AnimSequence,Shared/Beasts/BigBear,Content/_Art/Enemies/Shared/Beasts/BigBear/Animations/Playback/A_EN_PLAY_AC_BigBear_E_BackMove.uasset,488583,14e0ee28c5ad2b1c0617f0753a240c6035f199cc67b635595cabd8e99bf95454
/Game/_Art/Enemies/Shared/Beasts/BigBear/Animations/Playback/A_EN_PLAY_AC_BigBear_E_DamFinalBlow,AnimSequence,Shared/Beasts/BigBear,Content/_Art/Enemies/Shared/Beasts/BigBear/Animations/Playback/A_EN_PLAY_AC_BigBear_E_DamFinalBlow.uasset,1377115,0de12790a281818cb0eed007327bf5214bcf565ce79cb636820d39a884972ebd
/Game/_Art/Enemies/Shared/Beasts/BigBear/Animations/Playback/A_EN_PLAY_AC_BigBear_E_DamageGrappleAtk_01,AnimSequence,Shared/Beasts/BigBear,Content/_Art/Enemies/Shared/Beasts/BigBear/Animations/Playback/A_EN_PLAY_AC_BigBear_E_DamageGrappleAtk_01.uasset,332714,7ed5c85074f0bee2437417da5e4ff18b29ab0080ed37c61a59d30272d38c4fb6
/Game/_Art/Enemies/Shared/Beasts/BigBear/Animations/Playback/A_EN_PLAY_AC_BigBear_E_DamageGrappleAtk_02,AnimSequence,Shared/Beasts/BigBear,Content/_Art/Enemies/Shared/Beasts/BigBear/Animations/Playback/A_EN_PLAY_AC_BigBear_E_DamageGrappleAtk_02.uasset,297304,3ccf8671feb26f27698f03cd5edf17cc3a9b27863ee25bc2e1c002c2f1ef069b
/Game/_Art/Enemies/Shared/Beasts/BigBear/Animations/Playback/A_EN_PLAY_AC_BigBear_E_DamageNormal_D_B,AnimSequence,Shared/Beasts/BigBear,Content/_Art/Enemies/Shared/Beasts/BigBear/Animations/Playback/A_EN_PLAY_AC_BigBear_E_DamageNormal_D_B.uasset,168762,0977e1b5563eda9d962a5bb7345bd05efc4283f28f014abd1149ba4e5bf11884
/Game/_Art/Enemies/Shared/Beasts/BigBear/Animations/Playback/A_EN_PLAY_AC_BigBear_E_DamageNormal_D_F,AnimSequence,Shared/Beasts/BigBear,Content/_Art/Enemies/Shared/Beasts/BigBear/Animations/Playback/A_EN_PLAY_AC_BigBear_E_DamageNormal_D_F.uasset,203876,1d9033b2bf4514f8bee058383b08cf3efaade07edf19fa64a0f6557d925cece8
/Game/_Art/Enemies/Shared/Beasts/BigBear/Animations/Playback/A_EN_PLAY_AC_BigBear_E_DamageNormal_L_F,AnimSequence,Shared/Beasts/BigBear,Content/_Art/Enemies/Shared/Beasts/BigBear/Animations/Playback/A_EN_PLAY_AC_BigBear_E_DamageNormal_L_F.uasset,212324,0e3514d71fa40ec36e6d1667f7ade6b8d4baaee538076eba71774d470c3e1139
/Game/_Art/Enemies/Shared/Beasts/BigBear/Animations/Playback/A_EN_PLAY_AC_BigBear_E_DamageNormal_R_F,AnimSequence,Shared/Beasts/BigBear,Content/_Art/Enemies/Shared/Beasts/BigBear/Animations/Playback/A_EN_PLAY_AC_BigBear_E_DamageNormal_R_F.uasset,182372,7ab2f24c75e62f8d101d2ea68a7767a8ba02c59032e1d4ef5244c7a5baf9575b
/Game/_Art/Enemies/Shared/Beasts/BigBear/Animations/Playback/A_EN_PLAY_AC_BigBear_E_DamageNormal_U_B,AnimSequence,Shared/Beasts/BigBear,Content/_Art/Enemies/Shared/Beasts/BigBear/Animations/Playback/A_EN_PLAY_AC_BigBear_E_DamageNormal_U_B.uasset,173690,59832cf13aeb098ef724ec2c02be6dcaf1041d0331affaeb0842a2136375597d
/Game/_Art/Enemies/Shared/Beasts/BigBear/Animations/Playback/A_EN_PLAY_AC_BigBear_E_DamageNormal_U_F,AnimSequence,Shared/Beasts/BigBear,Content/_Art/Enemies/Shared/Beasts/BigBear/Animations/Playback/A_EN_PLAY_AC_BigBear_E_DamageNormal_U_F.uasset,183908,1e9ced5bf5dbb4672684a60f2a2f7ba88d11141fd66adc8b17bd36d897889f74
/Game/_Art/Enemies/Shared/Beasts/BigBear/Animations/Playback/A_EN_PLAY_AC_BigBear_E_DamageParry_F,AnimSequence,Shared/Beasts/BigBear,Content/_Art/Enemies/Shared/Beasts/BigBear/Animations/Playback/A_EN_PLAY_AC_BigBear_E_DamageParry_F.uasset,356000,21163d8b070aa98cd6cc7bf639a6a90caab7a254b9fcc366ef992a97734480e8
/Game/_Art/Enemies/Shared/Beasts/BigBear/Animations/Playback/A_EN_PLAY_AC_BigBear_E_DamageStrong_D_F,AnimSequence,Shared/Beasts/BigBear,Content/_Art/Enemies/Shared/Beasts/BigBear/Animations/Playback/A_EN_PLAY_AC_BigBear_E_DamageStrong_D_F.uasset,282043,02f6af4cad14ca0d08854ffe96a3c086f808a600a128f5d6a34685ef04d0fe03
/Game/_Art/Enemies/Shared/Beasts/BigBear/Animations/Playback/A_EN_PLAY_AC_BigBear_E_DamageStrong_D_F_2,AnimSequence,Shared/Beasts/BigBear,Content/_Art/Enemies/Shared/Beasts/BigBear/Animations/Playback/A_EN_PLAY_AC_BigBear_E_DamageStrong_D_F_2.uasset,250453,c30501afdd7553ca24a5dc0a5971fc926130b244f5944d38a1699d99662cf720
/Game/_Art/Enemies/Shared/Beasts/BigBear/Animations/Playback/A_EN_PLAY_AC_BigBear_E_DamageStrong_L_F,AnimSequence,Shared/Beasts/BigBear,Content/_Art/Enemies/Shared/Beasts/BigBear/Animations/Playback/A_EN_PLAY_AC_BigBear_E_DamageStrong_L_F.uasset,230906,f19af8224a01ca58468148a2608bd6f561253887a529a21b749f4c0565f5441d
/Game/_Art/Enemies/Shared/Beasts/BigBear/Animations/Playback/A_EN_PLAY_AC_BigBear_E_DamageStrong_R_F,AnimSequence,Shared/Beasts/BigBear,Content/_Art/Enemies/Shared/Beasts/BigBear/Animations/Playback/A_EN_PLAY_AC_BigBear_E_DamageStrong_R_F.uasset,284219,425586c6d5df8b6a585d28c5ff02ca8a2e09b7cc6e49e4dbf877f60003d3c7f2
/Game/_Art/Enemies/Shared/Beasts/BigBear/Animations/Playback/A_EN_PLAY_AC_BigBear_E_DamageStrong_U_F,AnimSequence,Shared/Beasts/BigBear,Content/_Art/Enemies/Shared/Beasts/BigBear/Animations/Playback/A_EN_PLAY_AC_BigBear_E_DamageStrong_U_F.uasset,280955,9b0b25344aae18a2f5fbcc7d6fe87f185e59d7cda6b053482d8a63d3acc92d14
/Game/_Art/Enemies/Shared/Beasts/BigBear/Animations/Playback/A_EN_PLAY_AC_BigBear_E_DamageWeak_D_F,AnimSequence,Shared/Beasts/BigBear,Content/_Art/Enemies/Shared/Beasts/BigBear/Animations/Playback/A_EN_PLAY_AC_BigBear_E_DamageWeak_D_F.uasset,128584,7ef5035b32c85fe34fd1128dba0e57da143cec8e47d6f6292e1308f5a60d15de
/Game/_Art/Enemies/Shared/Beasts/BigBear/Animations/Playback/A_EN_PLAY_AC_BigBear_E_DamageWeak_L_F,AnimSequence,Shared/Beasts/BigBear,Content/_Art/Enemies/Shared/Beasts/BigBear/Animations/Playback/A_EN_PLAY_AC_BigBear_E_DamageWeak_L_F.uasset,129832,fe7b27512bbc7efdbf5767f17d09a46e3e0c7d610832074edfdfbe79f562d31f
/Game/_Art/Enemies/Shared/Beasts/BigBear/Animations/Playback/A_EN_PLAY_AC_BigBear_E_DamageWeak_R_F,AnimSequence,Shared/Beasts/BigBear,Content/_Art/Enemies/Shared/Beasts/BigBear/Animations/Playback/A_EN_PLAY_AC_BigBear_E_DamageWeak_R_F.uasset,129832,75ab43adb8fa789dea815a1a541d7fcbc6b92b65e4d0c4dcef462f8efa8c199c
/Game/_Art/Enemies/Shared/Beasts/BigBear/Animations/Playback/A_EN_PLAY_AC_BigBear_E_DamageWeak_U_F,AnimSequence,Shared/Beasts/BigBear,Content/_Art/Enemies/Shared/Beasts/BigBear/Animations/Playback/A_EN_PLAY_AC_BigBear_E_DamageWeak_U_F.uasset,136488,b7cec6da5aa3b7ec2b18ede15cb511e5b891e771ab76ccb216acf5e5e7949e3b
/Game/_Art/Enemies/Shared/Beasts/BigBear/Animations/Playback/A_EN_PLAY_AC_BigBear_E_Die_F,AnimSequence,Shared/Beasts/BigBear,Content/_Art/Enemies/Shared/Beasts/BigBear/Animations/Playback/A_EN_PLAY_AC_BigBear_E_Die_F.uasset,1204266,50cebf44f564e59cbc9b56c98d3af0c6b2d73242d8c8e77590e11f8d3404e49d
/Game/_Art/Enemies/Shared/Beasts/BigBear/Animations/Playback/A_EN_PLAY_AC_BigBear_E_FrontAttack_L_01,AnimSequence,Shared/Beasts/BigBear,Content/_Art/Enemies/Shared/Beasts/BigBear/Animations/Playback/A_EN_PLAY_AC_BigBear_E_FrontAttack_L_01.uasset,1726045,501376b5f0ff1bf1f9ac872101004f51f15115006cf0a37650cdc90b72095daf
/Game/_Art/Enemies/Shared/Beasts/BigBear/Animations/Playback/A_EN_PLAY_AC_BigBear_E_FrontAttack_L_02,AnimSequence,Shared/Beasts/BigBear,Content/_Art/Enemies/Shared/Beasts/BigBear/Animations/Playback/A_EN_PLAY_AC_BigBear_E_FrontAttack_L_02.uasset,2019045,9075308934b1f3334fe521352bc1287e96352aabd3c11c73a1e57237b123bea0
/Game/_Art/Enemies/Shared/Beasts/BigBear/Animations/Playback/A_EN_PLAY_AC_BigBear_E_FrontAttack_L_Del,AnimSequence,Shared/Beasts/BigBear,Content/_Art/Enemies/Shared/Beasts/BigBear/Animations/Playback/A_EN_PLAY_AC_BigBear_E_FrontAttack_L_Del.uasset,98803,8ce350629f0fc6416744ca83ea786cfb5da1ceea819e178f17f585ab8dcf6e77
/Game/_Art/Enemies/Shared/Beasts/BigBear/Animations/Playback/A_EN_PLAY_AC_BigBear_E_FrontAttack_R_01,AnimSequence,Shared/Beasts/BigBear,Content/_Art/Enemies/Shared/Beasts/BigBear/Animations/Playback/A_EN_PLAY_AC_BigBear_E_FrontAttack_R_01.uasset,979561,dfbfa9724c515fb3b3af47e4f5f785b9f5d013f34d3074737c73fcd58edf812f
/Game/_Art/Enemies/Shared/Beasts/BigBear/Animations/Playback/A_EN_PLAY_AC_BigBear_E_FrontAttack_R_02,AnimSequence,Shared/Beasts/BigBear,Content/_Art/Enemies/Shared/Beasts/BigBear/Animations/Playback/A_EN_PLAY_AC_BigBear_E_FrontAttack_R_02.uasset,1717574,d229ff66e836bfc6941324caeee999a4ab331c2611723793e67db00f83cf80ce
/Game/_Art/Enemies/Shared/Beasts/BigBear/Animations/Playback/A_EN_PLAY_AC_BigBear_E_FrontAttack_R_FailTurn,AnimSequence,Shared/Beasts/BigBear,Content/_Art/Enemies/Shared/Beasts/BigBear/Animations/Playback/A_EN_PLAY_AC_BigBear_E_FrontAttack_R_FailTurn.uasset,537497,f265b6c87487c707c7f5ca3ae8f8fff757a2804abb31fbfda166d39662794fea
/Game/_Art/Enemies/Shared/Beasts/BigBear/Animations/Playback/A_EN_PLAY_AC_BigBear_E_FrontAttack_R_FailTurn_Del,AnimSequence,Shared/Beasts/BigBear,Content/_Art/Enemies/Shared/Beasts/BigBear/Animations/Playback/A_EN_PLAY_AC_BigBear_E_FrontAttack_R_FailTurn_Del.uasset,98866,87019c8366326bb3f4b5f7da92f7493283779ec6e2372f84cb8cdd610feee742
/Game/_Art/Enemies/Shared/Beasts/BigBear/Animations/Playback/A_EN_PLAY_AC_BigBear_E_Groggy_End,AnimSequence,Shared/Beasts/BigBear,Content/_Art/Enemies/Shared/Beasts/BigBear/Animations/Playback/A_EN_PLAY_AC_BigBear_E_Groggy_End.uasset,230454,f6e4f566ea1a17d9db2f5de0981766e35959c057504b2c5c5828999fb33da707
/Game/_Art/Enemies/Shared/Beasts/BigBear/Animations/Playback/A_EN_PLAY_AC_BigBear_E_Groggy_Loop,AnimSequence,Shared/Beasts/BigBear,Content/_Art/Enemies/Shared/Beasts/BigBear/Animations/Playback/A_EN_PLAY_AC_BigBear_E_Groggy_Loop.uasset,347698,c39a56f28777eb98ae0d61b1888ab0916eab5ff79683081d951dfb06d8cf9a2d
/Game/_Art/Enemies/Shared/Beasts/BigBear/Animations/Playback/A_EN_PLAY_AC_BigBear_E_Groggy_Start,AnimSequence,Shared/Beasts/BigBear,Content/_Art/Enemies/Shared/Beasts/BigBear/Animations/Playback/A_EN_PLAY_AC_BigBear_E_Groggy_Start.uasset,221821,1a3db08de2dcd47cd0212e127b553f1870fd2e5401a0c8ab6d2ab8ce768b35d2
/Game/_Art/Enemies/Shared/Beasts/BigBear/Animations/Playback/A_EN_PLAY_AC_BigBear_E_GuardReaction,AnimSequence,Shared/Beasts/BigBear,Content/_Art/Enemies/Shared/Beasts/BigBear/Animations/Playback/A_EN_PLAY_AC_BigBear_E_GuardReaction.uasset,356020,b83ebeb429277ef432926c9534787e60f8ea30285fb402246edbbc07d3a2bdcb
/Game/_Art/Enemies/Shared/Beasts/BigBear/Animations/Playback/A_EN_PLAY_AC_BigBear_E_OpeningRoar,AnimSequence,Shared/Beasts/BigBear,Content/_Art/Enemies/Shared/Beasts/BigBear/Animations/Playback/A_EN_PLAY_AC_BigBear_E_OpeningRoar.uasset,1898032,b08f7857366c0fd3e947341597c04e1f2c5c181bb80edab8929cded2138dcd63
/Game/_Art/Enemies/Shared/Beasts/BigBear/Animations/Playback/A_EN_PLAY_AC_BigBear_E_OpeningRoar_BurstTutorial,AnimSequence,Shared/Beasts/BigBear,Content/_Art/Enemies/Shared/Beasts/BigBear/Animations/Playback/A_EN_PLAY_AC_BigBear_E_OpeningRoar_BurstTutorial.uasset,1898130,f78e64599a256a865ea7fb200ec0bc2d467deaf6b8b9534b7991b8bc756f8e79
/Game/_Art/Enemies/Shared/Beasts/BigBear/Animations/Playback/A_EN_PLAY_AC_BigBear_E_OpeningRoar_Del,AnimSequence,Shared/Beasts/BigBear,Content/_Art/Enemies/Shared/Beasts/BigBear/Animations/Playback/A_EN_PLAY_AC_BigBear_E_OpeningRoar_Del.uasset,98785,2ddbb9582d2f056856db919e28190eec900daf284e3f96d7afd1e59e9e354247
/Game/_Art/Enemies/Shared/Beasts/BigBear/Animations/Playback/A_EN_PLAY_AC_BigBear_E_OpeningRoar_End,AnimSequence,Shared/Beasts/BigBear,Content/_Art/Enemies/Shared/Beasts/BigBear/Animations/Playback/A_EN_PLAY_AC_BigBear_E_OpeningRoar_End.uasset,720338,af2f3646303e2e396402d1b39d0a1c8eb0c4d281f3c4c448c716cfcfa0b4b022
/Game/_Art/Enemies/Shared/Beasts/BigBear/Animations/Playback/A_EN_PLAY_AC_BigBear_E_PassiveCounter_FrontAttack_L_01,AnimSequence,Shared/Beasts/BigBear,Content/_Art/Enemies/Shared/Beasts/BigBear/Animations/Playback/A_EN_PLAY_AC_BigBear_E_PassiveCounter_FrontAttack_L_01.uasset,1726162,3de1d3504cb2c2d176ab5a20a5a35455ab51b6efdc99715885c604c643f76e00
/Game/_Art/Enemies/Shared/Beasts/BigBear/Animations/Playback/A_EN_PLAY_AC_BigBear_E_PassiveCounter_FrontAttack_L_03,AnimSequence,Shared/Beasts/BigBear,Content/_Art/Enemies/Shared/Beasts/BigBear/Animations/Playback/A_EN_PLAY_AC_BigBear_E_PassiveCounter_FrontAttack_L_03.uasset,812242,007fefe549f657626c849177d2cfb3769d0059ef8ec0a3abc31ee153b0d30b6e
/Game/_Art/Enemies/Shared/Beasts/BigBear/Animations/Playback/A_EN_PLAY_AC_BigBear_E_PassiveCounter_Rush,AnimSequence,Shared/Beasts/BigBear,Content/_Art/Enemies/Shared/Beasts/BigBear/Animations/Playback/A_EN_PLAY_AC_BigBear_E_PassiveCounter_Rush.uasset,838400,877df3bf4ebf5c5ea6f5407ed668a79348589683b7139f717c4ba269b3959f76
/Game/_Art/Enemies/Shared/Beasts/BigBear/Animations/Playback/A_EN_PLAY_AC_BigBear_E_PassiveCounter_ShoulderTackle_L,AnimSequence,Shared/Beasts/BigBear,Content/_Art/Enemies/Shared/Beasts/BigBear/Animations/Playback/A_EN_PLAY_AC_BigBear_E_PassiveCounter_ShoulderTackle_L.uasset,1558486,ee2c83c4c5bd85de4960060cf10f23a5dd5f6f273d6a26fdeba9aed76d5391a1
/Game/_Art/Enemies/Shared/Beasts/BigBear/Animations/Playback/A_EN_PLAY_AC_BigBear_E_PassiveCounter_ShoulderTackle_R,AnimSequence,Shared/Beasts/BigBear,Content/_Art/Enemies/Shared/Beasts/BigBear/Animations/Playback/A_EN_PLAY_AC_BigBear_E_PassiveCounter_ShoulderTackle_R.uasset,1640150,f818e7112db8ef2c1029f28e12d3cd6abd240e3a69ad0b3e497ca1e75e767afa
/Game/_Art/Enemies/Shared/Beasts/BigBear/Animations/Playback/A_EN_PLAY_AC_BigBear_E_Peace_LookAround,AnimSequence,Shared/Beasts/BigBear,Content/_Art/Enemies/Shared/Beasts/BigBear/Animations/Playback/A_EN_PLAY_AC_BigBear_E_Peace_LookAround.uasset,1472495,170f55371d15150ffc37bca9265fb543b6e3f66dd6e9c77d6d1cfd82c334350d
/Game/_Art/Enemies/Shared/Beasts/BigBear/Animations/Playback/A_EN_PLAY_AC_BigBear_E_Peace_LookAround_Cancel,AnimSequence,Shared/Beasts/BigBear,Content/_Art/Enemies/Shared/Beasts/BigBear/Animations/Playback/A_EN_PLAY_AC_BigBear_E_Peace_LookAround_Cancel.uasset,264326,64286aa1380d7cd924d5289daa2dd6eef69a4db63cd168de2284616156a6b73d
/Game/_Art/Enemies/Shared/Beasts/BigBear/Animations/Playback/A_EN_PLAY_AC_BigBear_E_Peace_LookAround_Damage,AnimSequence,Shared/Beasts/BigBear,Content/_Art/Enemies/Shared/Beasts/BigBear/Animations/Playback/A_EN_PLAY_AC_BigBear_E_Peace_LookAround_Damage.uasset,212451,69d1f137db697583aef35e56680dd4614ad51f216b00400d366f8c56f04b9a2d
/Game/_Art/Enemies/Shared/Beasts/BigBear/Animations/Playback/A_EN_PLAY_AC_BigBear_E_Peace_Sleep_1,AnimSequence,Shared/Beasts/BigBear,Content/_Art/Enemies/Shared/Beasts/BigBear/Animations/Playback/A_EN_PLAY_AC_BigBear_E_Peace_Sleep_1.uasset,781884,d93977311f57e27f65f6a6c6567b4492830237db9b21d16b742a7b1aef185576
/Game/_Art/Enemies/Shared/Beasts/BigBear/Animations/Playback/A_EN_PLAY_AC_BigBear_E_Peace_Sleep_2,AnimSequence,Shared/Beasts/BigBear,Content/_Art/Enemies/Shared/Beasts/BigBear/Animations/Playback/A_EN_PLAY_AC_BigBear_E_Peace_Sleep_2.uasset,410067,e380259f5b18bd54822fc8943df06e2982cdd8d612e4c50aebb4dc3560746a7b
/Game/_Art/Enemies/Shared/Beasts/BigBear/Animations/Playback/A_EN_PLAY_AC_BigBear_E_Peace_Sleep_3,AnimSequence,Shared/Beasts/BigBear,Content/_Art/Enemies/Shared/Beasts/BigBear/Animations/Playback/A_EN_PLAY_AC_BigBear_E_Peace_Sleep_3.uasset,1260988,8702b396f0c09add85bc8a5e4b3fbee9822050f41df25c13fd6306ed03bc6561
/Game/_Art/Enemies/Shared/Beasts/BigBear/Animations/Playback/A_EN_PLAY_AC_BigBear_E_Peace_Sniff,AnimSequence,Shared/Beasts/BigBear,Content/_Art/Enemies/Shared/Beasts/BigBear/Animations/Playback/A_EN_PLAY_AC_BigBear_E_Peace_Sniff.uasset,1412130,3280afe683bfa5cb73e907022dd5373c68b4e5d745ee72e02b23da0f3eaa0df4
/Game/_Art/Enemies/Shared/Beasts/BigBear/Animations/Playback/A_EN_PLAY_AC_BigBear_E_Peace_Sniff_Cancel,AnimSequence,Shared/Beasts/BigBear,Content/_Art/Enemies/Shared/Beasts/BigBear/Animations/Playback/A_EN_PLAY_AC_BigBear_E_Peace_Sniff_Cancel.uasset,279161,d33fefb028d75057aac8719de9a958a8b636edf1f24aac06beee1836556ea81c
/Game/_Art/Enemies/Shared/Beasts/BigBear/Animations/Playback/A_EN_PLAY_AC_BigBear_E_Peace_Stand_F,AnimSequence,Shared/Beasts/BigBear,Content/_Art/Enemies/Shared/Beasts/BigBear/Animations/Playback/A_EN_PLAY_AC_BigBear_E_Peace_Stand_F.uasset,540104,f74886d58672db33579989e80af00446774fba7904401f002db3a0f81dbc873e
/Game/_Art/Enemies/Shared/Beasts/BigBear/Animations/Playback/A_EN_PLAY_AC_BigBear_E_PoisonGrab_Fail,AnimSequence,Shared/Beasts/BigBear,Content/_Art/Enemies/Shared/Beasts/BigBear/Animations/Playback/A_EN_PLAY_AC_BigBear_E_PoisonGrab_Fail.uasset,751541,683ef2fd26d8306e5fc1414292c25857a10e9fc3fdc98c390d4d481389081bcd
/Game/_Art/Enemies/Shared/Beasts/BigBear/Animations/Playback/A_EN_PLAY_AC_BigBear_E_PoisonGrab_Grab,AnimSequence,Shared/Beasts/BigBear,Content/_Art/Enemies/Shared/Beasts/BigBear/Animations/Playback/A_EN_PLAY_AC_BigBear_E_PoisonGrab_Grab.uasset,498188,ef45149b0a77f49d7916366f8fcda6aad99fc2e41aea011476319b72da1777fa
/Game/_Art/Enemies/Shared/Beasts/BigBear/Animations/Playback/A_EN_PLAY_AC_BigBear_E_PoisonGrab_Success,AnimSequence,Shared/Beasts/BigBear,Content/_Art/Enemies/Shared/Beasts/BigBear/Animations/Playback/A_EN_PLAY_AC_BigBear_E_PoisonGrab_Success.uasset,2590824,3e8a185fe8e1ace593caaf9dad58d6d9fe8f0efca632646d534b433b52584686
/Game/_Art/Enemies/Shared/Beasts/BigBear/Animations/Playback/A_EN_PLAY_AC_BigBear_E_PoisonGrab_Success_Turn,AnimSequence,Shared/Beasts/BigBear,Content/_Art/Enemies/Shared/Beasts/BigBear/Animations/Playback/A_EN_PLAY_AC_BigBear_E_PoisonGrab_Success_Turn.uasset,2590859,90e99c625fa78462ffb01962166cab12516b69cfe68b47d3a2dd21515ff2bb55
/Game/_Art/Enemies/Shared/Beasts/BigBear/Animations/Playback/A_EN_PLAY_AC_BigBear_E_ReChargeRoar,AnimSequence,Shared/Beasts/BigBear,Content/_Art/Enemies/Shared/Beasts/BigBear/Animations/Playback/A_EN_PLAY_AC_BigBear_E_ReChargeRoar.uasset,1229121,f74510a664bf2febfb27a62631d18d3c0184106aec18bc299359fd9ee5e71d6b
/Game/_Art/Enemies/Shared/Beasts/BigBear/Animations/Playback/A_EN_PLAY_AC_BigBear_E_RushAttack_Attack,AnimSequence,Shared/Beasts/BigBear,Content/_Art/Enemies/Shared/Beasts/BigBear/Animations/Playback/A_EN_PLAY_AC_BigBear_E_RushAttack_Attack.uasset,751456,40945abba171c8e73f7ed0fceb3337ee31a9ffafc331b46cbe7ebbcdfc6c0f96
/Game/_Art/Enemies/Shared/Beasts/BigBear/Animations/Playback/A_EN_PLAY_AC_BigBear_E_RushAttack_Ready,AnimSequence,Shared/Beasts/BigBear,Content/_Art/Enemies/Shared/Beasts/BigBear/Animations/Playback/A_EN_PLAY_AC_BigBear_E_RushAttack_Ready.uasset,587935,6194451dcc0d2d5b259ce66fee1360c63cc8c76076668eb9bbe0721c11a91f55
/Game/_Art/Enemies/Shared/Beasts/BigBear/Animations/Playback/A_EN_PLAY_AC_BigBear_E_ShoulderTackle_L,AnimSequence,Shared/Beasts/BigBear,Content/_Art/Enemies/Shared/Beasts/BigBear/Animations/Playback/A_EN_PLAY_AC_BigBear_E_ShoulderTackle_L.uasset,1880423,a432fc00fa10ff92b796b52e7c4816d13ef298126886184dfc2fde8392fd5e9b
/Game/_Art/Enemies/Shared/Beasts/BigBear/Animations/Playback/A_EN_PLAY_AC_BigBear_E_ShoulderTackle_R,AnimSequence,Shared/Beasts/BigBear,Content/_Art/Enemies/Shared/Beasts/BigBear/Animations/Playback/A_EN_PLAY_AC_BigBear_E_ShoulderTackle_R.uasset,1868517,08c3b035f0c2a20e06c1edcdf6ad9b1e6fe126463f77718e19cd6a9df0206d2c
/Game/_Art/Enemies/Shared/Beasts/BigBear/Animations/Playback/A_EN_PLAY_AC_BigBear_E_SideDodge_Del,AnimSequence,Shared/Beasts/BigBear,Content/_Art/Enemies/Shared/Beasts/BigBear/Animations/Playback/A_EN_PLAY_AC_BigBear_E_SideDodge_Del.uasset,98767,e58127e8cc5e920c4783565887400c816a50076b0cd49325b3dcefa61dd3f10d
/Game/_Art/Enemies/Shared/Beasts/BigBear/Animations/Playback/A_EN_PLAY_AC_BigBear_E_SideDodge_L,AnimSequence,Shared/Beasts/BigBear,Content/_Art/Enemies/Shared/Beasts/BigBear/Animations/Playback/A_EN_PLAY_AC_BigBear_E_SideDodge_L.uasset,799156,72dd13340697c186345456b788066b70b5b04c1a2fabe2176309f1c99c581fb5
/Game/_Art/Enemies/Shared/Beasts/BigBear/Animations/Playback/A_EN_PLAY_AC_BigBear_E_SideDodge_R,AnimSequence,Shared/Beasts/BigBear,Content/_Art/Enemies/Shared/Beasts/BigBear/Animations/Playback/A_EN_PLAY_AC_BigBear_E_SideDodge_R.uasset,818996,6884d276a494bef4067c44d9400571ccad54158f66de5d414c97ba7eaaaeaefd
/Game/_Art/Enemies/Shared/Beasts/BigBear/Animations/Playback/A_EN_PLAY_AC_BigBear_E_TurnAttack_L,AnimSequence,Shared/Beasts/BigBear,Content/_Art/Enemies/Shared/Beasts/BigBear/Animations/Playback/A_EN_PLAY_AC_BigBear_E_TurnAttack_L.uasset,1442871,cbd2523e1b811a8d16af2d3d7985742f0e6c2c61b63f45559d91922962f338ee
/Game/_Art/Enemies/Shared/Beasts/BigBear/Animations/Playback/A_EN_PLAY_AC_BigBear_E_TurnAttack_R,AnimSequence,Shared/Beasts/BigBear,Content/_Art/Enemies/Shared/Beasts/BigBear/Animations/Playback/A_EN_PLAY_AC_BigBear_E_TurnAttack_R.uasset,1414195,439a96cda5e22e2c2ad2b07e2e364fe58b4987b8cadecb8c6d061d80d7adfec2
/Game/_Art/Enemies/Shared/Beasts/BigBear/Animations/Playback/A_EN_PLAY_CA_M_BigBear_AddWeak_Head,AnimSequence,Shared/Beasts/BigBear,Content/_Art/Enemies/Shared/Beasts/BigBear/Animations/Playback/A_EN_PLAY_CA_M_BigBear_AddWeak_Head.uasset,106338,51f56a9877c5edf734a9bf81b6b3371c0a03b34947980c6258b8a78a373b878f
/Game/_Art/Enemies/Shared/Beasts/BigBear/Animations/Playback/A_EN_PLAY_CA_M_BigBear_LockOnMove_B,AnimSequence,Shared/Beasts/BigBear,Content/_Art/Enemies/Shared/Beasts/BigBear/Animations/Playback/A_EN_PLAY_CA_M_BigBear_LockOnMove_B.uasset,383839,21313c90d7209b79e493b3292de897a717b0f60d04cca57af8e487ca79e54853
/Game/_Art/Enemies/Shared/Beasts/BigBear/Animations/Playback/A_EN_PLAY_CA_M_BigBear_LockOnMove_F,AnimSequence,Shared/Beasts/BigBear,Content/_Art/Enemies/Shared/Beasts/BigBear/Animations/Playback/A_EN_PLAY_CA_M_BigBear_LockOnMove_F.uasset,374047,b6701977f071fbee3a5d437e76ae2ca66207f7155f50f0f725d058a43a211e37
/Game/_Art/Enemies/Shared/Beasts/BigBear/Animations/Playback/A_EN_PLAY_CA_M_BigBear_LockOnMove_L,AnimSequence,Shared/Beasts/BigBear,Content/_Art/Enemies/Shared/Beasts/BigBear/Animations/Playback/A_EN_PLAY_CA_M_BigBear_LockOnMove_L.uasset,375679,219a3a254ffb30418cf769e9312511c2226878dd60c17a8690d9504ff732600b
/Game/_Art/Enemies/Shared/Beasts/BigBear/Animations/Playback/A_EN_PLAY_CA_M_BigBear_LockOnMove_R,AnimSequence,Shared/Beasts/BigBear,Content/_Art/Enemies/Shared/Beasts/BigBear/Animations/Playback/A_EN_PLAY_CA_M_BigBear_LockOnMove_R.uasset,378943,98f0b5a54961817e40862aa28810ca0db26f623bf28eeaa0ca81289f1da0ea09
/Game/_Art/Enemies/Shared/Beasts/BigBear/Animations/Playback/A_EN_PLAY_CA_M_BigBear_Run_F,AnimSequence,Shared/Beasts/BigBear,Content/_Art/Enemies/Shared/Beasts/BigBear/Animations/Playback/A_EN_PLAY_CA_M_BigBear_Run_F.uasset,203199,39d72df24e784c3509426058eb75cb3549a3f255ce34a58c4c0932e18a66868c
/Game/_Art/Enemies/Shared/Beasts/BigBear/Animations/Playback/A_EN_PLAY_CA_M_BigBear_Run_FL,AnimSequence,Shared/Beasts/BigBear,Content/_Art/Enemies/Shared/Beasts/BigBear/Animations/Playback/A_EN_PLAY_CA_M_BigBear_Run_FL.uasset,201190,869d87e667b61fd27ea625236660346e4a28f978fec40fc142982410dadffa16
/Game/_Art/Enemies/Shared/Beasts/BigBear/Animations/Playback/A_EN_PLAY_CA_M_BigBear_Run_FR,AnimSequence,Shared/Beasts/BigBear,Content/_Art/Enemies/Shared/Beasts/BigBear/Animations/Playback/A_EN_PLAY_CA_M_BigBear_Run_FR.uasset,199846,4c8884517901151b70f8ba895c7ce7c90cd7688cb4ee21bdfb2d90460fc4bc2c
/Game/_Art/Enemies/Shared/Beasts/BigBear/Animations/Playback/A_EN_PLAY_CA_M_BigBear_Stand_F,AnimSequence,Shared/Beasts/BigBear,Content/_Art/Enemies/Shared/Beasts/BigBear/Animations/Playback/A_EN_PLAY_CA_M_BigBear_Stand_F.uasset,539634,c7e04f3c5f4834ccfd036572805dd4baa1f044e24f84e16e0085b8b760077b93
/Game/_Art/Enemies/Shared/Beasts/BigBear/Animations/Playback/A_EN_PLAY_CA_M_BigBear_Walk_F,AnimSequence,Shared/Beasts/BigBear,Content/_Art/Enemies/Shared/Beasts/BigBear/Animations/Playback/A_EN_PLAY_CA_M_BigBear_Walk_F.uasset,372373,60062d2674ae13662218b2acb1e1c714ff3d514cf3be0b655e600b2d59afca20
/Game/_Art/Enemies/Shared/Beasts/BigBear/Animations/Playback/A_EN_PLAY_CA_M_BigBear_Walk_FL,AnimSequence,Shared/Beasts/BigBear,Content/_Art/Enemies/Shared/Beasts/BigBear/Animations/Playback/A_EN_PLAY_CA_M_BigBear_Walk_FL.uasset,387068,bc75de9b3cb16d03880e11cbfd0ebedec3785cab00ba933fd4b02de15cd5ff62
/Game/_Art/Enemies/Shared/Beasts/BigBear/Animations/Playback/A_EN_PLAY_CA_M_BigBear_Walk_FR,AnimSequence,Shared/Beasts/BigBear,Content/_Art/Enemies/Shared/Beasts/BigBear/Animations/Playback/A_EN_PLAY_CA_M_BigBear_Walk_FR.uasset,382172,a3996636f15d36ccbe68dc2bd1a934bd1e3f846484ec7e45e11bbb1fc969b4e3
/Game/_Art/Enemies/Shared/Beasts/BigBear/Blueprints/BP_EN_BigBear_V01,Blueprint,Shared/Beasts/BigBear,Content/_Art/Enemies/Shared/Beasts/BigBear/Blueprints/BP_EN_BigBear_V01.uasset,30367,3a09f604fa5df443e0c623fa059a2826d50cfb3bb73332d7b190785156d3c5ca
/Game/_Art/Enemies/Shared/Beasts/BigBear/Blueprints/BP_EN_BigBear_V02,Blueprint,Shared/Beasts/BigBear,Content/_Art/Enemies/Shared/Beasts/BigBear/Blueprints/BP_EN_BigBear_V02.uasset,30373,146f49926f17bef86c61be51e45b2fb10f09886bacaee6be633991a6828330e8
/Game/_Art/Enemies/Shared/Beasts/BigBear/Blueprints/BP_EN_BigBear_V03,Blueprint,Shared/Beasts/BigBear,Content/_Art/Enemies/Shared/Beasts/BigBear/Blueprints/BP_EN_BigBear_V03.uasset,30373,1ba5cd0554e125cecadba21d0cff5f9967f8b7ba9392530c4a5137fefbb6f25d
/Game/_Art/Enemies/Shared/Beasts/BigBear/Materials/Instances/MI_EN_BigBear_Eye,MaterialInstanceConstant,Shared/Beasts/BigBear,Content/_Art/Enemies/Shared/Beasts/BigBear/Materials/Instances/MI_EN_BigBear_Eye.uasset,17609,57d444379b92bf1831a005ce9c26824154e1e4ca0bcd5d316faf95e73e21c876
/Game/_Art/Enemies/Shared/Beasts/BigBear/Materials/Instances/MI_EN_BigBear_Head_V01,MaterialInstanceConstant,Shared/Beasts/BigBear,Content/_Art/Enemies/Shared/Beasts/BigBear/Materials/Instances/MI_EN_BigBear_Head_V01.uasset,28263,1645a1a9aef959fe2c4ae15b402e792fb2327b7363235427e343db27a6be38a6
/Game/_Art/Enemies/Shared/Beasts/BigBear/Materials/Instances/MI_EN_BigBear_Head_V02,MaterialInstanceConstant,Shared/Beasts/BigBear,Content/_Art/Enemies/Shared/Beasts/BigBear/Materials/Instances/MI_EN_BigBear_Head_V02.uasset,28281,9c77f245c6a2a32039ce2d8d95a65592e94e9d568fbf82b78f5648fd98e064ba
/Game/_Art/Enemies/Shared/Beasts/BigBear/Materials/Instances/MI_EN_BigBear_Head_V03,MaterialInstanceConstant,Shared/Beasts/BigBear,Content/_Art/Enemies/Shared/Beasts/BigBear/Materials/Instances/MI_EN_BigBear_Head_V03.uasset,31647,56ed424feac7cec07d51c9835935fdbea471543783a3867b1b4c616c1e73acba
/Game/_Art/Enemies/Shared/Beasts/BigBear/Materials/Instances/MI_EN_BigBear_Lower_V01,MaterialInstanceConstant,Shared/Beasts/BigBear,Content/_Art/Enemies/Shared/Beasts/BigBear/Materials/Instances/MI_EN_BigBear_Lower_V01.uasset,28305,498a1d385c2473617864fe7cce03de5411bd544f17b6f923d8ffee8ad47dcfde
/Game/_Art/Enemies/Shared/Beasts/BigBear/Materials/Instances/MI_EN_BigBear_Lower_V02,MaterialInstanceConstant,Shared/Beasts/BigBear,Content/_Art/Enemies/Shared/Beasts/BigBear/Materials/Instances/MI_EN_BigBear_Lower_V02.uasset,28323,8e7183ee83ed4a5239483071031b6540a0d2d00587bdbb7bc3cd90e6dd67ab8e
/Game/_Art/Enemies/Shared/Beasts/BigBear/Materials/Instances/MI_EN_BigBear_Lower_V03,MaterialInstanceConstant,Shared/Beasts/BigBear,Content/_Art/Enemies/Shared/Beasts/BigBear/Materials/Instances/MI_EN_BigBear_Lower_V03.uasset,28323,402d42600b94e39eba4ddeb28b04afa8f4d5ab3db597ad608c4c33f2b3c06356
/Game/_Art/Enemies/Shared/Beasts/BigBear/Materials/Instances/MI_EN_BigBear_Upper_V01,MaterialInstanceConstant,Shared/Beasts/BigBear,Content/_Art/Enemies/Shared/Beasts/BigBear/Materials/Instances/MI_EN_BigBear_Upper_V01.uasset,28305,fcad374841d281f07651408581026e8f32c353e645a12524f54785f2f6bf53f2
/Game/_Art/Enemies/Shared/Beasts/BigBear/Materials/Instances/MI_EN_BigBear_Upper_V02,MaterialInstanceConstant,Shared/Beasts/BigBear,Content/_Art/Enemies/Shared/Beasts/BigBear/Materials/Instances/MI_EN_BigBear_Upper_V02.uasset,28323,714d060ea9a68661cf8d54d30ef93daf31712e54d1819432cda0eaa11ca3c7b9
/Game/_Art/Enemies/Shared/Beasts/BigBear/Materials/Instances/MI_EN_BigBear_Upper_V03,MaterialInstanceConstant,Shared/Beasts/BigBear,Content/_Art/Enemies/Shared/Beasts/BigBear/Materials/Instances/MI_EN_BigBear_Upper_V03.uasset,28323,aed59aef2aa33260d7146ffdecb37a419d3e6647cabc5bbb1ae841ce5e476d37
/Game/_Art/Enemies/Shared/Beasts/BigBear/Materials/Masters/M_EN_BigBear_EyePreview,Material,Shared/Beasts/BigBear,Content/_Art/Enemies/Shared/Beasts/BigBear/Materials/Masters/M_EN_BigBear_EyePreview.uasset,22136,dcde066e221fc157c8bd1e06af2edad08b81402ceeb97b1aa49eff460efe0a05
/Game/_Art/Enemies/Shared/Beasts/BigBear/Materials/Masters/M_EN_BigBear_SurfacePreview,Material,Shared/Beasts/BigBear,Content/_Art/Enemies/Shared/Beasts/BigBear/Materials/Masters/M_EN_BigBear_SurfacePreview.uasset,23780,1db9f25269eb10e8c360a1ebb47b0bb101e8ec958278fd7df9d3a7b70eb086f1
/Game/_Art/Enemies/Shared/Beasts/BigBear/Meshes/SK_EN_BigBear,SkeletalMesh,Shared/Beasts/BigBear,Content/_Art/Enemies/Shared/Beasts/BigBear/Meshes/SK_EN_BigBear.uasset,6770718,0f29848d63fe4dfa5b81625239315a23cfa314bda908af47e80036fa552f60d4
/Game/_Art/Enemies/Shared/Beasts/BigBear/Preview/L_EN_BigBear_Catalogue,World,Shared/Beasts/BigBear,Content/_Art/Enemies/Shared/Beasts/BigBear/Preview/L_EN_BigBear_Catalogue.umap,25127,7537b621059941dbdbed541dd5bddc56b143d4ddadb4d22ac5c0e2795f99be1a
/Game/_Art/Enemies/Shared/Beasts/BigBear/Skeletons/SKEL_EN_BigBear,Skeleton,Shared/Beasts/BigBear,Content/_Art/Enemies/Shared/Beasts/BigBear/Skeletons/SKEL_EN_BigBear.uasset,20343,dd1c6b4d6bf81a1d67ef7a7e7f13c321c0565145312c9289ec8701b0af43fd2d
/Game/_Art/Enemies/Shared/Beasts/BigBear/Textures/T_EN_BigBear_BASE_Eye_E,Texture2D,Shared/Beasts/BigBear,Content/_Art/Enemies/Shared/Beasts/BigBear/Textures/T_EN_BigBear_BASE_Eye_E.uasset,14698,a1ab4093ebf9b2e7b19901be5c19870a797a0235721ce1a43bef9be86aebf58b
/Game/_Art/Enemies/Shared/Beasts/BigBear/Textures/T_EN_BigBear_BigBearV2_Head_D,Texture2D,Shared/Beasts/BigBear,Content/_Art/Enemies/Shared/Beasts/BigBear/Textures/T_EN_BigBear_BigBearV2_Head_D.uasset,745174,79dc0851aad21c80360f69d2bc3654d2629289d736826f9285c59338ffd50bd9
/Game/_Art/Enemies/Shared/Beasts/BigBear/Textures/T_EN_BigBear_BigBearV2_Lower_D,Texture2D,Shared/Beasts/BigBear,Content/_Art/Enemies/Shared/Beasts/BigBear/Textures/T_EN_BigBear_BigBearV2_Lower_D.uasset,508540,7d327f955e581c005d1b98ecda81b1d576c1436ad20f9ad05d991d3f436f4133
/Game/_Art/Enemies/Shared/Beasts/BigBear/Textures/T_EN_BigBear_BigBearV2_Upper_D,Texture2D,Shared/Beasts/BigBear,Content/_Art/Enemies/Shared/Beasts/BigBear/Textures/T_EN_BigBear_BigBearV2_Upper_D.uasset,835936,dabfa35e46d4cb478470bfd8524eb4867c0c90a8ccc75f7b566aa13f25742a55
/Game/_Art/Enemies/Shared/Beasts/BigBear/Textures/T_EN_BigBear_BigBearV3_Head_D,Texture2D,Shared/Beasts/BigBear,Content/_Art/Enemies/Shared/Beasts/BigBear/Textures/T_EN_BigBear_BigBearV3_Head_D.uasset,384695,31e52b051461778d7b16f34458c474bb547da58af2e1606783d0319b46102ff2
/Game/_Art/Enemies/Shared/Beasts/BigBear/Textures/T_EN_BigBear_BigBearV3_Lower_D,Texture2D,Shared/Beasts/BigBear,Content/_Art/Enemies/Shared/Beasts/BigBear/Textures/T_EN_BigBear_BigBearV3_Lower_D.uasset,325095,063c439ea94bcc0e57fe2e6fec8d4c55d321065dcc709ee22997218a8a9b88c4
/Game/_Art/Enemies/Shared/Beasts/BigBear/Textures/T_EN_BigBear_BigBearV3_Upper_D,Texture2D,Shared/Beasts/BigBear,Content/_Art/Enemies/Shared/Beasts/BigBear/Textures/T_EN_BigBear_BigBearV3_Upper_D.uasset,370811,e2f5f77069a1e50e8c0e854f0c427a731d072b3243c4a4dc68a2cad29c8ad452
/Game/_Art/Enemies/Shared/Beasts/BigBear/Textures/T_EN_BigBear_BigBear_Head_D,Texture2D,Shared/Beasts/BigBear,Content/_Art/Enemies/Shared/Beasts/BigBear/Textures/T_EN_BigBear_BigBear_Head_D.uasset,561537,641c3719419cba95be0af39d05da95ad6d031c611c066c19bd1223942a6810bb
/Game/_Art/Enemies/Shared/Beasts/BigBear/Textures/T_EN_BigBear_BigBear_Head_E,Texture2D,Shared/Beasts/BigBear,Content/_Art/Enemies/Shared/Beasts/BigBear/Textures/T_EN_BigBear_BigBear_Head_E.uasset,79442,adee0461df4dd3c0675ec740dbe9c68503e507ee63154c4f90b0e056a103dce1
/Game/_Art/Enemies/Shared/Beasts/BigBear/Textures/T_EN_BigBear_BigBear_Head_I,Texture2D,Shared/Beasts/BigBear,Content/_Art/Enemies/Shared/Beasts/BigBear/Textures/T_EN_BigBear_BigBear_Head_I.uasset,1825696,4569edceb14a1575b555578b08b67af467990772bfbb1891c4638fbfb53c8dd7
/Game/_Art/Enemies/Shared/Beasts/BigBear/Textures/T_EN_BigBear_BigBear_Head_N,Texture2D,Shared/Beasts/BigBear,Content/_Art/Enemies/Shared/Beasts/BigBear/Textures/T_EN_BigBear_BigBear_Head_N.uasset,528347,67f9bf6d6c88830408037f16b207a9aae8e321c87d38cfbbe74849665351ab25
/Game/_Art/Enemies/Shared/Beasts/BigBear/Textures/T_EN_BigBear_BigBear_Head_S,Texture2D,Shared/Beasts/BigBear,Content/_Art/Enemies/Shared/Beasts/BigBear/Textures/T_EN_BigBear_BigBear_Head_S.uasset,262927,3a14b549bc4261a4fffa9f56b3012e63a3f25bf57a69800576e86c7b4320aab0
/Game/_Art/Enemies/Shared/Beasts/BigBear/Textures/T_EN_BigBear_BigBear_Lower_D,Texture2D,Shared/Beasts/BigBear,Content/_Art/Enemies/Shared/Beasts/BigBear/Textures/T_EN_BigBear_BigBear_Lower_D.uasset,175478,9b70866b4c4da24f28502e7217f2d6895a15b5adea2f88f6e26cf12f515b12d9
/Game/_Art/Enemies/Shared/Beasts/BigBear/Textures/T_EN_BigBear_BigBear_Lower_E,Texture2D,Shared/Beasts/BigBear,Content/_Art/Enemies/Shared/Beasts/BigBear/Textures/T_EN_BigBear_BigBear_Lower_E.uasset,53607,823adc09c837de76b7a926af93d3133e4747ad74396190168f35873c9cfb6cdd
/Game/_Art/Enemies/Shared/Beasts/BigBear/Textures/T_EN_BigBear_BigBear_Lower_I,Texture2D,Shared/Beasts/BigBear,Content/_Art/Enemies/Shared/Beasts/BigBear/Textures/T_EN_BigBear_BigBear_Lower_I.uasset,1880765,6ed2e0a5247a46f0783c80e099d9fd9eaa62b127f190b441629b3e9f38957234
/Game/_Art/Enemies/Shared/Beasts/BigBear/Textures/T_EN_BigBear_BigBear_Lower_N,Texture2D,Shared/Beasts/BigBear,Content/_Art/Enemies/Shared/Beasts/BigBear/Textures/T_EN_BigBear_BigBear_Lower_N.uasset,1873116,951d030877a1d4caa77e3f23e285e17d05d1c9cada237064e25283355e8503d1
/Game/_Art/Enemies/Shared/Beasts/BigBear/Textures/T_EN_BigBear_BigBear_Lower_S,Texture2D,Shared/Beasts/BigBear,Content/_Art/Enemies/Shared/Beasts/BigBear/Textures/T_EN_BigBear_BigBear_Lower_S.uasset,300755,439939b1e772282eae6d4237700846f34b690c2d844a2d82bb51aefffc1d315c
/Game/_Art/Enemies/Shared/Beasts/BigBear/Textures/T_EN_BigBear_BigBear_Upper_D,Texture2D,Shared/Beasts/BigBear,Content/_Art/Enemies/Shared/Beasts/BigBear/Textures/T_EN_BigBear_BigBear_Upper_D.uasset,635343,a2dbaccb9f7d4fce4c946af24f18c99f3c1d1f2894bb42360151abdd91840122
/Game/_Art/Enemies/Shared/Beasts/BigBear/Textures/T_EN_BigBear_BigBear_Upper_E,Texture2D,Shared/Beasts/BigBear,Content/_Art/Enemies/Shared/Beasts/BigBear/Textures/T_EN_BigBear_BigBear_Upper_E.uasset,84748,c80587d13811735cef4cd0b6fa4ed107791c6dab9eb17f5bb638b442a359cb8c
/Game/_Art/Enemies/Shared/Beasts/BigBear/Textures/T_EN_BigBear_BigBear_Upper_I,Texture2D,Shared/Beasts/BigBear,Content/_Art/Enemies/Shared/Beasts/BigBear/Textures/T_EN_BigBear_BigBear_Upper_I.uasset,2078325,c69e4f9f0e9c099e03e04b04d54f3395fefb86a7a92666e498e2729d99dc05a9
/Game/_Art/Enemies/Shared/Beasts/BigBear/Textures/T_EN_BigBear_BigBear_Upper_N,Texture2D,Shared/Beasts/BigBear,Content/_Art/Enemies/Shared/Beasts/BigBear/Textures/T_EN_BigBear_BigBear_Upper_N.uasset,1961636,40cbfa190f925268131acf88fa5edda9806d0cd250a1c4ce1a5aafb018c864e6
/Game/_Art/Enemies/Shared/Beasts/BigBear/Textures/T_EN_BigBear_BigBear_Upper_S,Texture2D,Shared/Beasts/BigBear,Content/_Art/Enemies/Shared/Beasts/BigBear/Textures/T_EN_BigBear_BigBear_Upper_S.uasset,178013,d9a4e97cb7a8ef8e4bc3536614bb9d26eeae5225291ace6d264c4140d4acce7b
/Game/_Art/Enemies/Shared/Beasts/BigBear/Textures/T_EN_BigBear_BladePhantom_EfEye_S,Texture2D,Shared/Beasts/BigBear,Content/_Art/Enemies/Shared/Beasts/BigBear/Textures/T_EN_BigBear_BladePhantom_EfEye_S.uasset,7724,0710ceabf28a9e942b0c08f43e91ebe8aa97a70f525260e132c8ba1f0c84bd85
/Game/_Art/Enemies/Shared/Beasts/BigBear/Textures/T_EN_BigBear_CT_P_Kazan_Eye001_E,Texture2D,Shared/Beasts/BigBear,Content/_Art/Enemies/Shared/Beasts/BigBear/Textures/T_EN_BigBear_CT_P_Kazan_Eye001_E.uasset,28534,d93b5753535228a799fb43c1f43f9bf9e8d22a9184671f2890913719bcc25bab
/Game/_Art/Enemies/Shared/Beasts/BigBear/Textures/T_EN_BigBear_CT_P_Kazan_Eye001_S,Texture2D,Shared/Beasts/BigBear,Content/_Art/Enemies/Shared/Beasts/BigBear/Textures/T_EN_BigBear_CT_P_Kazan_Eye001_S.uasset,21631,7f1fce26033db528e349bfa536f0d8297af4ca7353fa265e1fddd3129c8b2461
/Game/_Art/Enemies/Shared/Beasts/WildBoar/Animations/Playback/A_EN_PLAY_AC_M_WildBoar_New_DamFinalblow,AnimSequence,Shared/Beasts/WildBoar,Content/_Art/Enemies/Shared/Beasts/WildBoar/Animations/Playback/A_EN_PLAY_AC_M_WildBoar_New_DamFinalblow.uasset,965795,7bf133da02c76bb8abb794bd18079bf929f9bd77d9552aee5ab5e3362fba15ce
/Game/_Art/Enemies/Shared/Beasts/WildBoar/Animations/Playback/A_EN_PLAY_AC_WildBoar_Basic_End_03,AnimSequence,Shared/Beasts/WildBoar,Content/_Art/Enemies/Shared/Beasts/WildBoar/Animations/Playback/A_EN_PLAY_AC_WildBoar_Basic_End_03.uasset,210133,c8a9086d899f908f73a474bd39d49667eef8576f375942596c5ade0a789062aa
/Game/_Art/Enemies/Shared/Beasts/WildBoar/Animations/Playback/A_EN_PLAY_AC_WildBoar_Basic_Loop_03,AnimSequence,Shared/Beasts/WildBoar,Content/_Art/Enemies/Shared/Beasts/WildBoar/Animations/Playback/A_EN_PLAY_AC_WildBoar_Basic_Loop_03.uasset,1228148,fd782d2c189609c7df10ae208bcba12e7a2c64792e9558220f818c32d1b1759d
/Game/_Art/Enemies/Shared/Beasts/WildBoar/Animations/Playback/A_EN_PLAY_AC_WildBoar_DamageGrapple_Atk_B_01,AnimSequence,Shared/Beasts/WildBoar,Content/_Art/Enemies/Shared/Beasts/WildBoar/Animations/Playback/A_EN_PLAY_AC_WildBoar_DamageGrapple_Atk_B_01.uasset,362337,2d565680cca36fb428d6b38a0ce517494934dbbdc444ba8dd440097aad028710
/Game/_Art/Enemies/Shared/Beasts/WildBoar/Animations/Playback/A_EN_PLAY_AC_WildBoar_DamageGrapple_Atk_B_02,AnimSequence,Shared/Beasts/WildBoar,Content/_Art/Enemies/Shared/Beasts/WildBoar/Animations/Playback/A_EN_PLAY_AC_WildBoar_DamageGrapple_Atk_B_02.uasset,633039,74686a7c653ac5a6523cb73062af9422fd35a4e3bde9d2cecbafee7441e61cf7
/Game/_Art/Enemies/Shared/Beasts/WildBoar/Animations/Playback/A_EN_PLAY_AC_WildBoar_New_DamageAir_B_Down,AnimSequence,Shared/Beasts/WildBoar,Content/_Art/Enemies/Shared/Beasts/WildBoar/Animations/Playback/A_EN_PLAY_AC_WildBoar_New_DamageAir_B_Down.uasset,106643,f503ab7f3f7447dd50025232aba7f3511c11326aab0bffa68d4240a80d4c7db3
/Game/_Art/Enemies/Shared/Beasts/WildBoar/Animations/Playback/A_EN_PLAY_AC_WildBoar_New_DamageAir_B_Land,AnimSequence,Shared/Beasts/WildBoar,Content/_Art/Enemies/Shared/Beasts/WildBoar/Animations/Playback/A_EN_PLAY_AC_WildBoar_New_DamageAir_B_Land.uasset,243469,0809dc503731d136802148d644de0dcbb5dcf15c1f826b09d80901419e5a1c4f
/Game/_Art/Enemies/Shared/Beasts/WildBoar/Animations/Playback/A_EN_PLAY_AC_WildBoar_New_DamageAir_B_Peak,AnimSequence,Shared/Beasts/WildBoar,Content/_Art/Enemies/Shared/Beasts/WildBoar/Animations/Playback/A_EN_PLAY_AC_WildBoar_New_DamageAir_B_Peak.uasset,94729,650480975cef00517b96bdefa96f9e2255114fcd9abdffbbb6511c738c854929
/Game/_Art/Enemies/Shared/Beasts/WildBoar/Animations/Playback/A_EN_PLAY_AC_WildBoar_New_DamageAir_B_Up,AnimSequence,Shared/Beasts/WildBoar,Content/_Art/Enemies/Shared/Beasts/WildBoar/Animations/Playback/A_EN_PLAY_AC_WildBoar_New_DamageAir_B_Up.uasset,107393,e595e2f512d643cd73473464152348de839756b7f5ee7003482f746421711a62
/Game/_Art/Enemies/Shared/Beasts/WildBoar/Animations/Playback/A_EN_PLAY_AC_WildBoar_New_DamageAir_F_Down,AnimSequence,Shared/Beasts/WildBoar,Content/_Art/Enemies/Shared/Beasts/WildBoar/Animations/Playback/A_EN_PLAY_AC_WildBoar_New_DamageAir_F_Down.uasset,105491,edea7464a4d507271c8a3df42781bb84ffbf55c85fadc24a101e9eddb0c2818d
/Game/_Art/Enemies/Shared/Beasts/WildBoar/Animations/Playback/A_EN_PLAY_AC_WildBoar_New_DamageAir_F_Land,AnimSequence,Shared/Beasts/WildBoar,Content/_Art/Enemies/Shared/Beasts/WildBoar/Animations/Playback/A_EN_PLAY_AC_WildBoar_New_DamageAir_F_Land.uasset,248941,a5ef2bb8c977bac03426887d766a4751d67f479c2db3253c4e2087dc7e553e9b
/Game/_Art/Enemies/Shared/Beasts/WildBoar/Animations/Playback/A_EN_PLAY_AC_WildBoar_New_DamageAir_F_Peak,AnimSequence,Shared/Beasts/WildBoar,Content/_Art/Enemies/Shared/Beasts/WildBoar/Animations/Playback/A_EN_PLAY_AC_WildBoar_New_DamageAir_F_Peak.uasset,94985,4e08d691ff071f802ee54d03f96a2f08b8a76b91d837bf9aa62c7e8468178710
/Game/_Art/Enemies/Shared/Beasts/WildBoar/Animations/Playback/A_EN_PLAY_AC_WildBoar_New_DamageAir_F_Up,AnimSequence,Shared/Beasts/WildBoar,Content/_Art/Enemies/Shared/Beasts/WildBoar/Animations/Playback/A_EN_PLAY_AC_WildBoar_New_DamageAir_F_Up.uasset,108737,11861c46a02da7939b57510974ef4c447fdb0ca4e6a62b72a95dc4173360273f
/Game/_Art/Enemies/Shared/Beasts/WildBoar/Animations/Playback/A_EN_PLAY_AC_WildBoar_New_DamageGrapple_Atk_01,AnimSequence,Shared/Beasts/WildBoar,Content/_Art/Enemies/Shared/Beasts/WildBoar/Animations/Playback/A_EN_PLAY_AC_WildBoar_New_DamageGrapple_Atk_01.uasset,317740,d6bd4a157baab6176e49d6fa6f0cb8af5368f12c1ea11dafa79a1e4586066e6c
/Game/_Art/Enemies/Shared/Beasts/WildBoar/Animations/Playback/A_EN_PLAY_AC_WildBoar_New_DamageGrapple_Atk_02,AnimSequence,Shared/Beasts/WildBoar,Content/_Art/Enemies/Shared/Beasts/WildBoar/Animations/Playback/A_EN_PLAY_AC_WildBoar_New_DamageGrapple_Atk_02.uasset,311770,a6cc5dae3187475fa7f890ff6a9ced63308b4332796c0e54b0cbc0d1f4057cbf
/Game/_Art/Enemies/Shared/Beasts/WildBoar/Animations/Playback/A_EN_PLAY_AC_WildBoar_New_DamageNormal_D_B,AnimSequence,Shared/Beasts/WildBoar,Content/_Art/Enemies/Shared/Beasts/WildBoar/Animations/Playback/A_EN_PLAY_AC_WildBoar_New_DamageNormal_D_B.uasset,419029,f7434f3388f6baa26be91f8377c55b8e0a312166ada9981f6edf7d9668875557
/Game/_Art/Enemies/Shared/Beasts/WildBoar/Animations/Playback/A_EN_PLAY_AC_WildBoar_New_DamageNormal_D_F,AnimSequence,Shared/Beasts/WildBoar,Content/_Art/Enemies/Shared/Beasts/WildBoar/Animations/Playback/A_EN_PLAY_AC_WildBoar_New_DamageNormal_D_F.uasset,198915,894e31c302e811f89569803739ea179c8ee1903a42acf71356b8e351cbb05a4e
/Game/_Art/Enemies/Shared/Beasts/WildBoar/Animations/Playback/A_EN_PLAY_AC_WildBoar_New_DamageNormal_L_F,AnimSequence,Shared/Beasts/WildBoar,Content/_Art/Enemies/Shared/Beasts/WildBoar/Animations/Playback/A_EN_PLAY_AC_WildBoar_New_DamageNormal_L_F.uasset,196099,3651d9b2711ba34f7762b2a9334724705b77c3f4484a29a69da4f111e833359a
/Game/_Art/Enemies/Shared/Beasts/WildBoar/Animations/Playback/A_EN_PLAY_AC_WildBoar_New_DamageNormal_R_F,AnimSequence,Shared/Beasts/WildBoar,Content/_Art/Enemies/Shared/Beasts/WildBoar/Animations/Playback/A_EN_PLAY_AC_WildBoar_New_DamageNormal_R_F.uasset,198915,2cca3ed6111f15378624b38792be90981159556964b648efc5894e068c16eb99
/Game/_Art/Enemies/Shared/Beasts/WildBoar/Animations/Playback/A_EN_PLAY_AC_WildBoar_New_DamageNormal_U_B,AnimSequence,Shared/Beasts/WildBoar,Content/_Art/Enemies/Shared/Beasts/WildBoar/Animations/Playback/A_EN_PLAY_AC_WildBoar_New_DamageNormal_U_B.uasset,436885,2ed2781475a226eee04065e60a1ce7e8449adfec62ed46b3e4b2665e6d8da152
/Game/_Art/Enemies/Shared/Beasts/WildBoar/Animations/Playback/A_EN_PLAY_AC_WildBoar_New_DamageNormal_U_F,AnimSequence,Shared/Beasts/WildBoar,Content/_Art/Enemies/Shared/Beasts/WildBoar/Animations/Playback/A_EN_PLAY_AC_WildBoar_New_DamageNormal_U_F.uasset,197507,bdf25e313940508ea976928eab87d4026626a106a6b1361a39b722c6669e4187
/Game/_Art/Enemies/Shared/Beasts/WildBoar/Animations/Playback/A_EN_PLAY_AC_WildBoar_New_DamageParry_F,AnimSequence,Shared/Beasts/WildBoar,Content/_Art/Enemies/Shared/Beasts/WildBoar/Animations/Playback/A_EN_PLAY_AC_WildBoar_New_DamageParry_F.uasset,320940,ac4952c5ed6441b418be7e7bc8df8fa869da142793595814dcb4a4ca13bf8ec0
/Game/_Art/Enemies/Shared/Beasts/WildBoar/Animations/Playback/A_EN_PLAY_AC_WildBoar_New_DamageStrong_D_F,AnimSequence,Shared/Beasts/WildBoar,Content/_Art/Enemies/Shared/Beasts/WildBoar/Animations/Playback/A_EN_PLAY_AC_WildBoar_New_DamageStrong_D_F.uasset,277060,475650761eaee742cff1f3cff0c401fd400dfbe3e9f132505f22bc6e644fdbbd
/Game/_Art/Enemies/Shared/Beasts/WildBoar/Animations/Playback/A_EN_PLAY_AC_WildBoar_New_DamageStrong_D_F_2,AnimSequence,Shared/Beasts/WildBoar,Content/_Art/Enemies/Shared/Beasts/WildBoar/Animations/Playback/A_EN_PLAY_AC_WildBoar_New_DamageStrong_D_F_2.uasset,273808,9dec8250933812fbc43447f1f7af2b59bf06be7e53510ecac60d0808e4a073e9
/Game/_Art/Enemies/Shared/Beasts/WildBoar/Animations/Playback/A_EN_PLAY_AC_WildBoar_New_DamageStrong_L_F,AnimSequence,Shared/Beasts/WildBoar,Content/_Art/Enemies/Shared/Beasts/WildBoar/Animations/Playback/A_EN_PLAY_AC_WildBoar_New_DamageStrong_L_F.uasset,271620,1756888c98ae8e291eb247cd283497dba3072664569ba33d804b07408ded381a
/Game/_Art/Enemies/Shared/Beasts/WildBoar/Animations/Playback/A_EN_PLAY_AC_WildBoar_New_DamageStrong_R_F,AnimSequence,Shared/Beasts/WildBoar,Content/_Art/Enemies/Shared/Beasts/WildBoar/Animations/Playback/A_EN_PLAY_AC_WildBoar_New_DamageStrong_R_F.uasset,273796,b3cab4373d9ef3f3c05d6740ca854334b118c5d5b5b8481558762bbd88f901a7
/Game/_Art/Enemies/Shared/Beasts/WildBoar/Animations/Playback/A_EN_PLAY_AC_WildBoar_New_DamageStrong_U_F,AnimSequence,Shared/Beasts/WildBoar,Content/_Art/Enemies/Shared/Beasts/WildBoar/Animations/Playback/A_EN_PLAY_AC_WildBoar_New_DamageStrong_U_F.uasset,269444,1236dcb375fd40a6f2711b62ce8684f85ed26ea8d7890f9106994476bcb17254
/Game/_Art/Enemies/Shared/Beasts/WildBoar/Animations/Playback/A_EN_PLAY_AC_WildBoar_New_DamageWeak_D_F,AnimSequence,Shared/Beasts/WildBoar,Content/_Art/Enemies/Shared/Beasts/WildBoar/Animations/Playback/A_EN_PLAY_AC_WildBoar_New_DamageWeak_D_F.uasset,146801,910666d916599211f0bf82d84929a47e2601a9ba2414e5b087c756fec5cd3d1b
/Game/_Art/Enemies/Shared/Beasts/WildBoar/Animations/Playback/A_EN_PLAY_AC_WildBoar_New_DamageWeak_L_F,AnimSequence,Shared/Beasts/WildBoar,Content/_Art/Enemies/Shared/Beasts/WildBoar/Animations/Playback/A_EN_PLAY_AC_WildBoar_New_DamageWeak_L_F.uasset,145969,c4168534efb1616085d41cfec6c5022a206c96fc757857a78d998d50e697f5aa
/Game/_Art/Enemies/Shared/Beasts/WildBoar/Animations/Playback/A_EN_PLAY_AC_WildBoar_New_DamageWeak_R_F,AnimSequence,Shared/Beasts/WildBoar,Content/_Art/Enemies/Shared/Beasts/WildBoar/Animations/Playback/A_EN_PLAY_AC_WildBoar_New_DamageWeak_R_F.uasset,145553,ce7312a29e2013c2d043a33a427827564c1e9e36d7c4c7d7030b604a47088c6c
/Game/_Art/Enemies/Shared/Beasts/WildBoar/Animations/Playback/A_EN_PLAY_AC_WildBoar_New_DamageWeak_U_F,AnimSequence,Shared/Beasts/WildBoar,Content/_Art/Enemies/Shared/Beasts/WildBoar/Animations/Playback/A_EN_PLAY_AC_WildBoar_New_DamageWeak_U_F.uasset,145969,2ed3eb83767e925d1ff5f2bc1e844c4c4b959e3cf8121c743a7c75be99b537a2
/Game/_Art/Enemies/Shared/Beasts/WildBoar/Animations/Playback/A_EN_PLAY_AC_WildBoar_New_Dash_Attack1,AnimSequence,Shared/Beasts/WildBoar,Content/_Art/Enemies/Shared/Beasts/WildBoar/Animations/Playback/A_EN_PLAY_AC_WildBoar_New_Dash_Attack1.uasset,597175,1163010f9dd208bf5077bb51bf044475f9e329e52a3fdff9f1ab8c25988dc573
/Game/_Art/Enemies/Shared/Beasts/WildBoar/Animations/Playback/A_EN_PLAY_AC_WildBoar_New_Dash_Attack2,AnimSequence,Shared/Beasts/WildBoar,Content/_Art/Enemies/Shared/Beasts/WildBoar/Animations/Playback/A_EN_PLAY_AC_WildBoar_New_Dash_Attack2.uasset,1385433,d846ad2522594a81f226e15ec8dcf6e70d2bdbba463abd0d46f855a0a0b2d18f
/Game/_Art/Enemies/Shared/Beasts/WildBoar/Animations/Playback/A_EN_PLAY_AC_WildBoar_New_Dash_Away,AnimSequence,Shared/Beasts/WildBoar,Content/_Art/Enemies/Shared/Beasts/WildBoar/Animations/Playback/A_EN_PLAY_AC_WildBoar_New_Dash_Away.uasset,681458,7c57f963873228820b1ef96b85e6ad2b627f0d7998dd88bad860c517a245cb5f
/Game/_Art/Enemies/Shared/Beasts/WildBoar/Animations/Playback/A_EN_PLAY_AC_WildBoar_New_Dash_Dig,AnimSequence,Shared/Beasts/WildBoar,Content/_Art/Enemies/Shared/Beasts/WildBoar/Animations/Playback/A_EN_PLAY_AC_WildBoar_New_Dash_Dig.uasset,946293,e723b1a6052bcfa8f28f19a6b2ff251d59fc0c994444fac39b193c5604db4840
/Game/_Art/Enemies/Shared/Beasts/WildBoar/Animations/Playback/A_EN_PLAY_AC_WildBoar_New_Dash_End,AnimSequence,Shared/Beasts/WildBoar,Content/_Art/Enemies/Shared/Beasts/WildBoar/Animations/Playback/A_EN_PLAY_AC_WildBoar_New_Dash_End.uasset,285318,96f85e1f082dc56a37ea8785cd64b16e97b7868ed2e00bf7a3a236a9664bd605
/Game/_Art/Enemies/Shared/Beasts/WildBoar/Animations/Playback/A_EN_PLAY_AC_WildBoar_New_Dash_Loop_Far,AnimSequence,Shared/Beasts/WildBoar,Content/_Art/Enemies/Shared/Beasts/WildBoar/Animations/Playback/A_EN_PLAY_AC_WildBoar_New_Dash_Loop_Far.uasset,980634,8ee91074eb585dd820d6991f0a1332ea8d8de104b1b6ff1e66062eaa9947879a
/Game/_Art/Enemies/Shared/Beasts/WildBoar/Animations/Playback/A_EN_PLAY_AC_WildBoar_New_Dash_ReStart,AnimSequence,Shared/Beasts/WildBoar,Content/_Art/Enemies/Shared/Beasts/WildBoar/Animations/Playback/A_EN_PLAY_AC_WildBoar_New_Dash_ReStart.uasset,151393,4645ff1fe2a263064e2335455d83a877e51eb52bad16dedc432a83f001ebb830
/Game/_Art/Enemies/Shared/Beasts/WildBoar/Animations/Playback/A_EN_PLAY_AC_WildBoar_New_Dash_Start,AnimSequence,Shared/Beasts/WildBoar,Content/_Art/Enemies/Shared/Beasts/WildBoar/Animations/Playback/A_EN_PLAY_AC_WildBoar_New_Dash_Start.uasset,370657,110c56800b4ba596aa60caa058f0a295c62f09dd8bdd86ceea82f48ef00dcfd7
/Game/_Art/Enemies/Shared/Beasts/WildBoar/Animations/Playback/A_EN_PLAY_AC_WildBoar_New_Die_F,AnimSequence,Shared/Beasts/WildBoar,Content/_Art/Enemies/Shared/Beasts/WildBoar/Animations/Playback/A_EN_PLAY_AC_WildBoar_New_Die_F.uasset,1214532,e237a5e92fa21d67cfd0811a200fdb39feecc0dd75102b3b36ecbf466db34423
/Game/_Art/Enemies/Shared/Beasts/WildBoar/Animations/Playback/A_EN_PLAY_AC_WildBoar_New_DownDie_B,AnimSequence,Shared/Beasts/WildBoar,Content/_Art/Enemies/Shared/Beasts/WildBoar/Animations/Playback/A_EN_PLAY_AC_WildBoar_New_DownDie_B.uasset,942348,88e437188bc03ded68c1eaeb4597815591b7853f3d10cae2c18df1c58236b169
/Game/_Art/Enemies/Shared/Beasts/WildBoar/Animations/Playback/A_EN_PLAY_AC_WildBoar_New_DownDie_F,AnimSequence,Shared/Beasts/WildBoar,Content/_Art/Enemies/Shared/Beasts/WildBoar/Animations/Playback/A_EN_PLAY_AC_WildBoar_New_DownDie_F.uasset,600620,da43f682111f37846ed1076dec9bc426a4d21d7c663b642bbd1ae4aa5a48b636
/Game/_Art/Enemies/Shared/Beasts/WildBoar/Animations/Playback/A_EN_PLAY_AC_WildBoar_New_Down_B_Loop,AnimSequence,Shared/Beasts/WildBoar,Content/_Art/Enemies/Shared/Beasts/WildBoar/Animations/Playback/A_EN_PLAY_AC_WildBoar_New_Down_B_Loop.uasset,222358,032ac29ca82f2b3f8e7ebd0e60f3a36e996a249ec61ed431e1a232277e8a7155
/Game/_Art/Enemies/Shared/Beasts/WildBoar/Animations/Playback/A_EN_PLAY_AC_WildBoar_New_Down_F_Loop,AnimSequence,Shared/Beasts/WildBoar,Content/_Art/Enemies/Shared/Beasts/WildBoar/Animations/Playback/A_EN_PLAY_AC_WildBoar_New_Down_F_Loop.uasset,163830,2181c630cd0bf91eea0d2cf8827318c85ec1a9bd128813e0c7b69df8fca50e0e
/Game/_Art/Enemies/Shared/Beasts/WildBoar/Animations/Playback/A_EN_PLAY_AC_WildBoar_New_Getup_B,AnimSequence,Shared/Beasts/WildBoar,Content/_Art/Enemies/Shared/Beasts/WildBoar/Animations/Playback/A_EN_PLAY_AC_WildBoar_New_Getup_B.uasset,412740,bc7f0991f92a9a23731d8f7b0cb8b68f9119f3337651f14b3498f8d3c5c0ce8a
/Game/_Art/Enemies/Shared/Beasts/WildBoar/Animations/Playback/A_EN_PLAY_AC_WildBoar_New_Getup_F,AnimSequence,Shared/Beasts/WildBoar,Content/_Art/Enemies/Shared/Beasts/WildBoar/Animations/Playback/A_EN_PLAY_AC_WildBoar_New_Getup_F.uasset,336338,2361fa3fa51b17827e4daed4aa14f844c097b4a60995b6b93f57b56fad6faf73
/Game/_Art/Enemies/Shared/Beasts/WildBoar/Animations/Playback/A_EN_PLAY_AC_WildBoar_New_Groggy_End,AnimSequence,Shared/Beasts/WildBoar,Content/_Art/Enemies/Shared/Beasts/WildBoar/Animations/Playback/A_EN_PLAY_AC_WildBoar_New_Groggy_End.uasset,255090,106c021835b7fd7678f9fbf3809c3b21cc46a660c82761f7911ee4809a79d3d4
/Game/_Art/Enemies/Shared/Beasts/WildBoar/Animations/Playback/A_EN_PLAY_AC_WildBoar_New_Groggy_Loop,AnimSequence,Shared/Beasts/WildBoar,Content/_Art/Enemies/Shared/Beasts/WildBoar/Animations/Playback/A_EN_PLAY_AC_WildBoar_New_Groggy_Loop.uasset,857901,81596e49a5ebeb3cb37c9fc44ffffbf879e4b8c992a3e8b1d59fdd3821785ebb
/Game/_Art/Enemies/Shared/Beasts/WildBoar/Animations/Playback/A_EN_PLAY_AC_WildBoar_New_Groggy_Start,AnimSequence,Shared/Beasts/WildBoar,Content/_Art/Enemies/Shared/Beasts/WildBoar/Animations/Playback/A_EN_PLAY_AC_WildBoar_New_Groggy_Start.uasset,197432,96bd4258756ab08843b5bed06e7dd4935fcd36ac6698b712879c116f7bf85392
/Game/_Art/Enemies/Shared/Beasts/WildBoar/Animations/Playback/A_EN_PLAY_AC_WildBoar_New_HeadButt,AnimSequence,Shared/Beasts/WildBoar,Content/_Art/Enemies/Shared/Beasts/WildBoar/Animations/Playback/A_EN_PLAY_AC_WildBoar_New_HeadButt.uasset,1053041,3dac13403f6094940ae3608ac6b542a023c6b36f3ae35686be1368474532f56e
/Game/_Art/Enemies/Shared/Beasts/WildBoar/Animations/Playback/A_EN_PLAY_AC_WildBoar_New_PartGroggy_End,AnimSequence,Shared/Beasts/WildBoar,Content/_Art/Enemies/Shared/Beasts/WildBoar/Animations/Playback/A_EN_PLAY_AC_WildBoar_New_PartGroggy_End.uasset,263120,8c37a3d7ec6e5c3dd77cd20beb95079c9a80fda3d4e9389250409d1cf4012af6
/Game/_Art/Enemies/Shared/Beasts/WildBoar/Animations/Playback/A_EN_PLAY_AC_WildBoar_New_PartGroggy_Loop,AnimSequence,Shared/Beasts/WildBoar,Content/_Art/Enemies/Shared/Beasts/WildBoar/Animations/Playback/A_EN_PLAY_AC_WildBoar_New_PartGroggy_Loop.uasset,184760,1b5b13788e86fb0b7ffb77d17fedc04c721eafee4cf68d3f66edf4dcf7c977fb
/Game/_Art/Enemies/Shared/Beasts/WildBoar/Animations/Playback/A_EN_PLAY_AC_WildBoar_New_PartGroggy_Start,AnimSequence,Shared/Beasts/WildBoar,Content/_Art/Enemies/Shared/Beasts/WildBoar/Animations/Playback/A_EN_PLAY_AC_WildBoar_New_PartGroggy_Start.uasset,647383,8007dcbd666e1affd5b82f2c1bcc84e5a0eaa3e959f21d6ca02bce468aa1a3bb
/Game/_Art/Enemies/Shared/Beasts/WildBoar/Animations/Playback/A_EN_PLAY_AC_WildBoar_New_Roar,AnimSequence,Shared/Beasts/WildBoar,Content/_Art/Enemies/Shared/Beasts/WildBoar/Animations/Playback/A_EN_PLAY_AC_WildBoar_New_Roar.uasset,517507,2dde6033794c26da13b9abe3ee4d67f443ec00241c9112eddff0782f0ad44d4b
/Game/_Art/Enemies/Shared/Beasts/WildBoar/Animations/Playback/A_EN_PLAY_AC_WildBoar_New_Sniff,AnimSequence,Shared/Beasts/WildBoar,Content/_Art/Enemies/Shared/Beasts/WildBoar/Animations/Playback/A_EN_PLAY_AC_WildBoar_New_Sniff.uasset,951858,a6306250ddb61c5e9b52720a693610379b2baf96a34ef0672f50816b196ba1a7
/Game/_Art/Enemies/Shared/Beasts/WildBoar/Animations/Playback/A_EN_PLAY_AC_WildBoar_New_Turn_L,AnimSequence,Shared/Beasts/WildBoar,Content/_Art/Enemies/Shared/Beasts/WildBoar/Animations/Playback/A_EN_PLAY_AC_WildBoar_New_Turn_L.uasset,403501,4576b9e653953f5463c826c3ec0e4d4fb8802bbfe6baa1786f4b66e463165f39
/Game/_Art/Enemies/Shared/Beasts/WildBoar/Animations/Playback/A_EN_PLAY_AC_WildBoar_New_Turn_L_180,AnimSequence,Shared/Beasts/WildBoar,Content/_Art/Enemies/Shared/Beasts/WildBoar/Animations/Playback/A_EN_PLAY_AC_WildBoar_New_Turn_L_180.uasset,622249,e08a27443aa8ad10f903b8b249ac172e88c4ef0fbcd640337320979f62e44acf
/Game/_Art/Enemies/Shared/Beasts/WildBoar/Animations/Playback/A_EN_PLAY_AC_WildBoar_New_Turn_L_180_38538cce,AnimSequence,Shared/Beasts/WildBoar,Content/_Art/Enemies/Shared/Beasts/WildBoar/Animations/Playback/A_EN_PLAY_AC_WildBoar_New_Turn_L_180_38538cce.uasset,571860,e27996411281252db5f7df6b7c9659ee394024470dc69e454aaf4e707218758d
/Game/_Art/Enemies/Shared/Beasts/WildBoar/Animations/Playback/A_EN_PLAY_AC_WildBoar_New_Turn_L_199a9010,AnimSequence,Shared/Beasts/WildBoar,Content/_Art/Enemies/Shared/Beasts/WildBoar/Animations/Playback/A_EN_PLAY_AC_WildBoar_New_Turn_L_199a9010.uasset,379984,1548c4edb0fee65a0ea1f888f2714b6ca984043cb4dfcad159388f16bf526afd
/Game/_Art/Enemies/Shared/Beasts/WildBoar/Animations/Playback/A_EN_PLAY_AC_WildBoar_New_Turn_R,AnimSequence,Shared/Beasts/WildBoar,Content/_Art/Enemies/Shared/Beasts/WildBoar/Animations/Playback/A_EN_PLAY_AC_WildBoar_New_Turn_R.uasset,407085,1027289904e255b8745c283d4367a21f64bf92084361d1a775dbcbbd7b4b0746
/Game/_Art/Enemies/Shared/Beasts/WildBoar/Animations/Playback/A_EN_PLAY_AC_WildBoar_New_Turn_R_180,AnimSequence,Shared/Beasts/WildBoar,Content/_Art/Enemies/Shared/Beasts/WildBoar/Animations/Playback/A_EN_PLAY_AC_WildBoar_New_Turn_R_180.uasset,625033,8d137c5a27baf40e1eba349d701818101ab7f307a8db6500c5b6437197589af0
/Game/_Art/Enemies/Shared/Beasts/WildBoar/Animations/Playback/A_EN_PLAY_AC_WildBoar_New_Turn_R_180_c3622a63,AnimSequence,Shared/Beasts/WildBoar,Content/_Art/Enemies/Shared/Beasts/WildBoar/Animations/Playback/A_EN_PLAY_AC_WildBoar_New_Turn_R_180_c3622a63.uasset,574388,91157067f7674487cb45a70390d789e62478c81aed3eda192314495bc019e15c
/Game/_Art/Enemies/Shared/Beasts/WildBoar/Animations/Playback/A_EN_PLAY_AC_WildBoar_New_Turn_R_c4308f7d,AnimSequence,Shared/Beasts/WildBoar,Content/_Art/Enemies/Shared/Beasts/WildBoar/Animations/Playback/A_EN_PLAY_AC_WildBoar_New_Turn_R_c4308f7d.uasset,383312,cabdb3c2f0c28d9f717fedf29a2951a194de5eccde2064414e6d07ac848b9dcc
/Game/_Art/Enemies/Shared/Beasts/WildBoar/Animations/Playback/A_EN_PLAY_CA_M_WildBoar_LockOnMove_B,AnimSequence,Shared/Beasts/WildBoar,Content/_Art/Enemies/Shared/Beasts/WildBoar/Animations/Playback/A_EN_PLAY_CA_M_WildBoar_LockOnMove_B.uasset,181198,cdbc04c3046a1316ff45475305f97dd25717d585dbabc3b2b4c2e4a74e8a926e
/Game/_Art/Enemies/Shared/Beasts/WildBoar/Animations/Playback/A_EN_PLAY_CA_M_WildBoar_LockOnMove_F,AnimSequence,Shared/Beasts/WildBoar,Content/_Art/Enemies/Shared/Beasts/WildBoar/Animations/Playback/A_EN_PLAY_CA_M_WildBoar_LockOnMove_F.uasset,274447,868742c6a124ebf1fc5797c51bea65ba2f7fdff7bfcfbfd29e3ac69ab5e95915
/Game/_Art/Enemies/Shared/Beasts/WildBoar/Animations/Playback/A_EN_PLAY_CA_M_WildBoar_LockOnMove_L,AnimSequence,Shared/Beasts/WildBoar,Content/_Art/Enemies/Shared/Beasts/WildBoar/Animations/Playback/A_EN_PLAY_CA_M_WildBoar_LockOnMove_L.uasset,249647,9c49118f0477e8e3c19202d4983e9c7442de220ab3d42c9008429c3445ac8570
/Game/_Art/Enemies/Shared/Beasts/WildBoar/Animations/Playback/A_EN_PLAY_CA_M_WildBoar_LockOnMove_R,AnimSequence,Shared/Beasts/WildBoar,Content/_Art/Enemies/Shared/Beasts/WildBoar/Animations/Playback/A_EN_PLAY_CA_M_WildBoar_LockOnMove_R.uasset,249647,690c9dc6ed8ef31e900769bf1c877737b9213d2046a3dfe148df580e00e8bdaa
/Game/_Art/Enemies/Shared/Beasts/WildBoar/Animations/Playback/A_EN_PLAY_CA_M_WildBoar_Run_F,AnimSequence,Shared/Beasts/WildBoar,Content/_Art/Enemies/Shared/Beasts/WildBoar/Animations/Playback/A_EN_PLAY_CA_M_WildBoar_Run_F.uasset,150104,4badffd00d1b4046385ada417e7bdcc5c8a2b1f7903366afd94141d91ab3d413
/Game/_Art/Enemies/Shared/Beasts/WildBoar/Animations/Playback/A_EN_PLAY_CA_M_WildBoar_Run_FL,AnimSequence,Shared/Beasts/WildBoar,Content/_Art/Enemies/Shared/Beasts/WildBoar/Animations/Playback/A_EN_PLAY_CA_M_WildBoar_Run_FL.uasset,150559,4a1d50325e10e64675455388b7bead75128b95a7f3dd5303879d175c95e3fde3
/Game/_Art/Enemies/Shared/Beasts/WildBoar/Animations/Playback/A_EN_PLAY_CA_M_WildBoar_Run_FR,AnimSequence,Shared/Beasts/WildBoar,Content/_Art/Enemies/Shared/Beasts/WildBoar/Animations/Playback/A_EN_PLAY_CA_M_WildBoar_Run_FR.uasset,150559,45d1f3c21a10212081394295a1e748b2eb49beffe4ddc0e6757b8934979b652d
/Game/_Art/Enemies/Shared/Beasts/WildBoar/Animations/Playback/A_EN_PLAY_CA_M_WildBoar_Stand_F,AnimSequence,Shared/Beasts/WildBoar,Content/_Art/Enemies/Shared/Beasts/WildBoar/Animations/Playback/A_EN_PLAY_CA_M_WildBoar_Stand_F.uasset,952350,502a7ab6cfdec258659ed4ef575ac00731de212a70f85874d31c7c3dc287e8fe
/Game/_Art/Enemies/Shared/Beasts/WildBoar/Animations/Playback/A_EN_PLAY_CA_M_WildBoar_Walk_F,AnimSequence,Shared/Beasts/WildBoar,Content/_Art/Enemies/Shared/Beasts/WildBoar/Animations/Playback/A_EN_PLAY_CA_M_WildBoar_Walk_F.uasset,280357,739d6a385309b9931cac329a99c0fca300c09234fe517d5c45c7a13a7611d02c
/Game/_Art/Enemies/Shared/Beasts/WildBoar/Animations/Playback/A_EN_PLAY_CA_M_WildBoar_Walk_FL,AnimSequence,Shared/Beasts/WildBoar,Content/_Art/Enemies/Shared/Beasts/WildBoar/Animations/Playback/A_EN_PLAY_CA_M_WildBoar_Walk_FL.uasset,279372,2779d6cd9fdb85580ce7c4b5488ff5c2a6c4d9822943e33602c93e5fd2f04ba5
/Game/_Art/Enemies/Shared/Beasts/WildBoar/Animations/Playback/A_EN_PLAY_CA_M_WildBoar_Walk_FR,AnimSequence,Shared/Beasts/WildBoar,Content/_Art/Enemies/Shared/Beasts/WildBoar/Animations/Playback/A_EN_PLAY_CA_M_WildBoar_Walk_FR.uasset,278380,ac9caa7a85b2695c062cb831476278f0eec92e3bd02617b0e0deeb8ffcbe1c68
/Game/_Art/Enemies/Shared/Beasts/WildBoar/Blueprints/BP_EN_WildBoar_CoatV1,Blueprint,Shared/Beasts/WildBoar,Content/_Art/Enemies/Shared/Beasts/WildBoar/Blueprints/BP_EN_WildBoar_CoatV1.uasset,31936,5c3b133f9380fa51daab7d58799ac2a456d5bb7859d106505d18fa7ef2765882
/Game/_Art/Enemies/Shared/Beasts/WildBoar/Blueprints/BP_EN_WildBoar_CoatV2,Blueprint,Shared/Beasts/WildBoar,Content/_Art/Enemies/Shared/Beasts/WildBoar/Blueprints/BP_EN_WildBoar_CoatV2.uasset,31944,d0cc19040ab7d6b25c774bb72407a778621e3a579fd32d362b0122df03a43179
/Game/_Art/Enemies/Shared/Beasts/WildBoar/Blueprints/BP_EN_WildBoar_CoatV3,Blueprint,Shared/Beasts/WildBoar,Content/_Art/Enemies/Shared/Beasts/WildBoar/Blueprints/BP_EN_WildBoar_CoatV3.uasset,31944,fd2b026ccebf4786268ee22484a849dfa0aadd072dceca381496b13c5132746b
/Game/_Art/Enemies/Shared/Beasts/WildBoar/Materials/Instances/MI_EN_WildBoar_BASE_AllMaster_AK,MaterialInstanceConstant,Shared/Beasts/WildBoar,Content/_Art/Enemies/Shared/Beasts/WildBoar/Materials/Instances/MI_EN_WildBoar_BASE_AllMaster_AK.uasset,260239,7c0c1612294a796c95511f4da8d35f537cea128c1d22afc89b166e070620113a
/Game/_Art/Enemies/Shared/Beasts/WildBoar/Materials/Instances/MI_EN_WildBoar_BASE_Default_AK,MaterialInstanceConstant,Shared/Beasts/WildBoar,Content/_Art/Enemies/Shared/Beasts/WildBoar/Materials/Instances/MI_EN_WildBoar_BASE_Default_AK.uasset,235048,c29ebd2686fbcfc8b3ea02be0ba20e31450e946750e5e0a34e9b56d95e7caa36
/Game/_Art/Enemies/Shared/Beasts/WildBoar/Materials/Instances/MI_EN_WildBoar_Base_Eyes_AK,MaterialInstanceConstant,Shared/Beasts/WildBoar,Content/_Art/Enemies/Shared/Beasts/WildBoar/Materials/Instances/MI_EN_WildBoar_Base_Eyes_AK.uasset,72238,8383fa788104755c8e06eae83b1d882761586bddc86cf6409a630af1ea510969
/Game/_Art/Enemies/Shared/Beasts/WildBoar/Materials/Instances/MI_EN_WildBoar_CM_M_WildBoar,MaterialInstanceConstant,Shared/Beasts/WildBoar,Content/_Art/Enemies/Shared/Beasts/WildBoar/Materials/Instances/MI_EN_WildBoar_CM_M_WildBoar.uasset,243758,5f00f9aedcb477e28cf71f07aefea91f88be7e73be5f7d753acb653d0f74f131
/Game/_Art/Enemies/Shared/Beasts/WildBoar/Materials/Instances/MI_EN_WildBoar_CM_M_WildBoarV2,MaterialInstanceConstant,Shared/Beasts/WildBoar,Content/_Art/Enemies/Shared/Beasts/WildBoar/Materials/Instances/MI_EN_WildBoar_CM_M_WildBoarV2.uasset,243882,c62830ed8ce3b03bc7770a2312f82eb4bab12ba2137ca4aeace14cde7223b665
/Game/_Art/Enemies/Shared/Beasts/WildBoar/Materials/Instances/MI_EN_WildBoar_CM_M_WildBoarV3,MaterialInstanceConstant,Shared/Beasts/WildBoar,Content/_Art/Enemies/Shared/Beasts/WildBoar/Materials/Instances/MI_EN_WildBoar_CM_M_WildBoarV3.uasset,243544,b523c54f92ddbbcfb00aedafee5627ea44a2fd3fec23eb0c8ee332cbb235e2a2
/Game/_Art/Enemies/Shared/Beasts/WildBoar/Materials/Instances/MI_EN_WildBoar_CM_M_WildBoar_Eye,MaterialInstanceConstant,Shared/Beasts/WildBoar,Content/_Art/Enemies/Shared/Beasts/WildBoar/Materials/Instances/MI_EN_WildBoar_CM_M_WildBoar_Eye.uasset,71128,239cd4627fd45cc4b77aafd34d1bb9b0e13ad79c970ec18077491f966a352d9d
/Game/_Art/Enemies/Shared/Beasts/WildBoar/Materials/Masters/M_EN_WildBoar_EyePreview,Material,Shared/Beasts/WildBoar,Content/_Art/Enemies/Shared/Beasts/WildBoar/Materials/Masters/M_EN_WildBoar_EyePreview.uasset,107812,c724772e6c5c61f8c2096238cdad242f9fe063f1b2d420cb5b0aee53b4e5c339
/Game/_Art/Enemies/Shared/Beasts/WildBoar/Materials/Masters/M_EN_WildBoar_SurfacePreview,Material,Shared/Beasts/WildBoar,Content/_Art/Enemies/Shared/Beasts/WildBoar/Materials/Masters/M_EN_WildBoar_SurfacePreview.uasset,263610,add7848a93a7ae71627909f4709b0e873aae66b0b662359818f8a5d0b537064e
/Game/_Art/Enemies/Shared/Beasts/WildBoar/Meshes/SK_EN_WildBoar,SkeletalMesh,Shared/Beasts/WildBoar,Content/_Art/Enemies/Shared/Beasts/WildBoar/Meshes/SK_EN_WildBoar.uasset,2115936,8c93abed0bd29f3bf3a78c4adc9ab8d9fa300db499eff5822dcbc84c5dae9f29
/Game/_Art/Enemies/Shared/Beasts/WildBoar/Preview/L_EN_WildBoar_Catalogue,World,Shared/Beasts/WildBoar,Content/_Art/Enemies/Shared/Beasts/WildBoar/Preview/L_EN_WildBoar_Catalogue.umap,23298,4a6cfdd9db0f1eb109cf18c78ef352dd6c0ce3f017efac7e34c2e11008ff1a48
/Game/_Art/Enemies/Shared/Beasts/WildBoar/Skeletons/SKEL_EN_WildBoar,Skeleton,Shared/Beasts/WildBoar,Content/_Art/Enemies/Shared/Beasts/WildBoar/Skeletons/SKEL_EN_WildBoar.uasset,17526,ab4085ca335338a45f295b37e4d7186b9979a95a2f33da44e24542f150ba9a2f
/Game/_Art/Enemies/Shared/Beasts/WildBoar/Textures/T_EN_WildBoar_BASE_Black,Texture2D,Shared/Beasts/WildBoar,Content/_Art/Enemies/Shared/Beasts/WildBoar/Textures/T_EN_WildBoar_BASE_Black.uasset,5211,17afd5d1937101fdef94a2eaac0c2647c4cc5c967f955c59a7032adc56b0037e
/Game/_Art/Enemies/Shared/Beasts/WildBoar/Textures/T_EN_WildBoar_BASE_Black_NoneSRGB,Texture2D,Shared/Beasts/WildBoar,Content/_Art/Enemies/Shared/Beasts/WildBoar/Textures/T_EN_WildBoar_BASE_Black_NoneSRGB.uasset,5328,2234fddfe3e2f1f073528f2a1dad7f7838df391518f67de2e1774ff45524b90a
/Game/_Art/Enemies/Shared/Beasts/WildBoar/Textures/T_EN_WildBoar_BASE_Blue,Texture2D,Shared/Beasts/WildBoar,Content/_Art/Enemies/Shared/Beasts/WildBoar/Textures/T_EN_WildBoar_BASE_Blue.uasset,5264,4c60d16e76742e7ecde0333258127f428d6ff4167d49a2edc4a8745cd361d92e
/Game/_Art/Enemies/Shared/Beasts/WildBoar/Textures/T_EN_WildBoar_BASE_Disolve,Texture2D,Shared/Beasts/WildBoar,Content/_Art/Enemies/Shared/Beasts/WildBoar/Textures/T_EN_WildBoar_BASE_Disolve.uasset,71241,ea9e7a98eabd1be660c5e54e8415f81c49d26dcc0a3887bf706781dd105cab7d
/Game/_Art/Enemies/Shared/Beasts/WildBoar/Textures/T_EN_WildBoar_BASE_Normal,Texture2D,Shared/Beasts/WildBoar,Content/_Art/Enemies/Shared/Beasts/WildBoar/Textures/T_EN_WildBoar_BASE_Normal.uasset,5655,59240574a2a8b6a5761bb4c8f475b102ef802c0da124aec6f1618299973ba4fd
/Game/_Art/Enemies/Shared/Beasts/WildBoar/Textures/T_EN_WildBoar_BASE_SAPE,Texture2D,Shared/Beasts/WildBoar,Content/_Art/Enemies/Shared/Beasts/WildBoar/Textures/T_EN_WildBoar_BASE_SAPE.uasset,10956,ee97a6488fcc768502a9d8c057dffa4968a22ed7893b699f7b68ed1e68a9e9b5
/Game/_Art/Enemies/Shared/Beasts/WildBoar/Textures/T_EN_WildBoar_BASE_SAPE_9dc7c1cd,Texture2D,Shared/Beasts/WildBoar,Content/_Art/Enemies/Shared/Beasts/WildBoar/Textures/T_EN_WildBoar_BASE_SAPE_9dc7c1cd.uasset,10938,ee7623a69a1fbcebcc17f5131d8537f019ff44ee6241c4c0f2c8aba7afece611
/Game/_Art/Enemies/Shared/Beasts/WildBoar/Textures/T_EN_WildBoar_CT_M_BladePhantom_EfEye_S,Texture2D,Shared/Beasts/WildBoar,Content/_Art/Enemies/Shared/Beasts/WildBoar/Textures/T_EN_WildBoar_CT_M_BladePhantom_EfEye_S.uasset,7647,268d74f46f9e09fd317402fbfdcbc024d7521dbc16c3f196a6fa14d0d4a628ca
/Game/_Art/Enemies/Shared/Beasts/WildBoar/Textures/T_EN_WildBoar_CT_M_WildBoarV2_D,Texture2D,Shared/Beasts/WildBoar,Content/_Art/Enemies/Shared/Beasts/WildBoar/Textures/T_EN_WildBoar_CT_M_WildBoarV2_D.uasset,1307375,2bfaf212cebed31c8302da4c5b08a29e17909ddebc8498b509d4dd7f8e34805c
/Game/_Art/Enemies/Shared/Beasts/WildBoar/Textures/T_EN_WildBoar_CT_M_WildBoarV3_D,Texture2D,Shared/Beasts/WildBoar,Content/_Art/Enemies/Shared/Beasts/WildBoar/Textures/T_EN_WildBoar_CT_M_WildBoarV3_D.uasset,1247944,98e630ef9b43e8692094dccbf65b79ab0ff85eb23cc5741eca753b7ef420a3c8
/Game/_Art/Enemies/Shared/Beasts/WildBoar/Textures/T_EN_WildBoar_CT_M_WildBoar_D,Texture2D,Shared/Beasts/WildBoar,Content/_Art/Enemies/Shared/Beasts/WildBoar/Textures/T_EN_WildBoar_CT_M_WildBoar_D.uasset,1356011,ccab256ddc4bd44748464f484c4fa6607787e54d8697f48ca75dc2a0a32d7347
/Game/_Art/Enemies/Shared/Beasts/WildBoar/Textures/T_EN_WildBoar_CT_M_WildBoar_E,Texture2D,Shared/Beasts/WildBoar,Content/_Art/Enemies/Shared/Beasts/WildBoar/Textures/T_EN_WildBoar_CT_M_WildBoar_E.uasset,65744,b7ab07064c536a2c343e61c1084174e66f03384d012b4409964a680c4165cf6d
/Game/_Art/Enemies/Shared/Beasts/WildBoar/Textures/T_EN_WildBoar_CT_M_WildBoar_I,Texture2D,Shared/Beasts/WildBoar,Content/_Art/Enemies/Shared/Beasts/WildBoar/Textures/T_EN_WildBoar_CT_M_WildBoar_I.uasset,5905008,1e76b2070e056e1b5840c0fa8eea516b649c8161683259b6ab4f39967d6cb231
/Game/_Art/Enemies/Shared/Beasts/WildBoar/Textures/T_EN_WildBoar_CT_M_WildBoar_N,Texture2D,Shared/Beasts/WildBoar,Content/_Art/Enemies/Shared/Beasts/WildBoar/Textures/T_EN_WildBoar_CT_M_WildBoar_N.uasset,2229545,5b757b46c0af9b2d2039794889cd8a91f02c58fd8e165caa84504300e4c3e604
/Game/_Art/Enemies/Shared/Beasts/WildBoar/Textures/T_EN_WildBoar_CT_M_WildBoar_S,Texture2D,Shared/Beasts/WildBoar,Content/_Art/Enemies/Shared/Beasts/WildBoar/Textures/T_EN_WildBoar_CT_M_WildBoar_S.uasset,968342,3501315bab8bea5b803ec424bbbc69c30acc690f2aadd982f3b8d3635bcb1366
/Game/_Art/Enemies/Shared/Beasts/WildBoar/Textures/T_EN_WildBoar_CT_M_Yetuga_Eye_E,Texture2D,Shared/Beasts/WildBoar,Content/_Art/Enemies/Shared/Beasts/WildBoar/Textures/T_EN_WildBoar_CT_M_Yetuga_Eye_E.uasset,20288,e2ac354bc56969382eca7541187e6f893f6a58af99697127e99caff580ab7f67
/Game/_Art/Enemies/Shared/Beasts/WildBoar/Textures/T_EN_WildBoar_CT_P_Kazan_Eye001_E,Texture2D,Shared/Beasts/WildBoar,Content/_Art/Enemies/Shared/Beasts/WildBoar/Textures/T_EN_WildBoar_CT_P_Kazan_Eye001_E.uasset,28437,f577b077989994f2a97d9f06c5fd1afb0103f46dfd2ad8717ee8f5f5df5ba4f7
/Game/_Art/Enemies/Shared/Beasts/WildBoar/Textures/T_EN_WildBoar_CT_P_Kazan_Eye001_S,Texture2D,Shared/Beasts/WildBoar,Content/_Art/Enemies/Shared/Beasts/WildBoar/Textures/T_EN_WildBoar_CT_P_Kazan_Eye001_S.uasset,21534,106d81af46ab965d9374380db92dc59de44b66033f0ad25adc398a348a3bcfb1
/Game/_Art/Enemies/Shared/Beasts/WildBoar/Textures/T_EN_WildBoar_FT_BloodDecalTile_test_001,Texture2D,Shared/Beasts/WildBoar,Content/_Art/Enemies/Shared/Beasts/WildBoar/Textures/T_EN_WildBoar_FT_BloodDecalTile_test_001.uasset,653296,ed5a651ae19e5ec65d92e265ae3d83cc848fe0bec1680d0a447de01b3f15b133
/Game/_Art/Enemies/Shared/Beasts/WildBoar/Textures/T_EN_WildBoar_FT_Noise_Flow_003_GrayScale,Texture2D,Shared/Beasts/WildBoar,Content/_Art/Enemies/Shared/Beasts/WildBoar/Textures/T_EN_WildBoar_FT_Noise_Flow_003_GrayScale.uasset,314142,71d7ca7f4c72350759f403e108b251da8bfc516faf1c2c50cef66b5e47f6f742
/Game/_Art/Enemies/Shared/Beasts/WildDog/Animations/Playback/A_EN_PLAY_AC_M_PicaDog_Bite_Ready,AnimSequence,Shared/Beasts/WildDog,Content/_Art/Enemies/Shared/Beasts/WildDog/Animations/Playback/A_EN_PLAY_AC_M_PicaDog_Bite_Ready.uasset,173588,5256cebdcc01e7d52c20bdb12e13f52214e73409802f87c1c4930cb510a01e5c
/Game/_Art/Enemies/Shared/Beasts/WildDog/Animations/Playback/A_EN_PLAY_AC_M_PicaDog_Bite_Ready_2,AnimSequence,Shared/Beasts/WildDog,Content/_Art/Enemies/Shared/Beasts/WildDog/Animations/Playback/A_EN_PLAY_AC_M_PicaDog_Bite_Ready_2.uasset,82662,4eb754779d20e1061796a3ddf89f08b5fb16073a7a550fa1a2d9031396a500d6
/Game/_Art/Enemies/Shared/Beasts/WildDog/Animations/Playback/A_EN_PLAY_AC_M_PicaDog_Bite_Ready_End,AnimSequence,Shared/Beasts/WildDog,Content/_Art/Enemies/Shared/Beasts/WildDog/Animations/Playback/A_EN_PLAY_AC_M_PicaDog_Bite_Ready_End.uasset,129012,a99371ac7c5bfdd573f426ef2331cf4916a2f629c3eb0c3b460d810d04c6f75f
/Game/_Art/Enemies/Shared/Beasts/WildDog/Animations/Playback/A_EN_PLAY_AC_M_PicaDog_Bite_Step_1_L_2,AnimSequence,Shared/Beasts/WildDog,Content/_Art/Enemies/Shared/Beasts/WildDog/Animations/Playback/A_EN_PLAY_AC_M_PicaDog_Bite_Step_1_L_2.uasset,436063,06837236dd8abe4a24c4ad6e8554689c3065c770bb6ee172a892e08b70a7b773
/Game/_Art/Enemies/Shared/Beasts/WildDog/Animations/Playback/A_EN_PLAY_AC_M_PicaDog_Bite_Step_1_R_2,AnimSequence,Shared/Beasts/WildDog,Content/_Art/Enemies/Shared/Beasts/WildDog/Animations/Playback/A_EN_PLAY_AC_M_PicaDog_Bite_Step_1_R_2.uasset,414815,2993876ca9db820c76d07c15a47dcf916fd859bd63ee6d07a24daddb48bf494e
/Game/_Art/Enemies/Shared/Beasts/WildDog/Animations/Playback/A_EN_PLAY_AC_M_PicaDog_DamFinalBlow,AnimSequence,Shared/Beasts/WildDog,Content/_Art/Enemies/Shared/Beasts/WildDog/Animations/Playback/A_EN_PLAY_AC_M_PicaDog_DamFinalBlow.uasset,317386,ba666d47a70f9dc190c2ef86bd73489771c12c340be0e3e942e77d7386d33ed9
/Game/_Art/Enemies/Shared/Beasts/WildDog/Animations/Playback/A_EN_PLAY_AC_M_PicaDog_DamageGrapple_Atk_01,AnimSequence,Shared/Beasts/WildDog,Content/_Art/Enemies/Shared/Beasts/WildDog/Animations/Playback/A_EN_PLAY_AC_M_PicaDog_DamageGrapple_Atk_01.uasset,171488,6b197ec930e46971656cce87703bc04cbc86d26f2ac3e35884e71dedf4c84adf
/Game/_Art/Enemies/Shared/Beasts/WildDog/Animations/Playback/A_EN_PLAY_AC_M_PicaDog_DamageGrapple_Atk_02,AnimSequence,Shared/Beasts/WildDog,Content/_Art/Enemies/Shared/Beasts/WildDog/Animations/Playback/A_EN_PLAY_AC_M_PicaDog_DamageGrapple_Atk_02.uasset,173472,0aa99b3c1807b2c341915a1095d387fa30afa25aa7d97f8c971aec5ef530a834
/Game/_Art/Enemies/Shared/Beasts/WildDog/Animations/Playback/A_EN_PLAY_AC_M_PicaDog_DamageStrong_B,AnimSequence,Shared/Beasts/WildDog,Content/_Art/Enemies/Shared/Beasts/WildDog/Animations/Playback/A_EN_PLAY_AC_M_PicaDog_DamageStrong_B.uasset,223064,4af334a553dae61bb099d214eb8e13bdef590dfd7321896fd1e74946d2e51134
/Game/_Art/Enemies/Shared/Beasts/WildDog/Animations/Playback/A_EN_PLAY_AC_M_PicaDog_DamageStrong_D,AnimSequence,Shared/Beasts/WildDog,Content/_Art/Enemies/Shared/Beasts/WildDog/Animations/Playback/A_EN_PLAY_AC_M_PicaDog_DamageStrong_D.uasset,227418,a5efddbdad97accaf674154289c4f7be2939f64abde9fa28c4f8ccecad2cd658
/Game/_Art/Enemies/Shared/Beasts/WildDog/Animations/Playback/A_EN_PLAY_AC_M_PicaDog_DamageStrong_D_2,AnimSequence,Shared/Beasts/WildDog,Content/_Art/Enemies/Shared/Beasts/WildDog/Animations/Playback/A_EN_PLAY_AC_M_PicaDog_DamageStrong_D_2.uasset,155766,c01611a039a6c629f17805150fa86602c0fd2758bab86166f4325a57102a7286
/Game/_Art/Enemies/Shared/Beasts/WildDog/Animations/Playback/A_EN_PLAY_AC_M_PicaDog_DamageStrong_L,AnimSequence,Shared/Beasts/WildDog,Content/_Art/Enemies/Shared/Beasts/WildDog/Animations/Playback/A_EN_PLAY_AC_M_PicaDog_DamageStrong_L.uasset,217626,1dbb25cf6e2cc25460a5c0a23a4c2926a026917b48b3b3276386ba3988f1c430
/Game/_Art/Enemies/Shared/Beasts/WildDog/Animations/Playback/A_EN_PLAY_AC_M_PicaDog_DamageStrong_L_2,AnimSequence,Shared/Beasts/WildDog,Content/_Art/Enemies/Shared/Beasts/WildDog/Animations/Playback/A_EN_PLAY_AC_M_PicaDog_DamageStrong_L_2.uasset,150006,7b70315cd20a47efdb129f8952b94a143ed2930edf4fe8291a2fe339412b08a1
/Game/_Art/Enemies/Shared/Beasts/WildDog/Animations/Playback/A_EN_PLAY_AC_M_PicaDog_DamageStrong_R,AnimSequence,Shared/Beasts/WildDog,Content/_Art/Enemies/Shared/Beasts/WildDog/Animations/Playback/A_EN_PLAY_AC_M_PicaDog_DamageStrong_R.uasset,221978,aaa1be1fe7d3bfe354dc49fe70fe66150e0ef48bf8ffbec013101c4b55e3c5d5
/Game/_Art/Enemies/Shared/Beasts/WildDog/Animations/Playback/A_EN_PLAY_AC_M_PicaDog_DamageStrong_R_2,AnimSequence,Shared/Beasts/WildDog,Content/_Art/Enemies/Shared/Beasts/WildDog/Animations/Playback/A_EN_PLAY_AC_M_PicaDog_DamageStrong_R_2.uasset,152566,e864643eccd3f36655ae8ee02031ce7e64f9f74ec08d9c7348cb49eb8084edba
/Game/_Art/Enemies/Shared/Beasts/WildDog/Animations/Playback/A_EN_PLAY_AC_M_PicaDog_DamageStrong_U,AnimSequence,Shared/Beasts/WildDog,Content/_Art/Enemies/Shared/Beasts/WildDog/Animations/Playback/A_EN_PLAY_AC_M_PicaDog_DamageStrong_U.uasset,221978,04aba23c80bbd8f94c48984ae266379f6275970e65a3ce1fdcc71278863582db
/Game/_Art/Enemies/Shared/Beasts/WildDog/Animations/Playback/A_EN_PLAY_AC_M_PicaDog_DamageStrong_U_2,AnimSequence,Shared/Beasts/WildDog,Content/_Art/Enemies/Shared/Beasts/WildDog/Animations/Playback/A_EN_PLAY_AC_M_PicaDog_DamageStrong_U_2.uasset,151926,6a9d67f323e3e1ea312f0139da0c44ca23c643e9c22ca03473f60b1046ae1351
/Game/_Art/Enemies/Shared/Beasts/WildDog/Animations/Playback/A_EN_PLAY_AC_M_PicaDog_Die_Down_B,AnimSequence,Shared/Beasts/WildDog,Content/_Art/Enemies/Shared/Beasts/WildDog/Animations/Playback/A_EN_PLAY_AC_M_PicaDog_Die_Down_B.uasset,720606,a433b37ac8175dec8140879f5ba2f66ad6ee7308ec4f2060773085781c535d76
/Game/_Art/Enemies/Shared/Beasts/WildDog/Animations/Playback/A_EN_PLAY_AC_M_PicaDog_Die_Down_F,AnimSequence,Shared/Beasts/WildDog,Content/_Art/Enemies/Shared/Beasts/WildDog/Animations/Playback/A_EN_PLAY_AC_M_PicaDog_Die_Down_F.uasset,604094,ce4ffce6f6e83748a68678686478985fe72540dad8384fe3b4608cde21e58172
/Game/_Art/Enemies/Shared/Beasts/WildDog/Animations/Playback/A_EN_PLAY_AC_M_PicaDog_Die_F,AnimSequence,Shared/Beasts/WildDog,Content/_Art/Enemies/Shared/Beasts/WildDog/Animations/Playback/A_EN_PLAY_AC_M_PicaDog_Die_F.uasset,1747983,cc77338a938d4b7f2bf2937a0b3e577bd054c0babf735cc4538c37c4822ab4ed
/Game/_Art/Enemies/Shared/Beasts/WildDog/Animations/Playback/A_EN_PLAY_AC_M_PicaDog_Die_F_2,AnimSequence,Shared/Beasts/WildDog,Content/_Art/Enemies/Shared/Beasts/WildDog/Animations/Playback/A_EN_PLAY_AC_M_PicaDog_Die_F_2.uasset,1440835,54e1950b7995dd0db2d3ac37541fe7dfa480f1249d98c33038c0c9ff3e5d7f95
/Game/_Art/Enemies/Shared/Beasts/WildDog/Animations/Playback/A_EN_PLAY_AC_M_PicaDog_Evade_B,AnimSequence,Shared/Beasts/WildDog,Content/_Art/Enemies/Shared/Beasts/WildDog/Animations/Playback/A_EN_PLAY_AC_M_PicaDog_Evade_B.uasset,349891,9706e0285e8d9532942ee17e23cecf1a76179fe6452893cda8540a5f8bb8330a
/Game/_Art/Enemies/Shared/Beasts/WildDog/Animations/Playback/A_EN_PLAY_AC_M_PicaDog_Evade_L,AnimSequence,Shared/Beasts/WildDog,Content/_Art/Enemies/Shared/Beasts/WildDog/Animations/Playback/A_EN_PLAY_AC_M_PicaDog_Evade_L.uasset,299785,e0ed777ee9360acde4c78496bdaa83ebaa322c41eb4b629575f8188658c5cb1a
/Game/_Art/Enemies/Shared/Beasts/WildDog/Animations/Playback/A_EN_PLAY_AC_M_PicaDog_Evade_R,AnimSequence,Shared/Beasts/WildDog,Content/_Art/Enemies/Shared/Beasts/WildDog/Animations/Playback/A_EN_PLAY_AC_M_PicaDog_Evade_R.uasset,301609,80958ccbbd98cf2c4bd5a873f12e5204fea64cf837d7a31fdd2f22faae0cc089
/Game/_Art/Enemies/Shared/Beasts/WildDog/Animations/Playback/A_EN_PLAY_AC_M_PicaDog_Falling,AnimSequence,Shared/Beasts/WildDog,Content/_Art/Enemies/Shared/Beasts/WildDog/Animations/Playback/A_EN_PLAY_AC_M_PicaDog_Falling.uasset,70165,c00bc03e277fc8cf9b67b2d9b73af1e41c8362131ddd598c54257f8fca4fef0b
/Game/_Art/Enemies/Shared/Beasts/WildDog/Animations/Playback/A_EN_PLAY_AC_M_PicaDog_Howling_F,AnimSequence,Shared/Beasts/WildDog,Content/_Art/Enemies/Shared/Beasts/WildDog/Animations/Playback/A_EN_PLAY_AC_M_PicaDog_Howling_F.uasset,364633,9328079df5cd3d71baa06234aeae2a476e3ac460104404c066130c79f3e14852
/Game/_Art/Enemies/Shared/Beasts/WildDog/Animations/Playback/A_EN_PLAY_AC_M_PicaDog_Howling_F_Short,AnimSequence,Shared/Beasts/WildDog,Content/_Art/Enemies/Shared/Beasts/WildDog/Animations/Playback/A_EN_PLAY_AC_M_PicaDog_Howling_F_Short.uasset,150718,981f93193eea4b4c8bd6bc397abd15b81f7cccbfacab907cfed4f0417368418a
/Game/_Art/Enemies/Shared/Beasts/WildDog/Animations/Playback/A_EN_PLAY_AC_M_PicaDog_LockOnWalk_Idle,AnimSequence,Shared/Beasts/WildDog,Content/_Art/Enemies/Shared/Beasts/WildDog/Animations/Playback/A_EN_PLAY_AC_M_PicaDog_LockOnWalk_Idle.uasset,65948,f05b8b1545505d55bcb287c2d198bbc1867ac4326177092d561dd6df25c2d988
/Game/_Art/Enemies/Shared/Beasts/WildDog/Animations/Playback/A_EN_PLAY_AC_M_PicaDog_LockOnWalk_L,AnimSequence,Shared/Beasts/WildDog,Content/_Art/Enemies/Shared/Beasts/WildDog/Animations/Playback/A_EN_PLAY_AC_M_PicaDog_LockOnWalk_L.uasset,208424,bd693baad3f7b0c0d792e89fd060eb6255a64a967fe2eda1e78f243ce8f1d4cf
/Game/_Art/Enemies/Shared/Beasts/WildDog/Animations/Playback/A_EN_PLAY_AC_M_PicaDog_LockOnWalk_R,AnimSequence,Shared/Beasts/WildDog,Content/_Art/Enemies/Shared/Beasts/WildDog/Animations/Playback/A_EN_PLAY_AC_M_PicaDog_LockOnWalk_R.uasset,209608,e46c3802d51885b9538f90092a8930baaf5c997cdfb62d3b9989e2a17327620c
/Game/_Art/Enemies/Shared/Beasts/WildDog/Animations/Playback/A_EN_PLAY_AC_M_PicaDog_Normal_Stand_F,AnimSequence,Shared/Beasts/WildDog,Content/_Art/Enemies/Shared/Beasts/WildDog/Animations/Playback/A_EN_PLAY_AC_M_PicaDog_Normal_Stand_F.uasset,221450,bf296bcce8de7fc0be9074050e5d40e5e10be05576bac15f0cd3f0cef9667957
/Game/_Art/Enemies/Shared/Beasts/WildDog/Animations/Playback/A_EN_PLAY_AC_M_PicaDog_Normal_Stand_F_d1f128fc,AnimSequence,Shared/Beasts/WildDog,Content/_Art/Enemies/Shared/Beasts/WildDog/Animations/Playback/A_EN_PLAY_AC_M_PicaDog_Normal_Stand_F_d1f128fc.uasset,83823,e6ab5427936348f4db7450debf925dd9a42a5f67d171e2b2b8c5195a27b38800
/Game/_Art/Enemies/Shared/Beasts/WildDog/Animations/Playback/A_EN_PLAY_AC_M_PicaDog_RunBite_L_New,AnimSequence,Shared/Beasts/WildDog,Content/_Art/Enemies/Shared/Beasts/WildDog/Animations/Playback/A_EN_PLAY_AC_M_PicaDog_RunBite_L_New.uasset,538783,6eea643ddc9df68a4729f3efd4cdf0e18c58a7ddcbc6c6a9233e7dd67c726f88
/Game/_Art/Enemies/Shared/Beasts/WildDog/Animations/Playback/A_EN_PLAY_AC_M_PicaDog_RunBite_R_New,AnimSequence,Shared/Beasts/WildDog,Content/_Art/Enemies/Shared/Beasts/WildDog/Animations/Playback/A_EN_PLAY_AC_M_PicaDog_RunBite_R_New.uasset,526689,bda9aea60eef431479ebaaa698b10fa076f1ce58e05c4cfe62c143f6690c2907
/Game/_Art/Enemies/Shared/Beasts/WildDog/Animations/Playback/A_EN_PLAY_AC_M_PicaDog_RunBite_Sprint,AnimSequence,Shared/Beasts/WildDog,Content/_Art/Enemies/Shared/Beasts/WildDog/Animations/Playback/A_EN_PLAY_AC_M_PicaDog_RunBite_Sprint.uasset,227580,a007ab976bdb9b43d6aa57a579cc3d9194d4b477c3689cf63bd497e5379e52d1
/Game/_Art/Enemies/Shared/Beasts/WildDog/Animations/Playback/A_EN_PLAY_AC_M_PicaDog_RunBite_Sprint_2,AnimSequence,Shared/Beasts/WildDog,Content/_Art/Enemies/Shared/Beasts/WildDog/Animations/Playback/A_EN_PLAY_AC_M_PicaDog_RunBite_Sprint_2.uasset,171032,da42bece091adb1004d31fa21c24e5f6fef5010d5431ae9033545c390836e87d
/Game/_Art/Enemies/Shared/Beasts/WildDog/Animations/Playback/A_EN_PLAY_AC_M_PicaDog_RunsBite_Reaction_1,AnimSequence,Shared/Beasts/WildDog,Content/_Art/Enemies/Shared/Beasts/WildDog/Animations/Playback/A_EN_PLAY_AC_M_PicaDog_RunsBite_Reaction_1.uasset,405921,af4757beeb4fb18f5fdf53853ba1f5db4f198bb1a38bca521f2dcfd3213675aa
/Game/_Art/Enemies/Shared/Beasts/WildDog/Animations/Playback/A_EN_PLAY_AC_M_PicaDog_RunsBite_Reaction_2,AnimSequence,Shared/Beasts/WildDog,Content/_Art/Enemies/Shared/Beasts/WildDog/Animations/Playback/A_EN_PLAY_AC_M_PicaDog_RunsBite_Reaction_2.uasset,265911,c2658f1905ce286000ad3895005e6436e8c2721b8c91584cacff6af3cc231898
/Game/_Art/Enemies/Shared/Beasts/WildDog/Animations/Playback/A_EN_PLAY_AC_M_PicaDog_SprintBrake_F,AnimSequence,Shared/Beasts/WildDog,Content/_Art/Enemies/Shared/Beasts/WildDog/Animations/Playback/A_EN_PLAY_AC_M_PicaDog_SprintBrake_F.uasset,125075,b18e8f9f4ad278f93eb420f06eb0358e93c950ccd137c91280cd280205f07b22
/Game/_Art/Enemies/Shared/Beasts/WildDog/Animations/Playback/A_EN_PLAY_AC_M_PicaDog_SprintBrake_F_20135dfd,AnimSequence,Shared/Beasts/WildDog,Content/_Art/Enemies/Shared/Beasts/WildDog/Animations/Playback/A_EN_PLAY_AC_M_PicaDog_SprintBrake_F_20135dfd.uasset,125116,700a12b73d9633521cde1e16685a54a5add733c9a33ae8bc519439a63251dc64
/Game/_Art/Enemies/Shared/Beasts/WildDog/Animations/Playback/A_EN_PLAY_AC_M_PicaDog_SprintBrake_L,AnimSequence,Shared/Beasts/WildDog,Content/_Art/Enemies/Shared/Beasts/WildDog/Animations/Playback/A_EN_PLAY_AC_M_PicaDog_SprintBrake_L.uasset,184321,5daaab781b927fd4a750cdf137e7f1b2efcc08459ea857e63638baf01062c3b2
/Game/_Art/Enemies/Shared/Beasts/WildDog/Animations/Playback/A_EN_PLAY_AC_M_PicaDog_SprintBrake_L_6e4b3af2,AnimSequence,Shared/Beasts/WildDog,Content/_Art/Enemies/Shared/Beasts/WildDog/Animations/Playback/A_EN_PLAY_AC_M_PicaDog_SprintBrake_L_6e4b3af2.uasset,450684,253be6541c7bf495fe8cf2480bff40531eb5dc16e7b491a3557220b800a34f70
/Game/_Art/Enemies/Shared/Beasts/WildDog/Animations/Playback/A_EN_PLAY_AC_M_PicaDog_SprintBrake_R,AnimSequence,Shared/Beasts/WildDog,Content/_Art/Enemies/Shared/Beasts/WildDog/Animations/Playback/A_EN_PLAY_AC_M_PicaDog_SprintBrake_R.uasset,459663,5cf718908a429d0b3746dcb111483098102551a81b24773c891ba55ee65d1819
/Game/_Art/Enemies/Shared/Beasts/WildDog/Animations/Playback/A_EN_PLAY_AC_M_PicaDog_Sprint_Turn_180_L,AnimSequence,Shared/Beasts/WildDog,Content/_Art/Enemies/Shared/Beasts/WildDog/Animations/Playback/A_EN_PLAY_AC_M_PicaDog_Sprint_Turn_180_L.uasset,159013,3dcbad030de39042888bc5f9562920d65e5211b29e53a7c6c0b0a42769d28d3e
/Game/_Art/Enemies/Shared/Beasts/WildDog/Animations/Playback/A_EN_PLAY_AC_M_PicaDog_Sprint_Turn_180_R,AnimSequence,Shared/Beasts/WildDog,Content/_Art/Enemies/Shared/Beasts/WildDog/Animations/Playback/A_EN_PLAY_AC_M_PicaDog_Sprint_Turn_180_R.uasset,160613,7d275248d2fbad16888d852d8b3033392bfc16c9305d43bbe2875eb41334c5e3
/Game/_Art/Enemies/Shared/Beasts/WildDog/Animations/Playback/A_EN_PLAY_AC_M_PicaDog_Stun_F_End,AnimSequence,Shared/Beasts/WildDog,Content/_Art/Enemies/Shared/Beasts/WildDog/Animations/Playback/A_EN_PLAY_AC_M_PicaDog_Stun_F_End.uasset,200116,f80c5d015779030797cb069f20a5df05f266e3bd70ce2658733a671e1223fac0
/Game/_Art/Enemies/Shared/Beasts/WildDog/Animations/Playback/A_EN_PLAY_AC_M_PicaDog_Stun_F_Loop,AnimSequence,Shared/Beasts/WildDog,Content/_Art/Enemies/Shared/Beasts/WildDog/Animations/Playback/A_EN_PLAY_AC_M_PicaDog_Stun_F_Loop.uasset,452253,37e829ee223d72ca7065542c651cf840ca203f7e7fd22ca7a736f17124e166a9
/Game/_Art/Enemies/Shared/Beasts/WildDog/Animations/Playback/A_EN_PLAY_AC_M_PicaDog_Stun_F_Start,AnimSequence,Shared/Beasts/WildDog,Content/_Art/Enemies/Shared/Beasts/WildDog/Animations/Playback/A_EN_PLAY_AC_M_PicaDog_Stun_F_Start.uasset,190214,53ba750cdeecdc6ca10fb918e76877431fa8eab7bfdecd87e117c77e48ff9b05
/Game/_Art/Enemies/Shared/Beasts/WildDog/Animations/Playback/A_EN_PLAY_AC_M_PicaDog_Turn_L180,AnimSequence,Shared/Beasts/WildDog,Content/_Art/Enemies/Shared/Beasts/WildDog/Animations/Playback/A_EN_PLAY_AC_M_PicaDog_Turn_L180.uasset,163976,aed3ee9e36cc94ac620e16e43c7bd24770ebe252d3632e0d97b385cddc924da6
/Game/_Art/Enemies/Shared/Beasts/WildDog/Animations/Playback/A_EN_PLAY_AC_M_PicaDog_Turn_L90,AnimSequence,Shared/Beasts/WildDog,Content/_Art/Enemies/Shared/Beasts/WildDog/Animations/Playback/A_EN_PLAY_AC_M_PicaDog_Turn_L90.uasset,140165,7a46c4f77b6ab86b260fec7ed816fb82533846acfca0b652cedc43ffa98b01df
/Game/_Art/Enemies/Shared/Beasts/WildDog/Animations/Playback/A_EN_PLAY_AC_M_PicaDog_Turn_R180,AnimSequence,Shared/Beasts/WildDog,Content/_Art/Enemies/Shared/Beasts/WildDog/Animations/Playback/A_EN_PLAY_AC_M_PicaDog_Turn_R180.uasset,161096,82ce356b452e7c233b5842abf41030746f72cab9ba6438595547ed28e790cc4c
/Game/_Art/Enemies/Shared/Beasts/WildDog/Animations/Playback/A_EN_PLAY_AC_M_PicaDog_Turn_R90,AnimSequence,Shared/Beasts/WildDog,Content/_Art/Enemies/Shared/Beasts/WildDog/Animations/Playback/A_EN_PLAY_AC_M_PicaDog_Turn_R90.uasset,165670,de4eb00780bed9616497b30b5681a22648a8759b6f6c3ffef4b3408eda648697
/Game/_Art/Enemies/Shared/Beasts/WildDog/Animations/Playback/A_EN_PLAY_AC_M_PicaroonDog_DamageParry_F,AnimSequence,Shared/Beasts/WildDog,Content/_Art/Enemies/Shared/Beasts/WildDog/Animations/Playback/A_EN_PLAY_AC_M_PicaroonDog_DamageParry_F.uasset,237797,da4b67522fa8efe07684166e09de1bf68c3aafb10cad219c836560d514fb88b9
/Game/_Art/Enemies/Shared/Beasts/WildDog/Animations/Playback/A_EN_PLAY_AC_PicaDog_DamageGrapple_Atk_B_01,AnimSequence,Shared/Beasts/WildDog,Content/_Art/Enemies/Shared/Beasts/WildDog/Animations/Playback/A_EN_PLAY_AC_PicaDog_DamageGrapple_Atk_B_01.uasset,200414,8d4407f680eb1cc034588f70ee00b2547fac2b02d541705e74d3df623cfd0528
/Game/_Art/Enemies/Shared/Beasts/WildDog/Animations/Playback/A_EN_PLAY_AC_PicaDog_DamageGrapple_Atk_B_02,AnimSequence,Shared/Beasts/WildDog,Content/_Art/Enemies/Shared/Beasts/WildDog/Animations/Playback/A_EN_PLAY_AC_PicaDog_DamageGrapple_Atk_B_02.uasset,367180,9a759320665bb76db6c9f9f36759a83d6cb6a13427bfc8113f4f10e56761264f
/Game/_Art/Enemies/Shared/Beasts/WildDog/Animations/Playback/A_EN_PLAY_AC_PicaroonDog_Basic_End_01,AnimSequence,Shared/Beasts/WildDog,Content/_Art/Enemies/Shared/Beasts/WildDog/Animations/Playback/A_EN_PLAY_AC_PicaroonDog_Basic_End_01.uasset,144558,ae141db740703503ad29fea6e72eff17218c1e8e07e5065216041126ecd40900
/Game/_Art/Enemies/Shared/Beasts/WildDog/Animations/Playback/A_EN_PLAY_AC_PicaroonDog_Basic_End_03,AnimSequence,Shared/Beasts/WildDog,Content/_Art/Enemies/Shared/Beasts/WildDog/Animations/Playback/A_EN_PLAY_AC_PicaroonDog_Basic_End_03.uasset,145358,308e0fc3d196b1909e0099be0ca207ea3f4e2df5da94e738c57acdb909927e19
/Game/_Art/Enemies/Shared/Beasts/WildDog/Animations/Playback/A_EN_PLAY_AC_PicaroonDog_Basic_Loop_01,AnimSequence,Shared/Beasts/WildDog,Content/_Art/Enemies/Shared/Beasts/WildDog/Animations/Playback/A_EN_PLAY_AC_PicaroonDog_Basic_Loop_01.uasset,829499,018ba2081c8e25f8ed7885a41509aaf56a176b1df11d742dc3df5b72ece9aa29
/Game/_Art/Enemies/Shared/Beasts/WildDog/Animations/Playback/A_EN_PLAY_AC_PicaroonDog_Basic_Loop_03,AnimSequence,Shared/Beasts/WildDog,Content/_Art/Enemies/Shared/Beasts/WildDog/Animations/Playback/A_EN_PLAY_AC_PicaroonDog_Basic_Loop_03.uasset,791181,70867ec3ab53fc33199c8b53751ef7e9e0f1e5fef3b7fcb4c541209916ae12ba
/Game/_Art/Enemies/Shared/Beasts/WildDog/Animations/Playback/A_EN_PLAY_AC_PicaroonDog_Claw,AnimSequence,Shared/Beasts/WildDog,Content/_Art/Enemies/Shared/Beasts/WildDog/Animations/Playback/A_EN_PLAY_AC_PicaroonDog_Claw.uasset,312942,6a9eef688531e6426aa042cadc63c2274ffd77db60ee308ea6ab89162e974882
/Game/_Art/Enemies/Shared/Beasts/WildDog/Animations/Playback/A_EN_PLAY_AC_PicaroonDog_DamageCounter,AnimSequence,Shared/Beasts/WildDog,Content/_Art/Enemies/Shared/Beasts/WildDog/Animations/Playback/A_EN_PLAY_AC_PicaroonDog_DamageCounter.uasset,309111,1c92a9c94831445227e6ad383e3faec10d34ad9b718c2fdcf8d5b4acb83e98d8
/Game/_Art/Enemies/Shared/Beasts/WildDog/Animations/Playback/A_EN_PLAY_AC_PicaroonDog_GetUp,AnimSequence,Shared/Beasts/WildDog,Content/_Art/Enemies/Shared/Beasts/WildDog/Animations/Playback/A_EN_PLAY_AC_PicaroonDog_GetUp.uasset,412541,8cdeb70e1950097212ba66961b944495ce1776516fa074a0bce0f7f663aae90a
/Game/_Art/Enemies/Shared/Beasts/WildDog/Animations/Playback/A_EN_PLAY_AC_PicaroonDog_N_Bite_Run,AnimSequence,Shared/Beasts/WildDog,Content/_Art/Enemies/Shared/Beasts/WildDog/Animations/Playback/A_EN_PLAY_AC_PicaroonDog_N_Bite_Run.uasset,142676,ce7b45999dc971d241019abd278dafdb0534cf8cdbe859f4b5d6f7fec569597e
/Game/_Art/Enemies/Shared/Beasts/WildDog/Animations/Playback/A_EN_PLAY_AC_PicaroonDog_N_Groggy_F_End,AnimSequence,Shared/Beasts/WildDog,Content/_Art/Enemies/Shared/Beasts/WildDog/Animations/Playback/A_EN_PLAY_AC_PicaroonDog_N_Groggy_F_End.uasset,200152,805abb7fc2de13de49916ffbd0d4a616e0120b94c3552804d77d0fde3697bda5
/Game/_Art/Enemies/Shared/Beasts/WildDog/Animations/Playback/A_EN_PLAY_AC_PicaroonDog_Smell,AnimSequence,Shared/Beasts/WildDog,Content/_Art/Enemies/Shared/Beasts/WildDog/Animations/Playback/A_EN_PLAY_AC_PicaroonDog_Smell.uasset,632099,317acdcc60d2b5e2b6f17bb0f5269e42e9883f775acb9377ebd8235f74955ba3
/Game/_Art/Enemies/Shared/Beasts/WildDog/Animations/Playback/A_EN_PLAY_CA_M_PicaDog_LockOnWalk_B,AnimSequence,Shared/Beasts/WildDog,Content/_Art/Enemies/Shared/Beasts/WildDog/Animations/Playback/A_EN_PLAY_CA_M_PicaDog_LockOnWalk_B.uasset,258922,736f6aec9beb6194ea13e6c70fc3f916fb626774ea198c759f0dd88748f592b0
/Game/_Art/Enemies/Shared/Beasts/WildDog/Animations/Playback/A_EN_PLAY_CA_M_PicaDog_LockOnWalk_F,AnimSequence,Shared/Beasts/WildDog,Content/_Art/Enemies/Shared/Beasts/WildDog/Animations/Playback/A_EN_PLAY_CA_M_PicaDog_LockOnWalk_F.uasset,210334,7585b4d81cbd84194d387a0f0b232413cd236fb9d179b0f061a46405df0f0f51
/Game/_Art/Enemies/Shared/Beasts/WildDog/Animations/Playback/A_EN_PLAY_CA_M_PicaDog_LockOnWalk_L,AnimSequence,Shared/Beasts/WildDog,Content/_Art/Enemies/Shared/Beasts/WildDog/Animations/Playback/A_EN_PLAY_CA_M_PicaDog_LockOnWalk_L.uasset,207966,d50b7bc9074956a23263785d699a9ec6e5093059bdff875dae388ac84c4c5d4e
/Game/_Art/Enemies/Shared/Beasts/WildDog/Animations/Playback/A_EN_PLAY_CA_M_PicaDog_LockOnWalk_R,AnimSequence,Shared/Beasts/WildDog,Content/_Art/Enemies/Shared/Beasts/WildDog/Animations/Playback/A_EN_PLAY_CA_M_PicaDog_LockOnWalk_R.uasset,209150,547f660ee56c9ac53b796222069c08aed50f8099112167f1f2807b04a63f8142
/Game/_Art/Enemies/Shared/Beasts/WildDog/Animations/Playback/A_EN_PLAY_CA_M_PicaDog_Run_F,AnimSequence,Shared/Beasts/WildDog,Content/_Art/Enemies/Shared/Beasts/WildDog/Animations/Playback/A_EN_PLAY_CA_M_PicaDog_Run_F.uasset,130028,8d85040575641c7e7e8092499b5f9d9813bb4d7cbdc6e5b380e3b0e95e696661
/Game/_Art/Enemies/Shared/Beasts/WildDog/Animations/Playback/A_EN_PLAY_CA_M_PicaDog_Run_FL,AnimSequence,Shared/Beasts/WildDog,Content/_Art/Enemies/Shared/Beasts/WildDog/Animations/Playback/A_EN_PLAY_CA_M_PicaDog_Run_FL.uasset,130643,5eca424d758bc4c6c3e601cb28515fc01c6136ffba9f177224583fb7f4dad910
/Game/_Art/Enemies/Shared/Beasts/WildDog/Animations/Playback/A_EN_PLAY_CA_M_PicaDog_Run_FR,AnimSequence,Shared/Beasts/WildDog,Content/_Art/Enemies/Shared/Beasts/WildDog/Animations/Playback/A_EN_PLAY_CA_M_PicaDog_Run_FR.uasset,131251,a738c8392aab81f71ca912b80e1b9dd37c44f8ec250831703f2e0335278ba1eb
/Game/_Art/Enemies/Shared/Beasts/WildDog/Animations/Playback/A_EN_PLAY_CA_M_PicaDog_Run_F_02,AnimSequence,Shared/Beasts/WildDog,Content/_Art/Enemies/Shared/Beasts/WildDog/Animations/Playback/A_EN_PLAY_CA_M_PicaDog_Run_F_02.uasset,146912,995a7fc09d0257c413d603fc339cc1fe2f0e79b23a887be6f06b1e038bbfdee1
/Game/_Art/Enemies/Shared/Beasts/WildDog/Animations/Playback/A_EN_PLAY_CA_M_PicaDog_Sprint_F,AnimSequence,Shared/Beasts/WildDog,Content/_Art/Enemies/Shared/Beasts/WildDog/Animations/Playback/A_EN_PLAY_CA_M_PicaDog_Sprint_F.uasset,142209,c8105cb95c4ce6f2267bbf9b73de1044049f89c48a5fdc954a05a92899f58c62
/Game/_Art/Enemies/Shared/Beasts/WildDog/Animations/Playback/A_EN_PLAY_CA_M_PicaDog_Sprint_FL,AnimSequence,Shared/Beasts/WildDog,Content/_Art/Enemies/Shared/Beasts/WildDog/Animations/Playback/A_EN_PLAY_CA_M_PicaDog_Sprint_FL.uasset,143432,bdac7b87717b0ee5bf05eca3502ef6e4218d34d49846945476360e4fbd4b3715
/Game/_Art/Enemies/Shared/Beasts/WildDog/Animations/Playback/A_EN_PLAY_CA_M_PicaDog_Sprint_FR,AnimSequence,Shared/Beasts/WildDog,Content/_Art/Enemies/Shared/Beasts/WildDog/Animations/Playback/A_EN_PLAY_CA_M_PicaDog_Sprint_FR.uasset,142824,b9e34f97c9cd2d9d0910c57cb43f161f23bd0821cbdc4b94f2d243f253c31a37
/Game/_Art/Enemies/Shared/Beasts/WildDog/Animations/Playback/A_EN_PLAY_CA_M_PicaDog_Sprint_Normal,AnimSequence,Shared/Beasts/WildDog,Content/_Art/Enemies/Shared/Beasts/WildDog/Animations/Playback/A_EN_PLAY_CA_M_PicaDog_Sprint_Normal.uasset,160339,b58ad913a4110813c695109c5c3bbdd13298188cd8284fd5650e8f84b875f78c
/Game/_Art/Enemies/Shared/Beasts/WildDog/Animations/Playback/A_EN_PLAY_CA_M_PicaDog_StandNormal_F,AnimSequence,Shared/Beasts/WildDog,Content/_Art/Enemies/Shared/Beasts/WildDog/Animations/Playback/A_EN_PLAY_CA_M_PicaDog_StandNormal_F.uasset,330852,d1b1c0a9a89228e7a6016b40bb1e8a93a0dc27fb673cd1a1b9cde4a1fc0b4571
/Game/_Art/Enemies/Shared/Beasts/WildDog/Animations/Playback/A_EN_PLAY_CA_M_PicaDog_Stand_F,AnimSequence,Shared/Beasts/WildDog,Content/_Art/Enemies/Shared/Beasts/WildDog/Animations/Playback/A_EN_PLAY_CA_M_PicaDog_Stand_F.uasset,220955,dc9e4de401f6f02e806e70452a3d8eaee00e2912ba2e38b2d4a24e6ddab27473
/Game/_Art/Enemies/Shared/Beasts/WildDog/Animations/Playback/A_EN_PLAY_CA_M_PicaDog_WalkNormal_F,AnimSequence,Shared/Beasts/WildDog,Content/_Art/Enemies/Shared/Beasts/WildDog/Animations/Playback/A_EN_PLAY_CA_M_PicaDog_WalkNormal_F.uasset,213886,7757a8ee4aa3e95fb30d961e0ae731108962efb96482ca0c4065d30e5abc1d5e
/Game/_Art/Enemies/Shared/Beasts/WildDog/Animations/Playback/A_EN_PLAY_CA_M_PicaDog_Walk_FL,AnimSequence,Shared/Beasts/WildDog,Content/_Art/Enemies/Shared/Beasts/WildDog/Animations/Playback/A_EN_PLAY_CA_M_PicaDog_Walk_FL.uasset,210299,2702838a14f83a8846ec43eb37c19218ddfc9003232cd94daed182be51acf206
/Game/_Art/Enemies/Shared/Beasts/WildDog/Animations/Playback/A_EN_PLAY_CA_M_PicaDog_Walk_FR,AnimSequence,Shared/Beasts/WildDog,Content/_Art/Enemies/Shared/Beasts/WildDog/Animations/Playback/A_EN_PLAY_CA_M_PicaDog_Walk_FR.uasset,207931,18b35c7e0f359fa6375227e294aa9a38cb46f433ec66edbffa05adebd103164b
/Game/_Art/Enemies/Shared/Beasts/WildDog/Blueprints/BP_EN_WildDog_CoatV1,Blueprint,Shared/Beasts/WildDog,Content/_Art/Enemies/Shared/Beasts/WildDog/Blueprints/BP_EN_WildDog_CoatV1.uasset,47942,0d4dd61d1a96cd933aff8f0bfba8d855e8a7fe554307e23d7026b76aff31e8c9
/Game/_Art/Enemies/Shared/Beasts/WildDog/Blueprints/BP_EN_WildDog_CoatV2,Blueprint,Shared/Beasts/WildDog,Content/_Art/Enemies/Shared/Beasts/WildDog/Blueprints/BP_EN_WildDog_CoatV2.uasset,47958,a98635f3d79207e9b944a22ef28734b40921bec97ddc2fba19e1eb7cc78f3477
/Game/_Art/Enemies/Shared/Beasts/WildDog/Blueprints/BP_EN_WildDog_CoatV3,Blueprint,Shared/Beasts/WildDog,Content/_Art/Enemies/Shared/Beasts/WildDog/Blueprints/BP_EN_WildDog_CoatV3.uasset,47958,db0a46b73609f0eb55341e3d03523985f22e0ffc771933bfeed33ae6c2f0fff3
/Game/_Art/Enemies/Shared/Beasts/WildDog/Materials/Instances/MI_EN_WildDog_BASE_AllMaster_AK,MaterialInstanceConstant,Shared/Beasts/WildDog,Content/_Art/Enemies/Shared/Beasts/WildDog/Materials/Instances/MI_EN_WildDog_BASE_AllMaster_AK.uasset,260197,6a0695bfe27f1c41c5bc2637b962409191a454cd885f34c7a787fe227b62cc68
/Game/_Art/Enemies/Shared/Beasts/WildDog/Materials/Instances/MI_EN_WildDog_BASE_Default_AK,MaterialInstanceConstant,Shared/Beasts/WildDog,Content/_Art/Enemies/Shared/Beasts/WildDog/Materials/Instances/MI_EN_WildDog_BASE_Default_AK.uasset,235006,d053bcc4acd33251abdd026a0fab6a047c3237afdab7585a933abced7a6e1234
/Game/_Art/Enemies/Shared/Beasts/WildDog/Materials/Instances/MI_EN_WildDog_Base_Eyes_AK,MaterialInstanceConstant,Shared/Beasts/WildDog,Content/_Art/Enemies/Shared/Beasts/WildDog/Materials/Instances/MI_EN_WildDog_Base_Eyes_AK.uasset,72214,c770774e419f7e99ab9ea5854aaa9c5cc69ed9cf809b22074d2cbfc3011eec5e
/Game/_Art/Enemies/Shared/Beasts/WildDog/Materials/Instances/MI_EN_WildDog_CM_M_WildDogV2_Body,MaterialInstanceConstant,Shared/Beasts/WildDog,Content/_Art/Enemies/Shared/Beasts/WildDog/Materials/Instances/MI_EN_WildDog_CM_M_WildDogV2_Body.uasset,239385,52c558570df9fc6cea925ef90459ebd20d45bb79e49cd05229aeb66ab274722c
/Game/_Art/Enemies/Shared/Beasts/WildDog/Materials/Instances/MI_EN_WildDog_CM_M_WildDogV2_Head,MaterialInstanceConstant,Shared/Beasts/WildDog,Content/_Art/Enemies/Shared/Beasts/WildDog/Materials/Instances/MI_EN_WildDog_CM_M_WildDogV2_Head.uasset,239385,02959b582611f0ce261541c4f9bb9e5bbb3c548bb8c3adf16a6fec19a5e67187
/Game/_Art/Enemies/Shared/Beasts/WildDog/Materials/Instances/MI_EN_WildDog_CM_M_WildDogV3_Body,MaterialInstanceConstant,Shared/Beasts/WildDog,Content/_Art/Enemies/Shared/Beasts/WildDog/Materials/Instances/MI_EN_WildDog_CM_M_WildDogV3_Body.uasset,239385,85460cc4cf30b12af6cdfd4373728b51b18d0acbb813c3340d9eafbc41f535f3
/Game/_Art/Enemies/Shared/Beasts/WildDog/Materials/Instances/MI_EN_WildDog_CM_M_WildDogV3_Head,MaterialInstanceConstant,Shared/Beasts/WildDog,Content/_Art/Enemies/Shared/Beasts/WildDog/Materials/Instances/MI_EN_WildDog_CM_M_WildDogV3_Head.uasset,239385,83ebe206948070f5b339b44fd0317b6c54a73cc4fac8bffe7fcc0ed67e7653cc
/Game/_Art/Enemies/Shared/Beasts/WildDog/Materials/Instances/MI_EN_WildDog_CM_M_WildDog_Body,MaterialInstanceConstant,Shared/Beasts/WildDog,Content/_Art/Enemies/Shared/Beasts/WildDog/Materials/Instances/MI_EN_WildDog_CM_M_WildDog_Body.uasset,239305,4b01a112c4dd0a06def9b27ba2ee979a5c93d9dfebe694b45cc25e4e40873251
/Game/_Art/Enemies/Shared/Beasts/WildDog/Materials/Instances/MI_EN_WildDog_CM_M_WildDog_Eye,MaterialInstanceConstant,Shared/Beasts/WildDog,Content/_Art/Enemies/Shared/Beasts/WildDog/Materials/Instances/MI_EN_WildDog_CM_M_WildDog_Eye.uasset,70529,c9106a63d856de4384d5de27929da9db47f4d8c81d5374994de962848ff140f3
/Game/_Art/Enemies/Shared/Beasts/WildDog/Materials/Instances/MI_EN_WildDog_CM_M_WildDog_Head,MaterialInstanceConstant,Shared/Beasts/WildDog,Content/_Art/Enemies/Shared/Beasts/WildDog/Materials/Instances/MI_EN_WildDog_CM_M_WildDog_Head.uasset,239305,dc3fd4776e1e6461a3a37c566e99959c087480b0429b2b02a51722eee940a126
/Game/_Art/Enemies/Shared/Beasts/WildDog/Materials/Masters/M_EN_WildDog_EyePreview,Material,Shared/Beasts/WildDog,Content/_Art/Enemies/Shared/Beasts/WildDog/Materials/Masters/M_EN_WildDog_EyePreview.uasset,107792,48354a966783a5f02ae92113793229cffe23fbeee5f681b336a702829bee494b
/Game/_Art/Enemies/Shared/Beasts/WildDog/Materials/Masters/M_EN_WildDog_SurfacePreview,Material,Shared/Beasts/WildDog,Content/_Art/Enemies/Shared/Beasts/WildDog/Materials/Masters/M_EN_WildDog_SurfacePreview.uasset,263572,b210085738cd44def96d73c89bd537b33c7e3a819b61194613e9141e0de7d53a
/Game/_Art/Enemies/Shared/Beasts/WildDog/Meshes/SK_EN_WildDog,SkeletalMesh,Shared/Beasts/WildDog,Content/_Art/Enemies/Shared/Beasts/WildDog/Meshes/SK_EN_WildDog.uasset,4358369,881050082953346cd4930a9973c59d5d87382d374da0adaaeba293bafc017e8d
/Game/_Art/Enemies/Shared/Beasts/WildDog/Preview/L_EN_WildDog_Catalogue,World,Shared/Beasts/WildDog,Content/_Art/Enemies/Shared/Beasts/WildDog/Preview/L_EN_WildDog_Catalogue.umap,25216,5f534d7487dd48e4f608f369bf87874d1e56870bea51efdb4f02a2003544c4f3
/Game/_Art/Enemies/Shared/Beasts/WildDog/Skeletons/SKEL_EN_WildDog,Skeleton,Shared/Beasts/WildDog,Content/_Art/Enemies/Shared/Beasts/WildDog/Skeletons/SKEL_EN_WildDog.uasset,12990,2cabce79e3908abee2f0136a436fc97321ff357b68ee71f1b0465e23ecac3495
/Game/_Art/Enemies/Shared/Beasts/WildDog/Textures/T_EN_WildDog_BASE_Black,Texture2D,Shared/Beasts/WildDog,Content/_Art/Enemies/Shared/Beasts/WildDog/Textures/T_EN_WildDog_BASE_Black.uasset,5201,d900bb790ba6ab9edc3781d6fbee9f3a2406e6d22d5738a4d6ac8451594b76ab
/Game/_Art/Enemies/Shared/Beasts/WildDog/Textures/T_EN_WildDog_BASE_Black_NoneSRGB,Texture2D,Shared/Beasts/WildDog,Content/_Art/Enemies/Shared/Beasts/WildDog/Textures/T_EN_WildDog_BASE_Black_NoneSRGB.uasset,5318,d5e0befd6ab814f2b36d7b745b9070880d80933df4dbee825ab78dd59b5f12de
/Game/_Art/Enemies/Shared/Beasts/WildDog/Textures/T_EN_WildDog_BASE_Blue,Texture2D,Shared/Beasts/WildDog,Content/_Art/Enemies/Shared/Beasts/WildDog/Textures/T_EN_WildDog_BASE_Blue.uasset,5254,60626c05527fe45fbff7027161922e413b6128e9ecaca4aa3a53a6e32fad3505
/Game/_Art/Enemies/Shared/Beasts/WildDog/Textures/T_EN_WildDog_BASE_Disolve,Texture2D,Shared/Beasts/WildDog,Content/_Art/Enemies/Shared/Beasts/WildDog/Textures/T_EN_WildDog_BASE_Disolve.uasset,71231,c0a09046f4f247cceaa9ac1123bed8e5464f4627cbd8377af8cc33333aedef42
/Game/_Art/Enemies/Shared/Beasts/WildDog/Textures/T_EN_WildDog_BASE_Normal,Texture2D,Shared/Beasts/WildDog,Content/_Art/Enemies/Shared/Beasts/WildDog/Textures/T_EN_WildDog_BASE_Normal.uasset,5645,f27a722d5fa246661434328f9c352232eadc7c7f0f26a88958f1859026416064
/Game/_Art/Enemies/Shared/Beasts/WildDog/Textures/T_EN_WildDog_BASE_SAPE,Texture2D,Shared/Beasts/WildDog,Content/_Art/Enemies/Shared/Beasts/WildDog/Textures/T_EN_WildDog_BASE_SAPE.uasset,10946,a24e6d1f7f38412b6215631c2ef53aae6ac18c9c8a11b5ff73809e24d199a617
/Game/_Art/Enemies/Shared/Beasts/WildDog/Textures/T_EN_WildDog_BASE_SAPE_9dc7c1cd,Texture2D,Shared/Beasts/WildDog,Content/_Art/Enemies/Shared/Beasts/WildDog/Textures/T_EN_WildDog_BASE_SAPE_9dc7c1cd.uasset,10928,dcaa6d26489f828c2bb51623b7ff60382d935d0ce3450ddc4265d9931dee9fc4
/Game/_Art/Enemies/Shared/Beasts/WildDog/Textures/T_EN_WildDog_CT_M_WildDogV2_Body_D,Texture2D,Shared/Beasts/WildDog,Content/_Art/Enemies/Shared/Beasts/WildDog/Textures/T_EN_WildDog_CT_M_WildDogV2_Body_D.uasset,173616,e18030f0ec603e2864e19186803c06ba484e18da86654f8dbcc154b28cec6232
/Game/_Art/Enemies/Shared/Beasts/WildDog/Textures/T_EN_WildDog_CT_M_WildDogV2_Head_D,Texture2D,Shared/Beasts/WildDog,Content/_Art/Enemies/Shared/Beasts/WildDog/Textures/T_EN_WildDog_CT_M_WildDogV2_Head_D.uasset,192472,a386e9f3f99fd79f61688b48ce3b2842d250c5c3de403cea9c56f4e051db928d
/Game/_Art/Enemies/Shared/Beasts/WildDog/Textures/T_EN_WildDog_CT_M_WildDogV3_Body_D,Texture2D,Shared/Beasts/WildDog,Content/_Art/Enemies/Shared/Beasts/WildDog/Textures/T_EN_WildDog_CT_M_WildDogV3_Body_D.uasset,140581,006ff08ea3f14497fd6f341c0391b547932e66cdde33c24fd4ce941b4c594755
/Game/_Art/Enemies/Shared/Beasts/WildDog/Textures/T_EN_WildDog_CT_M_WildDogV3_Head_D,Texture2D,Shared/Beasts/WildDog,Content/_Art/Enemies/Shared/Beasts/WildDog/Textures/T_EN_WildDog_CT_M_WildDogV3_Head_D.uasset,181510,1fae16b920c84cf263b1d85b1f5f46b13adc8ee5b9456e61166c823eaa63a14c
/Game/_Art/Enemies/Shared/Beasts/WildDog/Textures/T_EN_WildDog_CT_M_WildDog_Body_D,Texture2D,Shared/Beasts/WildDog,Content/_Art/Enemies/Shared/Beasts/WildDog/Textures/T_EN_WildDog_CT_M_WildDog_Body_D.uasset,125759,3527bd6ebb4ab19aa25b1ef3e5dbcf4ae3e419235bdf73e2836298b01e24357d
/Game/_Art/Enemies/Shared/Beasts/WildDog/Textures/T_EN_WildDog_CT_M_WildDog_Body_E,Texture2D,Shared/Beasts/WildDog,Content/_Art/Enemies/Shared/Beasts/WildDog/Textures/T_EN_WildDog_CT_M_WildDog_Body_E.uasset,62614,6ab664e4308153f55730c82f0015014a06629afd5fc8cd8359b4d818eca7ed5c
/Game/_Art/Enemies/Shared/Beasts/WildDog/Textures/T_EN_WildDog_CT_M_WildDog_Body_I,Texture2D,Shared/Beasts/WildDog,Content/_Art/Enemies/Shared/Beasts/WildDog/Textures/T_EN_WildDog_CT_M_WildDog_Body_I.uasset,2273500,ccb9fb6e8fc73a96ca034fef164f047b6dc05652089565d530ac7c8ce206ff1d
/Game/_Art/Enemies/Shared/Beasts/WildDog/Textures/T_EN_WildDog_CT_M_WildDog_Body_N,Texture2D,Shared/Beasts/WildDog,Content/_Art/Enemies/Shared/Beasts/WildDog/Textures/T_EN_WildDog_CT_M_WildDog_Body_N.uasset,2336998,d4f66b152f2a6fae0a99cbce74edebbbcb330c26b2218a7f82ff7358b479e930
/Game/_Art/Enemies/Shared/Beasts/WildDog/Textures/T_EN_WildDog_CT_M_WildDog_Body_S,Texture2D,Shared/Beasts/WildDog,Content/_Art/Enemies/Shared/Beasts/WildDog/Textures/T_EN_WildDog_CT_M_WildDog_Body_S.uasset,658382,9e4b7ff1cf2e6f598f9887f5790efb0e2156d158c764d722bf7fbe86ed1de60f
/Game/_Art/Enemies/Shared/Beasts/WildDog/Textures/T_EN_WildDog_CT_M_WildDog_Head_D,Texture2D,Shared/Beasts/WildDog,Content/_Art/Enemies/Shared/Beasts/WildDog/Textures/T_EN_WildDog_CT_M_WildDog_Head_D.uasset,113028,13dbaf2776f29eb9cc21a845e0cecce6634439f2d06c672a1fd6692a321f9011
/Game/_Art/Enemies/Shared/Beasts/WildDog/Textures/T_EN_WildDog_CT_M_WildDog_Head_E,Texture2D,Shared/Beasts/WildDog,Content/_Art/Enemies/Shared/Beasts/WildDog/Textures/T_EN_WildDog_CT_M_WildDog_Head_E.uasset,82504,41a61f7c1d9019242fd65bee474c3c56383e45610c7298d7dd70c46e62edfa46
/Game/_Art/Enemies/Shared/Beasts/WildDog/Textures/T_EN_WildDog_CT_M_WildDog_Head_I,Texture2D,Shared/Beasts/WildDog,Content/_Art/Enemies/Shared/Beasts/WildDog/Textures/T_EN_WildDog_CT_M_WildDog_Head_I.uasset,1980482,3025316171b3648d5d147d52b8efaeb0a4d4a0ca6648879155d976c31e07749f
/Game/_Art/Enemies/Shared/Beasts/WildDog/Textures/T_EN_WildDog_CT_M_WildDog_Head_N,Texture2D,Shared/Beasts/WildDog,Content/_Art/Enemies/Shared/Beasts/WildDog/Textures/T_EN_WildDog_CT_M_WildDog_Head_N.uasset,1888059,bd655efa8cf962db425a39c21663d46cf2be6c6d07fb246901962384a6769bef
/Game/_Art/Enemies/Shared/Beasts/WildDog/Textures/T_EN_WildDog_CT_M_WildDog_Head_S,Texture2D,Shared/Beasts/WildDog,Content/_Art/Enemies/Shared/Beasts/WildDog/Textures/T_EN_WildDog_CT_M_WildDog_Head_S.uasset,665598,c3dfdac76c292c1e40d2024e8d12217a4cde428ce4c4db9810528a11b86a4701
/Game/_Art/Enemies/Shared/Beasts/WildDog/Textures/T_EN_WildDog_CT_P_Kazan_Eye001_E,Texture2D,Shared/Beasts/WildDog,Content/_Art/Enemies/Shared/Beasts/WildDog/Textures/T_EN_WildDog_CT_P_Kazan_Eye001_E.uasset,28427,28968f63c24b907a46dbdde21725204ed7fe10f3e3195103fea921939aff5a3e
/Game/_Art/Enemies/Shared/Beasts/WildDog/Textures/T_EN_WildDog_CT_P_Kazan_Eye001_S,Texture2D,Shared/Beasts/WildDog,Content/_Art/Enemies/Shared/Beasts/WildDog/Textures/T_EN_WildDog_CT_P_Kazan_Eye001_S.uasset,21524,b734b777d96296ccf81de74d920db70688154ac8e9aebce792aefc6ddff7e77a
/Game/_Art/Enemies/Shared/Beasts/WildDog/Textures/T_EN_WildDog_FT_BloodDecalTile_test_001,Texture2D,Shared/Beasts/WildDog,Content/_Art/Enemies/Shared/Beasts/WildDog/Textures/T_EN_WildDog_FT_BloodDecalTile_test_001.uasset,653286,f74c88aa7adb7fed90a69d0f955517d6456310d261400fd91e720101391046f0
/Game/_Art/Enemies/Shared/Beasts/WildDog/Textures/T_EN_WildDog_FT_Noise_Flow_003_GrayScale,Texture2D,Shared/Beasts/WildDog,Content/_Art/Enemies/Shared/Beasts/WildDog/Textures/T_EN_WildDog_FT_Noise_Flow_003_GrayScale.uasset,314132,4dc8874a36fb72bcaa07232ddd0a6a6f5dfc698363909e2124471b09293fcfd6
/Game/_Art/Enemies/Shared/Elites/ApesStoneHandElite/Animations/Playback/A_EN_PLAY_AC_ApesStoneHandElite_Basic_End_01,AnimSequence,Shared/Elites/ApesStoneHandElite,Content/_Art/Enemies/Shared/Elites/ApesStoneHandElite/Animations/Playback/A_EN_PLAY_AC_ApesStoneHandElite_Basic_End_01.uasset,843444,66675aab9e26926d8d5e2146fba9beb2e415684cdb635b27721c24094aa9b573
/Game/_Art/Enemies/Shared/Elites/ApesStoneHandElite/Animations/Playback/A_EN_PLAY_AC_ApesStoneHandElite_Basic_End_02,AnimSequence,Shared/Elites/ApesStoneHandElite,Content/_Art/Enemies/Shared/Elites/ApesStoneHandElite/Animations/Playback/A_EN_PLAY_AC_ApesStoneHandElite_Basic_End_02.uasset,895888,5a43a1dd5f7aafea002d47f9834b551c229fd198ee19ce12991325ee57278294
/Game/_Art/Enemies/Shared/Elites/ApesStoneHandElite/Animations/Playback/A_EN_PLAY_AC_ApesStoneHandElite_Basic_Loop_01,AnimSequence,Shared/Elites/ApesStoneHandElite,Content/_Art/Enemies/Shared/Elites/ApesStoneHandElite/Animations/Playback/A_EN_PLAY_AC_ApesStoneHandElite_Basic_Loop_01.uasset,2830714,6584931f3294b59921a8811030a7f6e339c9af665d24842c2d98992ab3f3bc7a
/Game/_Art/Enemies/Shared/Elites/ApesStoneHandElite/Animations/Playback/A_EN_PLAY_AC_ApesStoneHandElite_Basic_Loop_02,AnimSequence,Shared/Elites/ApesStoneHandElite,Content/_Art/Enemies/Shared/Elites/ApesStoneHandElite/Animations/Playback/A_EN_PLAY_AC_ApesStoneHandElite_Basic_Loop_02.uasset,1696807,053fbb6fb75b6c7da947a5cc9432ec96e7ee9f6b84ee70726ecfad4e451dc386
/Game/_Art/Enemies/Shared/Elites/ApesStoneHandElite/Animations/Playback/A_EN_PLAY_AC_ApesStoneHand_E_BackMoving_01,AnimSequence,Shared/Elites/ApesStoneHandElite,Content/_Art/Enemies/Shared/Elites/ApesStoneHandElite/Animations/Playback/A_EN_PLAY_AC_ApesStoneHand_E_BackMoving_01.uasset,970294,16aa28c2bc35b9bd929c1a4db70f1968945f1b6f999037588126178f94ddc561
/Game/_Art/Enemies/Shared/Elites/ApesStoneHandElite/Animations/Playback/A_EN_PLAY_AC_ApesStoneHand_E_BackMoving_02,AnimSequence,Shared/Elites/ApesStoneHandElite,Content/_Art/Enemies/Shared/Elites/ApesStoneHandElite/Animations/Playback/A_EN_PLAY_AC_ApesStoneHand_E_BackMoving_02.uasset,1163138,45af86611bbc7ae3864f1c68a083b4aed48a5c4f7c7ce3679541c9526c9875bf
/Game/_Art/Enemies/Shared/Elites/ApesStoneHandElite/Animations/Playback/A_EN_PLAY_AC_ApesStoneHand_E_CloseGrab_Fail,AnimSequence,Shared/Elites/ApesStoneHandElite,Content/_Art/Enemies/Shared/Elites/ApesStoneHandElite/Animations/Playback/A_EN_PLAY_AC_ApesStoneHand_E_CloseGrab_Fail.uasset,698852,29ecfaa38be9716c9587ccb780a2a888e20bd5d48fd579c3de29cce5065045d2
/Game/_Art/Enemies/Shared/Elites/ApesStoneHandElite/Animations/Playback/A_EN_PLAY_AC_ApesStoneHand_E_CloseGrab_Fail_Stone,AnimSequence,Shared/Elites/ApesStoneHandElite,Content/_Art/Enemies/Shared/Elites/ApesStoneHandElite/Animations/Playback/A_EN_PLAY_AC_ApesStoneHand_E_CloseGrab_Fail_Stone.uasset,698895,7ce0ff0400df647ff774a3fb8e7d5c5c91c38af1f22b9c81a9abead650809846
/Game/_Art/Enemies/Shared/Elites/ApesStoneHandElite/Animations/Playback/A_EN_PLAY_AC_ApesStoneHand_E_CloseGrab_Start,AnimSequence,Shared/Elites/ApesStoneHandElite,Content/_Art/Enemies/Shared/Elites/ApesStoneHandElite/Animations/Playback/A_EN_PLAY_AC_ApesStoneHand_E_CloseGrab_Start.uasset,755526,dc9268c425b1ae218719bfe61ff6d2002bbe7ec26f872e10145968bab73de967
/Game/_Art/Enemies/Shared/Elites/ApesStoneHandElite/Animations/Playback/A_EN_PLAY_AC_ApesStoneHand_E_CloseGrab_Start2_Stone,AnimSequence,Shared/Elites/ApesStoneHandElite,Content/_Art/Enemies/Shared/Elites/ApesStoneHandElite/Animations/Playback/A_EN_PLAY_AC_ApesStoneHand_E_CloseGrab_Start2_Stone.uasset,800629,b664331532157d9351bd60dd7ea2c07a130af48437c255a0af8ee8f0edc3eea5
/Game/_Art/Enemies/Shared/Elites/ApesStoneHandElite/Animations/Playback/A_EN_PLAY_AC_ApesStoneHand_E_CloseGrab_Start_Stone,AnimSequence,Shared/Elites/ApesStoneHandElite,Content/_Art/Enemies/Shared/Elites/ApesStoneHandElite/Animations/Playback/A_EN_PLAY_AC_ApesStoneHand_E_CloseGrab_Start_Stone.uasset,774668,930e3ec8da083e19aefa9be3d0b3b3f68482616ea6f38fef26bd644f157f9ba8
/Game/_Art/Enemies/Shared/Elites/ApesStoneHandElite/Animations/Playback/A_EN_PLAY_AC_ApesStoneHand_E_CloseGrab_Success_01_Turn,AnimSequence,Shared/Elites/ApesStoneHandElite,Content/_Art/Enemies/Shared/Elites/ApesStoneHandElite/Animations/Playback/A_EN_PLAY_AC_ApesStoneHand_E_CloseGrab_Success_01_Turn.uasset,1204214,2cab83928d3f3a1ab2d9bdc17897558a015ef3bac1400d2159c6b99e527a148b
/Game/_Art/Enemies/Shared/Elites/ApesStoneHandElite/Animations/Playback/A_EN_PLAY_AC_ApesStoneHand_E_CloseGrab_Success_01_Turn_Stone,AnimSequence,Shared/Elites/ApesStoneHandElite,Content/_Art/Enemies/Shared/Elites/ApesStoneHandElite/Animations/Playback/A_EN_PLAY_AC_ApesStoneHand_E_CloseGrab_Success_01_Turn_Stone.uasset,1204257,70072404b338beaaf61655265d2ff272d2a6c1ef147eb05421c0b9df68fa40fb
/Game/_Art/Enemies/Shared/Elites/ApesStoneHandElite/Animations/Playback/A_EN_PLAY_AC_ApesStoneHand_E_CloseGrab_Success_02,AnimSequence,Shared/Elites/ApesStoneHandElite,Content/_Art/Enemies/Shared/Elites/ApesStoneHandElite/Animations/Playback/A_EN_PLAY_AC_ApesStoneHand_E_CloseGrab_Success_02.uasset,956143,167f55d565f338b4f9fbc74d249495635d2b2d6ea3a98dd7161daf1db05a6851
/Game/_Art/Enemies/Shared/Elites/ApesStoneHandElite/Animations/Playback/A_EN_PLAY_AC_ApesStoneHand_E_CloseGrab_Success_Stone,AnimSequence,Shared/Elites/ApesStoneHandElite,Content/_Art/Enemies/Shared/Elites/ApesStoneHandElite/Animations/Playback/A_EN_PLAY_AC_ApesStoneHand_E_CloseGrab_Success_Stone.uasset,956165,872e0df54e801d195261067f1548c12d1168ab80fa271afaf4f3444d63433541
/Game/_Art/Enemies/Shared/Elites/ApesStoneHandElite/Animations/Playback/A_EN_PLAY_AC_ApesStoneHand_E_CounterAtk,AnimSequence,Shared/Elites/ApesStoneHandElite,Content/_Art/Enemies/Shared/Elites/ApesStoneHandElite/Animations/Playback/A_EN_PLAY_AC_ApesStoneHand_E_CounterAtk.uasset,2133703,dc77596e75c8e7339a66f8ba2c8f6776e5c74c7c3d5bae7453ded86a07260522
/Game/_Art/Enemies/Shared/Elites/ApesStoneHandElite/Animations/Playback/A_EN_PLAY_AC_ApesStoneHand_E_DamFinalblow,AnimSequence,Shared/Elites/ApesStoneHandElite,Content/_Art/Enemies/Shared/Elites/ApesStoneHandElite/Animations/Playback/A_EN_PLAY_AC_ApesStoneHand_E_DamFinalblow.uasset,1743529,a8dca0227c4308c18ebac7b6b49a2d9ee664967ff74a581224a29180f01f319f
/Game/_Art/Enemies/Shared/Elites/ApesStoneHandElite/Animations/Playback/A_EN_PLAY_AC_ApesStoneHand_E_DamageGrapple_Atk_01,AnimSequence,Shared/Elites/ApesStoneHandElite,Content/_Art/Enemies/Shared/Elites/ApesStoneHandElite/Animations/Playback/A_EN_PLAY_AC_ApesStoneHand_E_DamageGrapple_Atk_01.uasset,722477,c94648aa1f02bd2579bd1f6495d93acbc766a3c33237c6f053f9358bda90d96b
/Game/_Art/Enemies/Shared/Elites/ApesStoneHandElite/Animations/Playback/A_EN_PLAY_AC_ApesStoneHand_E_DamageGrapple_Atk_02,AnimSequence,Shared/Elites/ApesStoneHandElite,Content/_Art/Enemies/Shared/Elites/ApesStoneHandElite/Animations/Playback/A_EN_PLAY_AC_ApesStoneHand_E_DamageGrapple_Atk_02.uasset,662765,e229f613194829ab9245b055ebd83f2bab6519ba46703189549143bcafd122e3
/Game/_Art/Enemies/Shared/Elites/ApesStoneHandElite/Animations/Playback/A_EN_PLAY_AC_ApesStoneHand_E_DamageGrapple_Atk_B_01,AnimSequence,Shared/Elites/ApesStoneHandElite,Content/_Art/Enemies/Shared/Elites/ApesStoneHandElite/Animations/Playback/A_EN_PLAY_AC_ApesStoneHand_E_DamageGrapple_Atk_B_01.uasset,664689,93fb1cf8db5d6e2d53975d2c7a722f2ee649856089b4b03e7f20db4f115ee001
/Game/_Art/Enemies/Shared/Elites/ApesStoneHandElite/Animations/Playback/A_EN_PLAY_AC_ApesStoneHand_E_DamageGrapple_Atk_B_02,AnimSequence,Shared/Elites/ApesStoneHandElite,Content/_Art/Enemies/Shared/Elites/ApesStoneHandElite/Animations/Playback/A_EN_PLAY_AC_ApesStoneHand_E_DamageGrapple_Atk_B_02.uasset,882705,b6c5ee9f90aa4c4d0dd82c659cd53d589ca7cb164b53cf743a8b3d84fdc44838
/Game/_Art/Enemies/Shared/Elites/ApesStoneHandElite/Animations/Playback/A_EN_PLAY_AC_ApesStoneHand_E_DamageNormal_D_B,AnimSequence,Shared/Elites/ApesStoneHandElite,Content/_Art/Enemies/Shared/Elites/ApesStoneHandElite/Animations/Playback/A_EN_PLAY_AC_ApesStoneHand_E_DamageNormal_D_B.uasset,805915,f74424ff8710d87a021b21ecd4058cbb826dc506f8901c8cd948e41c5c47beb0
/Game/_Art/Enemies/Shared/Elites/ApesStoneHandElite/Animations/Playback/A_EN_PLAY_AC_ApesStoneHand_E_DamageNormal_D_F,AnimSequence,Shared/Elites/ApesStoneHandElite,Content/_Art/Enemies/Shared/Elites/ApesStoneHandElite/Animations/Playback/A_EN_PLAY_AC_ApesStoneHand_E_DamageNormal_D_F.uasset,562302,ac7e510d3ed6f6861ed4fb763344e5581eaea71d3ee4dcf3b67f3ac86ab5f135
/Game/_Art/Enemies/Shared/Elites/ApesStoneHandElite/Animations/Playback/A_EN_PLAY_AC_ApesStoneHand_E_DamageNormal_L_F,AnimSequence,Shared/Elites/ApesStoneHandElite,Content/_Art/Enemies/Shared/Elites/ApesStoneHandElite/Animations/Playback/A_EN_PLAY_AC_ApesStoneHand_E_DamageNormal_L_F.uasset,547977,47b184d31785fbcf8154bf60749e0d3814448bd6a8224b161c5f7c53d4ec1f11
/Game/_Art/Enemies/Shared/Elites/ApesStoneHandElite/Animations/Playback/A_EN_PLAY_AC_ApesStoneHand_E_DamageNormal_R_F,AnimSequence,Shared/Elites/ApesStoneHandElite,Content/_Art/Enemies/Shared/Elites/ApesStoneHandElite/Animations/Playback/A_EN_PLAY_AC_ApesStoneHand_E_DamageNormal_R_F.uasset,545865,a8a65777891543bfd8edbfe0ee143418260d17aa62bc4604db21f378fc4eb593
/Game/_Art/Enemies/Shared/Elites/ApesStoneHandElite/Animations/Playback/A_EN_PLAY_AC_ApesStoneHand_E_DamageNormal_U_B,AnimSequence,Shared/Elites/ApesStoneHandElite,Content/_Art/Enemies/Shared/Elites/ApesStoneHandElite/Animations/Playback/A_EN_PLAY_AC_ApesStoneHand_E_DamageNormal_U_B.uasset,817627,86bf7d352ee581ae7d58437ceb3cb8bd48e9b41ffc5ad87a170f14b12bbdef8f
/Game/_Art/Enemies/Shared/Elites/ApesStoneHandElite/Animations/Playback/A_EN_PLAY_AC_ApesStoneHand_E_DamageNormal_U_F,AnimSequence,Shared/Elites/ApesStoneHandElite,Content/_Art/Enemies/Shared/Elites/ApesStoneHandElite/Animations/Playback/A_EN_PLAY_AC_ApesStoneHand_E_DamageNormal_U_F.uasset,566985,9a7fb2f0f9ecaa8bd8c61e730baedd60dae4abc1cdfdba30385901edff5569dd
/Game/_Art/Enemies/Shared/Elites/ApesStoneHandElite/Animations/Playback/A_EN_PLAY_AC_ApesStoneHand_E_DamageParry_F,AnimSequence,Shared/Elites/ApesStoneHandElite,Content/_Art/Enemies/Shared/Elites/ApesStoneHandElite/Animations/Playback/A_EN_PLAY_AC_ApesStoneHand_E_DamageParry_F.uasset,1146900,49ec2bac88379059ba3202323702784ab9764609fd36c06b9fb0bb6eeb291205
/Game/_Art/Enemies/Shared/Elites/ApesStoneHandElite/Animations/Playback/A_EN_PLAY_AC_ApesStoneHand_E_DamageStrong_D_F,AnimSequence,Shared/Elites/ApesStoneHandElite,Content/_Art/Enemies/Shared/Elites/ApesStoneHandElite/Animations/Playback/A_EN_PLAY_AC_ApesStoneHand_E_DamageStrong_D_F.uasset,644233,2402da7efbc33c9f38823b2250f5033074cb3f377d5c77ec1c92ec537954ad65
/Game/_Art/Enemies/Shared/Elites/ApesStoneHandElite/Animations/Playback/A_EN_PLAY_AC_ApesStoneHand_E_DamageStrong_D_F_2,AnimSequence,Shared/Elites/ApesStoneHandElite,Content/_Art/Enemies/Shared/Elites/ApesStoneHandElite/Animations/Playback/A_EN_PLAY_AC_ApesStoneHand_E_DamageStrong_D_F_2.uasset,663737,acb7624d3fbd57dedfae7f1e43953002fd582e4410fae7cbcf0ce479b056d596
/Game/_Art/Enemies/Shared/Elites/ApesStoneHandElite/Animations/Playback/A_EN_PLAY_AC_ApesStoneHand_E_DamageStrong_L_F,AnimSequence,Shared/Elites/ApesStoneHandElite,Content/_Art/Enemies/Shared/Elites/ApesStoneHandElite/Animations/Playback/A_EN_PLAY_AC_ApesStoneHand_E_DamageStrong_L_F.uasset,634441,88f492f7be737a292d1e7471eb42b89609f5b1d3c1adad98577d6ca4bfb79cfa
/Game/_Art/Enemies/Shared/Elites/ApesStoneHandElite/Animations/Playback/A_EN_PLAY_AC_ApesStoneHand_E_DamageStrong_R_F,AnimSequence,Shared/Elites/ApesStoneHandElite,Content/_Art/Enemies/Shared/Elites/ApesStoneHandElite/Animations/Playback/A_EN_PLAY_AC_ApesStoneHand_E_DamageStrong_R_F.uasset,621385,02e50023fd9a7bbdc8cb6e2f98cb919f5d288751e3f2f094734282fac8cf263b
/Game/_Art/Enemies/Shared/Elites/ApesStoneHandElite/Animations/Playback/A_EN_PLAY_AC_ApesStoneHand_E_DamageStrong_U_F,AnimSequence,Shared/Elites/ApesStoneHandElite,Content/_Art/Enemies/Shared/Elites/ApesStoneHandElite/Animations/Playback/A_EN_PLAY_AC_ApesStoneHand_E_DamageStrong_U_F.uasset,630089,087f7309d2be06c586519f17716824c30bc158443c82fc411712d097f23a33c3
/Game/_Art/Enemies/Shared/Elites/ApesStoneHandElite/Animations/Playback/A_EN_PLAY_AC_ApesStoneHand_E_DamageWeak_D_F,AnimSequence,Shared/Elites/ApesStoneHandElite,Content/_Art/Enemies/Shared/Elites/ApesStoneHandElite/Animations/Playback/A_EN_PLAY_AC_ApesStoneHand_E_DamageWeak_D_F.uasset,491205,b6300bf41fa739bcdbff348899f8f63d4a360090684426d94f86807d25c04877
/Game/_Art/Enemies/Shared/Elites/ApesStoneHandElite/Animations/Playback/A_EN_PLAY_AC_ApesStoneHand_E_DamageWeak_L_F,AnimSequence,Shared/Elites/ApesStoneHandElite,Content/_Art/Enemies/Shared/Elites/ApesStoneHandElite/Animations/Playback/A_EN_PLAY_AC_ApesStoneHand_E_DamageWeak_L_F.uasset,499610,9d88442897d71eb1dbded0c0fefa049f0f3f7cc043cd4e9b0e36513244cf3f41
/Game/_Art/Enemies/Shared/Elites/ApesStoneHandElite/Animations/Playback/A_EN_PLAY_AC_ApesStoneHand_E_DamageWeak_R_F,AnimSequence,Shared/Elites/ApesStoneHandElite,Content/_Art/Enemies/Shared/Elites/ApesStoneHandElite/Animations/Playback/A_EN_PLAY_AC_ApesStoneHand_E_DamageWeak_R_F.uasset,489541,3144b98089a0d26262e83e90f695d78061651d2bd23d97291164dab768c76bc1
/Game/_Art/Enemies/Shared/Elites/ApesStoneHandElite/Animations/Playback/A_EN_PLAY_AC_ApesStoneHand_E_DamageWeak_U_F,AnimSequence,Shared/Elites/ApesStoneHandElite,Content/_Art/Enemies/Shared/Elites/ApesStoneHandElite/Animations/Playback/A_EN_PLAY_AC_ApesStoneHand_E_DamageWeak_U_F.uasset,492869,dcd432050056bc8f19937b103c5d2ee801276c8a94378bd1f56d57714a5a4df0
/Game/_Art/Enemies/Shared/Elites/ApesStoneHandElite/Animations/Playback/A_EN_PLAY_AC_ApesStoneHand_E_DashAtk,AnimSequence,Shared/Elites/ApesStoneHandElite,Content/_Art/Enemies/Shared/Elites/ApesStoneHandElite/Animations/Playback/A_EN_PLAY_AC_ApesStoneHand_E_DashAtk.uasset,2990152,480b6b7e7e86974997ae511a6d83b688f66d4245a017792af15e50d78568e3f5
/Game/_Art/Enemies/Shared/Elites/ApesStoneHandElite/Animations/Playback/A_EN_PLAY_AC_ApesStoneHand_E_DashAtk_IDLE,AnimSequence,Shared/Elites/ApesStoneHandElite,Content/_Art/Enemies/Shared/Elites/ApesStoneHandElite/Animations/Playback/A_EN_PLAY_AC_ApesStoneHand_E_DashAtk_IDLE.uasset,4469779,123937ae508b16476b97686a8c7dfbee7e440fa3cabebd89bf628d3b568ec6e6
/Game/_Art/Enemies/Shared/Elites/ApesStoneHandElite/Animations/Playback/A_EN_PLAY_AC_ApesStoneHand_E_DashAtk_Level_H_Short,AnimSequence,Shared/Elites/ApesStoneHandElite,Content/_Art/Enemies/Shared/Elites/ApesStoneHandElite/Animations/Playback/A_EN_PLAY_AC_ApesStoneHand_E_DashAtk_Level_H_Short.uasset,1755532,8778d42746453c0ea54a5dbbaef75fb1fbd9aa91fbff82a66e8d4849389e3625
/Game/_Art/Enemies/Shared/Elites/ApesStoneHandElite/Animations/Playback/A_EN_PLAY_AC_ApesStoneHand_E_DempseyRoll_Step1,AnimSequence,Shared/Elites/ApesStoneHandElite,Content/_Art/Enemies/Shared/Elites/ApesStoneHandElite/Animations/Playback/A_EN_PLAY_AC_ApesStoneHand_E_DempseyRoll_Step1.uasset,1526304,df0daddefe60cc1bdcc9ada71282b4dbb9e98e6d1cd67335296e7699a216865a
/Game/_Art/Enemies/Shared/Elites/ApesStoneHandElite/Animations/Playback/A_EN_PLAY_AC_ApesStoneHand_E_DempseyRoll_Step2,AnimSequence,Shared/Elites/ApesStoneHandElite,Content/_Art/Enemies/Shared/Elites/ApesStoneHandElite/Animations/Playback/A_EN_PLAY_AC_ApesStoneHand_E_DempseyRoll_Step2.uasset,1818161,297fefa86721b955fdc5797742d82fb4fea40be21769331474321b2d4f33ef9b
/Game/_Art/Enemies/Shared/Elites/ApesStoneHandElite/Animations/Playback/A_EN_PLAY_AC_ApesStoneHand_E_Die_F,AnimSequence,Shared/Elites/ApesStoneHandElite,Content/_Art/Enemies/Shared/Elites/ApesStoneHandElite/Animations/Playback/A_EN_PLAY_AC_ApesStoneHand_E_Die_F.uasset,1737674,00c846cbe37a78334265bfca6cc6c8ae36c8febb782e8c8518c631f5463f60e7
/Game/_Art/Enemies/Shared/Elites/ApesStoneHandElite/Animations/Playback/A_EN_PLAY_AC_ApesStoneHand_E_Dodge,AnimSequence,Shared/Elites/ApesStoneHandElite,Content/_Art/Enemies/Shared/Elites/ApesStoneHandElite/Animations/Playback/A_EN_PLAY_AC_ApesStoneHand_E_Dodge.uasset,809000,420a4f37e381c990aac30d2272b57f530cb403b09fd58bc3685f622b00a8500b
/Game/_Art/Enemies/Shared/Elites/ApesStoneHandElite/Animations/Playback/A_EN_PLAY_AC_ApesStoneHand_E_FastBall_End,AnimSequence,Shared/Elites/ApesStoneHandElite,Content/_Art/Enemies/Shared/Elites/ApesStoneHandElite/Animations/Playback/A_EN_PLAY_AC_ApesStoneHand_E_FastBall_End.uasset,842496,3a72a38906f8c48b0350fa4ca3533c4540f1e09e2bf01d3d460203b27330bd1e
/Game/_Art/Enemies/Shared/Elites/ApesStoneHandElite/Animations/Playback/A_EN_PLAY_AC_ApesStoneHand_E_FastBall_Shoot,AnimSequence,Shared/Elites/ApesStoneHandElite,Content/_Art/Enemies/Shared/Elites/ApesStoneHandElite/Animations/Playback/A_EN_PLAY_AC_ApesStoneHand_E_FastBall_Shoot.uasset,616848,acf46b749e9ffbe9a743ce51af38b370d1c39a609beacdbc86865dff50a16454
/Game/_Art/Enemies/Shared/Elites/ApesStoneHandElite/Animations/Playback/A_EN_PLAY_AC_ApesStoneHand_E_FastBall_Start,AnimSequence,Shared/Elites/ApesStoneHandElite,Content/_Art/Enemies/Shared/Elites/ApesStoneHandElite/Animations/Playback/A_EN_PLAY_AC_ApesStoneHand_E_FastBall_Start.uasset,761275,d7a71f912dba3b20b1e0237fac6b9d109ec719d5466546f6188f5c358c292567
/Game/_Art/Enemies/Shared/Elites/ApesStoneHandElite/Animations/Playback/A_EN_PLAY_AC_ApesStoneHand_E_FastMove,AnimSequence,Shared/Elites/ApesStoneHandElite,Content/_Art/Enemies/Shared/Elites/ApesStoneHandElite/Animations/Playback/A_EN_PLAY_AC_ApesStoneHand_E_FastMove.uasset,1292789,62661b90e3574e3d5028d6da6356ee645d4ae52fcaf275153e428333d5a7d750
/Game/_Art/Enemies/Shared/Elites/ApesStoneHandElite/Animations/Playback/A_EN_PLAY_AC_ApesStoneHand_E_GroggyStr_F_End,AnimSequence,Shared/Elites/ApesStoneHandElite,Content/_Art/Enemies/Shared/Elites/ApesStoneHandElite/Animations/Playback/A_EN_PLAY_AC_ApesStoneHand_E_GroggyStr_F_End.uasset,928832,e7c71cdd9dd93cdc897e3b16f28fb99906d45b1d9f6e8383befd4799abdc796a
/Game/_Art/Enemies/Shared/Elites/ApesStoneHandElite/Animations/Playback/A_EN_PLAY_AC_ApesStoneHand_E_GroggyStr_F_End_9b2dcb55,AnimSequence,Shared/Elites/ApesStoneHandElite,Content/_Art/Enemies/Shared/Elites/ApesStoneHandElite/Animations/Playback/A_EN_PLAY_AC_ApesStoneHand_E_GroggyStr_F_End_9b2dcb55.uasset,928878,622c2467ea41748949499975584e33856390355bd7218bfe003289d3ee7ea38e
/Game/_Art/Enemies/Shared/Elites/ApesStoneHandElite/Animations/Playback/A_EN_PLAY_AC_ApesStoneHand_E_GroggyStr_F_Loop,AnimSequence,Shared/Elites/ApesStoneHandElite,Content/_Art/Enemies/Shared/Elites/ApesStoneHandElite/Animations/Playback/A_EN_PLAY_AC_ApesStoneHand_E_GroggyStr_F_Loop.uasset,789467,9c50ac3daf1295a819e658450cbed1e862a2018b9e61833432db31cce3c6fc2b
/Game/_Art/Enemies/Shared/Elites/ApesStoneHandElite/Animations/Playback/A_EN_PLAY_AC_ApesStoneHand_E_GroggyStr_F_Loop_ee3ce7ee,AnimSequence,Shared/Elites/ApesStoneHandElite,Content/_Art/Enemies/Shared/Elites/ApesStoneHandElite/Animations/Playback/A_EN_PLAY_AC_ApesStoneHand_E_GroggyStr_F_Loop_ee3ce7ee.uasset,789513,5d3edb6921d7db06d64adef7b3664ae58dc4ea926036e1ee776c49f092aeaa54
/Game/_Art/Enemies/Shared/Elites/ApesStoneHandElite/Animations/Playback/A_EN_PLAY_AC_ApesStoneHand_E_GroggyStr_F_Start,AnimSequence,Shared/Elites/ApesStoneHandElite,Content/_Art/Enemies/Shared/Elites/ApesStoneHandElite/Animations/Playback/A_EN_PLAY_AC_ApesStoneHand_E_GroggyStr_F_Start.uasset,663602,dab6cd24ec7bd0e764633ac5e2dcce635e38995b72d6c9e4096214fccb024c5a
/Game/_Art/Enemies/Shared/Elites/ApesStoneHandElite/Animations/Playback/A_EN_PLAY_AC_ApesStoneHand_E_JustGuardReaction,AnimSequence,Shared/Elites/ApesStoneHandElite,Content/_Art/Enemies/Shared/Elites/ApesStoneHandElite/Animations/Playback/A_EN_PLAY_AC_ApesStoneHand_E_JustGuardReaction.uasset,1040900,9583092ad75a6648588e5bd2f21727b532f51dda76156f4baea548df95ab1697
/Game/_Art/Enemies/Shared/Elites/ApesStoneHandElite/Animations/Playback/A_EN_PLAY_AC_ApesStoneHand_E_NormalAtk01_01,AnimSequence,Shared/Elites/ApesStoneHandElite,Content/_Art/Enemies/Shared/Elites/ApesStoneHandElite/Animations/Playback/A_EN_PLAY_AC_ApesStoneHand_E_NormalAtk01_01.uasset,710757,5a5bef0752aad6baba284176d300716d2f08b9dd18fd8076b638166782428859
/Game/_Art/Enemies/Shared/Elites/ApesStoneHandElite/Animations/Playback/A_EN_PLAY_AC_ApesStoneHand_E_NormalAtk01_02,AnimSequence,Shared/Elites/ApesStoneHandElite,Content/_Art/Enemies/Shared/Elites/ApesStoneHandElite/Animations/Playback/A_EN_PLAY_AC_ApesStoneHand_E_NormalAtk01_02.uasset,991347,a9a9d3cad460c551e9447eb37544aa8950ccf2db49f10292809ce7683bf59e12
/Game/_Art/Enemies/Shared/Elites/ApesStoneHandElite/Animations/Playback/A_EN_PLAY_AC_ApesStoneHand_E_NormalAtk01_03,AnimSequence,Shared/Elites/ApesStoneHandElite,Content/_Art/Enemies/Shared/Elites/ApesStoneHandElite/Animations/Playback/A_EN_PLAY_AC_ApesStoneHand_E_NormalAtk01_03.uasset,5931025,eced596acae63b44a87709cf1f052064acfdb5e0e84a6bb1ee6d462d37a12988
/Game/_Art/Enemies/Shared/Elites/ApesStoneHandElite/Animations/Playback/A_EN_PLAY_AC_ApesStoneHand_E_NormalAtk02_01,AnimSequence,Shared/Elites/ApesStoneHandElite,Content/_Art/Enemies/Shared/Elites/ApesStoneHandElite/Animations/Playback/A_EN_PLAY_AC_ApesStoneHand_E_NormalAtk02_01.uasset,1652077,791949dfc56cd575669352eca3688aaf47d984d68ac47829a14e999a04ac4328
/Game/_Art/Enemies/Shared/Elites/ApesStoneHandElite/Animations/Playback/A_EN_PLAY_AC_ApesStoneHand_E_NormalAtk02_02,AnimSequence,Shared/Elites/ApesStoneHandElite,Content/_Art/Enemies/Shared/Elites/ApesStoneHandElite/Animations/Playback/A_EN_PLAY_AC_ApesStoneHand_E_NormalAtk02_02.uasset,1527855,4b0e084b2a4e2cae683a690c488f253f380f04616f05dc6a649090f8edef4acf
/Game/_Art/Enemies/Shared/Elites/ApesStoneHandElite/Animations/Playback/A_EN_PLAY_AC_ApesStoneHand_E_PartGroggy_End,AnimSequence,Shared/Elites/ApesStoneHandElite,Content/_Art/Enemies/Shared/Elites/ApesStoneHandElite/Animations/Playback/A_EN_PLAY_AC_ApesStoneHand_E_PartGroggy_End.uasset,838017,b4abf9aca342a6a3bfc66b754dcc5423e7b6ec59e4968616a45139f97d18ee2d
/Game/_Art/Enemies/Shared/Elites/ApesStoneHandElite/Animations/Playback/A_EN_PLAY_AC_ApesStoneHand_E_PartGroggy_Loop,AnimSequence,Shared/Elites/ApesStoneHandElite,Content/_Art/Enemies/Shared/Elites/ApesStoneHandElite/Animations/Playback/A_EN_PLAY_AC_ApesStoneHand_E_PartGroggy_Loop.uasset,751096,dc93a4e02180e932209446d5062b931b0293de742350c0154bc72d9796237e35
/Game/_Art/Enemies/Shared/Elites/ApesStoneHandElite/Animations/Playback/A_EN_PLAY_AC_ApesStoneHand_E_PartGroggy_Start,AnimSequence,Shared/Elites/ApesStoneHandElite,Content/_Art/Enemies/Shared/Elites/ApesStoneHandElite/Animations/Playback/A_EN_PLAY_AC_ApesStoneHand_E_PartGroggy_Start.uasset,825281,def1c308ac563401da6f2834756eeb47392ced377d18dcc3c85cb4c69d02cd6b
/Game/_Art/Enemies/Shared/Elites/ApesStoneHandElite/Animations/Playback/A_EN_PLAY_AC_ApesStoneHand_E_Roar,AnimSequence,Shared/Elites/ApesStoneHandElite,Content/_Art/Enemies/Shared/Elites/ApesStoneHandElite/Animations/Playback/A_EN_PLAY_AC_ApesStoneHand_E_Roar.uasset,1451161,464c15f254e5f016d561a5c13bf6f85ab962a785e13a57df89e32275f61e0a3f
/Game/_Art/Enemies/Shared/Elites/ApesStoneHandElite/Animations/Playback/A_EN_PLAY_AC_ApesStoneHand_E_Roar_81adb838,AnimSequence,Shared/Elites/ApesStoneHandElite,Content/_Art/Enemies/Shared/Elites/ApesStoneHandElite/Animations/Playback/A_EN_PLAY_AC_ApesStoneHand_E_Roar_81adb838.uasset,1578502,4b79ef791dcaf8009dac3f491a2315bd8fb3404c12a5248af477683d4d3fce82
/Game/_Art/Enemies/Shared/Elites/ApesStoneHandElite/Animations/Playback/A_EN_PLAY_AC_ApesStoneHand_E_Run_Loop,AnimSequence,Shared/Elites/ApesStoneHandElite,Content/_Art/Enemies/Shared/Elites/ApesStoneHandElite/Animations/Playback/A_EN_PLAY_AC_ApesStoneHand_E_Run_Loop.uasset,2840759,21af1980eb760a47244c4bff43960bf243be54d0699df802e52b234ceb0520d0
/Game/_Art/Enemies/Shared/Elites/ApesStoneHandElite/Animations/Playback/A_EN_PLAY_AC_ApesStoneHand_E_Run_Loop_Stone,AnimSequence,Shared/Elites/ApesStoneHandElite,Content/_Art/Enemies/Shared/Elites/ApesStoneHandElite/Animations/Playback/A_EN_PLAY_AC_ApesStoneHand_E_Run_Loop_Stone.uasset,2840802,7d308b54b8ec4e686ece356160be3c4dde0b22da8fdc068cbf6b1da28e27385a
/Game/_Art/Enemies/Shared/Elites/ApesStoneHandElite/Animations/Playback/A_EN_PLAY_AC_ApesStoneHand_E_Run_Loop_fb95ed87,AnimSequence,Shared/Elites/ApesStoneHandElite,Content/_Art/Enemies/Shared/Elites/ApesStoneHandElite/Animations/Playback/A_EN_PLAY_AC_ApesStoneHand_E_Run_Loop_fb95ed87.uasset,2840801,caa50a98423f481e786e60efabbbc6989b08473863e190a41e0cc815ced3cffb
/Game/_Art/Enemies/Shared/Elites/ApesStoneHandElite/Animations/Playback/A_EN_PLAY_AC_ApesStoneHand_E_SideMove_L_Step1,AnimSequence,Shared/Elites/ApesStoneHandElite,Content/_Art/Enemies/Shared/Elites/ApesStoneHandElite/Animations/Playback/A_EN_PLAY_AC_ApesStoneHand_E_SideMove_L_Step1.uasset,739695,33413eacb4fd5a735db8f9daf61d9ea9a4d03c1d07684ff4b06a04eaf3281537
/Game/_Art/Enemies/Shared/Elites/ApesStoneHandElite/Animations/Playback/A_EN_PLAY_AC_ApesStoneHand_E_SideMove_L_Step2,AnimSequence,Shared/Elites/ApesStoneHandElite,Content/_Art/Enemies/Shared/Elites/ApesStoneHandElite/Animations/Playback/A_EN_PLAY_AC_ApesStoneHand_E_SideMove_L_Step2.uasset,1221649,2fb56e4de5d1db8715acfc462dad7f7802649f097e2eb95ee5e62ae33d85b7a2
/Game/_Art/Enemies/Shared/Elites/ApesStoneHandElite/Animations/Playback/A_EN_PLAY_AC_ApesStoneHand_E_SideMove_R_Step1,AnimSequence,Shared/Elites/ApesStoneHandElite,Content/_Art/Enemies/Shared/Elites/ApesStoneHandElite/Animations/Playback/A_EN_PLAY_AC_ApesStoneHand_E_SideMove_R_Step1.uasset,725009,4f915ffbe2cd418a17449d9b62ff1a45a7c2bbbbc2189a1e54a3c4b56f61389c
/Game/_Art/Enemies/Shared/Elites/ApesStoneHandElite/Animations/Playback/A_EN_PLAY_AC_ApesStoneHand_E_SideMove_R_Step2,AnimSequence,Shared/Elites/ApesStoneHandElite,Content/_Art/Enemies/Shared/Elites/ApesStoneHandElite/Animations/Playback/A_EN_PLAY_AC_ApesStoneHand_E_SideMove_R_Step2.uasset,1214417,8c994ed39e16040d3e41a0aeec3b76743c3d26faed803ea59331e86083c5652a
/Game/_Art/Enemies/Shared/Elites/ApesStoneHandElite/Animations/Playback/A_EN_PLAY_AC_ApesStoneHand_E_Social,AnimSequence,Shared/Elites/ApesStoneHandElite,Content/_Art/Enemies/Shared/Elites/ApesStoneHandElite/Animations/Playback/A_EN_PLAY_AC_ApesStoneHand_E_Social.uasset,1150400,c414745062f3fe4e79f5a16a56d857fbbcb5e6aee6c63a9b55dd147a3f47c755
/Game/_Art/Enemies/Shared/Elites/ApesStoneHandElite/Animations/Playback/A_EN_PLAY_AC_ApesStoneHand_E_StaminaRecover,AnimSequence,Shared/Elites/ApesStoneHandElite,Content/_Art/Enemies/Shared/Elites/ApesStoneHandElite/Animations/Playback/A_EN_PLAY_AC_ApesStoneHand_E_StaminaRecover.uasset,1073385,8d63c816901b9979346bc77c83012c5948029d235e57f11c60a5c9c78af15f01
/Game/_Art/Enemies/Shared/Elites/ApesStoneHandElite/Animations/Playback/A_EN_PLAY_AC_ApesStoneHand_E_StartRoar,AnimSequence,Shared/Elites/ApesStoneHandElite,Content/_Art/Enemies/Shared/Elites/ApesStoneHandElite/Animations/Playback/A_EN_PLAY_AC_ApesStoneHand_E_StartRoar.uasset,1444142,e60852f5d6a602025eeaed4f461c9389a0255879c97a8852dce4049c2478c673
/Game/_Art/Enemies/Shared/Elites/ApesStoneHandElite/Animations/Playback/A_EN_PLAY_AC_ApesStoneHand_E_TurnAtk_1,AnimSequence,Shared/Elites/ApesStoneHandElite,Content/_Art/Enemies/Shared/Elites/ApesStoneHandElite/Animations/Playback/A_EN_PLAY_AC_ApesStoneHand_E_TurnAtk_1.uasset,1777232,fab0ccab445b825f2e05538622539d11a5e7c8bf04962315bf7440aa72e2337e
/Game/_Art/Enemies/Shared/Elites/ApesStoneHandElite/Animations/Playback/A_EN_PLAY_AC_ApesStoneHand_E_TurnBackRun_Short_01,AnimSequence,Shared/Elites/ApesStoneHandElite,Content/_Art/Enemies/Shared/Elites/ApesStoneHandElite/Animations/Playback/A_EN_PLAY_AC_ApesStoneHand_E_TurnBackRun_Short_01.uasset,910721,26e1396ab71f100699848184ae6fe77335e77c9187e244f209753b3b2a4fec95
/Game/_Art/Enemies/Shared/Elites/ApesStoneHandElite/Animations/Playback/A_EN_PLAY_AC_ApesStoneHand_E_TurnBackRun_Short_02,AnimSequence,Shared/Elites/ApesStoneHandElite,Content/_Art/Enemies/Shared/Elites/ApesStoneHandElite/Animations/Playback/A_EN_PLAY_AC_ApesStoneHand_E_TurnBackRun_Short_02.uasset,1155895,06191345abbb45c8b9da7d4bac316f33c98d3a6946730e1efe9008e38a960434
/Game/_Art/Enemies/Shared/Elites/ApesStoneHandElite/Animations/Playback/A_EN_PLAY_AC_M_ApesStoneHand_E_Falling,AnimSequence,Shared/Elites/ApesStoneHandElite,Content/_Art/Enemies/Shared/Elites/ApesStoneHandElite/Animations/Playback/A_EN_PLAY_AC_M_ApesStoneHand_E_Falling.uasset,411572,c5849893763890eef808bdb29c8a8f58035d3ec17cfa67e7952db46bb24386a6
/Game/_Art/Enemies/Shared/Elites/ApesStoneHandElite/Animations/Playback/A_EN_PLAY_AC_M_ApesStoneHand_E_Turn_L,AnimSequence,Shared/Elites/ApesStoneHandElite,Content/_Art/Enemies/Shared/Elites/ApesStoneHandElite/Animations/Playback/A_EN_PLAY_AC_M_ApesStoneHand_E_Turn_L.uasset,821243,e402bdc785c1066cff3d854eceb9cf49b2caff00e5b4857d9e63a12f858110eb
/Game/_Art/Enemies/Shared/Elites/ApesStoneHandElite/Animations/Playback/A_EN_PLAY_AC_M_ApesStoneHand_E_Turn_L_180,AnimSequence,Shared/Elites/ApesStoneHandElite,Content/_Art/Enemies/Shared/Elites/ApesStoneHandElite/Animations/Playback/A_EN_PLAY_AC_M_ApesStoneHand_E_Turn_L_180.uasset,895507,4566041bdf86392fecd52b00f4dfd46bfd3a3c0b9bab3325f859a5cada808845
/Game/_Art/Enemies/Shared/Elites/ApesStoneHandElite/Animations/Playback/A_EN_PLAY_AC_M_ApesStoneHand_E_Turn_R,AnimSequence,Shared/Elites/ApesStoneHandElite,Content/_Art/Enemies/Shared/Elites/ApesStoneHandElite/Animations/Playback/A_EN_PLAY_AC_M_ApesStoneHand_E_Turn_R.uasset,789147,a3eb719405e4ad2c31b3608910f7763e0021e3ea7089ddae73fdfa4053612171
/Game/_Art/Enemies/Shared/Elites/ApesStoneHandElite/Animations/Playback/A_EN_PLAY_AC_M_ApesStoneHand_E_Turn_R_180,AnimSequence,Shared/Elites/ApesStoneHandElite,Content/_Art/Enemies/Shared/Elites/ApesStoneHandElite/Animations/Playback/A_EN_PLAY_AC_M_ApesStoneHand_E_Turn_R_180.uasset,859155,3becba12c628189c6039108d56a2727062c33902cb9bcb83f08f8d975ecd16d6
/Game/_Art/Enemies/Shared/Elites/ApesStoneHandElite/Animations/Playback/A_EN_PLAY_CA_M_ApesStoneHandElite_AddWeak_Head,AnimSequence,Shared/Elites/ApesStoneHandElite,Content/_Art/Enemies/Shared/Elites/ApesStoneHandElite/Animations/Playback/A_EN_PLAY_CA_M_ApesStoneHandElite_AddWeak_Head.uasset,437163,c9e8180ff9cc92f7fce258e81863d949d86dfd3d3a6aa085f9fab046504424ec
/Game/_Art/Enemies/Shared/Elites/ApesStoneHandElite/Animations/Playback/A_EN_PLAY_CA_M_ApesStoneHandElite_LockOnMove_B,AnimSequence,Shared/Elites/ApesStoneHandElite,Content/_Art/Enemies/Shared/Elites/ApesStoneHandElite/Animations/Playback/A_EN_PLAY_CA_M_ApesStoneHandElite_LockOnMove_B.uasset,756029,c85065c068c2208e1bd5265f7b0a0a9c4770b423a885685130b399bc6044b4a9
/Game/_Art/Enemies/Shared/Elites/ApesStoneHandElite/Animations/Playback/A_EN_PLAY_CA_M_ApesStoneHandElite_LockOnMove_F,AnimSequence,Shared/Elites/ApesStoneHandElite,Content/_Art/Enemies/Shared/Elites/ApesStoneHandElite/Animations/Playback/A_EN_PLAY_CA_M_ApesStoneHandElite_LockOnMove_F.uasset,728285,2e03f9be84555bf2b717c4f8ad4ff963f6c4fc7f5179a7dc3ef44c9a395fceda
/Game/_Art/Enemies/Shared/Elites/ApesStoneHandElite/Animations/Playback/A_EN_PLAY_CA_M_ApesStoneHandElite_LockOnMove_L,AnimSequence,Shared/Elites/ApesStoneHandElite,Content/_Art/Enemies/Shared/Elites/ApesStoneHandElite/Animations/Playback/A_EN_PLAY_CA_M_ApesStoneHandElite_LockOnMove_L.uasset,746237,495bfe164485068f2804291ddf5f41af01a90544a6ee00c4bd7113e758d6e2fa
/Game/_Art/Enemies/Shared/Elites/ApesStoneHandElite/Animations/Playback/A_EN_PLAY_CA_M_ApesStoneHandElite_LockOnMove_R,AnimSequence,Shared/Elites/ApesStoneHandElite,Content/_Art/Enemies/Shared/Elites/ApesStoneHandElite/Animations/Playback/A_EN_PLAY_CA_M_ApesStoneHandElite_LockOnMove_R.uasset,739709,23e095c6e519ac49a823add3972a1a11cf349522d7bdb87d07a5f03c612d33af
/Game/_Art/Enemies/Shared/Elites/ApesStoneHandElite/Animations/Playback/A_EN_PLAY_CA_M_ApesStoneHandElite_Run_F,AnimSequence,Shared/Elites/ApesStoneHandElite,Content/_Art/Enemies/Shared/Elites/ApesStoneHandElite/Animations/Playback/A_EN_PLAY_CA_M_ApesStoneHandElite_Run_F.uasset,621196,34fc1c2ffbeb4d970fcbbfb697f5865ec786754afd117e4dc4277a4588b3db57
/Game/_Art/Enemies/Shared/Elites/ApesStoneHandElite/Animations/Playback/A_EN_PLAY_CA_M_ApesStoneHandElite_Sprint_F,AnimSequence,Shared/Elites/ApesStoneHandElite,Content/_Art/Enemies/Shared/Elites/ApesStoneHandElite/Animations/Playback/A_EN_PLAY_CA_M_ApesStoneHandElite_Sprint_F.uasset,527554,f7f1030206eb86b40bea812bca786fb8d46dc95ee874674f143197bd319eb83a
/Game/_Art/Enemies/Shared/Elites/ApesStoneHandElite/Animations/Playback/A_EN_PLAY_CA_M_ApesStoneHandElite_Stand_F,AnimSequence,Shared/Elites/ApesStoneHandElite,Content/_Art/Enemies/Shared/Elites/ApesStoneHandElite/Animations/Playback/A_EN_PLAY_CA_M_ApesStoneHandElite_Stand_F.uasset,1122438,ba11836355e6a5db43823951f487a2ac1d0f65a7341643efc94c1c763c82ca2f
/Game/_Art/Enemies/Shared/Elites/ApesStoneHandElite/Animations/Playback/A_EN_PLAY_CA_M_ApesStoneHandElite_Walk_F,AnimSequence,Shared/Elites/ApesStoneHandElite,Content/_Art/Enemies/Shared/Elites/ApesStoneHandElite/Animations/Playback/A_EN_PLAY_CA_M_ApesStoneHandElite_Walk_F.uasset,726611,51b4a2dd2e7263ddce36c638b1b43a05829407badb173b9997a243aee2233d2a
/Game/_Art/Enemies/Shared/Elites/ApesStoneHandElite/Animations/Playback/A_EN_PLAY_CA_M_Yetuga_Stand_F,AnimSequence,Shared/Elites/ApesStoneHandElite,Content/_Art/Enemies/Shared/Elites/ApesStoneHandElite/Animations/Playback/A_EN_PLAY_CA_M_Yetuga_Stand_F.uasset,1122278,f3d94bc911e311d285b164d5240fdd6a157d810d82266211daf05603f96320b4
/Game/_Art/Enemies/Shared/Elites/ApesStoneHandElite/Blueprints/BP_EN_ApesStoneHandElite_Early,Blueprint,Shared/Elites/ApesStoneHandElite,Content/_Art/Enemies/Shared/Elites/ApesStoneHandElite/Blueprints/BP_EN_ApesStoneHandElite_Early.uasset,79938,a112e59b0411504e0f7e9f10352f91f8fc3e719bc8159500053e6edebdd50a56
/Game/_Art/Enemies/Shared/Elites/ApesStoneHandElite/Blueprints/BP_EN_ApesStoneHandElite_Standard,Blueprint,Shared/Elites/ApesStoneHandElite,Content/_Art/Enemies/Shared/Elites/ApesStoneHandElite/Blueprints/BP_EN_ApesStoneHandElite_Standard.uasset,80081,39da073f90926175512b17c007623c96df3f9aff2da9b8f2b056748a06bd6a43
/Game/_Art/Enemies/Shared/Elites/ApesStoneHandElite/Materials/Instances/MI_EN_ApesStoneHandElite_BASE_AllMaster_AK,MaterialInstanceConstant,Shared/Elites/ApesStoneHandElite,Content/_Art/Enemies/Shared/Elites/ApesStoneHandElite/Materials/Instances/MI_EN_ApesStoneHandElite_BASE_AllMaster_AK.uasset,260671,ce0164060f30be6bd000c39e0ab4f74eb4157a3c7be9fce0a4dc48d5284d856d
/Game/_Art/Enemies/Shared/Elites/ApesStoneHandElite/Materials/Instances/MI_EN_ApesStoneHandElite_BASE_Default_AK,MaterialInstanceConstant,Shared/Elites/ApesStoneHandElite,Content/_Art/Enemies/Shared/Elites/ApesStoneHandElite/Materials/Instances/MI_EN_ApesStoneHandElite_BASE_Default_AK.uasset,235480,df2e8ec7ca3dafe7a857319d3188d95f05783fb965d11aebea232fb19a7bb5ac
/Game/_Art/Enemies/Shared/Elites/ApesStoneHandElite/Materials/Instances/MI_EN_ApesStoneHandElite_Base_Eyes_AK,MaterialInstanceConstant,Shared/Elites/ApesStoneHandElite,Content/_Art/Enemies/Shared/Elites/ApesStoneHandElite/Materials/Instances/MI_EN_ApesStoneHandElite_Base_Eyes_AK.uasset,72490,3d3f4fdf717ef5c61c03f5971d963d638fcc5afb33cd5df2e489652de9392aaf
/Game/_Art/Enemies/Shared/Elites/ApesStoneHandElite/Materials/Instances/MI_EN_ApesStoneHandElite_CM_M_ApesStoneHandElite_Body,MaterialInstanceConstant,Shared/Elites/ApesStoneHandElite,Content/_Art/Enemies/Shared/Elites/ApesStoneHandElite/Materials/Instances/MI_EN_ApesStoneHandElite_CM_M_ApesStoneHandElite_Body.uasset,245608,dbdfe919485d420235ef72a2e98551ae732c8e299c7804ae5cf7119082c40096
/Game/_Art/Enemies/Shared/Elites/ApesStoneHandElite/Materials/Instances/MI_EN_ApesStoneHandElite_CM_M_ApesStoneHandElite_BodyV3,MaterialInstanceConstant,Shared/Elites/ApesStoneHandElite,Content/_Art/Enemies/Shared/Elites/ApesStoneHandElite/Materials/Instances/MI_EN_ApesStoneHandElite_CM_M_ApesStoneHandElite_BodyV3.uasset,245724,69845de100f318febf6904378c39379677f832f4322a3db91695fa53a4619a18
/Game/_Art/Enemies/Shared/Elites/ApesStoneHandElite/Materials/Instances/MI_EN_ApesStoneHandElite_CM_M_ApesStoneHandElite_Dissolve,MaterialInstanceConstant,Shared/Elites/ApesStoneHandElite,Content/_Art/Enemies/Shared/Elites/ApesStoneHandElite/Materials/Instances/MI_EN_ApesStoneHandElite_CM_M_ApesStoneHandElite_Dissolve.uasset,230476,1da3ed13886846415f897d3aca49dcfc09b44a8529c10cc0eb875e0caa62f253
/Game/_Art/Enemies/Shared/Elites/ApesStoneHandElite/Materials/Instances/MI_EN_ApesStoneHandElite_CM_M_ApesStoneHandElite_DissolveV3,MaterialInstanceConstant,Shared/Elites/ApesStoneHandElite,Content/_Art/Enemies/Shared/Elites/ApesStoneHandElite/Materials/Instances/MI_EN_ApesStoneHandElite_CM_M_ApesStoneHandElite_DissolveV3.uasset,230534,eec0859f9d0b54ccca49588177a6ef23c2b3a2193a3c50ae1cf39706b3cc2f5c
/Game/_Art/Enemies/Shared/Elites/ApesStoneHandElite/Materials/Instances/MI_EN_ApesStoneHandElite_CM_M_ApesStoneHandElite_Eye,MaterialInstanceConstant,Shared/Elites/ApesStoneHandElite,Content/_Art/Enemies/Shared/Elites/ApesStoneHandElite/Materials/Instances/MI_EN_ApesStoneHandElite_CM_M_ApesStoneHandElite_Eye.uasset,71574,dd30c375f370e1dbe18c9687567b337c87fa600d2e3981848c32f5bfe19dbf7d
/Game/_Art/Enemies/Shared/Elites/ApesStoneHandElite/Materials/Instances/MI_EN_ApesStoneHandElite_CM_M_ApesStoneHandElite_EyeV3,MaterialInstanceConstant,Shared/Elites/ApesStoneHandElite,Content/_Art/Enemies/Shared/Elites/ApesStoneHandElite/Materials/Instances/MI_EN_ApesStoneHandElite_CM_M_ApesStoneHandElite_EyeV3.uasset,71690,ebcb5c7e6e640b5a07719ce5c0b143a30351617885919c497b895846a20b7c87
/Game/_Art/Enemies/Shared/Elites/ApesStoneHandElite/Materials/Instances/MI_EN_ApesStoneHandElite_CM_M_ApesStoneHandElite_Face,MaterialInstanceConstant,Shared/Elites/ApesStoneHandElite,Content/_Art/Enemies/Shared/Elites/ApesStoneHandElite/Materials/Instances/MI_EN_ApesStoneHandElite_CM_M_ApesStoneHandElite_Face.uasset,231456,2108b53e9fad111db8d1d4270344f116a09e978ec28042fc177cc8bc76bc02a3
/Game/_Art/Enemies/Shared/Elites/ApesStoneHandElite/Materials/Instances/MI_EN_ApesStoneHandElite_CM_M_ApesStoneHandElite_FaceV3,MaterialInstanceConstant,Shared/Elites/ApesStoneHandElite,Content/_Art/Enemies/Shared/Elites/ApesStoneHandElite/Materials/Instances/MI_EN_ApesStoneHandElite_CM_M_ApesStoneHandElite_FaceV3.uasset,231528,eabd97b0ec90237383796ab8ec108c5eb5ab2f00ae1d6145787d9f3041099477
/Game/_Art/Enemies/Shared/Elites/ApesStoneHandElite/Materials/Instances/MI_EN_ApesStoneHandElite_CM_M_ApesStoneHandElite_Leg,MaterialInstanceConstant,Shared/Elites/ApesStoneHandElite,Content/_Art/Enemies/Shared/Elites/ApesStoneHandElite/Materials/Instances/MI_EN_ApesStoneHandElite_CM_M_ApesStoneHandElite_Leg.uasset,232239,5adbe35d846b4cedeb9f5605d59c560fbd9a28127bdf9a0dffbeb1348c893b92
/Game/_Art/Enemies/Shared/Elites/ApesStoneHandElite/Materials/Instances/MI_EN_ApesStoneHandElite_CM_M_ApesStoneHandElite_LegV3,MaterialInstanceConstant,Shared/Elites/ApesStoneHandElite,Content/_Art/Enemies/Shared/Elites/ApesStoneHandElite/Materials/Instances/MI_EN_ApesStoneHandElite_CM_M_ApesStoneHandElite_LegV3.uasset,232317,f01ae0c821d95b8b1e38a62e1e3d774e17598be12a45941aa5fa58e888bbf0ca
/Game/_Art/Enemies/Shared/Elites/ApesStoneHandElite/Materials/Masters/M_EN_ApesStoneHandElite_EyePreview,Material,Shared/Elites/ApesStoneHandElite,Content/_Art/Enemies/Shared/Elites/ApesStoneHandElite/Materials/Masters/M_EN_ApesStoneHandElite_EyePreview.uasset,108024,cc49c7990d2115ba83803757e8ce44669d349b0eecc9b2b5e3f01a63c9378b18
/Game/_Art/Enemies/Shared/Elites/ApesStoneHandElite/Materials/Masters/M_EN_ApesStoneHandElite_SurfacePreview,Material,Shared/Elites/ApesStoneHandElite,Content/_Art/Enemies/Shared/Elites/ApesStoneHandElite/Materials/Masters/M_EN_ApesStoneHandElite_SurfacePreview.uasset,264002,acdad168663c96e9055d01a35390a1b17ce7a72eebd1c88716933f6a7ff4812a
/Game/_Art/Enemies/Shared/Elites/ApesStoneHandElite/Meshes/SK_EN_ApesStoneHandElite,SkeletalMesh,Shared/Elites/ApesStoneHandElite,Content/_Art/Enemies/Shared/Elites/ApesStoneHandElite/Meshes/SK_EN_ApesStoneHandElite.uasset,6242050,eb319bc9813f8374639a9f1f0da8b65a96499423504236c6be36fd7987b814b0
/Game/_Art/Enemies/Shared/Elites/ApesStoneHandElite/Preview/L_EN_ApesStoneHandElite_Catalogue,World,Shared/Elites/ApesStoneHandElite,Content/_Art/Enemies/Shared/Elites/ApesStoneHandElite/Preview/L_EN_ApesStoneHandElite_Catalogue.umap,21545,37c855be1cff0aa71a0a2b072f8eb7eb61c0b12eeed1a17bf668a2a6fca9da69
/Game/_Art/Enemies/Shared/Elites/ApesStoneHandElite/Skeletons/SKEL_EN_ApesStoneHandElite,Skeleton,Shared/Elites/ApesStoneHandElite,Content/_Art/Enemies/Shared/Elites/ApesStoneHandElite/Skeletons/SKEL_EN_ApesStoneHandElite.uasset,107830,61f829a3948e94868f38e2bc7bfb3c822711481420c5dab22223662f99f54ef0
/Game/_Art/Enemies/Shared/Elites/ApesStoneHandElite/Textures/T_EN_ApesStoneHandElite_BASE_Black,Texture2D,Shared/Elites/ApesStoneHandElite,Content/_Art/Enemies/Shared/Elites/ApesStoneHandElite/Textures/T_EN_ApesStoneHandElite_BASE_Black.uasset,5418,af48bdde68a961ab20d1d696cae77fc71d17af77f171cc61a71a4bb3fa7c47db
/Game/_Art/Enemies/Shared/Elites/ApesStoneHandElite/Textures/T_EN_ApesStoneHandElite_BASE_Black_NoneSRGB,Texture2D,Shared/Elites/ApesStoneHandElite,Content/_Art/Enemies/Shared/Elites/ApesStoneHandElite/Textures/T_EN_ApesStoneHandElite_BASE_Black_NoneSRGB.uasset,5535,23f88320e5615f42fc6d41a93fda53504e98485d210c4e8bd86cc2aa6b9d7d72
/Game/_Art/Enemies/Shared/Elites/ApesStoneHandElite/Textures/T_EN_ApesStoneHandElite_BASE_Blue,Texture2D,Shared/Elites/ApesStoneHandElite,Content/_Art/Enemies/Shared/Elites/ApesStoneHandElite/Textures/T_EN_ApesStoneHandElite_BASE_Blue.uasset,5471,17694f738151acf9859dc85f038b11a70c0bb26a5ef05c1603b899f2edf4e951
/Game/_Art/Enemies/Shared/Elites/ApesStoneHandElite/Textures/T_EN_ApesStoneHandElite_BASE_Disolve,Texture2D,Shared/Elites/ApesStoneHandElite,Content/_Art/Enemies/Shared/Elites/ApesStoneHandElite/Textures/T_EN_ApesStoneHandElite_BASE_Disolve.uasset,71448,11189749c078f23fca47c247440dc8cbf524fe40b8e61b88c983d65240a52521
/Game/_Art/Enemies/Shared/Elites/ApesStoneHandElite/Textures/T_EN_ApesStoneHandElite_BASE_Eye_E,Texture2D,Shared/Elites/ApesStoneHandElite,Content/_Art/Enemies/Shared/Elites/ApesStoneHandElite/Textures/T_EN_ApesStoneHandElite_BASE_Eye_E.uasset,14808,93623a17d010a035d3bcc648ff176a3560a8985ebad0e9f32aa6e558d8793968
/Game/_Art/Enemies/Shared/Elites/ApesStoneHandElite/Textures/T_EN_ApesStoneHandElite_BASE_Normal,Texture2D,Shared/Elites/ApesStoneHandElite,Content/_Art/Enemies/Shared/Elites/ApesStoneHandElite/Textures/T_EN_ApesStoneHandElite_BASE_Normal.uasset,5862,81cde9657f4d632f6fd3b4844cf6c01ce9a3e9e442a4218901e9be7a850527e1
/Game/_Art/Enemies/Shared/Elites/ApesStoneHandElite/Textures/T_EN_ApesStoneHandElite_BASE_SAPE,Texture2D,Shared/Elites/ApesStoneHandElite,Content/_Art/Enemies/Shared/Elites/ApesStoneHandElite/Textures/T_EN_ApesStoneHandElite_BASE_SAPE.uasset,11163,c2c3fe81d0f90222a9800b7ab31cc5fb4b214543a3e69a607ab0b76a1ddef323
/Game/_Art/Enemies/Shared/Elites/ApesStoneHandElite/Textures/T_EN_ApesStoneHandElite_BASE_SAPE_9dc7c1cd,Texture2D,Shared/Elites/ApesStoneHandElite,Content/_Art/Enemies/Shared/Elites/ApesStoneHandElite/Textures/T_EN_ApesStoneHandElite_BASE_SAPE_9dc7c1cd.uasset,11145,c55cc34af42868e54ac4fd5976e167356fc63a086aa61dfee6c3758a8f29818c
/Game/_Art/Enemies/Shared/Elites/ApesStoneHandElite/Textures/T_EN_ApesStoneHandElite_CT_M_ApesStoneHandElite_BodyV3_D,Texture2D,Shared/Elites/ApesStoneHandElite,Content/_Art/Enemies/Shared/Elites/ApesStoneHandElite/Textures/T_EN_ApesStoneHandElite_CT_M_ApesStoneHandElite_BodyV3_D.uasset,1019768,92350cf1e1033a96c47369caf2fdc3142fc49e3b77ef23a24007e6b789bb25cd
/Game/_Art/Enemies/Shared/Elites/ApesStoneHandElite/Textures/T_EN_ApesStoneHandElite_CT_M_ApesStoneHandElite_Body_D,Texture2D,Shared/Elites/ApesStoneHandElite,Content/_Art/Enemies/Shared/Elites/ApesStoneHandElite/Textures/T_EN_ApesStoneHandElite_CT_M_ApesStoneHandElite_Body_D.uasset,956375,4d0f5420ca0ff9a84b9a84d08dd5a0ae9b3c24b6e9e71803ba356d474e6d63a8
/Game/_Art/Enemies/Shared/Elites/ApesStoneHandElite/Textures/T_EN_ApesStoneHandElite_CT_M_ApesStoneHandElite_Body_E,Texture2D,Shared/Elites/ApesStoneHandElite,Content/_Art/Enemies/Shared/Elites/ApesStoneHandElite/Textures/T_EN_ApesStoneHandElite_CT_M_ApesStoneHandElite_Body_E.uasset,116823,0c038bd8dba35c958ff11909824b7ff367569e4e24179701fd6f85569cf62386
/Game/_Art/Enemies/Shared/Elites/ApesStoneHandElite/Textures/T_EN_ApesStoneHandElite_CT_M_ApesStoneHandElite_Body_I,Texture2D,Shared/Elites/ApesStoneHandElite,Content/_Art/Enemies/Shared/Elites/ApesStoneHandElite/Textures/T_EN_ApesStoneHandElite_CT_M_ApesStoneHandElite_Body_I.uasset,5301822,319fa16134c35909b3c184f76ed93ccf8ab1c0779b486072a5bf3d33c45441ce
/Game/_Art/Enemies/Shared/Elites/ApesStoneHandElite/Textures/T_EN_ApesStoneHandElite_CT_M_ApesStoneHandElite_Body_N,Texture2D,Shared/Elites/ApesStoneHandElite,Content/_Art/Enemies/Shared/Elites/ApesStoneHandElite/Textures/T_EN_ApesStoneHandElite_CT_M_ApesStoneHandElite_Body_N.uasset,2197815,f1522933a731bc77ddf86bc894d431debe83099416aae1a3f5f7c28cb7bbebba
/Game/_Art/Enemies/Shared/Elites/ApesStoneHandElite/Textures/T_EN_ApesStoneHandElite_CT_M_ApesStoneHandElite_Body_S,Texture2D,Shared/Elites/ApesStoneHandElite,Content/_Art/Enemies/Shared/Elites/ApesStoneHandElite/Textures/T_EN_ApesStoneHandElite_CT_M_ApesStoneHandElite_Body_S.uasset,761434,6b8217f5e1ebe8f2ac2f6420d93d543b2f01cee2548af0e70c8e8805a5177e2b
/Game/_Art/Enemies/Shared/Elites/ApesStoneHandElite/Textures/T_EN_ApesStoneHandElite_CT_M_ApesStoneHandElite_FaceV3_D,Texture2D,Shared/Elites/ApesStoneHandElite,Content/_Art/Enemies/Shared/Elites/ApesStoneHandElite/Textures/T_EN_ApesStoneHandElite_CT_M_ApesStoneHandElite_FaceV3_D.uasset,260645,ff9b47e693f9e1097afef60e731d2db5ea2a4e129a4ce4e96aeba274bdb7ccfb
/Game/_Art/Enemies/Shared/Elites/ApesStoneHandElite/Textures/T_EN_ApesStoneHandElite_CT_M_ApesStoneHandElite_Face_D,Texture2D,Shared/Elites/ApesStoneHandElite,Content/_Art/Enemies/Shared/Elites/ApesStoneHandElite/Textures/T_EN_ApesStoneHandElite_CT_M_ApesStoneHandElite_Face_D.uasset,194213,46dae076abe718375b1188ddd2cf06a9ea01f851e679c1b280a5940abd1ebc6b
/Game/_Art/Enemies/Shared/Elites/ApesStoneHandElite/Textures/T_EN_ApesStoneHandElite_CT_M_ApesStoneHandElite_Face_E,Texture2D,Shared/Elites/ApesStoneHandElite,Content/_Art/Enemies/Shared/Elites/ApesStoneHandElite/Textures/T_EN_ApesStoneHandElite_CT_M_ApesStoneHandElite_Face_E.uasset,81455,0ba92e12b9127e7c05474a27df9da339eedc213f9f0d426158b20d444bda7227
/Game/_Art/Enemies/Shared/Elites/ApesStoneHandElite/Textures/T_EN_ApesStoneHandElite_CT_M_ApesStoneHandElite_Face_I,Texture2D,Shared/Elites/ApesStoneHandElite,Content/_Art/Enemies/Shared/Elites/ApesStoneHandElite/Textures/T_EN_ApesStoneHandElite_CT_M_ApesStoneHandElite_Face_I.uasset,1654422,1ead227c27350eb3cf8694f179f0121197fef6a81b47d520666016b2fd72673e
/Game/_Art/Enemies/Shared/Elites/ApesStoneHandElite/Textures/T_EN_ApesStoneHandElite_CT_M_ApesStoneHandElite_Face_N,Texture2D,Shared/Elites/ApesStoneHandElite,Content/_Art/Enemies/Shared/Elites/ApesStoneHandElite/Textures/T_EN_ApesStoneHandElite_CT_M_ApesStoneHandElite_Face_N.uasset,534811,26a7a70849739b6490a7ecaf67dce0663869f4c2f82cc2eded62a9a0f3d482b4
/Game/_Art/Enemies/Shared/Elites/ApesStoneHandElite/Textures/T_EN_ApesStoneHandElite_CT_M_ApesStoneHandElite_Face_S,Texture2D,Shared/Elites/ApesStoneHandElite,Content/_Art/Enemies/Shared/Elites/ApesStoneHandElite/Textures/T_EN_ApesStoneHandElite_CT_M_ApesStoneHandElite_Face_S.uasset,388820,7d7daaf78fa9595918274d12620b551b448932db9deb930f34664c0c8042ce07
/Game/_Art/Enemies/Shared/Elites/ApesStoneHandElite/Textures/T_EN_ApesStoneHandElite_CT_M_ApesStoneHandElite_LegV3_D,Texture2D,Shared/Elites/ApesStoneHandElite,Content/_Art/Enemies/Shared/Elites/ApesStoneHandElite/Textures/T_EN_ApesStoneHandElite_CT_M_ApesStoneHandElite_LegV3_D.uasset,857057,e57d28530b5984ca939a51221d9da6cb3266eab196345aa2e92ce101cf54094e
/Game/_Art/Enemies/Shared/Elites/ApesStoneHandElite/Textures/T_EN_ApesStoneHandElite_CT_M_ApesStoneHandElite_Leg_D,Texture2D,Shared/Elites/ApesStoneHandElite,Content/_Art/Enemies/Shared/Elites/ApesStoneHandElite/Textures/T_EN_ApesStoneHandElite_CT_M_ApesStoneHandElite_Leg_D.uasset,643808,8ffdf44031dcf7a543caecf487da3c9ec733ed7c80a02074405b1ffc223e69b5
/Game/_Art/Enemies/Shared/Elites/ApesStoneHandElite/Textures/T_EN_ApesStoneHandElite_CT_M_ApesStoneHandElite_Leg_E,Texture2D,Shared/Elites/ApesStoneHandElite,Content/_Art/Enemies/Shared/Elites/ApesStoneHandElite/Textures/T_EN_ApesStoneHandElite_CT_M_ApesStoneHandElite_Leg_E.uasset,95004,22517ba2e2a45fe2851bd893d873a5b0338035870772f78b21b8e2fa5c71e500
/Game/_Art/Enemies/Shared/Elites/ApesStoneHandElite/Textures/T_EN_ApesStoneHandElite_CT_M_ApesStoneHandElite_Leg_I,Texture2D,Shared/Elites/ApesStoneHandElite,Content/_Art/Enemies/Shared/Elites/ApesStoneHandElite/Textures/T_EN_ApesStoneHandElite_CT_M_ApesStoneHandElite_Leg_I.uasset,4454768,3316f95d3cae9d104e0f17496f62bd167b05982f05f439560dc63fa6d0046dff
/Game/_Art/Enemies/Shared/Elites/ApesStoneHandElite/Textures/T_EN_ApesStoneHandElite_CT_M_ApesStoneHandElite_Leg_N,Texture2D,Shared/Elites/ApesStoneHandElite,Content/_Art/Enemies/Shared/Elites/ApesStoneHandElite/Textures/T_EN_ApesStoneHandElite_CT_M_ApesStoneHandElite_Leg_N.uasset,1967862,5847b9d7c39cf653f59b4226dbf7fcf651d48c3acd0c6feaa14bb46f7427b609
/Game/_Art/Enemies/Shared/Elites/ApesStoneHandElite/Textures/T_EN_ApesStoneHandElite_CT_M_ApesStoneHandElite_Leg_S,Texture2D,Shared/Elites/ApesStoneHandElite,Content/_Art/Enemies/Shared/Elites/ApesStoneHandElite/Textures/T_EN_ApesStoneHandElite_CT_M_ApesStoneHandElite_Leg_S.uasset,405680,b46c7ba935e3e8c7de0590e98054298507b400cbe971bcc42ece266b4acbb99e
/Game/_Art/Enemies/Shared/Elites/ApesStoneHandElite/Textures/T_EN_ApesStoneHandElite_CT_M_BladePhantom_EfEye_S,Texture2D,Shared/Elites/ApesStoneHandElite,Content/_Art/Enemies/Shared/Elites/ApesStoneHandElite/Textures/T_EN_ApesStoneHandElite_CT_M_BladePhantom_EfEye_S.uasset,7854,d35b1b651cfbe5af5dc0e807b193166956cf956006407eda4c691396eb8c4c66
/Game/_Art/Enemies/Shared/Elites/ApesStoneHandElite/Textures/T_EN_ApesStoneHandElite_CT_P_Kazan_Eye001_E,Texture2D,Shared/Elites/ApesStoneHandElite,Content/_Art/Enemies/Shared/Elites/ApesStoneHandElite/Textures/T_EN_ApesStoneHandElite_CT_P_Kazan_Eye001_E.uasset,28644,3617d2bed453910d2327bd262b66d05b60453b944637945b6acc52abc4709ff6
/Game/_Art/Enemies/Shared/Elites/ApesStoneHandElite/Textures/T_EN_ApesStoneHandElite_CT_P_Kazan_Eye001_S,Texture2D,Shared/Elites/ApesStoneHandElite,Content/_Art/Enemies/Shared/Elites/ApesStoneHandElite/Textures/T_EN_ApesStoneHandElite_CT_P_Kazan_Eye001_S.uasset,21741,c30c24555ef25514dac31d1991fdf0fd06509768e9dec328e03a8d924fba0a90
/Game/_Art/Enemies/Shared/Elites/ApesStoneHandElite/Textures/T_EN_ApesStoneHandElite_FT_BloodDecalTile_test_001,Texture2D,Shared/Elites/ApesStoneHandElite,Content/_Art/Enemies/Shared/Elites/ApesStoneHandElite/Textures/T_EN_ApesStoneHandElite_FT_BloodDecalTile_test_001.uasset,653503,94b45c221a0dcd94a57ef5a40b8f7e544ccd202e3a05344d68e13c71d21efe3a
/Game/_Art/Enemies/Shared/Elites/ApesStoneHandElite/Textures/T_EN_ApesStoneHandElite_FT_Noise_Flow_003_GrayScale,Texture2D,Shared/Elites/ApesStoneHandElite,Content/_Art/Enemies/Shared/Elites/ApesStoneHandElite/Textures/T_EN_ApesStoneHandElite_FT_Noise_Flow_003_GrayScale.uasset,314349,48913958df984344516e35f3ddb9548f65daf99b24b69577407f295626d6c6b8
