Family,PlaybackAsset,Derivation,OriginalPackage,FPS,Samples,Seconds,RateScale,PreviousRole
Archer,/Game/_Art/Enemies/HeinMach/Humanoids/Archer/Animations/Playback/A_EN_PLAY_AC_CA_M_EmpBow_Die_F,CompositeBake,BBQ/Content/_Kazan_/Art/Character/CHA_Model/Monster_Human/Adult/Adult_M/Animation/EmpireBow/Weapon/AC_CA_M_EmpBow_Die_F,30/1,601,20.0,1.0,PlaybackClip
Archer,/Game/_Art/Enemies/HeinMach/Humanoids/Archer/Animations/Playback/A_EN_PLAY_AC_EmirepBow_Basic_Talk_End_01,CompositeBake,BBQ/Content/_Kazan_/Design/Monster/Human/Empire/EmpireBow/Moving/Reaction/AC_EmirepBow_Basic_Talk_End_01,30/1,69,2.2666666507720947,1.0,PlaybackClip
Archer,/Game/_Art/Enemies/HeinMach/Humanoids/Archer/Animations/Playback/A_EN_PLAY_AC_EmirepBow_Basic_Talk_Loop_01,CompositeBake,BBQ/Content/_Kazan_/Design/Monster/Human/Empire/EmpireBow/Moving/Reaction/AC_EmirepBow_Basic_Talk_Loop_01,30/1,296,9.833333015441895,1.0,PlaybackClip
Archer,/Game/_Art/Enemies/HeinMach/Humanoids/Archer/Animations/Playback/A_EN_PLAY_AC_EmpBow_DamageGrapple_Atk_B_01,CompositeBake,BBQ/Content/_Kazan_/Design/Monster/Human/Empire/EmpireBow/Moving/Reaction/AC_EmpBow_DamageGrapple_Atk_B_01,30/1,41,1.3333333730697632,1.0,PlaybackClip
Archer,/Game/_Art/Enemies/HeinMach/Humanoids/Archer/Animations/Playback/A_EN_PLAY_AC_EmpBow_DamageGrapple_Atk_B_02,CompositeBake,BBQ/Content/_Kazan_/Design/Monster/Human/Empire/EmpireBow/Moving/Reaction/AC_EmpBow_DamageGrapple_Atk_B_02,30/1,76,2.5,1.0,PlaybackClip
Archer,/Game/_Art/Enemies/HeinMach/Humanoids/Archer/Animations/Playback/A_EN_PLAY_AC_EmpBow_Peace,CompositeBake,BBQ/Content/_Kazan_/Art/Character/CHA_Model/Monster_Human/Adult/Adult_M/Animation/EmpireBow/Weapon/AC_EmpBow_Peace,30/1,511,17.0,1.0,PlaybackClip
Archer,/Game/_Art/Enemies/HeinMach/Humanoids/Archer/Animations/Playback/A_EN_PLAY_AC_EmpireBow_BackShoot,CompositeBake,BBQ/Content/_Kazan_/Design/Monster/Human/Empire/EmpireBow/Skill/03_BackShoot/AC_EmpireBow_BackShoot,5425325/90224,139,2.294961452484131,1.0,PlaybackClip
Archer,/Game/_Art/Enemies/HeinMach/Humanoids/Archer/Animations/Playback/A_EN_PLAY_AC_EmpireBow_BasicShoot_End,CompositeBake,BBQ/Content/_Kazan_/Design/Monster/Human/Empire/EmpireBow/Skill/01_BasicShoot/AC_EmpireBow_BasicShoot_End,5863665/97969,82,1.3533326387405396,1.0,PlaybackClip
Archer,/Game/_Art/Enemies/HeinMach/Humanoids/Archer/Animations/Playback/A_EN_PLAY_AC_EmpireBow_BasicShoot_Fail,CompositeBake,BBQ/Content/_Kazan_/Design/Monster/Human/Empire/EmpireBow/Skill/01_BasicShoot/AC_EmpireBow_BasicShoot_Fail,3200038/53107,48,0.7799997925758362,1.0,PlaybackClip
Archer,/Game/_Art/Enemies/HeinMach/Humanoids/Archer/Animations/Playback/A_EN_PLAY_AC_EmpireBow_BasicShoot_Loop,CompositeBake,BBQ/Content/_Kazan_/Design/Monster/Human/Empire/EmpireBow/Skill/01_BasicShoot/AC_EmpireBow_BasicShoot_Loop,30/1,19,0.6000000238418579,1.0,PlaybackClip
Archer,/Game/_Art/Enemies/HeinMach/Humanoids/Archer/Animations/Playback/A_EN_PLAY_AC_EmpireBow_BasicShoot_Stand,CompositeBake,BBQ/Content/_Kazan_/Design/Monster/Human/Empire/EmpireBow/Skill/01_BasicShoot/AC_EmpireBow_BasicShoot_Stand,60/1,13,0.20000000298023224,1.0,PlaybackClip
Archer,/Game/_Art/Enemies/HeinMach/Humanoids/Archer/Animations/Playback/A_EN_PLAY_AC_EmpireBow_BasicShoot_Start,CompositeBake,BBQ/Content/_Kazan_/Design/Monster/Human/Empire/EmpireBow/Skill/01_BasicShoot/AC_EmpireBow_BasicShoot_Start,4000023/66890,53,0.8695650100708008,1.0,PlaybackClip
Archer,/Game/_Art/Enemies/HeinMach/Humanoids/Archer/Animations/Playback/A_EN_PLAY_AC_EmpireBow_Basic_ChairSit_End_01,CompositeBake,BBQ/Content/_Kazan_/Design/Monster/Human/Empire/EmpireBow/Moving/Reaction/AC_EmpireBow_Basic_ChairSit_End_01,30/1,61,2.0,1.0,PlaybackClip
Archer,/Game/_Art/Enemies/HeinMach/Humanoids/Archer/Animations/Playback/A_EN_PLAY_AC_EmpireBow_Basic_ChairSit_Loop_01,CompositeBake,BBQ/Content/_Kazan_/Design/Monster/Human/Empire/EmpireBow/Moving/Reaction/AC_EmpireBow_Basic_ChairSit_Loop_01,30/1,227,7.5333333015441895,1.0,PlaybackClip
Archer,/Game/_Art/Enemies/HeinMach/Humanoids/Archer/Animations/Playback/A_EN_PLAY_AC_EmpireBow_Basic_End_01,CompositeBake,BBQ/Content/_Kazan_/Design/Monster/Human/Empire/EmpireBow/Moving/Reaction/AC_EmpireBow_Basic_End_01,30/1,43,1.399999976158142,1.0,PlaybackClip
Archer,/Game/_Art/Enemies/HeinMach/Humanoids/Archer/Animations/Playback/A_EN_PLAY_AC_EmpireBow_Basic_Guard_End_01,CompositeBake,BBQ/Content/_Kazan_/Design/Monster/Human/Empire/EmpireBow/Moving/Reaction/AC_EmpireBow_Basic_Guard_End_01,30/1,36,1.1666666269302368,1.0,PlaybackClip
Archer,/Game/_Art/Enemies/HeinMach/Humanoids/Archer/Animations/Playback/A_EN_PLAY_AC_EmpireBow_Basic_Guard_Loop_01,CompositeBake,BBQ/Content/_Kazan_/Design/Monster/Human/Empire/EmpireBow/Moving/Reaction/AC_EmpireBow_Basic_Guard_Loop_01,30/1,424,14.100000381469727,1.0,PlaybackClip
Archer,/Game/_Art/Enemies/HeinMach/Humanoids/Archer/Animations/Playback/A_EN_PLAY_AC_EmpireBow_Basic_Loop_01,CompositeBake,BBQ/Content/_Kazan_/Design/Monster/Human/Empire/EmpireBow/Moving/Reaction/AC_EmpireBow_Basic_Loop_01,30/1,501,16.66666603088379,1.0,PlaybackClip
Archer,/Game/_Art/Enemies/HeinMach/Humanoids/Archer/Animations/Playback/A_EN_PLAY_AC_EmpireBow_Basic_Search_Loop_01,CompositeBake,BBQ/Content/_Kazan_/Design/Monster/Human/Empire/EmpireBow/Moving/Reaction/AC_EmpireBow_Basic_Search_Loop_01,30/1,361,12.0,1.0,PlaybackClip
Archer,/Game/_Art/Enemies/HeinMach/Humanoids/Archer/Animations/Playback/A_EN_PLAY_AC_EmpireBow_Basic_Sit_End_01,CompositeBake,BBQ/Content/_Kazan_/Design/Monster/Human/Empire/EmpireBow/Moving/Reaction/AC_EmpireBow_Basic_Sit_End_01,30/1,76,2.5,1.0,PlaybackClip
Archer,/Game/_Art/Enemies/HeinMach/Humanoids/Archer/Animations/Playback/A_EN_PLAY_AC_EmpireBow_Basic_Sit_Loop_01,CompositeBake,BBQ/Content/_Kazan_/Design/Monster/Human/Empire/EmpireBow/Moving/Reaction/AC_EmpireBow_Basic_Sit_Loop_01,30/1,472,15.699999809265137,1.0,PlaybackClip
Archer,/Game/_Art/Enemies/HeinMach/Humanoids/Archer/Animations/Playback/A_EN_PLAY_AC_EmpireBow_ClimbingWall_Down_End,CompositeBake,BBQ/Content/_Kazan_/Design/Monster/Human/Empire/EmpireBow/Moving/Climbing/AC_EmpireBow_ClimbingWall_Down_End,30/1,31,1.0,1.0,PlaybackClip
Archer,/Game/_Art/Enemies/HeinMach/Humanoids/Archer/Animations/Playback/A_EN_PLAY_AC_EmpireBow_ClimbingWall_Down_L,CompositeBake,BBQ/Content/_Kazan_/Design/Monster/Human/Empire/EmpireBow/Moving/Climbing/AC_EmpireBow_ClimbingWall_Down_L,30/1,19,0.6000000238418579,1.0,PlaybackClip
Archer,/Game/_Art/Enemies/HeinMach/Humanoids/Archer/Animations/Playback/A_EN_PLAY_AC_EmpireBow_ClimbingWall_Down_R,CompositeBake,BBQ/Content/_Kazan_/Design/Monster/Human/Empire/EmpireBow/Moving/Climbing/AC_EmpireBow_ClimbingWall_Down_R,30/1,19,0.6000000238418579,1.0,PlaybackClip
Archer,/Game/_Art/Enemies/HeinMach/Humanoids/Archer/Animations/Playback/A_EN_PLAY_AC_EmpireBow_ClimbingWall_Down_Start,CompositeBake,BBQ/Content/_Kazan_/Design/Monster/Human/Empire/EmpireBow/Moving/Climbing/AC_EmpireBow_ClimbingWall_Down_Start,30/1,35,1.1333333253860474,1.0,PlaybackClip
Archer,/Game/_Art/Enemies/HeinMach/Humanoids/Archer/Animations/Playback/A_EN_PLAY_AC_EmpireBow_ClimbingWall_Loop_L_Idle,CompositeBake,BBQ/Content/_Kazan_/Design/Monster/Human/Empire/EmpireBow/Moving/Climbing/AC_EmpireBow_ClimbingWall_Loop_L_Idle,30/1,51,1.6666666269302368,1.0,PlaybackClip
Archer,/Game/_Art/Enemies/HeinMach/Humanoids/Archer/Animations/Playback/A_EN_PLAY_AC_EmpireBow_ClimbingWall_Loop_R_Idle,CompositeBake,BBQ/Content/_Kazan_/Design/Monster/Human/Empire/EmpireBow/Moving/Climbing/AC_EmpireBow_ClimbingWall_Loop_R_Idle,30/1,51,1.6666666269302368,1.0,PlaybackClip
Archer,/Game/_Art/Enemies/HeinMach/Humanoids/Archer/Animations/Playback/A_EN_PLAY_AC_EmpireBow_ClimbingWall_Up_End,CompositeBake,BBQ/Content/_Kazan_/Design/Monster/Human/Empire/EmpireBow/Moving/Climbing/AC_EmpireBow_ClimbingWall_Up_End,30/1,51,1.6666666269302368,1.0,PlaybackClip
Archer,/Game/_Art/Enemies/HeinMach/Humanoids/Archer/Animations/Playback/A_EN_PLAY_AC_EmpireBow_ClimbingWall_Up_L,CompositeBake,BBQ/Content/_Kazan_/Design/Monster/Human/Empire/EmpireBow/Moving/Climbing/AC_EmpireBow_ClimbingWall_Up_L,30/1,19,0.6000000238418579,1.0,PlaybackClip
Archer,/Game/_Art/Enemies/HeinMach/Humanoids/Archer/Animations/Playback/A_EN_PLAY_AC_EmpireBow_ClimbingWall_Up_R,CompositeBake,BBQ/Content/_Kazan_/Design/Monster/Human/Empire/EmpireBow/Moving/Climbing/AC_EmpireBow_ClimbingWall_Up_R,30/1,19,0.6000000238418579,1.0,PlaybackClip
Archer,/Game/_Art/Enemies/HeinMach/Humanoids/Archer/Animations/Playback/A_EN_PLAY_AC_EmpireBow_ClimbingWall_Up_Start,CompositeBake,BBQ/Content/_Kazan_/Design/Monster/Human/Empire/EmpireBow/Moving/Climbing/AC_EmpireBow_ClimbingWall_Up_Start,30/1,31,1.0,1.0,PlaybackClip
Archer,/Game/_Art/Enemies/HeinMach/Humanoids/Archer/Animations/Playback/A_EN_PLAY_AC_EmpireBow_DamageAir_B_Down,CompositeBake,BBQ/Content/_Kazan_/Design/Monster/Human/Empire/EmpireBow/Moving/Reaction/AC_EmpireBow_DamageAir_B_Down,5000/167,6,0.16699999570846558,1.0,PlaybackClip
Archer,/Game/_Art/Enemies/HeinMach/Humanoids/Archer/Animations/Playback/A_EN_PLAY_AC_EmpireBow_DamageAir_B_Land,CompositeBake,BBQ/Content/_Kazan_/Design/Monster/Human/Empire/EmpireBow/Moving/Reaction/AC_EmpireBow_DamageAir_B_Land,2000869/66624,28,0.8990333676338196,1.0,PlaybackClip
Archer,/Game/_Art/Enemies/HeinMach/Humanoids/Archer/Animations/Playback/A_EN_PLAY_AC_EmpireBow_DamageAir_B_Peak,CompositeBake,BBQ/Content/_Kazan_/Design/Monster/Human/Empire/EmpireBow/Moving/Reaction/AC_EmpireBow_DamageAir_B_Peak,30/1,4,0.10000000149011612,1.0,PlaybackClip
Archer,/Game/_Art/Enemies/HeinMach/Humanoids/Archer/Animations/Playback/A_EN_PLAY_AC_EmpireBow_DamageAir_B_Up,CompositeBake,BBQ/Content/_Kazan_/Design/Monster/Human/Empire/EmpireBow/Moving/Reaction/AC_EmpireBow_DamageAir_B_Up,5000/167,6,0.16699999570846558,1.0,PlaybackClip
Archer,/Game/_Art/Enemies/HeinMach/Humanoids/Archer/Animations/Playback/A_EN_PLAY_AC_EmpireBow_DamageAir_F_Down,CompositeBake,BBQ/Content/_Kazan_/Design/Monster/Human/Empire/EmpireBow/Moving/Reaction/AC_EmpireBow_DamageAir_F_Down,5000/167,6,0.16699999570846558,1.0,PlaybackClip
Archer,/Game/_Art/Enemies/HeinMach/Humanoids/Archer/Animations/Playback/A_EN_PLAY_AC_EmpireBow_DamageAir_F_Land,CompositeBake,BBQ/Content/_Kazan_/Design/Monster/Human/Empire/EmpireBow/Moving/Reaction/AC_EmpireBow_DamageAir_F_Land,2000869/66624,28,0.8990333676338196,1.0,PlaybackClip
Archer,/Game/_Art/Enemies/HeinMach/Humanoids/Archer/Animations/Playback/A_EN_PLAY_AC_EmpireBow_DamageAir_F_Peak,CompositeBake,BBQ/Content/_Kazan_/Design/Monster/Human/Empire/EmpireBow/Moving/Reaction/AC_EmpireBow_DamageAir_F_Peak,30/1,4,0.10000000149011612,1.0,PlaybackClip
Archer,/Game/_Art/Enemies/HeinMach/Humanoids/Archer/Animations/Playback/A_EN_PLAY_AC_EmpireBow_DamageAir_F_Up,CompositeBake,BBQ/Content/_Kazan_/Design/Monster/Human/Empire/EmpireBow/Moving/Reaction/AC_EmpireBow_DamageAir_F_Up,5000/167,6,0.16699999570846558,1.0,PlaybackClip
Archer,/Game/_Art/Enemies/HeinMach/Humanoids/Archer/Animations/Playback/A_EN_PLAY_AC_EmpireBow_DamageDown_B,CompositeBake,BBQ/Content/_Kazan_/Design/Monster/Human/Empire/EmpireBow/Moving/Reaction/AC_EmpireBow_DamageDown_B,30/1,21,0.6666666865348816,1.0,PlaybackClip
Archer,/Game/_Art/Enemies/HeinMach/Humanoids/Archer/Animations/Playback/A_EN_PLAY_AC_EmpireBow_DamageDown_F,CompositeBake,BBQ/Content/_Kazan_/Design/Monster/Human/Empire/EmpireBow/Moving/Reaction/AC_EmpireBow_DamageDown_F,30/1,21,0.6666666865348816,1.0,PlaybackClip
Archer,/Game/_Art/Enemies/HeinMach/Humanoids/Archer/Animations/Playback/A_EN_PLAY_AC_EmpireBow_DamageGrapple_Atk_01,CompositeBake,BBQ/Content/_Kazan_/Design/Monster/Human/Empire/EmpireBow/Moving/Reaction/AC_EmpireBow_DamageGrapple_Atk_01,30/1,46,1.5,1.0,PlaybackClip
Archer,/Game/_Art/Enemies/HeinMach/Humanoids/Archer/Animations/Playback/A_EN_PLAY_AC_EmpireBow_DamageGrapple_Atk_02,CompositeBake,BBQ/Content/_Kazan_/Design/Monster/Human/Empire/EmpireBow/Moving/Reaction/AC_EmpireBow_DamageGrapple_Atk_02,30/1,37,1.2000000476837158,1.0,PlaybackClip
Archer,/Game/_Art/Enemies/HeinMach/Humanoids/Archer/Animations/Playback/A_EN_PLAY_AC_EmpireBow_DamageNormal_D_B,CompositeBake,BBQ/Content/_Kazan_/Design/Monster/Human/Empire/EmpireBow/Moving/Reaction/AC_EmpireBow_DamageNormal_D_B,2527651/41988,62,1.0132997035980225,1.0,PlaybackClip
Archer,/Game/_Art/Enemies/HeinMach/Humanoids/Archer/Animations/Playback/A_EN_PLAY_AC_EmpireBow_DamageNormal_D_F,CompositeBake,BBQ/Content/_Kazan_/Design/Monster/Human/Empire/EmpireBow/Moving/Reaction/AC_EmpireBow_DamageNormal_D_F,30/1,22,0.699999988079071,1.0,PlaybackClip
Archer,/Game/_Art/Enemies/HeinMach/Humanoids/Archer/Animations/Playback/A_EN_PLAY_AC_EmpireBow_DamageNormal_L_F,CompositeBake,BBQ/Content/_Kazan_/Design/Monster/Human/Empire/EmpireBow/Moving/Reaction/AC_EmpireBow_DamageNormal_L_F,30/1,22,0.699999988079071,1.0,PlaybackClip
Archer,/Game/_Art/Enemies/HeinMach/Humanoids/Archer/Animations/Playback/A_EN_PLAY_AC_EmpireBow_DamageNormal_R_F,CompositeBake,BBQ/Content/_Kazan_/Design/Monster/Human/Empire/EmpireBow/Moving/Reaction/AC_EmpireBow_DamageNormal_R_F,30/1,22,0.699999988079071,1.0,PlaybackClip
Archer,/Game/_Art/Enemies/HeinMach/Humanoids/Archer/Animations/Playback/A_EN_PLAY_AC_EmpireBow_DamageNormal_U_B,CompositeBake,BBQ/Content/_Kazan_/Design/Monster/Human/Empire/EmpireBow/Moving/Reaction/AC_EmpireBow_DamageNormal_U_B,2527651/41988,62,1.0132997035980225,1.0,PlaybackClip
Archer,/Game/_Art/Enemies/HeinMach/Humanoids/Archer/Animations/Playback/A_EN_PLAY_AC_EmpireBow_DamageNormal_U_F,CompositeBake,BBQ/Content/_Kazan_/Design/Monster/Human/Empire/EmpireBow/Moving/Reaction/AC_EmpireBow_DamageNormal_U_F,30/1,22,0.699999988079071,1.0,PlaybackClip
Archer,/Game/_Art/Enemies/HeinMach/Humanoids/Archer/Animations/Playback/A_EN_PLAY_AC_EmpireBow_DamageStrong_D_F,CompositeBake,BBQ/Content/_Kazan_/Design/Monster/Human/Empire/EmpireBow/Moving/Reaction/AC_EmpireBow_DamageStrong_D_F,30/1,34,1.100000023841858,1.0,PlaybackClip
Archer,/Game/_Art/Enemies/HeinMach/Humanoids/Archer/Animations/Playback/A_EN_PLAY_AC_EmpireBow_DamageStrong_D_F_2,CompositeBake,BBQ/Content/_Kazan_/Design/Monster/Human/Empire/EmpireBow/Moving/Reaction/AC_EmpireBow_DamageStrong_D_F_2,30/1,34,1.100000023841858,1.0,PlaybackClip
Archer,/Game/_Art/Enemies/HeinMach/Humanoids/Archer/Animations/Playback/A_EN_PLAY_AC_EmpireBow_DamageStrong_L_F,CompositeBake,BBQ/Content/_Kazan_/Design/Monster/Human/Empire/EmpireBow/Moving/Reaction/AC_EmpireBow_DamageStrong_L_F,30/1,34,1.100000023841858,1.0,PlaybackClip
Archer,/Game/_Art/Enemies/HeinMach/Humanoids/Archer/Animations/Playback/A_EN_PLAY_AC_EmpireBow_DamageStrong_R_F,CompositeBake,BBQ/Content/_Kazan_/Design/Monster/Human/Empire/EmpireBow/Moving/Reaction/AC_EmpireBow_DamageStrong_R_F,30/1,34,1.100000023841858,1.0,PlaybackClip
Archer,/Game/_Art/Enemies/HeinMach/Humanoids/Archer/Animations/Playback/A_EN_PLAY_AC_EmpireBow_DamageStrong_U_F,CompositeBake,BBQ/Content/_Kazan_/Design/Monster/Human/Empire/EmpireBow/Moving/Reaction/AC_EmpireBow_DamageStrong_U_F,30/1,34,1.100000023841858,1.0,PlaybackClip
Archer,/Game/_Art/Enemies/HeinMach/Humanoids/Archer/Animations/Playback/A_EN_PLAY_AC_EmpireBow_DamageWeak_D_F,CompositeBake,BBQ/Content/_Kazan_/Design/Monster/Human/Empire/EmpireBow/Moving/Reaction/AC_EmpireBow_DamageWeak_D_F,30/1,13,0.4000000059604645,1.0,PlaybackClip
Archer,/Game/_Art/Enemies/HeinMach/Humanoids/Archer/Animations/Playback/A_EN_PLAY_AC_EmpireBow_DamageWeak_L_F,CompositeBake,BBQ/Content/_Kazan_/Design/Monster/Human/Empire/EmpireBow/Moving/Reaction/AC_EmpireBow_DamageWeak_L_F,30/1,13,0.4000000059604645,1.0,PlaybackClip
Archer,/Game/_Art/Enemies/HeinMach/Humanoids/Archer/Animations/Playback/A_EN_PLAY_AC_EmpireBow_DamageWeak_R_F,CompositeBake,BBQ/Content/_Kazan_/Design/Monster/Human/Empire/EmpireBow/Moving/Reaction/AC_EmpireBow_DamageWeak_R_F,30/1,13,0.4000000059604645,1.0,PlaybackClip
Archer,/Game/_Art/Enemies/HeinMach/Humanoids/Archer/Animations/Playback/A_EN_PLAY_AC_EmpireBow_DamageWeak_U_F,CompositeBake,BBQ/Content/_Kazan_/Design/Monster/Human/Empire/EmpireBow/Moving/Reaction/AC_EmpireBow_DamageWeak_U_F,30/1,13,0.4000000059604645,1.0,PlaybackClip
Archer,/Game/_Art/Enemies/HeinMach/Humanoids/Archer/Animations/Playback/A_EN_PLAY_AC_EmpireBow_DestroyObject_End,CompositeBake,BBQ/Content/_Kazan_/Design/Monster/Human/Empire/EmpireBow/Skill/00_DestroyObject/AC_EmpireBow_DestroyObject_End,5863665/97969,82,1.3533326387405396,1.0,PlaybackClip
Archer,/Game/_Art/Enemies/HeinMach/Humanoids/Archer/Animations/Playback/A_EN_PLAY_AC_EmpireBow_DestroyObject_Loop,CompositeBake,BBQ/Content/_Kazan_/Design/Monster/Human/Empire/EmpireBow/Skill/00_DestroyObject/AC_EmpireBow_DestroyObject_Loop,30/1,37,1.2000000476837158,1.0,PlaybackClip
Archer,/Game/_Art/Enemies/HeinMach/Humanoids/Archer/Animations/Playback/A_EN_PLAY_AC_EmpireBow_DestroyObject_Start,CompositeBake,BBQ/Content/_Kazan_/Design/Monster/Human/Empire/EmpireBow/Skill/00_DestroyObject/AC_EmpireBow_DestroyObject_Start,4000023/66890,53,0.8695650100708008,1.0,PlaybackClip
Archer,/Game/_Art/Enemies/HeinMach/Humanoids/Archer/Animations/Playback/A_EN_PLAY_AC_EmpireBow_Down_Die_B,CompositeBake,BBQ/Content/_Kazan_/Design/Monster/Human/Empire/EmpireBow/Moving/Reaction/AC_EmpireBow_Down_Die_B,30/1,331,11.0,1.0,PlaybackClip
Archer,/Game/_Art/Enemies/HeinMach/Humanoids/Archer/Animations/Playback/A_EN_PLAY_AC_EmpireBow_Down_Die_B_Wraith,CompositeBake,BBQ/Content/_Kazan_/Design/Monster/Human/Empire/EmpireBow/Moving/Reaction/AC_EmpireBow_Down_Die_B_Wraith,30/1,331,11.0,1.0,PlaybackClip
Archer,/Game/_Art/Enemies/HeinMach/Humanoids/Archer/Animations/Playback/A_EN_PLAY_AC_EmpireBow_Down_Die_F,CompositeBake,BBQ/Content/_Kazan_/Design/Monster/Human/Empire/EmpireBow/Moving/Reaction/AC_EmpireBow_Down_Die_F,30/1,331,11.0,1.0,PlaybackClip
Archer,/Game/_Art/Enemies/HeinMach/Humanoids/Archer/Animations/Playback/A_EN_PLAY_AC_EmpireBow_Down_Die_F_Wraith,CompositeBake,BBQ/Content/_Kazan_/Design/Monster/Human/Empire/EmpireBow/Moving/Reaction/AC_EmpireBow_Down_Die_F_Wraith,30/1,331,11.0,1.0,PlaybackClip
Archer,/Game/_Art/Enemies/HeinMach/Humanoids/Archer/Animations/Playback/A_EN_PLAY_AC_EmpireBow_Down_Loop_B,CompositeBake,BBQ/Content/_Kazan_/Design/Monster/Human/Empire/EmpireBow/Moving/Reaction/AC_EmpireBow_Down_Loop_B,30/1,49,1.600000023841858,1.0,PlaybackClip
Archer,/Game/_Art/Enemies/HeinMach/Humanoids/Archer/Animations/Playback/A_EN_PLAY_AC_EmpireBow_Down_Loop_F,CompositeBake,BBQ/Content/_Kazan_/Design/Monster/Human/Empire/EmpireBow/Moving/Reaction/AC_EmpireBow_Down_Loop_F,30/1,49,1.600000023841858,1.0,PlaybackClip
Archer,/Game/_Art/Enemies/HeinMach/Humanoids/Archer/Animations/Playback/A_EN_PLAY_AC_EmpireBow_Equip,CompositeBake,BBQ/Content/_Kazan_/Design/Monster/Human/Empire/EmpireBow/Moving/PeaceIdle/AC_EmpireBow_Equip,5555582/92593,61,0.9999996423721313,1.0,PlaybackClip
Archer,/Game/_Art/Enemies/HeinMach/Humanoids/Archer/Animations/Playback/A_EN_PLAY_AC_EmpireBow_Equip_Turn_L,CompositeBake,BBQ/Content/_Kazan_/Design/Monster/Human/Empire/EmpireBow/Moving/PeaceIdle/AC_EmpireBow_Equip_Turn_L,4999982/83333,71,1.1666661500930786,1.0,PlaybackClip
Archer,/Game/_Art/Enemies/HeinMach/Humanoids/Archer/Animations/Playback/A_EN_PLAY_AC_EmpireBow_Equip_Turn_R,CompositeBake,BBQ/Content/_Kazan_/Design/Monster/Human/Empire/EmpireBow/Moving/PeaceIdle/AC_EmpireBow_Equip_Turn_R,2411761/40196,83,1.3666660785675049,1.0,PlaybackClip
Archer,/Game/_Art/Enemies/HeinMach/Humanoids/Archer/Animations/Playback/A_EN_PLAY_AC_EmpireBow_FastShoot_Dodge_B,CompositeBake,BBQ/Content/_Kazan_/Design/Monster/Human/Empire/EmpireBow/Skill/02_FastShoot/AC_EmpireBow_FastShoot_Dodge_B,4000021/66667,65,1.0666663646697998,1.0,PlaybackClip
Archer,/Game/_Art/Enemies/HeinMach/Humanoids/Archer/Animations/Playback/A_EN_PLAY_AC_EmpireBow_FastShoot_Dodge_L,CompositeBake,BBQ/Content/_Kazan_/Design/Monster/Human/Empire/EmpireBow/Skill/02_FastShoot/AC_EmpireBow_FastShoot_Dodge_L,4000021/66667,65,1.0666663646697998,1.0,PlaybackClip
Archer,/Game/_Art/Enemies/HeinMach/Humanoids/Archer/Animations/Playback/A_EN_PLAY_AC_EmpireBow_FastShoot_Dodge_R,CompositeBake,BBQ/Content/_Kazan_/Design/Monster/Human/Empire/EmpireBow/Skill/02_FastShoot/AC_EmpireBow_FastShoot_Dodge_R,1135547/18890,65,1.0646499395370483,1.0,PlaybackClip
Archer,/Game/_Art/Enemies/HeinMach/Humanoids/Archer/Animations/Playback/A_EN_PLAY_AC_EmpireBow_FastShoot_Fail,CompositeBake,BBQ/Content/_Kazan_/Design/Monster/Human/Empire/EmpireBow/Skill/02_FastShoot/AC_EmpireBow_FastShoot_Fail,3200038/53107,48,0.7799997925758362,1.0,PlaybackClip
Archer,/Game/_Art/Enemies/HeinMach/Humanoids/Archer/Animations/Playback/A_EN_PLAY_AC_EmpireBow_FastShoot_Shoot,CompositeBake,BBQ/Content/_Kazan_/Design/Monster/Human/Empire/EmpireBow/Skill/02_FastShoot/AC_EmpireBow_FastShoot_Shoot,30/1,76,2.5,1.0,PlaybackClip
Archer,/Game/_Art/Enemies/HeinMach/Humanoids/Archer/Animations/Playback/A_EN_PLAY_AC_EmpireBow_FastShoot_Start,CompositeBake,BBQ/Content/_Kazan_/Design/Monster/Human/Empire/EmpireBow/Skill/02_FastShoot/AC_EmpireBow_FastShoot_Start,30/1,4,0.10000000149011612,1.0,PlaybackClip
Archer,/Game/_Art/Enemies/HeinMach/Humanoids/Archer/Animations/Playback/A_EN_PLAY_AC_EmpireBow_Getup_B,CompositeBake,BBQ/Content/_Kazan_/Design/Monster/Human/Empire/EmpireBow/Moving/Reaction/AC_EmpireBow_Getup_B,30/1,38,1.2333333492279053,1.0,PlaybackClip
Archer,/Game/_Art/Enemies/HeinMach/Humanoids/Archer/Animations/Playback/A_EN_PLAY_AC_EmpireBow_Getup_F,CompositeBake,BBQ/Content/_Kazan_/Design/Monster/Human/Empire/EmpireBow/Moving/Reaction/AC_EmpireBow_Getup_F,30/1,40,1.2999999523162842,1.0,PlaybackClip
Archer,/Game/_Art/Enemies/HeinMach/Humanoids/Archer/Animations/Playback/A_EN_PLAY_AC_EmpireBow_Groggy_End,CompositeBake,BBQ/Content/_Kazan_/Design/Monster/Human/Empire/EmpireBow/Moving/Reaction/AC_EmpireBow_Groggy_End,30/1,33,1.0666667222976685,1.0,PlaybackClip
Archer,/Game/_Art/Enemies/HeinMach/Humanoids/Archer/Animations/Playback/A_EN_PLAY_AC_EmpireBow_Groggy_Loop,CompositeBake,BBQ/Content/_Kazan_/Design/Monster/Human/Empire/EmpireBow/Moving/Reaction/AC_EmpireBow_Groggy_Loop,30/1,46,1.5,1.0,PlaybackClip
Archer,/Game/_Art/Enemies/HeinMach/Humanoids/Archer/Animations/Playback/A_EN_PLAY_AC_EmpireBow_Groggy_Start,CompositeBake,BBQ/Content/_Kazan_/Design/Monster/Human/Empire/EmpireBow/Moving/Reaction/AC_EmpireBow_Groggy_Start,30/1,26,0.8333333134651184,1.0,PlaybackClip
Archer,/Game/_Art/Enemies/HeinMach/Humanoids/Archer/Animations/Playback/A_EN_PLAY_AC_EmpireBow_Ground_Die_F,CompositeBake,BBQ/Content/_Kazan_/Design/Monster/Human/Empire/EmpireBow/Moving/Reaction/AC_EmpireBow_Ground_Die_F,30/1,331,11.0,1.0,PlaybackClip
Archer,/Game/_Art/Enemies/HeinMach/Humanoids/Archer/Animations/Playback/A_EN_PLAY_AC_EmpireBow_Ground_Die_F_Wraith,CompositeBake,BBQ/Content/_Kazan_/Design/Monster/Human/Empire/EmpireBow/Moving/Reaction/AC_EmpireBow_Ground_Die_F_Wraith,30/1,331,11.0,1.0,PlaybackClip
Archer,/Game/_Art/Enemies/HeinMach/Humanoids/Archer/Animations/Playback/A_EN_PLAY_AC_EmpireBow_LockOnWalk_B,CompositeBake,BBQ/Content/_Kazan_/Design/Monster/Human/Empire/EmpireBow/Moving/Reaction/AC_EmpireBow_LockOnWalk_B,30/1,31,1.0,1.0,PlaybackClip
Archer,/Game/_Art/Enemies/HeinMach/Humanoids/Archer/Animations/Playback/A_EN_PLAY_AC_EmpireBow_LockOnWalk_F,CompositeBake,BBQ/Content/_Kazan_/Design/Monster/Human/Empire/EmpireBow/Moving/Reaction/AC_EmpireBow_LockOnWalk_F,30/1,31,1.0,1.0,PlaybackClip
Archer,/Game/_Art/Enemies/HeinMach/Humanoids/Archer/Animations/Playback/A_EN_PLAY_AC_EmpireBow_LockOnWalk_L,CompositeBake,BBQ/Content/_Kazan_/Design/Monster/Human/Empire/EmpireBow/Moving/Reaction/AC_EmpireBow_LockOnWalk_L,30/1,31,1.0,1.0,PlaybackClip
Archer,/Game/_Art/Enemies/HeinMach/Humanoids/Archer/Animations/Playback/A_EN_PLAY_AC_EmpireBow_LockOnWalk_R,CompositeBake,BBQ/Content/_Kazan_/Design/Monster/Human/Empire/EmpireBow/Moving/Reaction/AC_EmpireBow_LockOnWalk_R,30/1,31,1.0,1.0,PlaybackClip
Archer,/Game/_Art/Enemies/HeinMach/Humanoids/Archer/Animations/Playback/A_EN_PLAY_AC_EmpireBow_Run_F,CompositeBake,BBQ/Content/_Kazan_/Design/Monster/Human/Empire/EmpireBow/Moving/Reaction/AC_EmpireBow_Run_F,30/1,23,0.7333333492279053,1.0,PlaybackClip
Archer,/Game/_Art/Enemies/HeinMach/Humanoids/Archer/Animations/Playback/A_EN_PLAY_AC_EmpireBow_Stand_F,CompositeBake,BBQ/Content/_Kazan_/Design/Monster/Human/Empire/EmpireBow/Moving/Reaction/AC_EmpireBow_Stand_F,30/1,49,1.600000023841858,1.0,PlaybackClip
Archer,/Game/_Art/Enemies/HeinMach/Humanoids/Archer/Animations/Playback/A_EN_PLAY_AC_EmpireBow_Stand_Peace,CompositeBake,BBQ/Content/_Kazan_/Design/Monster/Human/Empire/EmpireBow/Moving/PeaceIdle/AC_EmpireBow_Stand_Peace,30/1,71,2.3333332538604736,1.0,PlaybackClip
Archer,/Game/_Art/Enemies/HeinMach/Humanoids/Archer/Animations/Playback/A_EN_PLAY_AC_EmpireBow_Stand_Start,CompositeBake,BBQ/Content/_Kazan_/Design/Monster/Human/Empire/EmpireBow/Skill/01_RainShoot/AC_EmpireBow_Stand_Start,1509983/25133,41,0.6657823324203491,1.0,PlaybackClip
Archer,/Game/_Art/Enemies/HeinMach/Humanoids/Archer/Animations/Playback/A_EN_PLAY_AC_EmpireBow_TunrKick_Start,CompositeBake,BBQ/Content/_Kazan_/Design/Monster/Human/Empire/EmpireBow/Skill/04_TurnKick/AC_EmpireBow_TunrKick_Start,30/1,4,0.10000000149011612,1.0,PlaybackClip
Archer,/Game/_Art/Enemies/HeinMach/Humanoids/Archer/Animations/Playback/A_EN_PLAY_AC_EmpireBow_TurnKick_Attack,CompositeBake,BBQ/Content/_Kazan_/Design/Monster/Human/Empire/EmpireBow/Skill/04_TurnKick/AC_EmpireBow_TurnKick_Attack,2821251/47086,82,1.3518705368041992,1.0,PlaybackClip
Archer,/Game/_Art/Enemies/HeinMach/Humanoids/Archer/Animations/Playback/A_EN_PLAY_AC_EmpireBow_TurnKick_DestroyObject,CompositeBake,BBQ/Content/_Kazan_/Design/Monster/Human/Empire/EmpireBow/Skill/00_DestroyObject/AC_EmpireBow_TurnKick_DestroyObject,2821251/47086,82,1.3518705368041992,1.0,PlaybackClip
Archer,/Game/_Art/Enemies/HeinMach/Humanoids/Archer/Animations/Playback/A_EN_PLAY_AC_EmpireBow_TurnKick_Move,CompositeBake,BBQ/Content/_Kazan_/Design/Monster/Human/Empire/EmpireBow/Skill/04_TurnKick/AC_EmpireBow_TurnKick_Move,2999999/50000,37,0.6000002026557922,1.0,PlaybackClip
Archer,/Game/_Art/Enemies/HeinMach/Humanoids/Archer/Animations/Playback/A_EN_PLAY_AC_EmpireBow_Turn_L,CompositeBake,BBQ/Content/_Kazan_/Design/Monster/Human/Empire/EmpireBow/Moving/Reaction/AC_EmpireBow_Turn_L,30/1,31,1.0,1.0,PlaybackClip
Archer,/Game/_Art/Enemies/HeinMach/Humanoids/Archer/Animations/Playback/A_EN_PLAY_AC_EmpireBow_Turn_L_180,CompositeBake,BBQ/Content/_Kazan_/Design/Monster/Human/Empire/EmpireBow/Moving/Reaction/AC_EmpireBow_Turn_L_180,30/1,47,1.5333333015441895,1.0,PlaybackClip
Archer,/Game/_Art/Enemies/HeinMach/Humanoids/Archer/Animations/Playback/A_EN_PLAY_AC_EmpireBow_Turn_L_Peace,CompositeBake,BBQ/Content/_Kazan_/Design/Monster/Human/Empire/EmpireBow/Moving/PeaceIdle/AC_EmpireBow_Turn_L_Peace,30/1,31,1.0,1.0,PlaybackClip
Archer,/Game/_Art/Enemies/HeinMach/Humanoids/Archer/Animations/Playback/A_EN_PLAY_AC_EmpireBow_Turn_L_Peace_180,CompositeBake,BBQ/Content/_Kazan_/Design/Monster/Human/Empire/EmpireBow/Moving/PeaceIdle/AC_EmpireBow_Turn_L_Peace_180,30/1,64,2.0999999046325684,1.0,PlaybackClip
Archer,/Game/_Art/Enemies/HeinMach/Humanoids/Archer/Animations/Playback/A_EN_PLAY_AC_EmpireBow_Turn_R,CompositeBake,BBQ/Content/_Kazan_/Design/Monster/Human/Empire/EmpireBow/Moving/Reaction/AC_EmpireBow_Turn_R,30/1,31,1.0,1.0,PlaybackClip
Archer,/Game/_Art/Enemies/HeinMach/Humanoids/Archer/Animations/Playback/A_EN_PLAY_AC_EmpireBow_Turn_R_180,CompositeBake,BBQ/Content/_Kazan_/Design/Monster/Human/Empire/EmpireBow/Moving/Reaction/AC_EmpireBow_Turn_R_180,30/1,47,1.5333333015441895,1.0,PlaybackClip
Archer,/Game/_Art/Enemies/HeinMach/Humanoids/Archer/Animations/Playback/A_EN_PLAY_AC_EmpireBow_Turn_R_Peace,CompositeBake,BBQ/Content/_Kazan_/Design/Monster/Human/Empire/EmpireBow/Moving/PeaceIdle/AC_EmpireBow_Turn_R_Peace,30/1,31,1.0,1.0,PlaybackClip
Archer,/Game/_Art/Enemies/HeinMach/Humanoids/Archer/Animations/Playback/A_EN_PLAY_AC_EmpireBow_Turn_R_Peace_180,CompositeBake,BBQ/Content/_Kazan_/Design/Monster/Human/Empire/EmpireBow/Moving/PeaceIdle/AC_EmpireBow_Turn_R_Peace_180,30/1,64,2.0999999046325684,1.0,PlaybackClip
Archer,/Game/_Art/Enemies/HeinMach/Humanoids/Archer/Animations/Playback/A_EN_PLAY_AC_EmpireBow_UnEquip,CompositeBake,BBQ/Content/_Kazan_/Design/Monster/Human/Empire/EmpireBow/Moving/PeaceIdle/AC_EmpireBow_UnEquip,30/1,31,1.0,1.0,PlaybackClip
Archer,/Game/_Art/Enemies/HeinMach/Humanoids/Archer/Animations/Playback/A_EN_PLAY_AC_EmpireBow_Vigilant_FreakOut_Armed,CompositeBake,BBQ/Content/_Kazan_/Design/Monster/Human/Empire/EmpireBow/Skill/Vigilant/FreakOut_Armed/AC_EmpireBow_Vigilant_FreakOut_Armed,30/1,46,1.5,1.0,PlaybackClip
Archer,/Game/_Art/Enemies/HeinMach/Humanoids/Archer/Animations/Playback/A_EN_PLAY_AC_EmpireBow_Vigilant_FreakOut_UnArmed,CompositeBake,BBQ/Content/_Kazan_/Design/Monster/Human/Empire/EmpireBow/Skill/Vigilant/FreakOut_UnArmed/AC_EmpireBow_Vigilant_FreakOut_UnArmed,30/1,60,1.9666666984558105,1.0,PlaybackClip
Archer,/Game/_Art/Enemies/HeinMach/Humanoids/Archer/Animations/Playback/A_EN_PLAY_AC_EmpireBow_Vigilant_LookAround,CompositeBake,BBQ/Content/_Kazan_/Design/Monster/Human/Empire/EmpireBow/Skill/Vigilant/LookAround/AC_EmpireBow_Vigilant_LookAround,30/1,256,8.5,1.0,PlaybackClip
Archer,/Game/_Art/Enemies/HeinMach/Humanoids/Archer/Animations/Playback/A_EN_PLAY_AC_EmpireBow_Walk_F,CompositeBake,BBQ/Content/_Kazan_/Design/Monster/Human/Empire/EmpireBow/Moving/Reaction/AC_EmpireBow_Walk_F,30/1,31,1.0,1.0,PlaybackClip
Archer,/Game/_Art/Enemies/HeinMach/Humanoids/Archer/Animations/Playback/A_EN_PLAY_AC_M_EmpBow_DamageParry_F,CompositeBake,BBQ/Content/_Kazan_/Design/Monster/Human/Empire/EmpireBow/Moving/Reaction/AC_M_EmpBow_DamageParry_F,30/1,46,1.5,1.0,PlaybackClip
Archer,/Game/_Art/Enemies/HeinMach/Humanoids/Archer/Animations/Playback/A_EN_PLAY_CA_M_EmpBow_BackShoot_1f625cc7,DirectOriginalTimeline,BBQ/Content/_Kazan_/Art/Character/CHA_Model/Monster_Human/Adult/Adult_M/Animation/EmpireBow/Weapon/CA_M_EmpBow_BackShoot,30/1,51,1.6666666269302368,1.0,SourceSequence
Archer,/Game/_Art/Enemies/HeinMach/Humanoids/Archer/Animations/Playback/A_EN_PLAY_CA_M_EmpBow_BasicShoot_End_33ccd390,DirectOriginalTimeline,BBQ/Content/_Kazan_/Art/Character/CHA_Model/Monster_Human/Adult/Adult_M/Animation/EmpireBow/Weapon/CA_M_EmpBow_BasicShoot_End,30/1,27,0.8666666746139526,1.0,SourceSequence
Archer,/Game/_Art/Enemies/HeinMach/Humanoids/Archer/Animations/Playback/A_EN_PLAY_CA_M_EmpBow_BasicShoot_Fail_86fade44,DirectOriginalTimeline,BBQ/Content/_Kazan_/Art/Character/CHA_Model/Monster_Human/Adult/Adult_M/Animation/EmpireBow/Weapon/CA_M_EmpBow_BasicShoot_Fail,30/1,19,0.6000000238418579,1.0,SourceSequence
Archer,/Game/_Art/Enemies/HeinMach/Humanoids/Archer/Animations/Playback/A_EN_PLAY_CA_M_EmpBow_BasicShoot_Loop_8bb22b86,DirectOriginalTimeline,BBQ/Content/_Kazan_/Art/Character/CHA_Model/Monster_Human/Adult/Adult_M/Animation/EmpireBow/Weapon/CA_M_EmpBow_BasicShoot_Loop,30/1,37,1.2000000476837158,1.0,SourceSequence
Archer,/Game/_Art/Enemies/HeinMach/Humanoids/Archer/Animations/Playback/A_EN_PLAY_CA_M_EmpBow_BasicShoot_Start_b426c792,DirectOriginalTimeline,BBQ/Content/_Kazan_/Art/Character/CHA_Model/Monster_Human/Adult/Adult_M/Animation/EmpireBow/Weapon/CA_M_EmpBow_BasicShoot_Start,30/1,31,1.0,1.0,SourceSequence
Archer,/Game/_Art/Enemies/HeinMach/Humanoids/Archer/Animations/Playback/A_EN_PLAY_CA_M_EmpBow_CarryASword_9fcea314,DirectOriginalTimeline,BBQ/Content/_Kazan_/Art/Character/CHA_Model/Monster_Human/Adult/Adult_M/Animation/EmpireBow/Weapon/CA_M_EmpBow_CarryASword,30/1,31,1.0,1.0,SourceSequence
Archer,/Game/_Art/Enemies/HeinMach/Humanoids/Archer/Animations/Playback/A_EN_PLAY_CA_M_EmpBow_CarryASword_Turn_L_41f192a1,DirectOriginalTimeline,BBQ/Content/_Kazan_/Art/Character/CHA_Model/Monster_Human/Adult/Adult_M/Animation/EmpireBow/Weapon/CA_M_EmpBow_CarryASword_Turn_L,30/1,36,1.1666666269302368,1.0,SourceSequence
Archer,/Game/_Art/Enemies/HeinMach/Humanoids/Archer/Animations/Playback/A_EN_PLAY_CA_M_EmpBow_CarryASword_Turn_R_3aba0c23,DirectOriginalTimeline,BBQ/Content/_Kazan_/Art/Character/CHA_Model/Monster_Human/Adult/Adult_M/Animation/EmpireBow/Weapon/CA_M_EmpBow_CarryASword_Turn_R,30/1,42,1.3666666746139526,1.0,SourceSequence
Archer,/Game/_Art/Enemies/HeinMach/Humanoids/Archer/Animations/Playback/A_EN_PLAY_CA_M_EmpBow_ClimbingWall_Down_End,DirectOriginalTimeline,BBQ/Content/_Kazan_/Art/Character/CHA_Model/Monster_Human/Adult/Adult_M/Animation/EmpireBow/CA_M_EmpBow_ClimbingWall_Down_End,30/1,34,1.100000023841858,1.0,SourceSequence
Archer,/Game/_Art/Enemies/HeinMach/Humanoids/Archer/Animations/Playback/A_EN_PLAY_CA_M_EmpBow_ClimbingWall_Down_L,DirectOriginalTimeline,BBQ/Content/_Kazan_/Art/Character/CHA_Model/Monster_Human/Adult/Adult_M/Animation/EmpireBow/CA_M_EmpBow_ClimbingWall_Down_L,30/1,19,0.6000000238418579,1.0,SourceSequence
Archer,/Game/_Art/Enemies/HeinMach/Humanoids/Archer/Animations/Playback/A_EN_PLAY_CA_M_EmpBow_ClimbingWall_Down_R,DirectOriginalTimeline,BBQ/Content/_Kazan_/Art/Character/CHA_Model/Monster_Human/Adult/Adult_M/Animation/EmpireBow/CA_M_EmpBow_ClimbingWall_Down_R,30/1,19,0.6000000238418579,1.0,SourceSequence
Archer,/Game/_Art/Enemies/HeinMach/Humanoids/Archer/Animations/Playback/A_EN_PLAY_CA_M_EmpBow_ClimbingWall_Down_Start,DirectOriginalTimeline,BBQ/Content/_Kazan_/Art/Character/CHA_Model/Monster_Human/Adult/Adult_M/Animation/EmpireBow/CA_M_EmpBow_ClimbingWall_Down_Start,30/1,35,1.1333333253860474,1.0,SourceSequence
Archer,/Game/_Art/Enemies/HeinMach/Humanoids/Archer/Animations/Playback/A_EN_PLAY_CA_M_EmpBow_ClimbingWall_Loop_L_Idle,DirectOriginalTimeline,BBQ/Content/_Kazan_/Art/Character/CHA_Model/Monster_Human/Adult/Adult_M/Animation/EmpireBow/CA_M_EmpBow_ClimbingWall_Loop_L_Idle,30/1,51,1.6666666269302368,1.0,SourceSequence
Archer,/Game/_Art/Enemies/HeinMach/Humanoids/Archer/Animations/Playback/A_EN_PLAY_CA_M_EmpBow_ClimbingWall_Loop_R_Idle,DirectOriginalTimeline,BBQ/Content/_Kazan_/Art/Character/CHA_Model/Monster_Human/Adult/Adult_M/Animation/EmpireBow/CA_M_EmpBow_ClimbingWall_Loop_R_Idle,30/1,51,1.6666666269302368,1.0,SourceSequence
Archer,/Game/_Art/Enemies/HeinMach/Humanoids/Archer/Animations/Playback/A_EN_PLAY_CA_M_EmpBow_ClimbingWall_Up_End,DirectOriginalTimeline,BBQ/Content/_Kazan_/Art/Character/CHA_Model/Monster_Human/Adult/Adult_M/Animation/EmpireBow/CA_M_EmpBow_ClimbingWall_Up_End,30/1,51,1.6666666269302368,1.0,SourceSequence
Archer,/Game/_Art/Enemies/HeinMach/Humanoids/Archer/Animations/Playback/A_EN_PLAY_CA_M_EmpBow_ClimbingWall_Up_L,DirectOriginalTimeline,BBQ/Content/_Kazan_/Art/Character/CHA_Model/Monster_Human/Adult/Adult_M/Animation/EmpireBow/CA_M_EmpBow_ClimbingWall_Up_L,30/1,19,0.6000000238418579,1.0,SourceSequence
Archer,/Game/_Art/Enemies/HeinMach/Humanoids/Archer/Animations/Playback/A_EN_PLAY_CA_M_EmpBow_ClimbingWall_Up_R,DirectOriginalTimeline,BBQ/Content/_Kazan_/Art/Character/CHA_Model/Monster_Human/Adult/Adult_M/Animation/EmpireBow/CA_M_EmpBow_ClimbingWall_Up_R,30/1,19,0.6000000238418579,1.0,SourceSequence
Archer,/Game/_Art/Enemies/HeinMach/Humanoids/Archer/Animations/Playback/A_EN_PLAY_CA_M_EmpBow_ClimbingWall_Up_Start,DirectOriginalTimeline,BBQ/Content/_Kazan_/Art/Character/CHA_Model/Monster_Human/Adult/Adult_M/Animation/EmpireBow/CA_M_EmpBow_ClimbingWall_Up_Start,30/1,36,1.1666666269302368,1.0,SourceSequence
Archer,/Game/_Art/Enemies/HeinMach/Humanoids/Archer/Animations/Playback/A_EN_PLAY_CA_M_EmpBow_Down_B_Loop_92a9c1b9,DirectOriginalTimeline,BBQ/Content/_Kazan_/Art/Character/CHA_Model/Monster_Human/Adult/Adult_M/Animation/EmpireBow/Weapon/CA_M_EmpBow_Down_B_Loop,30/1,49,1.600000023841858,1.0,SourceSequence
Archer,/Game/_Art/Enemies/HeinMach/Humanoids/Archer/Animations/Playback/A_EN_PLAY_CA_M_EmpBow_Down_F_Loop_489d380f,DirectOriginalTimeline,BBQ/Content/_Kazan_/Art/Character/CHA_Model/Monster_Human/Adult/Adult_M/Animation/EmpireBow/Weapon/CA_M_EmpBow_Down_F_Loop,30/1,49,1.600000023841858,1.0,SourceSequence
Archer,/Game/_Art/Enemies/HeinMach/Humanoids/Archer/Animations/Playback/A_EN_PLAY_CA_M_EmpBow_FallDown_Loop,DirectOriginalTimeline,BBQ/Content/_Kazan_/Art/Character/CHA_Model/Monster_Human/Adult/Adult_M/Animation/EmpireBow/CA_M_EmpBow_FallDown_Loop,30/1,31,1.0,1.0,SourceSequence
Archer,/Game/_Art/Enemies/HeinMach/Humanoids/Archer/Animations/Playback/A_EN_PLAY_CA_M_EmpBow_FallDown_Start,DirectOriginalTimeline,BBQ/Content/_Kazan_/Art/Character/CHA_Model/Monster_Human/Adult/Adult_M/Animation/EmpireBow/CA_M_EmpBow_FallDown_Start,30/1,60,1.9666666984558105,1.0,SourceSequence
Archer,/Game/_Art/Enemies/HeinMach/Humanoids/Archer/Animations/Playback/A_EN_PLAY_CA_M_EmpBow_FastShoot_Dodge_B_4f281d3a,DirectOriginalTimeline,BBQ/Content/_Kazan_/Art/Character/CHA_Model/Monster_Human/Adult/Adult_M/Animation/EmpireBow/Weapon/CA_M_EmpBow_FastShoot_Dodge_B,30/1,33,1.0666667222976685,1.0,SourceSequence
Archer,/Game/_Art/Enemies/HeinMach/Humanoids/Archer/Animations/Playback/A_EN_PLAY_CA_M_EmpBow_FastShoot_Dodge_L_61aa0a9e,DirectOriginalTimeline,BBQ/Content/_Kazan_/Art/Character/CHA_Model/Monster_Human/Adult/Adult_M/Animation/EmpireBow/Weapon/CA_M_EmpBow_FastShoot_Dodge_L,30/1,33,1.0666667222976685,1.0,SourceSequence
Archer,/Game/_Art/Enemies/HeinMach/Humanoids/Archer/Animations/Playback/A_EN_PLAY_CA_M_EmpBow_FastShoot_Dodge_R_e9139283,DirectOriginalTimeline,BBQ/Content/_Kazan_/Art/Character/CHA_Model/Monster_Human/Adult/Adult_M/Animation/EmpireBow/Weapon/CA_M_EmpBow_FastShoot_Dodge_R,30/1,41,1.3333333730697632,1.0,SourceSequence
Archer,/Game/_Art/Enemies/HeinMach/Humanoids/Archer/Animations/Playback/A_EN_PLAY_CA_M_EmpBow_FastShoot_Fail_19324cfe,DirectOriginalTimeline,BBQ/Content/_Kazan_/Art/Character/CHA_Model/Monster_Human/Adult/Adult_M/Animation/EmpireBow/Weapon/CA_M_EmpBow_FastShoot_Fail,30/1,19,0.6000000238418579,1.0,SourceSequence
Archer,/Game/_Art/Enemies/HeinMach/Humanoids/Archer/Animations/Playback/A_EN_PLAY_CA_M_EmpBow_FastShoot_Shoot_be60adab,DirectOriginalTimeline,BBQ/Content/_Kazan_/Art/Character/CHA_Model/Monster_Human/Adult/Adult_M/Animation/EmpireBow/Weapon/CA_M_EmpBow_FastShoot_Shoot,30/1,76,2.5,1.0,SourceSequence
Archer,/Game/_Art/Enemies/HeinMach/Humanoids/Archer/Animations/Playback/A_EN_PLAY_CA_M_EmpBow_FootSword_9ef9fa34,DirectOriginalTimeline,BBQ/Content/_Kazan_/Art/Character/CHA_Model/Monster_Human/Adult/Adult_M/Animation/EmpireBow/Weapon/CA_M_EmpBow_FootSword,30/1,31,1.0,1.0,SourceSequence
Archer,/Game/_Art/Enemies/HeinMach/Humanoids/Archer/Animations/Playback/A_EN_PLAY_CA_M_EmpBow_Getup_B_3c363008,DirectOriginalTimeline,BBQ/Content/_Kazan_/Art/Character/CHA_Model/Monster_Human/Adult/Adult_M/Animation/EmpireBow/Weapon/CA_M_EmpBow_Getup_B,30/1,38,1.2333333492279053,1.0,SourceSequence
Archer,/Game/_Art/Enemies/HeinMach/Humanoids/Archer/Animations/Playback/A_EN_PLAY_CA_M_EmpBow_Getup_F_c6f6729e,DirectOriginalTimeline,BBQ/Content/_Kazan_/Art/Character/CHA_Model/Monster_Human/Adult/Adult_M/Animation/EmpireBow/Weapon/CA_M_EmpBow_Getup_F,30/1,40,1.2999999523162842,1.0,SourceSequence
Archer,/Game/_Art/Enemies/HeinMach/Humanoids/Archer/Animations/Playback/A_EN_PLAY_CA_M_EmpBow_LockOnWalk_B,DirectOriginalTimeline,BBQ/Content/_Kazan_/Art/Character/CHA_Model/Monster_Human/Adult/Adult_M/Animation/EmpireBow/CA_M_EmpBow_LockOnWalk_B,30/1,31,1.0,1.0,SourceSequence
Archer,/Game/_Art/Enemies/HeinMach/Humanoids/Archer/Animations/Playback/A_EN_PLAY_CA_M_EmpBow_LockOnWalk_B_Bellerian,DirectOriginalTimeline,BBQ/Content/_Kazan_/Art/Character/CHA_Model/Monster_Human/Adult/Adult_M/Animation/EmpireBow/CA_M_EmpBow_LockOnWalk_B_Bellerian,30/1,31,1.0,1.0,SourceSequence
Archer,/Game/_Art/Enemies/HeinMach/Humanoids/Archer/Animations/Playback/A_EN_PLAY_CA_M_EmpBow_LockOnWalk_F,DirectOriginalTimeline,BBQ/Content/_Kazan_/Art/Character/CHA_Model/Monster_Human/Adult/Adult_M/Animation/EmpireBow/CA_M_EmpBow_LockOnWalk_F,30/1,31,1.0,1.0,SourceSequence
Archer,/Game/_Art/Enemies/HeinMach/Humanoids/Archer/Animations/Playback/A_EN_PLAY_CA_M_EmpBow_LockOnWalk_F_Bellerian,DirectOriginalTimeline,BBQ/Content/_Kazan_/Art/Character/CHA_Model/Monster_Human/Adult/Adult_M/Animation/EmpireBow/CA_M_EmpBow_LockOnWalk_F_Bellerian,30/1,31,1.0,1.0,SourceSequence
Archer,/Game/_Art/Enemies/HeinMach/Humanoids/Archer/Animations/Playback/A_EN_PLAY_CA_M_EmpBow_LockOnWalk_L,DirectOriginalTimeline,BBQ/Content/_Kazan_/Art/Character/CHA_Model/Monster_Human/Adult/Adult_M/Animation/EmpireBow/CA_M_EmpBow_LockOnWalk_L,30/1,31,1.0,1.0,SourceSequence
Archer,/Game/_Art/Enemies/HeinMach/Humanoids/Archer/Animations/Playback/A_EN_PLAY_CA_M_EmpBow_LockOnWalk_L_Bellerian,DirectOriginalTimeline,BBQ/Content/_Kazan_/Art/Character/CHA_Model/Monster_Human/Adult/Adult_M/Animation/EmpireBow/CA_M_EmpBow_LockOnWalk_L_Bellerian,30/1,31,1.0,1.0,SourceSequence
Archer,/Game/_Art/Enemies/HeinMach/Humanoids/Archer/Animations/Playback/A_EN_PLAY_CA_M_EmpBow_LockOnWalk_R,DirectOriginalTimeline,BBQ/Content/_Kazan_/Art/Character/CHA_Model/Monster_Human/Adult/Adult_M/Animation/EmpireBow/CA_M_EmpBow_LockOnWalk_R,30/1,31,1.0,1.0,SourceSequence
Archer,/Game/_Art/Enemies/HeinMach/Humanoids/Archer/Animations/Playback/A_EN_PLAY_CA_M_EmpBow_LockOnWalk_R_Bellerian,DirectOriginalTimeline,BBQ/Content/_Kazan_/Art/Character/CHA_Model/Monster_Human/Adult/Adult_M/Animation/EmpireBow/CA_M_EmpBow_LockOnWalk_R_Bellerian,30/1,31,1.0,1.0,SourceSequence
Archer,/Game/_Art/Enemies/HeinMach/Humanoids/Archer/Animations/Playback/A_EN_PLAY_CA_M_EmpBow_NoBattleChairSit_End_01_ca08d3cc,DirectOriginalTimeline,BBQ/Content/_Kazan_/Art/Character/CHA_Model/Monster_Human/Adult/Adult_M/Animation/EmpireBow/Weapon/CA_M_EmpBow_NoBattleChairSit_End_01,30/1,61,2.0,1.0,SourceSequence
Archer,/Game/_Art/Enemies/HeinMach/Humanoids/Archer/Animations/Playback/A_EN_PLAY_CA_M_EmpBow_NoBattleGuard_End_01_20c24284,DirectOriginalTimeline,BBQ/Content/_Kazan_/Art/Character/CHA_Model/Monster_Human/Adult/Adult_M/Animation/EmpireBow/Weapon/CA_M_EmpBow_NoBattleGuard_End_01,30/1,36,1.1666666269302368,1.0,SourceSequence
Archer,/Game/_Art/Enemies/HeinMach/Humanoids/Archer/Animations/Playback/A_EN_PLAY_CA_M_EmpBow_NoBattleGuard_Loop_01_c2faf1c2,DirectOriginalTimeline,BBQ/Content/_Kazan_/Art/Character/CHA_Model/Monster_Human/Adult/Adult_M/Animation/EmpireBow/Weapon/CA_M_EmpBow_NoBattleGuard_Loop_01,30/1,424,14.100000381469727,1.0,SourceSequence
Archer,/Game/_Art/Enemies/HeinMach/Humanoids/Archer/Animations/Playback/A_EN_PLAY_CA_M_EmpBow_NoBattleSearch_End_02,DirectOriginalTimeline,BBQ/Content/_Kazan_/Art/Character/CHA_Model/Monster_Human/Adult/Adult_M/Animation/EmpireBow/CA_M_EmpBow_NoBattleSearch_End_02,30/1,49,1.600000023841858,1.0,SourceSequence
Archer,/Game/_Art/Enemies/HeinMach/Humanoids/Archer/Animations/Playback/A_EN_PLAY_CA_M_EmpBow_NoBattleSearch_End_02_f8cbe71d,DirectOriginalTimeline,BBQ/Content/_Kazan_/Art/Character/CHA_Model/Monster_Human/Adult/Adult_M/Animation/EmpireBow/Weapon/CA_M_EmpBow_NoBattleSearch_End_02,30/1,49,1.600000023841858,1.0,SourceSequence
Archer,/Game/_Art/Enemies/HeinMach/Humanoids/Archer/Animations/Playback/A_EN_PLAY_CA_M_EmpBow_NoBattleSit_End_01_7d6cda73,DirectOriginalTimeline,BBQ/Content/_Kazan_/Art/Character/CHA_Model/Monster_Human/Adult/Adult_M/Animation/EmpireBow/Weapon/CA_M_EmpBow_NoBattleSit_End_01,30/1,76,2.5,1.0,SourceSequence
Archer,/Game/_Art/Enemies/HeinMach/Humanoids/Archer/Animations/Playback/A_EN_PLAY_CA_M_EmpBow_NoBattleTalk_End_01_bcb959f4,DirectOriginalTimeline,BBQ/Content/_Kazan_/Art/Character/CHA_Model/Monster_Human/Adult/Adult_M/Animation/EmpireBow/Weapon/CA_M_EmpBow_NoBattleTalk_End_01,30/1,69,2.2666666507720947,1.0,SourceSequence
Archer,/Game/_Art/Enemies/HeinMach/Humanoids/Archer/Animations/Playback/A_EN_PLAY_CA_M_EmpBow_NoBattle_Basic_End_01_6d8a70f5,DirectOriginalTimeline,BBQ/Content/_Kazan_/Art/Character/CHA_Model/Monster_Human/Adult/Adult_M/Animation/EmpireBow/Weapon/CA_M_EmpBow_NoBattle_Basic_End_01,30/1,43,1.399999976158142,1.0,SourceSequence
Archer,/Game/_Art/Enemies/HeinMach/Humanoids/Archer/Animations/Playback/A_EN_PLAY_CA_M_EmpBow_NoBattle_Basic_Loop_01_72e4aa0f,DirectOriginalTimeline,BBQ/Content/_Kazan_/Art/Character/CHA_Model/Monster_Human/Adult/Adult_M/Animation/EmpireBow/Weapon/CA_M_EmpBow_NoBattle_Basic_Loop_01,30/1,501,16.66666603088379,1.0,SourceSequence
Archer,/Game/_Art/Enemies/HeinMach/Humanoids/Archer/Animations/Playback/A_EN_PLAY_CA_M_EmpBow_Run_F,DirectOriginalTimeline,BBQ/Content/_Kazan_/Art/Character/CHA_Model/Monster_Human/Adult/Adult_M/Animation/EmpireBow/CA_M_EmpBow_Run_F,30/1,23,0.7333333492279053,1.0,SourceSequence
Archer,/Game/_Art/Enemies/HeinMach/Humanoids/Archer/Animations/Playback/A_EN_PLAY_CA_M_EmpBow_Run_F_Bellerian,DirectOriginalTimeline,BBQ/Content/_Kazan_/Art/Character/CHA_Model/Monster_Human/Adult/Adult_M/Animation/EmpireBow/CA_M_EmpBow_Run_F_Bellerian,30/1,23,0.7333333492279053,1.0,SourceSequence
Archer,/Game/_Art/Enemies/HeinMach/Humanoids/Archer/Animations/Playback/A_EN_PLAY_CA_M_EmpBow_Run_Peace_F,DirectOriginalTimeline,BBQ/Content/_Kazan_/Art/Character/CHA_Model/Monster_Human/Adult/Adult_M/Animation/EmpireBow/CA_M_EmpBow_Run_Peace_F,30/1,21,0.6666666865348816,1.0,SourceSequence
Archer,/Game/_Art/Enemies/HeinMach/Humanoids/Archer/Animations/Playback/A_EN_PLAY_CA_M_EmpBow_Stand_F,DirectOriginalTimeline,BBQ/Content/_Kazan_/Art/Character/CHA_Model/Monster_Human/Adult/Adult_M/Animation/EmpireBow/CA_M_EmpBow_Stand_F,30/1,49,1.600000023841858,1.0,SourceSequence
Archer,/Game/_Art/Enemies/HeinMach/Humanoids/Archer/Animations/Playback/A_EN_PLAY_CA_M_EmpBow_Stand_F_b1c41e36,DirectOriginalTimeline,BBQ/Content/_Kazan_/Art/Character/CHA_Model/Monster_Human/Adult/Adult_M/Animation/EmpireBow/Weapon/CA_M_EmpBow_Stand_F,30/1,91,3.0,1.0,SourceSequence
Archer,/Game/_Art/Enemies/HeinMach/Humanoids/Archer/Animations/Playback/A_EN_PLAY_CA_M_EmpBow_Stand_Peace_F,DirectOriginalTimeline,BBQ/Content/_Kazan_/Art/Character/CHA_Model/Monster_Human/Adult/Adult_M/Animation/EmpireBow/CA_M_EmpBow_Stand_Peace_F,30/1,71,2.3333332538604736,1.0,SourceSequence
Archer,/Game/_Art/Enemies/HeinMach/Humanoids/Archer/Animations/Playback/A_EN_PLAY_CA_M_EmpBow_Stand_Peace_F_dc5a01d8,DirectOriginalTimeline,BBQ/Content/_Kazan_/Art/Character/CHA_Model/Monster_Human/Adult/Adult_M/Animation/EmpireBow/Weapon/CA_M_EmpBow_Stand_Peace_F,30/1,71,2.3333332538604736,1.0,SourceSequence
Archer,/Game/_Art/Enemies/HeinMach/Humanoids/Archer/Animations/Playback/A_EN_PLAY_CA_M_EmpBow_TurnKick_Attack_70cda1c4,DirectOriginalTimeline,BBQ/Content/_Kazan_/Art/Character/CHA_Model/Monster_Human/Adult/Adult_M/Animation/EmpireBow/Weapon/CA_M_EmpBow_TurnKick_Attack,30/1,37,1.2000000476837158,1.0,SourceSequence
Archer,/Game/_Art/Enemies/HeinMach/Humanoids/Archer/Animations/Playback/A_EN_PLAY_CA_M_EmpBow_TurnKick_Move_c54401a0,DirectOriginalTimeline,BBQ/Content/_Kazan_/Art/Character/CHA_Model/Monster_Human/Adult/Adult_M/Animation/EmpireBow/Weapon/CA_M_EmpBow_TurnKick_Move,30/1,17,0.5333333611488342,1.0,SourceSequence
Archer,/Game/_Art/Enemies/HeinMach/Humanoids/Archer/Animations/Playback/A_EN_PLAY_CA_M_EmpBow_Turn_R,DirectOriginalTimeline,BBQ/Content/_Kazan_/Art/Character/CHA_Model/Monster_Human/Adult/Adult_M/Animation/EmpireBow/CA_M_EmpBow_Turn_R,30/1,31,1.0,1.0,SourceSequence
Archer,/Game/_Art/Enemies/HeinMach/Humanoids/Archer/Animations/Playback/A_EN_PLAY_CA_M_EmpBow_Walk_F,DirectOriginalTimeline,BBQ/Content/_Kazan_/Art/Character/CHA_Model/Monster_Human/Adult/Adult_M/Animation/EmpireBow/CA_M_EmpBow_Walk_F,30/1,31,1.0,1.0,SourceSequence
Archer,/Game/_Art/Enemies/HeinMach/Humanoids/Archer/Animations/Playback/A_EN_PLAY_CA_M_EmpBow_Walk_F_Bellerian,DirectOriginalTimeline,BBQ/Content/_Kazan_/Art/Character/CHA_Model/Monster_Human/Adult/Adult_M/Animation/EmpireBow/CA_M_EmpBow_Walk_F_Bellerian,30/1,31,1.0,1.0,SourceSequence
Archer,/Game/_Art/Enemies/HeinMach/Humanoids/Archer/Animations/Playback/A_EN_PLAY_CA_M_EmpBow_Walk_Peace_F,DirectOriginalTimeline,BBQ/Content/_Kazan_/Art/Character/CHA_Model/Monster_Human/Adult/Adult_M/Animation/EmpireBow/CA_M_EmpBow_Walk_Peace_F,30/1,33,1.0666667222976685,1.0,SourceSequence
HalberdElite,/Game/_Art/Enemies/HeinMach/Humanoids/HalberdElite/Animations/Playback/A_EN_PLAY_AC_EmpireHalberd_Basic_End_01,CompositeBake,BBQ/Content/_Kazan_/Design/Monster/Human/Empire/EmpireHalberd_E/Moving/Reaction/AC_EmpireHalberd_Basic_End_01,30/1,66,2.1666667461395264,1.0,PlaybackClip
HalberdElite,/Game/_Art/Enemies/HeinMach/Humanoids/HalberdElite/Animations/Playback/A_EN_PLAY_AC_EmpireHalberd_Basic_End_02,CompositeBake,BBQ/Content/_Kazan_/Design/Monster/Human/Empire/EmpireHalberd_E/Moving/Reaction/AC_EmpireHalberd_Basic_End_02,30/1,80,2.633333444595337,1.0,PlaybackClip
HalberdElite,/Game/_Art/Enemies/HeinMach/Humanoids/HalberdElite/Animations/Playback/A_EN_PLAY_AC_EmpireHalberd_Basic_Guard_End_01,CompositeBake,BBQ/Content/_Kazan_/Design/Monster/Human/Empire/EmpireHalberd_E/Moving/Reaction/AC_EmpireHalberd_Basic_Guard_End_01,30/1,66,2.1666667461395264,1.0,PlaybackClip
HalberdElite,/Game/_Art/Enemies/HeinMach/Humanoids/HalberdElite/Animations/Playback/A_EN_PLAY_AC_EmpireHalberd_Basic_Guard_Loop_01,CompositeBake,BBQ/Content/_Kazan_/Design/Monster/Human/Empire/EmpireHalberd_E/Moving/Reaction/AC_EmpireHalberd_Basic_Guard_Loop_01,30/1,371,12.333333015441895,1.0,PlaybackClip
HalberdElite,/Game/_Art/Enemies/HeinMach/Humanoids/HalberdElite/Animations/Playback/A_EN_PLAY_AC_EmpireHalberd_Basic_Loop_01,CompositeBake,BBQ/Content/_Kazan_/Design/Monster/Human/Empire/EmpireHalberd_E/Moving/Reaction/AC_EmpireHalberd_Basic_Loop_01,30/1,131,4.333333492279053,1.0,PlaybackClip
HalberdElite,/Game/_Art/Enemies/HeinMach/Humanoids/HalberdElite/Animations/Playback/A_EN_PLAY_AC_EmpireHalberd_Basic_Loop_02,CompositeBake,BBQ/Content/_Kazan_/Design/Monster/Human/Empire/EmpireHalberd_E/Moving/Reaction/AC_EmpireHalberd_Basic_Loop_02,30/1,147,4.866666793823242,1.0,PlaybackClip
HalberdElite,/Game/_Art/Enemies/HeinMach/Humanoids/HalberdElite/Animations/Playback/A_EN_PLAY_AC_EmpireHalberd_Basic_Search_End_01,CompositeBake,BBQ/Content/_Kazan_/Design/Monster/Human/Empire/EmpireHalberd_E/Moving/Reaction/AC_EmpireHalberd_Basic_Search_End_01,30/1,111,3.6666667461395264,1.0,PlaybackClip
HalberdElite,/Game/_Art/Enemies/HeinMach/Humanoids/HalberdElite/Animations/Playback/A_EN_PLAY_AC_EmpireHalberd_Basic_Search_Loop_01,CompositeBake,BBQ/Content/_Kazan_/Design/Monster/Human/Empire/EmpireHalberd_E/Moving/Reaction/AC_EmpireHalberd_Basic_Search_Loop_01,30/1,261,8.666666984558105,1.0,PlaybackClip
HalberdElite,/Game/_Art/Enemies/HeinMach/Humanoids/HalberdElite/Animations/Playback/A_EN_PLAY_AC_EmpireHalberd_Basic_Talk_End_01,CompositeBake,BBQ/Content/_Kazan_/Design/Monster/Human/Empire/EmpireHalberd_E/Moving/Reaction/AC_EmpireHalberd_Basic_Talk_End_01,30/1,66,2.1666667461395264,1.0,PlaybackClip
HalberdElite,/Game/_Art/Enemies/HeinMach/Humanoids/HalberdElite/Animations/Playback/A_EN_PLAY_AC_EmpireHalberd_Basic_Talk_End_02,CompositeBake,BBQ/Content/_Kazan_/Design/Monster/Human/Empire/EmpireHalberd_E/Moving/Reaction/AC_EmpireHalberd_Basic_Talk_End_02,30/1,49,1.600000023841858,1.0,PlaybackClip
HalberdElite,/Game/_Art/Enemies/HeinMach/Humanoids/HalberdElite/Animations/Playback/A_EN_PLAY_AC_EmpireHalberd_Basic_Talk_Loop_01,CompositeBake,BBQ/Content/_Kazan_/Design/Monster/Human/Empire/EmpireHalberd_E/Moving/Reaction/AC_EmpireHalberd_Basic_Talk_Loop_01,30/1,191,6.333333492279053,1.0,PlaybackClip
HalberdElite,/Game/_Art/Enemies/HeinMach/Humanoids/HalberdElite/Animations/Playback/A_EN_PLAY_AC_EmpireHalberd_Basic_Talk_Loop_02,CompositeBake,BBQ/Content/_Kazan_/Design/Monster/Human/Empire/EmpireHalberd_E/Moving/Reaction/AC_EmpireHalberd_Basic_Talk_Loop_02,30/1,115,3.799999952316284,1.0,PlaybackClip
HalberdElite,/Game/_Art/Enemies/HeinMach/Humanoids/HalberdElite/Animations/Playback/A_EN_PLAY_AC_EmpireHalberd_DamageGrapple_Atk_B_01,CompositeBake,BBQ/Content/_Kazan_/Design/Monster/Human/Empire/EmpireHalberd_E/Moving/Reaction/AC_EmpireHalberd_DamageGrapple_Atk_B_01,30/1,41,1.3333333730697632,1.0,PlaybackClip
HalberdElite,/Game/_Art/Enemies/HeinMach/Humanoids/HalberdElite/Animations/Playback/A_EN_PLAY_AC_EmpireHalberd_DamageGrapple_Atk_B_02,CompositeBake,BBQ/Content/_Kazan_/Design/Monster/Human/Empire/EmpireHalberd_E/Moving/Reaction/AC_EmpireHalberd_DamageGrapple_Atk_B_02,30/1,76,2.5,1.0,PlaybackClip
HalberdElite,/Game/_Art/Enemies/HeinMach/Humanoids/HalberdElite/Animations/Playback/A_EN_PLAY_AC_EmpireHalberd_E_BackDashCounter_Atk,CompositeBake,BBQ/Content/_Kazan_/Design/Monster/Human/Empire/EmpireHalberd_E/Skill/BackDashCounter/AC_EmpireHalberd_E_BackDashCounter_Atk,4681822/78007,240,3.98214054107666,1.0,PlaybackClip
HalberdElite,/Game/_Art/Enemies/HeinMach/Humanoids/HalberdElite/Animations/Playback/A_EN_PLAY_AC_EmpireHalberd_E_BackDashCounter_Parried,CompositeBake,BBQ/Content/_Kazan_/Design/Monster/Human/Empire/EmpireHalberd_E/Skill/BackDashCounter/AC_EmpireHalberd_E_BackDashCounter_Parried,4000/133,41,1.3300000429153442,1.0,PlaybackClip
HalberdElite,/Game/_Art/Enemies/HeinMach/Humanoids/HalberdElite/Animations/Playback/A_EN_PLAY_AC_EmpireHalberd_E_BackDashCounter_Start,CompositeBake,BBQ/Content/_Kazan_/Design/Monster/Human/Empire/EmpireHalberd_E/Skill/BackDashCounter/AC_EmpireHalberd_E_BackDashCounter_Start,5447242/91113,53,0.8697751760482788,1.0,PlaybackClip
HalberdElite,/Game/_Art/Enemies/HeinMach/Humanoids/HalberdElite/Animations/Playback/A_EN_PLAY_AC_EmpireHalberd_E_ChargeAttack_End,CompositeBake,BBQ/Content/_Kazan_/Design/Monster/Human/Empire/EmpireHalberd_E/Skill/ChargeAttack/AC_EmpireHalberd_E_ChargeAttack_End,3759023/62750,197,3.2718608379364014,1.0,PlaybackClip
HalberdElite,/Game/_Art/Enemies/HeinMach/Humanoids/HalberdElite/Animations/Playback/A_EN_PLAY_AC_EmpireHalberd_E_ChargeAttack_End_New,CompositeBake,BBQ/Content/_Kazan_/Design/Monster/Human/Empire/EmpireHalberd_E/Skill/ChargeAttack/AC_EmpireHalberd_E_ChargeAttack_End_New,4324897/72051,209,3.4651942253112793,1.0,PlaybackClip
HalberdElite,/Game/_Art/Enemies/HeinMach/Humanoids/HalberdElite/Animations/Playback/A_EN_PLAY_AC_EmpireHalberd_E_ChargeAttack_Loop,CompositeBake,BBQ/Content/_Kazan_/Design/Monster/Human/Empire/EmpireHalberd_E/Skill/ChargeAttack/AC_EmpireHalberd_E_ChargeAttack_Loop,847912/14091,64,1.0469635725021362,1.0,PlaybackClip
HalberdElite,/Game/_Art/Enemies/HeinMach/Humanoids/HalberdElite/Animations/Playback/A_EN_PLAY_AC_EmpireHalberd_E_ChargeAttack_Start,CompositeBake,BBQ/Content/_Kazan_/Design/Monster/Human/Empire/EmpireHalberd_E/Skill/ChargeAttack/AC_EmpireHalberd_E_ChargeAttack_Start,5891570/98563,88,1.4554661512374878,1.0,PlaybackClip
HalberdElite,/Game/_Art/Enemies/HeinMach/Humanoids/HalberdElite/Animations/Playback/A_EN_PLAY_AC_EmpireHalberd_E_ChargeAttack_Start_Fast,CompositeBake,BBQ/Content/_Kazan_/Design/Monster/Human/Empire/EmpireHalberd_E/Skill/ChargeAttack/AC_EmpireHalberd_E_ChargeAttack_Start_Fast,5734703/96342,43,0.7055925726890564,1.0,PlaybackClip
HalberdElite,/Game/_Art/Enemies/HeinMach/Humanoids/HalberdElite/Animations/Playback/A_EN_PLAY_AC_EmpireHalberd_E_DamFinalblow,CompositeBake,BBQ/Content/_Kazan_/Design/Monster/Human/Empire/EmpireHalberd_E/Moving/Reaction/AC_EmpireHalberd_E_DamFinalblow,30/1,181,6.0,1.0,PlaybackClip
HalberdElite,/Game/_Art/Enemies/HeinMach/Humanoids/HalberdElite/Animations/Playback/A_EN_PLAY_AC_EmpireHalberd_E_DamageAir_B_Down,CompositeBake,BBQ/Content/_Kazan_/Design/Monster/Human/Empire/EmpireHalberd_E/Moving/Reaction/AC_EmpireHalberd_E_DamageAir_B_Down,5000/167,6,0.16699999570846558,1.0,PlaybackClip
HalberdElite,/Game/_Art/Enemies/HeinMach/Humanoids/HalberdElite/Animations/Playback/A_EN_PLAY_AC_EmpireHalberd_E_DamageAir_B_Land,CompositeBake,BBQ/Content/_Kazan_/Design/Monster/Human/Empire/EmpireHalberd_E/Moving/Reaction/AC_EmpireHalberd_E_DamageAir_B_Land,2534333/84387,28,0.8990330100059509,1.0,PlaybackClip
HalberdElite,/Game/_Art/Enemies/HeinMach/Humanoids/HalberdElite/Animations/Playback/A_EN_PLAY_AC_EmpireHalberd_E_DamageAir_B_Peak,CompositeBake,BBQ/Content/_Kazan_/Design/Monster/Human/Empire/EmpireHalberd_E/Moving/Reaction/AC_EmpireHalberd_E_DamageAir_B_Peak,30/1,4,0.10000000149011612,1.0,PlaybackClip
HalberdElite,/Game/_Art/Enemies/HeinMach/Humanoids/HalberdElite/Animations/Playback/A_EN_PLAY_AC_EmpireHalberd_E_DamageAir_B_Up,CompositeBake,BBQ/Content/_Kazan_/Design/Monster/Human/Empire/EmpireHalberd_E/Moving/Reaction/AC_EmpireHalberd_E_DamageAir_B_Up,5000/167,6,0.16699999570846558,1.0,PlaybackClip
HalberdElite,/Game/_Art/Enemies/HeinMach/Humanoids/HalberdElite/Animations/Playback/A_EN_PLAY_AC_EmpireHalberd_E_DamageAir_F_Down,CompositeBake,BBQ/Content/_Kazan_/Design/Monster/Human/Empire/EmpireHalberd_E/Moving/Reaction/AC_EmpireHalberd_E_DamageAir_F_Down,5000/167,6,0.16699999570846558,1.0,PlaybackClip
HalberdElite,/Game/_Art/Enemies/HeinMach/Humanoids/HalberdElite/Animations/Playback/A_EN_PLAY_AC_EmpireHalberd_E_DamageAir_F_Land,CompositeBake,BBQ/Content/_Kazan_/Design/Monster/Human/Empire/EmpireHalberd_E/Moving/Reaction/AC_EmpireHalberd_E_DamageAir_F_Land,2000869/66624,28,0.8990333676338196,1.0,PlaybackClip
HalberdElite,/Game/_Art/Enemies/HeinMach/Humanoids/HalberdElite/Animations/Playback/A_EN_PLAY_AC_EmpireHalberd_E_DamageAir_F_Peak,CompositeBake,BBQ/Content/_Kazan_/Design/Monster/Human/Empire/EmpireHalberd_E/Moving/Reaction/AC_EmpireHalberd_E_DamageAir_F_Peak,30/1,4,0.10000000149011612,1.0,PlaybackClip
HalberdElite,/Game/_Art/Enemies/HeinMach/Humanoids/HalberdElite/Animations/Playback/A_EN_PLAY_AC_EmpireHalberd_E_DamageAir_F_Up,CompositeBake,BBQ/Content/_Kazan_/Design/Monster/Human/Empire/EmpireHalberd_E/Moving/Reaction/AC_EmpireHalberd_E_DamageAir_F_Up,5000/167,6,0.16699999570846558,1.0,PlaybackClip
HalberdElite,/Game/_Art/Enemies/HeinMach/Humanoids/HalberdElite/Animations/Playback/A_EN_PLAY_AC_EmpireHalberd_E_DamageFinalBlow,CompositeBake,BBQ/Content/_Kazan_/Design/Monster/Human/Empire/EmpireHalberd_E/Moving/Reaction/AC_EmpireHalberd_E_DamageFinalBlow,30/1,37,1.2000000476837158,1.0,PlaybackClip
HalberdElite,/Game/_Art/Enemies/HeinMach/Humanoids/HalberdElite/Animations/Playback/A_EN_PLAY_AC_EmpireHalberd_E_DamageGrapple_Atk_01,CompositeBake,BBQ/Content/_Kazan_/Design/Monster/Human/Empire/EmpireHalberd_E/Moving/Reaction/AC_EmpireHalberd_E_DamageGrapple_Atk_01,30/1,46,1.5,1.0,PlaybackClip
HalberdElite,/Game/_Art/Enemies/HeinMach/Humanoids/HalberdElite/Animations/Playback/A_EN_PLAY_AC_EmpireHalberd_E_DamageGrapple_Atk_02,CompositeBake,BBQ/Content/_Kazan_/Design/Monster/Human/Empire/EmpireHalberd_E/Moving/Reaction/AC_EmpireHalberd_E_DamageGrapple_Atk_02,30/1,37,1.2000000476837158,1.0,PlaybackClip
HalberdElite,/Game/_Art/Enemies/HeinMach/Humanoids/HalberdElite/Animations/Playback/A_EN_PLAY_AC_EmpireHalberd_E_DamageNormal_D_B,CompositeBake,BBQ/Content/_Kazan_/Design/Monster/Human/Empire/EmpireHalberd_E/Moving/Reaction/AC_EmpireHalberd_E_DamageNormal_D_B,5653885/93943,67,1.0966331958770752,1.0,PlaybackClip
HalberdElite,/Game/_Art/Enemies/HeinMach/Humanoids/HalberdElite/Animations/Playback/A_EN_PLAY_AC_EmpireHalberd_E_DamageNormal_D_F,CompositeBake,BBQ/Content/_Kazan_/Design/Monster/Human/Empire/EmpireHalberd_E/Moving/Reaction/AC_EmpireHalberd_E_DamageNormal_D_F,30/1,24,0.7666666507720947,1.0,PlaybackClip
HalberdElite,/Game/_Art/Enemies/HeinMach/Humanoids/HalberdElite/Animations/Playback/A_EN_PLAY_AC_EmpireHalberd_E_DamageNormal_L_F,CompositeBake,BBQ/Content/_Kazan_/Design/Monster/Human/Empire/EmpireHalberd_E/Moving/Reaction/AC_EmpireHalberd_E_DamageNormal_L_F,30/1,24,0.7666666507720947,1.0,PlaybackClip
HalberdElite,/Game/_Art/Enemies/HeinMach/Humanoids/HalberdElite/Animations/Playback/A_EN_PLAY_AC_EmpireHalberd_E_DamageNormal_R_F,CompositeBake,BBQ/Content/_Kazan_/Design/Monster/Human/Empire/EmpireHalberd_E/Moving/Reaction/AC_EmpireHalberd_E_DamageNormal_R_F,30/1,24,0.7666666507720947,1.0,PlaybackClip
HalberdElite,/Game/_Art/Enemies/HeinMach/Humanoids/HalberdElite/Animations/Playback/A_EN_PLAY_AC_EmpireHalberd_E_DamageNormal_U_B,CompositeBake,BBQ/Content/_Kazan_/Design/Monster/Human/Empire/EmpireHalberd_E/Moving/Reaction/AC_EmpireHalberd_E_DamageNormal_U_B,5653885/93943,67,1.0966331958770752,1.0,PlaybackClip
HalberdElite,/Game/_Art/Enemies/HeinMach/Humanoids/HalberdElite/Animations/Playback/A_EN_PLAY_AC_EmpireHalberd_E_DamageNormal_U_F,CompositeBake,BBQ/Content/_Kazan_/Design/Monster/Human/Empire/EmpireHalberd_E/Moving/Reaction/AC_EmpireHalberd_E_DamageNormal_U_F,30/1,24,0.7666666507720947,1.0,PlaybackClip
HalberdElite,/Game/_Art/Enemies/HeinMach/Humanoids/HalberdElite/Animations/Playback/A_EN_PLAY_AC_EmpireHalberd_E_DamageParry_F,CompositeBake,BBQ/Content/_Kazan_/Design/Monster/Human/Empire/EmpireHalberd_E/Moving/Reaction/AC_EmpireHalberd_E_DamageParry_F,30/1,46,1.5,1.0,PlaybackClip
HalberdElite,/Game/_Art/Enemies/HeinMach/Humanoids/HalberdElite/Animations/Playback/A_EN_PLAY_AC_EmpireHalberd_E_DamageStrong_D_F,CompositeBake,BBQ/Content/_Kazan_/Design/Monster/Human/Empire/EmpireHalberd_E/Moving/Reaction/AC_EmpireHalberd_E_DamageStrong_D_F,30/1,34,1.100000023841858,1.0,PlaybackClip
HalberdElite,/Game/_Art/Enemies/HeinMach/Humanoids/HalberdElite/Animations/Playback/A_EN_PLAY_AC_EmpireHalberd_E_DamageStrong_D_F_2,CompositeBake,BBQ/Content/_Kazan_/Design/Monster/Human/Empire/EmpireHalberd_E/Moving/Reaction/AC_EmpireHalberd_E_DamageStrong_D_F_2,30/1,34,1.100000023841858,1.0,PlaybackClip
HalberdElite,/Game/_Art/Enemies/HeinMach/Humanoids/HalberdElite/Animations/Playback/A_EN_PLAY_AC_EmpireHalberd_E_DamageStrong_L_F,CompositeBake,BBQ/Content/_Kazan_/Design/Monster/Human/Empire/EmpireHalberd_E/Moving/Reaction/AC_EmpireHalberd_E_DamageStrong_L_F,30/1,34,1.100000023841858,1.0,PlaybackClip
HalberdElite,/Game/_Art/Enemies/HeinMach/Humanoids/HalberdElite/Animations/Playback/A_EN_PLAY_AC_EmpireHalberd_E_DamageStrong_R_F,CompositeBake,BBQ/Content/_Kazan_/Design/Monster/Human/Empire/EmpireHalberd_E/Moving/Reaction/AC_EmpireHalberd_E_DamageStrong_R_F,30/1,34,1.100000023841858,1.0,PlaybackClip
HalberdElite,/Game/_Art/Enemies/HeinMach/Humanoids/HalberdElite/Animations/Playback/A_EN_PLAY_AC_EmpireHalberd_E_DamageStrong_U_F,CompositeBake,BBQ/Content/_Kazan_/Design/Monster/Human/Empire/EmpireHalberd_E/Moving/Reaction/AC_EmpireHalberd_E_DamageStrong_U_F,30/1,34,1.100000023841858,1.0,PlaybackClip
HalberdElite,/Game/_Art/Enemies/HeinMach/Humanoids/HalberdElite/Animations/Playback/A_EN_PLAY_AC_EmpireHalberd_E_DamageWeak_D_F,CompositeBake,BBQ/Content/_Kazan_/Design/Monster/Human/Empire/EmpireHalberd_E/Moving/Reaction/AC_EmpireHalberd_E_DamageWeak_D_F,30/1,13,0.4000000059604645,1.0,PlaybackClip
HalberdElite,/Game/_Art/Enemies/HeinMach/Humanoids/HalberdElite/Animations/Playback/A_EN_PLAY_AC_EmpireHalberd_E_DamageWeak_L_F,CompositeBake,BBQ/Content/_Kazan_/Design/Monster/Human/Empire/EmpireHalberd_E/Moving/Reaction/AC_EmpireHalberd_E_DamageWeak_L_F,30/1,13,0.4000000059604645,1.0,PlaybackClip
HalberdElite,/Game/_Art/Enemies/HeinMach/Humanoids/HalberdElite/Animations/Playback/A_EN_PLAY_AC_EmpireHalberd_E_DamageWeak_R_F,CompositeBake,BBQ/Content/_Kazan_/Design/Monster/Human/Empire/EmpireHalberd_E/Moving/Reaction/AC_EmpireHalberd_E_DamageWeak_R_F,30/1,13,0.4000000059604645,1.0,PlaybackClip
HalberdElite,/Game/_Art/Enemies/HeinMach/Humanoids/HalberdElite/Animations/Playback/A_EN_PLAY_AC_EmpireHalberd_E_DamageWeak_U_F,CompositeBake,BBQ/Content/_Kazan_/Design/Monster/Human/Empire/EmpireHalberd_E/Moving/Reaction/AC_EmpireHalberd_E_DamageWeak_U_F,30/1,13,0.4000000059604645,1.0,PlaybackClip
HalberdElite,/Game/_Art/Enemies/HeinMach/Humanoids/HalberdElite/Animations/Playback/A_EN_PLAY_AC_EmpireHalberd_E_Die_F,CompositeBake,BBQ/Content/_Kazan_/Design/Monster/Human/Empire/EmpireHalberd_E/Moving/Reaction/AC_EmpireHalberd_E_Die_F,30/1,181,6.0,1.0,PlaybackClip
HalberdElite,/Game/_Art/Enemies/HeinMach/Humanoids/HalberdElite/Animations/Playback/A_EN_PLAY_AC_EmpireHalberd_E_Disease,CompositeBake,BBQ/Content/_Kazan_/Design/Monster/Human/Empire/EmpireHalberd_E/Base_Setting/AC_EmpireHalberd_E_Disease,30/1,73,2.4000000953674316,1.0,PlaybackClip
HalberdElite,/Game/_Art/Enemies/HeinMach/Humanoids/HalberdElite/Animations/Playback/A_EN_PLAY_AC_EmpireHalberd_E_DownUpperSlash_01,CompositeBake,BBQ/Content/_Kazan_/Design/Monster/Human/Empire/EmpireHalberd_E/Skill/DownUpperSlash/AC_EmpireHalberd_E_DownUpperSlash_01,442621/7373,187,3.0983121395111084,1.0,PlaybackClip
HalberdElite,/Game/_Art/Enemies/HeinMach/Humanoids/HalberdElite/Animations/Playback/A_EN_PLAY_AC_EmpireHalberd_E_DownUpperSlash_02,CompositeBake,BBQ/Content/_Kazan_/Design/Monster/Human/Empire/EmpireHalberd_E/Skill/DownUpperSlash/AC_EmpireHalberd_E_DownUpperSlash_02,4727051/78503,123,2.026076316833496,1.0,PlaybackClip
HalberdElite,/Game/_Art/Enemies/HeinMach/Humanoids/HalberdElite/Animations/Playback/A_EN_PLAY_AC_EmpireHalberd_E_Down_B_Loop,CompositeBake,BBQ/Content/_Kazan_/Design/Monster/Human/Empire/EmpireHalberd_E/Moving/Reaction/AC_EmpireHalberd_E_Down_B_Loop,30/1,181,6.0,1.0,PlaybackClip
HalberdElite,/Game/_Art/Enemies/HeinMach/Humanoids/HalberdElite/Animations/Playback/A_EN_PLAY_AC_EmpireHalberd_E_Down_F_Loop,CompositeBake,BBQ/Content/_Kazan_/Design/Monster/Human/Empire/EmpireHalberd_E/Moving/Reaction/AC_EmpireHalberd_E_Down_F_Loop,30/1,181,6.0,1.0,PlaybackClip
HalberdElite,/Game/_Art/Enemies/HeinMach/Humanoids/HalberdElite/Animations/Playback/A_EN_PLAY_AC_EmpireHalberd_E_Early_Pierce_01,CompositeBake,BBQ/Content/_Kazan_/Design/Monster/Human/Empire/EmpireHalberd_E/Skill/Pierce/Early/AC_EmpireHalberd_E_Early_Pierce_01,834788/13899,255,4.22903299331665,1.0,PlaybackClip
HalberdElite,/Game/_Art/Enemies/HeinMach/Humanoids/HalberdElite/Animations/Playback/A_EN_PLAY_AC_EmpireHalberd_E_Early_Pierce_02,CompositeBake,BBQ/Content/_Kazan_/Design/Monster/Human/Empire/EmpireHalberd_E/Skill/Pierce/Early/AC_EmpireHalberd_E_Early_Pierce_02,5293252/88399,190,3.156360387802124,1.0,PlaybackClip
HalberdElite,/Game/_Art/Enemies/HeinMach/Humanoids/HalberdElite/Animations/Playback/A_EN_PLAY_AC_EmpireHalberd_E_Early_Push_01,CompositeBake,BBQ/Content/_Kazan_/Design/Monster/Human/Empire/EmpireHalberd_E/Skill/Push/Early/AC_EmpireHalberd_E_Early_Push_01,5110150/84993,112,1.8461734056472778,1.0,PlaybackClip
HalberdElite,/Game/_Art/Enemies/HeinMach/Humanoids/HalberdElite/Animations/Playback/A_EN_PLAY_AC_EmpireHalberd_E_Early_Push_02,CompositeBake,BBQ/Content/_Kazan_/Design/Monster/Human/Empire/EmpireHalberd_E/Skill/Push/Early/AC_EmpireHalberd_E_Early_Push_02,3340194/55655,172,2.8492372035980225,1.0,PlaybackClip
HalberdElite,/Game/_Art/Enemies/HeinMach/Humanoids/HalberdElite/Animations/Playback/A_EN_PLAY_AC_EmpireHalberd_E_Early_SprintSwing_End,CompositeBake,BBQ/Content/_Kazan_/Design/Monster/Human/Empire/EmpireHalberd_E/Skill/SprintSwing/Early/AC_EmpireHalberd_E_Early_SprintSwing_End,2479907/41400,130,2.1535484790802,1.0,PlaybackClip
HalberdElite,/Game/_Art/Enemies/HeinMach/Humanoids/HalberdElite/Animations/Playback/A_EN_PLAY_AC_EmpireHalberd_E_Early_Swing_01,CompositeBake,BBQ/Content/_Kazan_/Design/Monster/Human/Empire/EmpireHalberd_E/Skill/Swing/Early/AC_EmpireHalberd_E_Early_Swing_01,5927875/99016,156,2.589035749435425,1.0,PlaybackClip
HalberdElite,/Game/_Art/Enemies/HeinMach/Humanoids/HalberdElite/Animations/Playback/A_EN_PLAY_AC_EmpireHalberd_E_Early_Swing_02,CompositeBake,BBQ/Content/_Kazan_/Design/Monster/Human/Empire/EmpireHalberd_E/Skill/Swing/Early/AC_EmpireHalberd_E_Early_Swing_02,5730808/95511,230,3.81656813621521,1.0,PlaybackClip
HalberdElite,/Game/_Art/Enemies/HeinMach/Humanoids/HalberdElite/Animations/Playback/A_EN_PLAY_AC_EmpireHalberd_E_Early_Swing_03,CompositeBake,BBQ/Content/_Kazan_/Design/Monster/Human/Empire/EmpireHalberd_E/Skill/Swing/Early/AC_EmpireHalberd_E_Early_Swing_03,3116878/51903,247,4.0964508056640625,1.0,PlaybackClip
HalberdElite,/Game/_Art/Enemies/HeinMach/Humanoids/HalberdElite/Animations/Playback/A_EN_PLAY_AC_EmpireHalberd_E_Getup_B,CompositeBake,BBQ/Content/_Kazan_/Design/Monster/Human/Empire/EmpireHalberd_E/Moving/Reaction/AC_EmpireHalberd_E_Getup_B,30/1,49,1.600000023841858,1.0,PlaybackClip
HalberdElite,/Game/_Art/Enemies/HeinMach/Humanoids/HalberdElite/Animations/Playback/A_EN_PLAY_AC_EmpireHalberd_E_Getup_F,CompositeBake,BBQ/Content/_Kazan_/Design/Monster/Human/Empire/EmpireHalberd_E/Moving/Reaction/AC_EmpireHalberd_E_Getup_F,30/1,43,1.399999976158142,1.0,PlaybackClip
HalberdElite,/Game/_Art/Enemies/HeinMach/Humanoids/HalberdElite/Animations/Playback/A_EN_PLAY_AC_EmpireHalberd_E_Groggy_F_End,CompositeBake,BBQ/Content/_Kazan_/Design/Monster/Human/Empire/EmpireHalberd_E/Moving/Reaction/AC_EmpireHalberd_E_Groggy_F_End,30/1,68,2.2333333492279053,1.0,PlaybackClip
HalberdElite,/Game/_Art/Enemies/HeinMach/Humanoids/HalberdElite/Animations/Playback/A_EN_PLAY_AC_EmpireHalberd_E_Groggy_F_Loop,CompositeBake,BBQ/Content/_Kazan_/Design/Monster/Human/Empire/EmpireHalberd_E/Moving/Reaction/AC_EmpireHalberd_E_Groggy_F_Loop,30/1,66,2.1666667461395264,1.0,PlaybackClip
HalberdElite,/Game/_Art/Enemies/HeinMach/Humanoids/HalberdElite/Animations/Playback/A_EN_PLAY_AC_EmpireHalberd_E_Groggy_F_Start,CompositeBake,BBQ/Content/_Kazan_/Design/Monster/Human/Empire/EmpireHalberd_E/Moving/Reaction/AC_EmpireHalberd_E_Groggy_F_Start,30/1,39,1.2666666507720947,1.0,PlaybackClip
HalberdElite,/Game/_Art/Enemies/HeinMach/Humanoids/HalberdElite/Animations/Playback/A_EN_PLAY_AC_EmpireHalberd_E_GuardCounter_Down,CompositeBake,BBQ/Content/_Kazan_/Design/Monster/Human/Empire/EmpireHalberd_E/Skill/GuardCounter/AC_EmpireHalberd_E_GuardCounter_Down,3188639/53286,121,2.0053446292877197,1.0,PlaybackClip
HalberdElite,/Game/_Art/Enemies/HeinMach/Humanoids/HalberdElite/Animations/Playback/A_EN_PLAY_AC_EmpireHalberd_E_GuardCounter_Failed,CompositeBake,BBQ/Content/_Kazan_/Design/Monster/Human/Empire/EmpireHalberd_E/Skill/GuardCounter/AC_EmpireHalberd_E_GuardCounter_Failed,30/1,30,0.9666666388511658,1.0,PlaybackClip
HalberdElite,/Game/_Art/Enemies/HeinMach/Humanoids/HalberdElite/Animations/Playback/A_EN_PLAY_AC_EmpireHalberd_E_GuardCounter_Loop,CompositeBake,BBQ/Content/_Kazan_/Design/Monster/Human/Empire/EmpireHalberd_E/Skill/GuardCounter/AC_EmpireHalberd_E_GuardCounter_Loop,30/1,16,0.5,1.0,PlaybackClip
HalberdElite,/Game/_Art/Enemies/HeinMach/Humanoids/HalberdElite/Animations/Playback/A_EN_PLAY_AC_EmpireHalberd_E_GuardCounter_Parried,CompositeBake,BBQ/Content/_Kazan_/Design/Monster/Human/Empire/EmpireHalberd_E/Skill/GuardCounter/AC_EmpireHalberd_E_GuardCounter_Parried,30/1,46,1.5,1.0,PlaybackClip
HalberdElite,/Game/_Art/Enemies/HeinMach/Humanoids/HalberdElite/Animations/Playback/A_EN_PLAY_AC_EmpireHalberd_E_GuardCounter_Start,CompositeBake,BBQ/Content/_Kazan_/Design/Monster/Human/Empire/EmpireHalberd_E/Skill/GuardCounter/AC_EmpireHalberd_E_GuardCounter_Start,2697089/45585,15,0.23662178218364716,1.0,PlaybackClip
HalberdElite,/Game/_Art/Enemies/HeinMach/Humanoids/HalberdElite/Animations/Playback/A_EN_PLAY_AC_EmpireHalberd_E_GuardCounter_Upper,CompositeBake,BBQ/Content/_Kazan_/Design/Monster/Human/Empire/EmpireHalberd_E/Skill/GuardCounter/AC_EmpireHalberd_E_GuardCounter_Upper,4989648/83257,162,2.6864373683929443,1.0,PlaybackClip
HalberdElite,/Game/_Art/Enemies/HeinMach/Humanoids/HalberdElite/Animations/Playback/A_EN_PLAY_AC_EmpireHalberd_E_Guard_Brk,CompositeBake,BBQ/Content/_Kazan_/Design/Monster/Human/Empire/EmpireHalberd_E/Skill/Guard/AC_EmpireHalberd_E_Guard_Brk,2700/89,28,0.8899999856948853,1.0,PlaybackClip
HalberdElite,/Game/_Art/Enemies/HeinMach/Humanoids/HalberdElite/Animations/Playback/A_EN_PLAY_AC_EmpireHalberd_E_Guard_Brk_End,CompositeBake,BBQ/Content/_Kazan_/Design/Monster/Human/Empire/EmpireHalberd_E/Skill/Guard/AC_EmpireHalberd_E_Guard_Brk_End,30/1,15,0.46666666865348816,1.0,PlaybackClip
HalberdElite,/Game/_Art/Enemies/HeinMach/Humanoids/HalberdElite/Animations/Playback/A_EN_PLAY_AC_EmpireHalberd_E_Guard_End,CompositeBake,BBQ/Content/_Kazan_/Design/Monster/Human/Empire/EmpireHalberd_E/Skill/Guard/AC_EmpireHalberd_E_Guard_End,30/1,30,0.9666666388511658,1.0,PlaybackClip
HalberdElite,/Game/_Art/Enemies/HeinMach/Humanoids/HalberdElite/Animations/Playback/A_EN_PLAY_AC_EmpireHalberd_E_Guard_Loop,CompositeBake,BBQ/Content/_Kazan_/Design/Monster/Human/Empire/EmpireHalberd_E/Skill/Guard/AC_EmpireHalberd_E_Guard_Loop,30/1,34,1.100000023841858,1.0,PlaybackClip
HalberdElite,/Game/_Art/Enemies/HeinMach/Humanoids/HalberdElite/Animations/Playback/A_EN_PLAY_AC_EmpireHalberd_E_Guard_Start,CompositeBake,BBQ/Content/_Kazan_/Design/Monster/Human/Empire/EmpireHalberd_E/Skill/Guard/AC_EmpireHalberd_E_Guard_Start,30/1,14,0.4333333373069763,1.0,PlaybackClip
HalberdElite,/Game/_Art/Enemies/HeinMach/Humanoids/HalberdElite/Animations/Playback/A_EN_PLAY_AC_EmpireHalberd_E_Guard_Suc,CompositeBake,BBQ/Content/_Kazan_/Design/Monster/Human/Empire/EmpireHalberd_E/Skill/Guard/AC_EmpireHalberd_E_Guard_Suc,30/1,31,1.0,1.0,PlaybackClip
HalberdElite,/Game/_Art/Enemies/HeinMach/Humanoids/HalberdElite/Animations/Playback/A_EN_PLAY_AC_EmpireHalberd_E_Pierce_01,CompositeBake,BBQ/Content/_Kazan_/Design/Monster/Human/Empire/EmpireHalberd_E/Skill/Pierce/AC_EmpireHalberd_E_Pierce_01,834788/13899,255,4.22903299331665,1.0,PlaybackClip
HalberdElite,/Game/_Art/Enemies/HeinMach/Humanoids/HalberdElite/Animations/Playback/A_EN_PLAY_AC_EmpireHalberd_E_Pierce_02,CompositeBake,BBQ/Content/_Kazan_/Design/Monster/Human/Empire/EmpireHalberd_E/Skill/Pierce/AC_EmpireHalberd_E_Pierce_02,5293252/88399,190,3.156360387802124,1.0,PlaybackClip
HalberdElite,/Game/_Art/Enemies/HeinMach/Humanoids/HalberdElite/Animations/Playback/A_EN_PLAY_AC_EmpireHalberd_E_Push_01,CompositeBake,BBQ/Content/_Kazan_/Design/Monster/Human/Empire/EmpireHalberd_E/Skill/Push/AC_EmpireHalberd_E_Push_01,5110150/84993,112,1.8461734056472778,1.0,PlaybackClip
HalberdElite,/Game/_Art/Enemies/HeinMach/Humanoids/HalberdElite/Animations/Playback/A_EN_PLAY_AC_EmpireHalberd_E_Push_02,CompositeBake,BBQ/Content/_Kazan_/Design/Monster/Human/Empire/EmpireHalberd_E/Skill/Push/AC_EmpireHalberd_E_Push_02,3340194/55655,172,2.8492372035980225,1.0,PlaybackClip
HalberdElite,/Game/_Art/Enemies/HeinMach/Humanoids/HalberdElite/Animations/Playback/A_EN_PLAY_AC_EmpireHalberd_E_RoundAttack,CompositeBake,BBQ/Content/_Kazan_/Design/Monster/Human/Empire/EmpireHalberd_E/Skill/RoundAttack/AC_EmpireHalberd_E_RoundAttack,5320789/88818,168,2.787670373916626,1.0,PlaybackClip
HalberdElite,/Game/_Art/Enemies/HeinMach/Humanoids/HalberdElite/Animations/Playback/A_EN_PLAY_AC_EmpireHalberd_E_RoundAttack_Start,CompositeBake,BBQ/Content/_Kazan_/Design/Monster/Human/Empire/EmpireHalberd_E/Skill/RoundAttack/AC_EmpireHalberd_E_RoundAttack_Start,30/1,30,0.9666666388511658,1.0,PlaybackClip
HalberdElite,/Game/_Art/Enemies/HeinMach/Humanoids/HalberdElite/Animations/Playback/A_EN_PLAY_AC_EmpireHalberd_E_Smash_End_New,CompositeBake,BBQ/Content/_Kazan_/Design/Monster/Human/Empire/EmpireHalberd_E/Skill/Smash/AC_EmpireHalberd_E_Smash_End_New,4063711/67910,150,2.48998761177063,1.0,PlaybackClip
HalberdElite,/Game/_Art/Enemies/HeinMach/Humanoids/HalberdElite/Animations/Playback/A_EN_PLAY_AC_EmpireHalberd_E_Smash_Start,CompositeBake,BBQ/Content/_Kazan_/Design/Monster/Human/Empire/EmpireHalberd_E/Skill/Smash/AC_EmpireHalberd_E_Smash_Start,4260003/71000,143,2.3666648864746094,1.0,PlaybackClip
HalberdElite,/Game/_Art/Enemies/HeinMach/Humanoids/HalberdElite/Animations/Playback/A_EN_PLAY_AC_EmpireHalberd_E_SprintSwing_End,CompositeBake,BBQ/Content/_Kazan_/Design/Monster/Human/Empire/EmpireHalberd_E/Skill/SprintSwing/AC_EmpireHalberd_E_SprintSwing_End,2479907/41400,130,2.1535484790802,1.0,PlaybackClip
HalberdElite,/Game/_Art/Enemies/HeinMach/Humanoids/HalberdElite/Animations/Playback/A_EN_PLAY_AC_EmpireHalberd_E_SprintSwing_Loop,CompositeBake,BBQ/Content/_Kazan_/Design/Monster/Human/Empire/EmpireHalberd_E/Skill/SprintSwing/AC_EmpireHalberd_E_SprintSwing_Loop,4517924/75517,35,0.5683092474937439,1.0,PlaybackClip
HalberdElite,/Game/_Art/Enemies/HeinMach/Humanoids/HalberdElite/Animations/Playback/A_EN_PLAY_AC_EmpireHalberd_E_SprintSwing_Start,CompositeBake,BBQ/Content/_Kazan_/Design/Monster/Human/Empire/EmpireHalberd_E/Skill/SprintSwing/AC_EmpireHalberd_E_SprintSwing_Start,799977/13241,30,0.4800000488758087,1.0,PlaybackClip
HalberdElite,/Game/_Art/Enemies/HeinMach/Humanoids/HalberdElite/Animations/Playback/A_EN_PLAY_AC_EmpireHalberd_E_Swing_01_New,CompositeBake,BBQ/Content/_Kazan_/Design/Monster/Human/Empire/EmpireHalberd_E/Skill/Swing/AC_EmpireHalberd_E_Swing_01_New,5927875/99016,156,2.589035749435425,1.0,PlaybackClip
HalberdElite,/Game/_Art/Enemies/HeinMach/Humanoids/HalberdElite/Animations/Playback/A_EN_PLAY_AC_EmpireHalberd_E_Swing_02_New,CompositeBake,BBQ/Content/_Kazan_/Design/Monster/Human/Empire/EmpireHalberd_E/Skill/Swing/AC_EmpireHalberd_E_Swing_02_New,5730808/95511,230,3.81656813621521,1.0,PlaybackClip
HalberdElite,/Game/_Art/Enemies/HeinMach/Humanoids/HalberdElite/Animations/Playback/A_EN_PLAY_AC_EmpireHalberd_E_Swing_03_New,CompositeBake,BBQ/Content/_Kazan_/Design/Monster/Human/Empire/EmpireHalberd_E/Skill/Swing/AC_EmpireHalberd_E_Swing_03_New,3116878/51903,247,4.0964508056640625,1.0,PlaybackClip
HalberdElite,/Game/_Art/Enemies/HeinMach/Humanoids/HalberdElite/Animations/Playback/A_EN_PLAY_AC_EmpireHalberd_E_TurnAttack,CompositeBake,BBQ/Content/_Kazan_/Design/Monster/Human/Empire/EmpireHalberd_E/Skill/TurnAttack/AC_EmpireHalberd_E_TurnAttack,5915983/98486,276,4.578047275543213,1.0,PlaybackClip
HalberdElite,/Game/_Art/Enemies/HeinMach/Humanoids/HalberdElite/Animations/Playback/A_EN_PLAY_AC_EmpireHalberd_E_TurnAttack_Fast,CompositeBake,BBQ/Content/_Kazan_/Design/Monster/Human/Empire/EmpireHalberd_E/Skill/TurnAttack/AC_EmpireHalberd_E_TurnAttack_Fast,5989813/99667,262,4.342887878417969,1.0,PlaybackClip
HalberdElite,/Game/_Art/Enemies/HeinMach/Humanoids/HalberdElite/Animations/Playback/A_EN_PLAY_AC_EmpireHalberd_E_Turn_L,CompositeBake,BBQ/Content/_Kazan_/Design/Monster/Human/Empire/EmpireHalberd_E/Moving/Reaction/AC_EmpireHalberd_E_Turn_L,30/1,31,1.0,1.0,PlaybackClip
HalberdElite,/Game/_Art/Enemies/HeinMach/Humanoids/HalberdElite/Animations/Playback/A_EN_PLAY_AC_EmpireHalberd_E_Turn_L_180,CompositeBake,BBQ/Content/_Kazan_/Design/Monster/Human/Empire/EmpireHalberd_E/Moving/Reaction/AC_EmpireHalberd_E_Turn_L_180,30/1,61,2.0,1.0,PlaybackClip
HalberdElite,/Game/_Art/Enemies/HeinMach/Humanoids/HalberdElite/Animations/Playback/A_EN_PLAY_AC_EmpireHalberd_E_Turn_Peace_L,CompositeBake,BBQ/Content/_Kazan_/Design/Monster/Human/Empire/EmpireHalberd_E/Moving/Reaction/AC_EmpireHalberd_E_Turn_Peace_L,30/1,39,1.2666666507720947,1.0,PlaybackClip
HalberdElite,/Game/_Art/Enemies/HeinMach/Humanoids/HalberdElite/Animations/Playback/A_EN_PLAY_AC_EmpireHalberd_E_Turn_Peace_R,CompositeBake,BBQ/Content/_Kazan_/Design/Monster/Human/Empire/EmpireHalberd_E/Moving/Reaction/AC_EmpireHalberd_E_Turn_Peace_R,30/1,44,1.4333332777023315,1.0,PlaybackClip
HalberdElite,/Game/_Art/Enemies/HeinMach/Humanoids/HalberdElite/Animations/Playback/A_EN_PLAY_AC_EmpireHalberd_E_Turn_R,CompositeBake,BBQ/Content/_Kazan_/Design/Monster/Human/Empire/EmpireHalberd_E/Moving/Reaction/AC_EmpireHalberd_E_Turn_R,30/1,31,1.0,1.0,PlaybackClip
HalberdElite,/Game/_Art/Enemies/HeinMach/Humanoids/HalberdElite/Animations/Playback/A_EN_PLAY_AC_EmpireHalberd_E_Turn_R_180,CompositeBake,BBQ/Content/_Kazan_/Design/Monster/Human/Empire/EmpireHalberd_E/Moving/Reaction/AC_EmpireHalberd_E_Turn_R_180,30/1,61,2.0,1.0,PlaybackClip
HalberdElite,/Game/_Art/Enemies/HeinMach/Humanoids/HalberdElite/Animations/Playback/A_EN_PLAY_AC_EmpireHalberd_E_Vigilant_FreakOut_Armed,CompositeBake,BBQ/Content/_Kazan_/Design/Monster/Human/Empire/EmpireHalberd_E/Skill/Vigilant/FreakOut_Armed/AC_EmpireHalberd_E_Vigilant_FreakOut_Armed,30/1,39,1.2666666507720947,1.0,PlaybackClip
HalberdElite,/Game/_Art/Enemies/HeinMach/Humanoids/HalberdElite/Animations/Playback/A_EN_PLAY_AC_EmpireHalberd_E_Vigilant_LookAround,CompositeBake,BBQ/Content/_Kazan_/Design/Monster/Human/Empire/EmpireHalberd_E/Skill/Vigilant/LookAround/AC_EmpireHalberd_E_Vigilant_LookAround,30/1,278,9.233333587646484,1.0,PlaybackClip
HalberdElite,/Game/_Art/Enemies/HeinMach/Humanoids/HalberdElite/Animations/Playback/A_EN_PLAY_CA_M_Halberd_LOD_Pose,DirectOriginalTimeline,BBQ/Content/_Kazan_/Art/Character/CHA_Model/Monster_Human/Named/Halberd/Animation/CA_M_Halberd_LOD_Pose,30/1,2,0.03333333507180214,1.0,SourceSequence
HalberdElite,/Game/_Art/Enemies/HeinMach/Humanoids/HalberdElite/Animations/Playback/A_EN_PLAY_CA_M_Halberd_LockOnWalk_B,DirectOriginalTimeline,BBQ/Content/_Kazan_/Art/Character/CHA_Model/Monster_Human/Named/Halberd/Animation/CA_M_Halberd_LockOnWalk_B,30/1,51,1.6666666269302368,1.0,SourceSequence
HalberdElite,/Game/_Art/Enemies/HeinMach/Humanoids/HalberdElite/Animations/Playback/A_EN_PLAY_CA_M_Halberd_LockOnWalk_F,DirectOriginalTimeline,BBQ/Content/_Kazan_/Art/Character/CHA_Model/Monster_Human/Named/Halberd/Animation/CA_M_Halberd_LockOnWalk_F,30/1,51,1.6666666269302368,1.0,SourceSequence
HalberdElite,/Game/_Art/Enemies/HeinMach/Humanoids/HalberdElite/Animations/Playback/A_EN_PLAY_CA_M_Halberd_LockOnWalk_L,DirectOriginalTimeline,BBQ/Content/_Kazan_/Art/Character/CHA_Model/Monster_Human/Named/Halberd/Animation/CA_M_Halberd_LockOnWalk_L,30/1,51,1.6666666269302368,1.0,SourceSequence
HalberdElite,/Game/_Art/Enemies/HeinMach/Humanoids/HalberdElite/Animations/Playback/A_EN_PLAY_CA_M_Halberd_LockOnWalk_R,DirectOriginalTimeline,BBQ/Content/_Kazan_/Art/Character/CHA_Model/Monster_Human/Named/Halberd/Animation/CA_M_Halberd_LockOnWalk_R,30/1,51,1.6666666269302368,1.0,SourceSequence
HalberdElite,/Game/_Art/Enemies/HeinMach/Humanoids/HalberdElite/Animations/Playback/A_EN_PLAY_CA_M_Halberd_Run_F,DirectOriginalTimeline,BBQ/Content/_Kazan_/Art/Character/CHA_Model/Monster_Human/Named/Halberd/Animation/CA_M_Halberd_Run_F,30/1,33,1.0666667222976685,1.0,SourceSequence
HalberdElite,/Game/_Art/Enemies/HeinMach/Humanoids/HalberdElite/Animations/Playback/A_EN_PLAY_CA_M_Halberd_Stand_F,DirectOriginalTimeline,BBQ/Content/_Kazan_/Art/Character/CHA_Model/Monster_Human/Named/Halberd/Animation/CA_M_Halberd_Stand_F,30/1,121,4.0,1.0,SourceSequence
HalberdElite,/Game/_Art/Enemies/HeinMach/Humanoids/HalberdElite/Animations/Playback/A_EN_PLAY_CA_M_Halberd_Stand_Peace_F,DirectOriginalTimeline,BBQ/Content/_Kazan_/Art/Character/CHA_Model/Monster_Human/Named/Halberd/Animation/CA_M_Halberd_Stand_Peace_F,30/1,121,4.0,1.0,SourceSequence
HalberdElite,/Game/_Art/Enemies/HeinMach/Humanoids/HalberdElite/Animations/Playback/A_EN_PLAY_CA_M_Halberd_Walk_F,DirectOriginalTimeline,BBQ/Content/_Kazan_/Art/Character/CHA_Model/Monster_Human/Named/Halberd/Animation/CA_M_Halberd_Walk_F,30/1,51,1.6666666269302368,1.0,SourceSequence
HalberdElite,/Game/_Art/Enemies/HeinMach/Humanoids/HalberdElite/Animations/Playback/A_EN_PLAY_CA_M_Halberd_Walk_Peace_F,DirectOriginalTimeline,BBQ/Content/_Kazan_/Art/Character/CHA_Model/Monster_Human/Named/Halberd/Animation/CA_M_Halberd_Walk_Peace_F,30/1,37,1.2000000476837158,1.0,SourceSequence
HeavySwordsman,/Game/_Art/Enemies/HeinMach/Humanoids/HeavySwordsman/Animations/Playback/A_EN_PLAY_AC_EmpireSwordHArmor_Basic_End_01,CompositeBake,BBQ/Content/_Kazan_/Design/Monster/Human/Empire/Empire_SwordHArmor/Moving/Reaction/AC_EmpireSwordHArmor_Basic_End_01,30/1,51,1.6666666269302368,1.0,PlaybackClip
HeavySwordsman,/Game/_Art/Enemies/HeinMach/Humanoids/HeavySwordsman/Animations/Playback/A_EN_PLAY_AC_EmpireSwordHArmor_Basic_End_02,CompositeBake,BBQ/Content/_Kazan_/Design/Monster/Human/Empire/Empire_SwordHArmor/Moving/Reaction/AC_EmpireSwordHArmor_Basic_End_02,30/1,31,1.0,1.0,PlaybackClip
HeavySwordsman,/Game/_Art/Enemies/HeinMach/Humanoids/HeavySwordsman/Animations/Playback/A_EN_PLAY_AC_EmpireSwordHArmor_Basic_End_03,CompositeBake,BBQ/Content/_Kazan_/Design/Monster/Human/Empire/Empire_SwordHArmor/Moving/Reaction/AC_EmpireSwordHArmor_Basic_End_03,30/1,51,1.6666666269302368,1.0,PlaybackClip
HeavySwordsman,/Game/_Art/Enemies/HeinMach/Humanoids/HeavySwordsman/Animations/Playback/A_EN_PLAY_AC_EmpireSwordHArmor_Basic_Loop_01,CompositeBake,BBQ/Content/_Kazan_/Design/Monster/Human/Empire/Empire_SwordHArmor/Moving/Reaction/AC_EmpireSwordHArmor_Basic_Loop_01,30/1,306,10.166666984558105,1.0,PlaybackClip
HeavySwordsman,/Game/_Art/Enemies/HeinMach/Humanoids/HeavySwordsman/Animations/Playback/A_EN_PLAY_AC_EmpireSwordHArmor_Basic_Loop_02,CompositeBake,BBQ/Content/_Kazan_/Design/Monster/Human/Empire/Empire_SwordHArmor/Moving/Reaction/AC_EmpireSwordHArmor_Basic_Loop_02,30/1,361,12.0,1.0,PlaybackClip
HeavySwordsman,/Game/_Art/Enemies/HeinMach/Humanoids/HeavySwordsman/Animations/Playback/A_EN_PLAY_AC_EmpireSwordHArmor_Basic_Loop_03,CompositeBake,BBQ/Content/_Kazan_/Design/Monster/Human/Empire/Empire_SwordHArmor/Moving/Reaction/AC_EmpireSwordHArmor_Basic_Loop_03,30/1,86,2.8333332538604736,1.0,PlaybackClip
HeavySwordsman,/Game/_Art/Enemies/HeinMach/Humanoids/HeavySwordsman/Animations/Playback/A_EN_PLAY_AC_EmpireSwordHArmor_Basic_Search_End_01,CompositeBake,BBQ/Content/_Kazan_/Design/Monster/Human/Empire/Empire_SwordHArmor/Moving/Reaction/AC_EmpireSwordHArmor_Basic_Search_End_01,30/1,36,1.1666666269302368,1.0,PlaybackClip
HeavySwordsman,/Game/_Art/Enemies/HeinMach/Humanoids/HeavySwordsman/Animations/Playback/A_EN_PLAY_AC_EmpireSwordHArmor_Basic_Search_Loop_01,CompositeBake,BBQ/Content/_Kazan_/Design/Monster/Human/Empire/Empire_SwordHArmor/Moving/Reaction/AC_EmpireSwordHArmor_Basic_Search_Loop_01,30/1,266,8.833333015441895,1.0,PlaybackClip
HeavySwordsman,/Game/_Art/Enemies/HeinMach/Humanoids/HeavySwordsman/Animations/Playback/A_EN_PLAY_AC_EmpireSwordHArmor_Basic_Sit_End_01,CompositeBake,BBQ/Content/_Kazan_/Design/Monster/Human/Empire/Empire_SwordHArmor/Moving/Reaction/AC_EmpireSwordHArmor_Basic_Sit_End_01,30/1,46,1.5,1.0,PlaybackClip
HeavySwordsman,/Game/_Art/Enemies/HeinMach/Humanoids/HeavySwordsman/Animations/Playback/A_EN_PLAY_AC_EmpireSwordHArmor_Basic_Sit_Loop_01,CompositeBake,BBQ/Content/_Kazan_/Design/Monster/Human/Empire/Empire_SwordHArmor/Moving/Reaction/AC_EmpireSwordHArmor_Basic_Sit_Loop_01,30/1,231,7.666666507720947,1.0,PlaybackClip
HeavySwordsman,/Game/_Art/Enemies/HeinMach/Humanoids/HeavySwordsman/Animations/Playback/A_EN_PLAY_AC_EmpireSwordHArmor_Basic_Talk_End_01,CompositeBake,BBQ/Content/_Kazan_/Design/Monster/Human/Empire/Empire_SwordHArmor/Moving/Reaction/AC_EmpireSwordHArmor_Basic_Talk_End_01,30/1,31,1.0,1.0,PlaybackClip
HeavySwordsman,/Game/_Art/Enemies/HeinMach/Humanoids/HeavySwordsman/Animations/Playback/A_EN_PLAY_AC_EmpireSwordHArmor_Basic_Talk_Loop_01,CompositeBake,BBQ/Content/_Kazan_/Design/Monster/Human/Empire/Empire_SwordHArmor/Moving/Reaction/AC_EmpireSwordHArmor_Basic_Talk_Loop_01,30/1,241,8.0,1.0,PlaybackClip
HeavySwordsman,/Game/_Art/Enemies/HeinMach/Humanoids/HeavySwordsman/Animations/Playback/A_EN_PLAY_AC_EmpireSwordHArmor_Falling,CompositeBake,BBQ/Content/_Kazan_/Design/Monster/Human/Empire/Empire_SwordHArmor/Moving/Reaction/AC_EmpireSwordHArmor_Falling,30/1,4,0.10000000149011612,1.0,PlaybackClip
HeavySwordsman,/Game/_Art/Enemies/HeinMach/Humanoids/HeavySwordsman/Animations/Playback/A_EN_PLAY_AC_EmpireSwordHArmor_SwordSting_Step1,CompositeBake,BBQ/Content/_Kazan_/Design/Monster/Human/Empire/Empire_SwordHArmor/Skill/06_SwordSting/AC_EmpireSwordHArmor_SwordSting_Step1,4876021/80524,54,0.8752570748329163,1.0,PlaybackClip
HeavySwordsman,/Game/_Art/Enemies/HeinMach/Humanoids/HeavySwordsman/Animations/Playback/A_EN_PLAY_AC_EmpireSwordHArmor_SwordSting_Step2,CompositeBake,BBQ/Content/_Kazan_/Design/Monster/Human/Empire/Empire_SwordHArmor/Skill/06_SwordSting/AC_EmpireSwordHArmor_SwordSting_Step2,30/1,31,1.0,1.0,PlaybackClip
HeavySwordsman,/Game/_Art/Enemies/HeinMach/Humanoids/HeavySwordsman/Animations/Playback/A_EN_PLAY_AC_EmpireSwordHArmor_SwordSting_Step3,CompositeBake,BBQ/Content/_Kazan_/Design/Monster/Human/Empire/Empire_SwordHArmor/Skill/06_SwordSting/AC_EmpireSwordHArmor_SwordSting_Step3,5241067/87110,115,1.8947553634643555,1.0,PlaybackClip
HeavySwordsman,/Game/_Art/Enemies/HeinMach/Humanoids/HeavySwordsman/Animations/Playback/A_EN_PLAY_AC_EmpireSwordHArmor_SwordSwing_01_Step1,CompositeBake,BBQ/Content/_Kazan_/Design/Monster/Human/Empire/Empire_SwordHArmor/Skill/01_SwordSwing_01/AC_EmpireSwordHArmor_SwordSwing_01_Step1,5406872/90113,131,2.1666297912597656,1.0,PlaybackClip
HeavySwordsman,/Game/_Art/Enemies/HeinMach/Humanoids/HeavySwordsman/Animations/Playback/A_EN_PLAY_AC_EmpireSwordHArmor_SwordSwing_01_Step2,CompositeBake,BBQ/Content/_Kazan_/Design/Monster/Human/Empire/Empire_SwordHArmor/Skill/01_SwordSwing_01/AC_EmpireSwordHArmor_SwordSwing_01_Step2,4921533/82024,117,1.933296799659729,1.0,PlaybackClip
HeavySwordsman,/Game/_Art/Enemies/HeinMach/Humanoids/HeavySwordsman/Animations/Playback/A_EN_PLAY_AC_EmpireSwordHArmor_SwordSwing_01_Step3,CompositeBake,BBQ/Content/_Kazan_/Design/Monster/Human/Empire/Empire_SwordHArmor/Skill/01_SwordSwing_01/AC_EmpireSwordHArmor_SwordSwing_01_Step3,5713457/95221,126,2.083261489868164,1.0,PlaybackClip
HeavySwordsman,/Game/_Art/Enemies/HeinMach/Humanoids/HeavySwordsman/Animations/Playback/A_EN_PLAY_AC_EmpireSwordHArmor_SwordSwing_01_Step4,CompositeBake,BBQ/Content/_Kazan_/Design/Monster/Human/Empire/Empire_SwordHArmor/Skill/01_SwordSwing_01/AC_EmpireSwordHArmor_SwordSwing_01_Step4,30/1,90,2.9666666984558105,1.0,PlaybackClip
HeavySwordsman,/Game/_Art/Enemies/HeinMach/Humanoids/HeavySwordsman/Animations/Playback/A_EN_PLAY_AC_EmpireSwordHArmor_SwordSwing_02_Step1,CompositeBake,BBQ/Content/_Kazan_/Design/Monster/Human/Empire/Empire_SwordHArmor/Skill/02_SwordSwing_02/AC_EmpireSwordHArmor_SwordSwing_02_Step1,4387767/73259,125,2.0703277587890625,1.0,PlaybackClip
HeavySwordsman,/Game/_Art/Enemies/HeinMach/Humanoids/HeavySwordsman/Animations/Playback/A_EN_PLAY_AC_EmpireSwordHArmor_SwordSwing_02_Step2,CompositeBake,BBQ/Content/_Kazan_/Design/Monster/Human/Empire/Empire_SwordHArmor/Skill/02_SwordSwing_02/AC_EmpireSwordHArmor_SwordSwing_02_Step2,30/1,58,1.899999976158142,1.0,PlaybackClip
HeavySwordsman,/Game/_Art/Enemies/HeinMach/Humanoids/HeavySwordsman/Animations/Playback/A_EN_PLAY_AC_EmpireSwordHArmor_SwordSwing_03_Step1,CompositeBake,BBQ/Content/_Kazan_/Design/Monster/Human/Empire/Empire_SwordHArmor/Skill/03_SwordSwing_03/AC_EmpireSwordHArmor_SwordSwing_03_Step1,5243053/87632,147,2.4402332305908203,1.0,PlaybackClip
HeavySwordsman,/Game/_Art/Enemies/HeinMach/Humanoids/HeavySwordsman/Animations/Playback/A_EN_PLAY_AC_EmpireSwordHArmor_SwordSwing_03_Step2,CompositeBake,BBQ/Content/_Kazan_/Design/Monster/Human/Empire/Empire_SwordHArmor/Skill/03_SwordSwing_03/AC_EmpireSwordHArmor_SwordSwing_03_Step2,1297623/21589,179,2.961447238922119,1.0,PlaybackClip
HeavySwordsman,/Game/_Art/Enemies/HeinMach/Humanoids/HeavySwordsman/Animations/Playback/A_EN_PLAY_AC_EmpireSwordHArmor_SwordSwing_03_Step3,CompositeBake,BBQ/Content/_Kazan_/Design/Monster/Human/Empire/Empire_SwordHArmor/Skill/03_SwordSwing_03/AC_EmpireSwordHArmor_SwordSwing_03_Step3,30/1,79,2.5999999046325684,1.0,PlaybackClip
HeavySwordsman,/Game/_Art/Enemies/HeinMach/Humanoids/HeavySwordsman/Animations/Playback/A_EN_PLAY_AC_EmpireSwordHArmor_SwordSwing_Turn_L,CompositeBake,BBQ/Content/_Kazan_/Design/Monster/Human/Empire/Empire_SwordHArmor/Skill/04_SwordSwing_Turn_L/AC_EmpireSwordHArmor_SwordSwing_Turn_L,5087446/84673,166,2.746180534362793,1.0,PlaybackClip
HeavySwordsman,/Game/_Art/Enemies/HeinMach/Humanoids/HeavySwordsman/Animations/Playback/A_EN_PLAY_AC_EmpireSwordHArmor_SwordSwing_Turn_R,CompositeBake,BBQ/Content/_Kazan_/Design/Monster/Human/Empire/Empire_SwordHArmor/Skill/05_SwordSwing_Turn_R/AC_EmpireSwordHArmor_SwordSwing_Turn_R,5320000/88671,134,2.2167749404907227,1.0,PlaybackClip
HeavySwordsman,/Game/_Art/Enemies/HeinMach/Humanoids/HeavySwordsman/Animations/Playback/A_EN_PLAY_AC_Empire_SwordHArmor_DamageDown_B,CompositeBake,BBQ/Content/_Kazan_/Design/Monster/Human/Empire/Empire_SwordHArmor/Moving/Reaction/AC_Empire_SwordHArmor_DamageDown_B,30/1,22,0.699999988079071,1.0,PlaybackClip
HeavySwordsman,/Game/_Art/Enemies/HeinMach/Humanoids/HeavySwordsman/Animations/Playback/A_EN_PLAY_AC_Empire_SwordHArmor_DamageDown_F,CompositeBake,BBQ/Content/_Kazan_/Design/Monster/Human/Empire/Empire_SwordHArmor/Moving/Reaction/AC_Empire_SwordHArmor_DamageDown_F,30/1,22,0.699999988079071,1.0,PlaybackClip
HeavySwordsman,/Game/_Art/Enemies/HeinMach/Humanoids/HeavySwordsman/Animations/Playback/A_EN_PLAY_AC_Empire_SwordHArmor_DamageFinalBlow,CompositeBake,BBQ/Content/_Kazan_/Design/Monster/Human/Empire/Empire_SwordHArmor/Moving/Reaction/AC_Empire_SwordHArmor_DamageFinalBlow,30/1,106,3.5,1.0,PlaybackClip
HeavySwordsman,/Game/_Art/Enemies/HeinMach/Humanoids/HeavySwordsman/Animations/Playback/A_EN_PLAY_AC_Empire_SwordHArmor_DamageFinalBlow_Wraith,CompositeBake,BBQ/Content/_Kazan_/Design/Monster/Human/Empire/Empire_SwordHArmor/Moving/Reaction/AC_Empire_SwordHArmor_DamageFinalBlow_Wraith,30/1,106,3.5,1.0,PlaybackClip
HeavySwordsman,/Game/_Art/Enemies/HeinMach/Humanoids/HeavySwordsman/Animations/Playback/A_EN_PLAY_AC_Empire_SwordHArmor_DamageGrapple_Atk_01,CompositeBake,BBQ/Content/_Kazan_/Design/Monster/Human/Empire/Empire_SwordHArmor/Moving/Reaction/AC_Empire_SwordHArmor_DamageGrapple_Atk_01,30/1,49,1.600000023841858,1.0,PlaybackClip
HeavySwordsman,/Game/_Art/Enemies/HeinMach/Humanoids/HeavySwordsman/Animations/Playback/A_EN_PLAY_AC_Empire_SwordHArmor_DamageGrapple_Atk_02,CompositeBake,BBQ/Content/_Kazan_/Design/Monster/Human/Empire/Empire_SwordHArmor/Moving/Reaction/AC_Empire_SwordHArmor_DamageGrapple_Atk_02,30/1,34,1.100000023841858,1.0,PlaybackClip
HeavySwordsman,/Game/_Art/Enemies/HeinMach/Humanoids/HeavySwordsman/Animations/Playback/A_EN_PLAY_AC_Empire_SwordHArmor_DamageGrapple_Atk_B_01,CompositeBake,BBQ/Content/_Kazan_/Design/Monster/Human/Empire/Empire_SwordHArmor/Moving/Reaction/AC_Empire_SwordHArmor_DamageGrapple_Atk_B_01,30/1,41,1.3333333730697632,1.0,PlaybackClip
HeavySwordsman,/Game/_Art/Enemies/HeinMach/Humanoids/HeavySwordsman/Animations/Playback/A_EN_PLAY_AC_Empire_SwordHArmor_DamageGrapple_Atk_B_02,CompositeBake,BBQ/Content/_Kazan_/Design/Monster/Human/Empire/Empire_SwordHArmor/Moving/Reaction/AC_Empire_SwordHArmor_DamageGrapple_Atk_B_02,30/1,76,2.5,1.0,PlaybackClip
HeavySwordsman,/Game/_Art/Enemies/HeinMach/Humanoids/HeavySwordsman/Animations/Playback/A_EN_PLAY_AC_Empire_SwordHArmor_DamageNormal_D_B,CompositeBake,BBQ/Content/_Kazan_/Design/Monster/Human/Empire/Empire_SwordHArmor/Moving/Reaction/AC_Empire_SwordHArmor_DamageNormal_D_B,2527651/41988,62,1.0132997035980225,1.0,PlaybackClip
HeavySwordsman,/Game/_Art/Enemies/HeinMach/Humanoids/HeavySwordsman/Animations/Playback/A_EN_PLAY_AC_Empire_SwordHArmor_DamageNormal_D_F,CompositeBake,BBQ/Content/_Kazan_/Design/Monster/Human/Empire/Empire_SwordHArmor/Moving/Reaction/AC_Empire_SwordHArmor_DamageNormal_D_F,30/1,22,0.699999988079071,1.0,PlaybackClip
HeavySwordsman,/Game/_Art/Enemies/HeinMach/Humanoids/HeavySwordsman/Animations/Playback/A_EN_PLAY_AC_Empire_SwordHArmor_DamageNormal_L_F,CompositeBake,BBQ/Content/_Kazan_/Design/Monster/Human/Empire/Empire_SwordHArmor/Moving/Reaction/AC_Empire_SwordHArmor_DamageNormal_L_F,30/1,22,0.699999988079071,1.0,PlaybackClip
HeavySwordsman,/Game/_Art/Enemies/HeinMach/Humanoids/HeavySwordsman/Animations/Playback/A_EN_PLAY_AC_Empire_SwordHArmor_DamageNormal_R_F,CompositeBake,BBQ/Content/_Kazan_/Design/Monster/Human/Empire/Empire_SwordHArmor/Moving/Reaction/AC_Empire_SwordHArmor_DamageNormal_R_F,30/1,22,0.699999988079071,1.0,PlaybackClip
HeavySwordsman,/Game/_Art/Enemies/HeinMach/Humanoids/HeavySwordsman/Animations/Playback/A_EN_PLAY_AC_Empire_SwordHArmor_DamageNormal_U_B,CompositeBake,BBQ/Content/_Kazan_/Design/Monster/Human/Empire/Empire_SwordHArmor/Moving/Reaction/AC_Empire_SwordHArmor_DamageNormal_U_B,2527651/41988,62,1.0132997035980225,1.0,PlaybackClip
HeavySwordsman,/Game/_Art/Enemies/HeinMach/Humanoids/HeavySwordsman/Animations/Playback/A_EN_PLAY_AC_Empire_SwordHArmor_DamageNormal_U_F,CompositeBake,BBQ/Content/_Kazan_/Design/Monster/Human/Empire/Empire_SwordHArmor/Moving/Reaction/AC_Empire_SwordHArmor_DamageNormal_U_F,30/1,22,0.699999988079071,1.0,PlaybackClip
HeavySwordsman,/Game/_Art/Enemies/HeinMach/Humanoids/HeavySwordsman/Animations/Playback/A_EN_PLAY_AC_Empire_SwordHArmor_DamageParry_F,CompositeBake,BBQ/Content/_Kazan_/Design/Monster/Human/Empire/Empire_SwordHArmor/Moving/Reaction/AC_Empire_SwordHArmor_DamageParry_F,30/1,47,1.5333333015441895,1.0,PlaybackClip
HeavySwordsman,/Game/_Art/Enemies/HeinMach/Humanoids/HeavySwordsman/Animations/Playback/A_EN_PLAY_AC_Empire_SwordHArmor_DamageStrong_D_F,CompositeBake,BBQ/Content/_Kazan_/Design/Monster/Human/Empire/Empire_SwordHArmor/Moving/Reaction/AC_Empire_SwordHArmor_DamageStrong_D_F,30/1,34,1.100000023841858,1.0,PlaybackClip
HeavySwordsman,/Game/_Art/Enemies/HeinMach/Humanoids/HeavySwordsman/Animations/Playback/A_EN_PLAY_AC_Empire_SwordHArmor_DamageStrong_D_F_2,CompositeBake,BBQ/Content/_Kazan_/Design/Monster/Human/Empire/Empire_SwordHArmor/Moving/Reaction/AC_Empire_SwordHArmor_DamageStrong_D_F_2,30/1,34,1.100000023841858,1.0,PlaybackClip
HeavySwordsman,/Game/_Art/Enemies/HeinMach/Humanoids/HeavySwordsman/Animations/Playback/A_EN_PLAY_AC_Empire_SwordHArmor_DamageStrong_L_F,CompositeBake,BBQ/Content/_Kazan_/Design/Monster/Human/Empire/Empire_SwordHArmor/Moving/Reaction/AC_Empire_SwordHArmor_DamageStrong_L_F,30/1,34,1.100000023841858,1.0,PlaybackClip
HeavySwordsman,/Game/_Art/Enemies/HeinMach/Humanoids/HeavySwordsman/Animations/Playback/A_EN_PLAY_AC_Empire_SwordHArmor_DamageStrong_R_F,CompositeBake,BBQ/Content/_Kazan_/Design/Monster/Human/Empire/Empire_SwordHArmor/Moving/Reaction/AC_Empire_SwordHArmor_DamageStrong_R_F,30/1,34,1.100000023841858,1.0,PlaybackClip
HeavySwordsman,/Game/_Art/Enemies/HeinMach/Humanoids/HeavySwordsman/Animations/Playback/A_EN_PLAY_AC_Empire_SwordHArmor_DamageStrong_U_F,CompositeBake,BBQ/Content/_Kazan_/Design/Monster/Human/Empire/Empire_SwordHArmor/Moving/Reaction/AC_Empire_SwordHArmor_DamageStrong_U_F,30/1,31,1.0,1.0,PlaybackClip
HeavySwordsman,/Game/_Art/Enemies/HeinMach/Humanoids/HeavySwordsman/Animations/Playback/A_EN_PLAY_AC_Empire_SwordHArmor_DamageWeak_D_F,CompositeBake,BBQ/Content/_Kazan_/Design/Monster/Human/Empire/Empire_SwordHArmor/Moving/Reaction/AC_Empire_SwordHArmor_DamageWeak_D_F,30/1,13,0.4000000059604645,1.0,PlaybackClip
HeavySwordsman,/Game/_Art/Enemies/HeinMach/Humanoids/HeavySwordsman/Animations/Playback/A_EN_PLAY_AC_Empire_SwordHArmor_DamageWeak_L_F,CompositeBake,BBQ/Content/_Kazan_/Design/Monster/Human/Empire/Empire_SwordHArmor/Moving/Reaction/AC_Empire_SwordHArmor_DamageWeak_L_F,30/1,13,0.4000000059604645,1.0,PlaybackClip
HeavySwordsman,/Game/_Art/Enemies/HeinMach/Humanoids/HeavySwordsman/Animations/Playback/A_EN_PLAY_AC_Empire_SwordHArmor_DamageWeak_R_F,CompositeBake,BBQ/Content/_Kazan_/Design/Monster/Human/Empire/Empire_SwordHArmor/Moving/Reaction/AC_Empire_SwordHArmor_DamageWeak_R_F,30/1,13,0.4000000059604645,1.0,PlaybackClip
HeavySwordsman,/Game/_Art/Enemies/HeinMach/Humanoids/HeavySwordsman/Animations/Playback/A_EN_PLAY_AC_Empire_SwordHArmor_DamageWeak_U_F,CompositeBake,BBQ/Content/_Kazan_/Design/Monster/Human/Empire/Empire_SwordHArmor/Moving/Reaction/AC_Empire_SwordHArmor_DamageWeak_U_F,30/1,13,0.4000000059604645,1.0,PlaybackClip
HeavySwordsman,/Game/_Art/Enemies/HeinMach/Humanoids/HeavySwordsman/Animations/Playback/A_EN_PLAY_AC_Empire_SwordHArmor_Die_F,CompositeBake,BBQ/Content/_Kazan_/Design/Monster/Human/Empire/Empire_SwordHArmor/Moving/Reaction/AC_Empire_SwordHArmor_Die_F,30/1,181,6.0,1.0,PlaybackClip
HeavySwordsman,/Game/_Art/Enemies/HeinMach/Humanoids/HeavySwordsman/Animations/Playback/A_EN_PLAY_AC_Empire_SwordHArmor_Die_F_Wraith,CompositeBake,BBQ/Content/_Kazan_/Design/Monster/Human/Empire/Empire_SwordHArmor/Moving/Reaction/AC_Empire_SwordHArmor_Die_F_Wraith,30/1,181,6.0,1.0,PlaybackClip
HeavySwordsman,/Game/_Art/Enemies/HeinMach/Humanoids/HeavySwordsman/Animations/Playback/A_EN_PLAY_AC_Empire_SwordHArmor_Down_B_Loop,CompositeBake,BBQ/Content/_Kazan_/Design/Monster/Human/Empire/Empire_SwordHArmor/Moving/Reaction/AC_Empire_SwordHArmor_Down_B_Loop,30/1,49,1.600000023841858,1.0,PlaybackClip
HeavySwordsman,/Game/_Art/Enemies/HeinMach/Humanoids/HeavySwordsman/Animations/Playback/A_EN_PLAY_AC_Empire_SwordHArmor_Down_F_Loop,CompositeBake,BBQ/Content/_Kazan_/Design/Monster/Human/Empire/Empire_SwordHArmor/Moving/Reaction/AC_Empire_SwordHArmor_Down_F_Loop,30/1,49,1.600000023841858,1.0,PlaybackClip
HeavySwordsman,/Game/_Art/Enemies/HeinMach/Humanoids/HeavySwordsman/Animations/Playback/A_EN_PLAY_AC_Empire_SwordHArmor_Getup_B,CompositeBake,BBQ/Content/_Kazan_/Design/Monster/Human/Empire/Empire_SwordHArmor/Moving/Reaction/AC_Empire_SwordHArmor_Getup_B,30/1,57,1.8666666746139526,1.0,PlaybackClip
HeavySwordsman,/Game/_Art/Enemies/HeinMach/Humanoids/HeavySwordsman/Animations/Playback/A_EN_PLAY_AC_Empire_SwordHArmor_Getup_F,CompositeBake,BBQ/Content/_Kazan_/Design/Monster/Human/Empire/Empire_SwordHArmor/Moving/Reaction/AC_Empire_SwordHArmor_Getup_F,30/1,51,1.6666666269302368,1.0,PlaybackClip
HeavySwordsman,/Game/_Art/Enemies/HeinMach/Humanoids/HeavySwordsman/Animations/Playback/A_EN_PLAY_AC_Empire_SwordHArmor_Groggy_F_End,CompositeBake,BBQ/Content/_Kazan_/Design/Monster/Human/Empire/Empire_SwordHArmor/Moving/Reaction/AC_Empire_SwordHArmor_Groggy_F_End,30/1,41,1.3333333730697632,1.0,PlaybackClip
HeavySwordsman,/Game/_Art/Enemies/HeinMach/Humanoids/HeavySwordsman/Animations/Playback/A_EN_PLAY_AC_Empire_SwordHArmor_Groggy_F_Loop,CompositeBake,BBQ/Content/_Kazan_/Design/Monster/Human/Empire/Empire_SwordHArmor/Moving/Reaction/AC_Empire_SwordHArmor_Groggy_F_Loop,30/1,81,2.6666667461395264,1.0,PlaybackClip
HeavySwordsman,/Game/_Art/Enemies/HeinMach/Humanoids/HeavySwordsman/Animations/Playback/A_EN_PLAY_AC_Empire_SwordHArmor_Groggy_F_Start,CompositeBake,BBQ/Content/_Kazan_/Design/Monster/Human/Empire/Empire_SwordHArmor/Moving/Reaction/AC_Empire_SwordHArmor_Groggy_F_Start,30/1,36,1.1666666269302368,1.0,PlaybackClip
HeavySwordsman,/Game/_Art/Enemies/HeinMach/Humanoids/HeavySwordsman/Animations/Playback/A_EN_PLAY_AC_Empire_SwordHArmor_Turn_L,CompositeBake,BBQ/Content/_Kazan_/Design/Monster/Human/Empire/Empire_SwordHArmor/Moving/Reaction/AC_Empire_SwordHArmor_Turn_L,30/1,37,1.2000000476837158,1.0,PlaybackClip
HeavySwordsman,/Game/_Art/Enemies/HeinMach/Humanoids/HeavySwordsman/Animations/Playback/A_EN_PLAY_AC_Empire_SwordHArmor_Turn_L_180,CompositeBake,BBQ/Content/_Kazan_/Design/Monster/Human/Empire/Empire_SwordHArmor/Moving/Reaction/AC_Empire_SwordHArmor_Turn_L_180,30/1,49,1.600000023841858,1.0,PlaybackClip
HeavySwordsman,/Game/_Art/Enemies/HeinMach/Humanoids/HeavySwordsman/Animations/Playback/A_EN_PLAY_AC_Empire_SwordHArmor_Turn_R,CompositeBake,BBQ/Content/_Kazan_/Design/Monster/Human/Empire/Empire_SwordHArmor/Moving/Reaction/AC_Empire_SwordHArmor_Turn_R,30/1,37,1.2000000476837158,1.0,PlaybackClip
HeavySwordsman,/Game/_Art/Enemies/HeinMach/Humanoids/HeavySwordsman/Animations/Playback/A_EN_PLAY_AC_Empire_SwordHArmor_Turn_R_180,CompositeBake,BBQ/Content/_Kazan_/Design/Monster/Human/Empire/Empire_SwordHArmor/Moving/Reaction/AC_Empire_SwordHArmor_Turn_R_180,30/1,49,1.600000023841858,1.0,PlaybackClip
HeavySwordsman,/Game/_Art/Enemies/HeinMach/Humanoids/HeavySwordsman/Animations/Playback/A_EN_PLAY_AC_Empire_SwordHArmor_Vigilant_FreakOut_Armed,CompositeBake,BBQ/Content/_Kazan_/Design/Monster/Human/Empire/Empire_SwordHArmor/Skill/Vigilant/FreakOut_Armed/AC_Empire_SwordHArmor_Vigilant_FreakOut_Armed,30/1,56,1.8333333730697632,1.0,PlaybackClip
HeavySwordsman,/Game/_Art/Enemies/HeinMach/Humanoids/HeavySwordsman/Animations/Playback/A_EN_PLAY_AC_Empire_SwordHArmor_Vigilant_LookAround,CompositeBake,BBQ/Content/_Kazan_/Design/Monster/Human/Empire/Empire_SwordHArmor/Skill/Vigilant/LookAround/AC_Empire_SwordHArmor_Vigilant_LookAround,30/1,240,7.9666666984558105,1.0,PlaybackClip
HeavySwordsman,/Game/_Art/Enemies/HeinMach/Humanoids/HeavySwordsman/Animations/Playback/A_EN_PLAY_CA_M_ESwordHArmor_DamageNormal_D_F,DirectOriginalTimeline,BBQ/Content/_Kazan_/Art/Character/CHA_Model/Monster_Human/Elite/Elite_M/Animation/ESwordHArmor/CA_M_ESwordHArmor_DamageNormal_D_F,30/1,22,0.699999988079071,1.0,SourceSequence
HeavySwordsman,/Game/_Art/Enemies/HeinMach/Humanoids/HeavySwordsman/Animations/Playback/A_EN_PLAY_CA_M_ESwordHArmor_Down_Getup_F,DirectOriginalTimeline,BBQ/Content/_Kazan_/Art/Character/CHA_Model/Monster_Human/Elite/Elite_M/Animation/ESwordHArmor/CA_M_ESwordHArmor_Down_Getup_F,30/1,51,1.6666666269302368,1.0,SourceSequence
HeavySwordsman,/Game/_Art/Enemies/HeinMach/Humanoids/HeavySwordsman/Animations/Playback/A_EN_PLAY_CA_M_ESwordHArmor_FallDown_Loop,DirectOriginalTimeline,BBQ/Content/_Kazan_/Art/Character/CHA_Model/Monster_Human/Elite/Elite_M/Animation/ESwordHArmor/CA_M_ESwordHArmor_FallDown_Loop,30/1,31,1.0,1.0,SourceSequence
HeavySwordsman,/Game/_Art/Enemies/HeinMach/Humanoids/HeavySwordsman/Animations/Playback/A_EN_PLAY_CA_M_ESwordHArmor_FallDown_Start,DirectOriginalTimeline,BBQ/Content/_Kazan_/Art/Character/CHA_Model/Monster_Human/Elite/Elite_M/Animation/ESwordHArmor/CA_M_ESwordHArmor_FallDown_Start,30/1,61,2.0,1.0,SourceSequence
HeavySwordsman,/Game/_Art/Enemies/HeinMach/Humanoids/HeavySwordsman/Animations/Playback/A_EN_PLAY_CA_M_ESwordHArmor_LockOnWalk_B,DirectOriginalTimeline,BBQ/Content/_Kazan_/Art/Character/CHA_Model/Monster_Human/Elite/Elite_M/Animation/ESwordHArmor/CA_M_ESwordHArmor_LockOnWalk_B,30/1,41,1.3333333730697632,1.0,SourceSequence
HeavySwordsman,/Game/_Art/Enemies/HeinMach/Humanoids/HeavySwordsman/Animations/Playback/A_EN_PLAY_CA_M_ESwordHArmor_LockOnWalk_F,DirectOriginalTimeline,BBQ/Content/_Kazan_/Art/Character/CHA_Model/Monster_Human/Elite/Elite_M/Animation/ESwordHArmor/CA_M_ESwordHArmor_LockOnWalk_F,30/1,41,1.3333333730697632,1.0,SourceSequence
HeavySwordsman,/Game/_Art/Enemies/HeinMach/Humanoids/HeavySwordsman/Animations/Playback/A_EN_PLAY_CA_M_ESwordHArmor_LockOnWalk_L,DirectOriginalTimeline,BBQ/Content/_Kazan_/Art/Character/CHA_Model/Monster_Human/Elite/Elite_M/Animation/ESwordHArmor/CA_M_ESwordHArmor_LockOnWalk_L,30/1,41,1.3333333730697632,1.0,SourceSequence
HeavySwordsman,/Game/_Art/Enemies/HeinMach/Humanoids/HeavySwordsman/Animations/Playback/A_EN_PLAY_CA_M_ESwordHArmor_LockOnWalk_R,DirectOriginalTimeline,BBQ/Content/_Kazan_/Art/Character/CHA_Model/Monster_Human/Elite/Elite_M/Animation/ESwordHArmor/CA_M_ESwordHArmor_LockOnWalk_R,30/1,41,1.3333333730697632,1.0,SourceSequence
HeavySwordsman,/Game/_Art/Enemies/HeinMach/Humanoids/HeavySwordsman/Animations/Playback/A_EN_PLAY_CA_M_ESwordHArmor_Run_F,DirectOriginalTimeline,BBQ/Content/_Kazan_/Art/Character/CHA_Model/Monster_Human/Elite/Elite_M/Animation/ESwordHArmor/CA_M_ESwordHArmor_Run_F,30/1,21,0.6666666865348816,1.0,SourceSequence
HeavySwordsman,/Game/_Art/Enemies/HeinMach/Humanoids/HeavySwordsman/Animations/Playback/A_EN_PLAY_CA_M_ESwordHArmor_Stand,DirectOriginalTimeline,BBQ/Content/_Kazan_/Art/Character/CHA_Model/Monster_Human/Elite/Elite_M/Animation/ESwordHArmor/CA_M_ESwordHArmor_Stand,30/1,49,1.600000023841858,1.0,SourceSequence
HeavySwordsman,/Game/_Art/Enemies/HeinMach/Humanoids/HeavySwordsman/Animations/Playback/A_EN_PLAY_CA_M_ESwordHArmor_Walk_F,DirectOriginalTimeline,BBQ/Content/_Kazan_/Art/Character/CHA_Model/Monster_Human/Elite/Elite_M/Animation/ESwordHArmor/CA_M_ESwordHArmor_Walk_F,30/1,41,1.3333333730697632,1.0,SourceSequence
SharedSourceReferences,/Game/_Art/Enemies/HeinMach/Humanoids/Shared/Animations/Playback/A_EN_PLAY_CA_M_EmpireMagic_Basic_End_01,DirectOriginalTimeline,BBQ/Content/_Kazan_/Art/Character/CHA_Model/Monster_Human/Elite/Elite_M/Animation/EMace/CA_M_EmpireMagic_Basic_End_01,30/1,31,1.0,1.0,SourceSequence
SharedSourceReferences,/Game/_Art/Enemies/HeinMach/Humanoids/Shared/Animations/Playback/A_EN_PLAY_CA_M_EmpireMagic_Basic_Loop_01,DirectOriginalTimeline,BBQ/Content/_Kazan_/Art/Character/CHA_Model/Monster_Human/Elite/Elite_M/Animation/EMace/CA_M_EmpireMagic_Basic_Loop_01,30/1,61,2.0,1.0,SourceSequence
SharedSourceReferences,/Game/_Art/Enemies/HeinMach/Humanoids/Shared/Animations/Playback/A_EN_PLAY_CA_M_Human_Adult_M_LOD_Pose,DirectOriginalTimeline,BBQ/Content/_Kazan_/Art/Character/CHA_Model/Monster_Human/Adult/Adult_M/Animation/PicaClub/CA_M_Human_Adult_M_LOD_Pose,30/1,2,0.03333333507180214,1.0,SourceSequence
SharedSourceReferences,/Game/_Art/Enemies/HeinMach/Humanoids/Shared/Animations/Playback/A_EN_PLAY_CA_M_Human_Adult_M_PicaAxe_DamFinalBlow_New,DirectOriginalTimeline,BBQ/Content/_Kazan_/Art/Character/CHA_Model/Monster_Human/Adult/Adult_M/Animation/PicaAxe/CA_M_Human_Adult_M_PicaAxe_DamFinalBlow_New,30/1,62,2.0333333015441895,1.0,SourceSequence
SharedSourceReferences,/Game/_Art/Enemies/HeinMach/Humanoids/Shared/Animations/Playback/A_EN_PLAY_CA_M_Human_Adult_M_PicaClub_Run,DirectOriginalTimeline,BBQ/Content/_Kazan_/Art/Character/CHA_Model/Monster_Human/Adult/Adult_M/Animation/PicaClub/CA_M_Human_Adult_M_PicaClub_Run,30/1,25,0.800000011920929,1.0,SourceSequence
SharedSourceReferences,/Game/_Art/Enemies/HeinMach/Humanoids/Shared/Animations/Playback/A_EN_PLAY_CA_M_Human_Adult_M_PicaClub_Stand_F,DirectOriginalTimeline,BBQ/Content/_Kazan_/Art/Character/CHA_Model/Monster_Human/Adult/Adult_M/Animation/PicaClub/CA_M_Human_Adult_M_PicaClub_Stand_F,30/1,62,2.0333333015441895,1.0,SourceSequence
SharedSourceReferences,/Game/_Art/Enemies/HeinMach/Humanoids/Shared/Animations/Playback/A_EN_PLAY_CA_M_Human_Adult_M_PicaClub_Walk_F,DirectOriginalTimeline,BBQ/Content/_Kazan_/Art/Character/CHA_Model/Monster_Human/Adult/Adult_M/Animation/PicaClub/CA_M_Human_Adult_M_PicaClub_Walk_F,30/1,31,1.0,1.0,SourceSequence
SharedSourceReferences,/Game/_Art/Enemies/HeinMach/Humanoids/Shared/Animations/Playback/A_EN_PLAY_CA_M_Human_Elite_M_LOD_Pose,DirectOriginalTimeline,BBQ/Content/_Kazan_/Art/Character/CHA_Model/Monster_Human/Elite/Elite_M/Animation/CA_M_Human_Elite_M_LOD_Pose,30/1,2,0.03333333507180214,1.0,SourceSequence
SharedSourceReferences,/Game/_Art/Enemies/HeinMach/Humanoids/Shared/Animations/Playback/A_EN_PLAY_CA_M_PicaCoward_Run_F_Fear_Ty3,DirectOriginalTimeline,BBQ/Content/_Kazan_/Art/Character/CHA_Model/Monster_Human/Adult/Adult_M/Animation/PicaCoward/CA_M_PicaCoward_Run_F_Fear_Ty3,30/1,161,5.333333492279053,1.0,SourceSequence
SwordShield,/Game/_Art/Enemies/HeinMach/Humanoids/SwordShield/Animations/Playback/A_EN_PLAY_AC_EmpireSwordShield_Basic_End_01,CompositeBake,BBQ/Content/_Kazan_/Design/Monster/Human/Empire/Empire_SwordShield/Moving/Reaction/AC_EmpireSwordShield_Basic_End_01,30/1,31,1.0,1.0,PlaybackClip
SwordShield,/Game/_Art/Enemies/HeinMach/Humanoids/SwordShield/Animations/Playback/A_EN_PLAY_AC_EmpireSwordShield_Basic_End_02,CompositeBake,BBQ/Content/_Kazan_/Design/Monster/Human/Empire/Empire_SwordShield/Moving/Reaction/AC_EmpireSwordShield_Basic_End_02,30/1,37,1.2000000476837158,1.0,PlaybackClip
SwordShield,/Game/_Art/Enemies/HeinMach/Humanoids/SwordShield/Animations/Playback/A_EN_PLAY_AC_EmpireSwordShield_Basic_End_03,CompositeBake,BBQ/Content/_Kazan_/Design/Monster/Human/Empire/Empire_SwordShield/Moving/Reaction/AC_EmpireSwordShield_Basic_End_03,30/1,31,1.0,1.0,PlaybackClip
SwordShield,/Game/_Art/Enemies/HeinMach/Humanoids/SwordShield/Animations/Playback/A_EN_PLAY_AC_EmpireSwordShield_Basic_Loop_01,CompositeBake,BBQ/Content/_Kazan_/Design/Monster/Human/Empire/Empire_SwordShield/Moving/Reaction/AC_EmpireSwordShield_Basic_Loop_01,30/1,281,9.333333015441895,1.0,PlaybackClip
SwordShield,/Game/_Art/Enemies/HeinMach/Humanoids/SwordShield/Animations/Playback/A_EN_PLAY_AC_EmpireSwordShield_Basic_Loop_02,CompositeBake,BBQ/Content/_Kazan_/Design/Monster/Human/Empire/Empire_SwordShield/Moving/Reaction/AC_EmpireSwordShield_Basic_Loop_02,30/1,221,7.333333492279053,1.0,PlaybackClip
SwordShield,/Game/_Art/Enemies/HeinMach/Humanoids/SwordShield/Animations/Playback/A_EN_PLAY_AC_EmpireSwordShield_Basic_Loop_03,CompositeBake,BBQ/Content/_Kazan_/Design/Monster/Human/Empire/Empire_SwordShield/Moving/Reaction/AC_EmpireSwordShield_Basic_Loop_03,30/1,335,11.133333206176758,1.0,PlaybackClip
SwordShield,/Game/_Art/Enemies/HeinMach/Humanoids/SwordShield/Animations/Playback/A_EN_PLAY_AC_EmpireSwordShield_Basic_Sit_End_01,CompositeBake,BBQ/Content/_Kazan_/Design/Monster/Human/Empire/Empire_SwordShield/Moving/Reaction/AC_EmpireSwordShield_Basic_Sit_End_01,30/1,81,2.6666667461395264,1.0,PlaybackClip
SwordShield,/Game/_Art/Enemies/HeinMach/Humanoids/SwordShield/Animations/Playback/A_EN_PLAY_AC_EmpireSwordShield_Basic_Sit_Loop_01,CompositeBake,BBQ/Content/_Kazan_/Design/Monster/Human/Empire/Empire_SwordShield/Moving/Reaction/AC_EmpireSwordShield_Basic_Sit_Loop_01,30/1,201,6.666666507720947,1.0,PlaybackClip
SwordShield,/Game/_Art/Enemies/HeinMach/Humanoids/SwordShield/Animations/Playback/A_EN_PLAY_AC_EmpireSwordShield_Basic_Talk_End_01,CompositeBake,BBQ/Content/_Kazan_/Design/Monster/Human/Empire/Empire_SwordShield/Moving/Reaction/AC_EmpireSwordShield_Basic_Talk_End_01,30/1,31,1.0,1.0,PlaybackClip
SwordShield,/Game/_Art/Enemies/HeinMach/Humanoids/SwordShield/Animations/Playback/A_EN_PLAY_AC_EmpireSwordShield_Basic_Talk_Loop_01,CompositeBake,BBQ/Content/_Kazan_/Design/Monster/Human/Empire/Empire_SwordShield/Moving/Reaction/AC_EmpireSwordShield_Basic_Talk_Loop_01,30/1,342,11.366666793823242,1.0,PlaybackClip
SwordShield,/Game/_Art/Enemies/HeinMach/Humanoids/SwordShield/Animations/Playback/A_EN_PLAY_AC_Empire_SwordShield_DamFinalBlow,CompositeBake,BBQ/Content/_Kazan_/Design/Monster/Human/Empire/Empire_SwordShield/Moving/Reaction/AC_Empire_SwordShield_DamFinalBlow,30/1,64,2.0999999046325684,1.0,PlaybackClip
SwordShield,/Game/_Art/Enemies/HeinMach/Humanoids/SwordShield/Animations/Playback/A_EN_PLAY_AC_Empire_SwordShield_DamageAir_B_Down,CompositeBake,BBQ/Content/_Kazan_/Design/Monster/Human/Empire/Empire_SwordShield/Moving/Reaction/AC_Empire_SwordShield_DamageAir_B_Down,5000/167,6,0.16699999570846558,1.0,PlaybackClip
SwordShield,/Game/_Art/Enemies/HeinMach/Humanoids/SwordShield/Animations/Playback/A_EN_PLAY_AC_Empire_SwordShield_DamageAir_B_Land,CompositeBake,BBQ/Content/_Kazan_/Design/Monster/Human/Empire/Empire_SwordShield/Moving/Reaction/AC_Empire_SwordShield_DamageAir_B_Land,2000869/66624,28,0.8990333676338196,1.0,PlaybackClip
SwordShield,/Game/_Art/Enemies/HeinMach/Humanoids/SwordShield/Animations/Playback/A_EN_PLAY_AC_Empire_SwordShield_DamageAir_B_Peak,CompositeBake,BBQ/Content/_Kazan_/Design/Monster/Human/Empire/Empire_SwordShield/Moving/Reaction/AC_Empire_SwordShield_DamageAir_B_Peak,30/1,4,0.10000000149011612,1.0,PlaybackClip
SwordShield,/Game/_Art/Enemies/HeinMach/Humanoids/SwordShield/Animations/Playback/A_EN_PLAY_AC_Empire_SwordShield_DamageAir_B_Up,CompositeBake,BBQ/Content/_Kazan_/Design/Monster/Human/Empire/Empire_SwordShield/Moving/Reaction/AC_Empire_SwordShield_DamageAir_B_Up,5000/167,6,0.16699999570846558,1.0,PlaybackClip
SwordShield,/Game/_Art/Enemies/HeinMach/Humanoids/SwordShield/Animations/Playback/A_EN_PLAY_AC_Empire_SwordShield_DamageAir_F_Down,CompositeBake,BBQ/Content/_Kazan_/Design/Monster/Human/Empire/Empire_SwordShield/Moving/Reaction/AC_Empire_SwordShield_DamageAir_F_Down,5000/167,6,0.16699999570846558,1.0,PlaybackClip
SwordShield,/Game/_Art/Enemies/HeinMach/Humanoids/SwordShield/Animations/Playback/A_EN_PLAY_AC_Empire_SwordShield_DamageAir_F_Land,CompositeBake,BBQ/Content/_Kazan_/Design/Monster/Human/Empire/Empire_SwordShield/Moving/Reaction/AC_Empire_SwordShield_DamageAir_F_Land,2000869/66624,28,0.8990333676338196,1.0,PlaybackClip
SwordShield,/Game/_Art/Enemies/HeinMach/Humanoids/SwordShield/Animations/Playback/A_EN_PLAY_AC_Empire_SwordShield_DamageAir_F_Peak,CompositeBake,BBQ/Content/_Kazan_/Design/Monster/Human/Empire/Empire_SwordShield/Moving/Reaction/AC_Empire_SwordShield_DamageAir_F_Peak,30/1,4,0.10000000149011612,1.0,PlaybackClip
SwordShield,/Game/_Art/Enemies/HeinMach/Humanoids/SwordShield/Animations/Playback/A_EN_PLAY_AC_Empire_SwordShield_DamageAir_F_Up,CompositeBake,BBQ/Content/_Kazan_/Design/Monster/Human/Empire/Empire_SwordShield/Moving/Reaction/AC_Empire_SwordShield_DamageAir_F_Up,5000/167,6,0.16699999570846558,1.0,PlaybackClip
SwordShield,/Game/_Art/Enemies/HeinMach/Humanoids/SwordShield/Animations/Playback/A_EN_PLAY_AC_Empire_SwordShield_DamageDown_B,CompositeBake,BBQ/Content/_Kazan_/Design/Monster/Human/Empire/Empire_SwordShield/Moving/Reaction/AC_Empire_SwordShield_DamageDown_B,30/1,21,0.6666666865348816,1.0,PlaybackClip
SwordShield,/Game/_Art/Enemies/HeinMach/Humanoids/SwordShield/Animations/Playback/A_EN_PLAY_AC_Empire_SwordShield_DamageDown_F,CompositeBake,BBQ/Content/_Kazan_/Design/Monster/Human/Empire/Empire_SwordShield/Moving/Reaction/AC_Empire_SwordShield_DamageDown_F,30/1,21,0.6666666865348816,1.0,PlaybackClip
SwordShield,/Game/_Art/Enemies/HeinMach/Humanoids/SwordShield/Animations/Playback/A_EN_PLAY_AC_Empire_SwordShield_DamageGrapple_Atk_01,CompositeBake,BBQ/Content/_Kazan_/Design/Monster/Human/Empire/Empire_SwordShield/Moving/Reaction/AC_Empire_SwordShield_DamageGrapple_Atk_01,30/1,42,1.3666666746139526,1.0,PlaybackClip
SwordShield,/Game/_Art/Enemies/HeinMach/Humanoids/SwordShield/Animations/Playback/A_EN_PLAY_AC_Empire_SwordShield_DamageGrapple_Atk_02,CompositeBake,BBQ/Content/_Kazan_/Design/Monster/Human/Empire/Empire_SwordShield/Moving/Reaction/AC_Empire_SwordShield_DamageGrapple_Atk_02,30/1,34,1.100000023841858,1.0,PlaybackClip
SwordShield,/Game/_Art/Enemies/HeinMach/Humanoids/SwordShield/Animations/Playback/A_EN_PLAY_AC_Empire_SwordShield_DamageGrapple_Atk_B_01,CompositeBake,BBQ/Content/_Kazan_/Design/Monster/Human/Empire/Empire_SwordShield/Moving/Reaction/AC_Empire_SwordShield_DamageGrapple_Atk_B_01,30/1,41,1.3333333730697632,1.0,PlaybackClip
SwordShield,/Game/_Art/Enemies/HeinMach/Humanoids/SwordShield/Animations/Playback/A_EN_PLAY_AC_Empire_SwordShield_DamageGrapple_Atk_B_02,CompositeBake,BBQ/Content/_Kazan_/Design/Monster/Human/Empire/Empire_SwordShield/Moving/Reaction/AC_Empire_SwordShield_DamageGrapple_Atk_B_02,30/1,76,2.5,1.0,PlaybackClip
SwordShield,/Game/_Art/Enemies/HeinMach/Humanoids/SwordShield/Animations/Playback/A_EN_PLAY_AC_Empire_SwordShield_DamageNormal_D_B,CompositeBake,BBQ/Content/_Kazan_/Design/Monster/Human/Empire/Empire_SwordShield/Moving/Reaction/AC_Empire_SwordShield_DamageNormal_D_B,2882733/48343,61,1.0061910152435303,1.0,PlaybackClip
SwordShield,/Game/_Art/Enemies/HeinMach/Humanoids/SwordShield/Animations/Playback/A_EN_PLAY_AC_Empire_SwordShield_DamageNormal_D_F,CompositeBake,BBQ/Content/_Kazan_/Design/Monster/Human/Empire/Empire_SwordShield/Moving/Reaction/AC_Empire_SwordShield_DamageNormal_D_F,30/1,22,0.699999988079071,1.0,PlaybackClip
SwordShield,/Game/_Art/Enemies/HeinMach/Humanoids/SwordShield/Animations/Playback/A_EN_PLAY_AC_Empire_SwordShield_DamageNormal_L_F,CompositeBake,BBQ/Content/_Kazan_/Design/Monster/Human/Empire/Empire_SwordShield/Moving/Reaction/AC_Empire_SwordShield_DamageNormal_L_F,30/1,22,0.699999988079071,1.0,PlaybackClip
SwordShield,/Game/_Art/Enemies/HeinMach/Humanoids/SwordShield/Animations/Playback/A_EN_PLAY_AC_Empire_SwordShield_DamageNormal_R_F,CompositeBake,BBQ/Content/_Kazan_/Design/Monster/Human/Empire/Empire_SwordShield/Moving/Reaction/AC_Empire_SwordShield_DamageNormal_R_F,30/1,22,0.699999988079071,1.0,PlaybackClip
SwordShield,/Game/_Art/Enemies/HeinMach/Humanoids/SwordShield/Animations/Playback/A_EN_PLAY_AC_Empire_SwordShield_DamageNormal_U_B,CompositeBake,BBQ/Content/_Kazan_/Design/Monster/Human/Empire/Empire_SwordShield/Moving/Reaction/AC_Empire_SwordShield_DamageNormal_U_B,2527651/41988,62,1.0132997035980225,1.0,PlaybackClip
SwordShield,/Game/_Art/Enemies/HeinMach/Humanoids/SwordShield/Animations/Playback/A_EN_PLAY_AC_Empire_SwordShield_DamageNormal_U_F,CompositeBake,BBQ/Content/_Kazan_/Design/Monster/Human/Empire/Empire_SwordShield/Moving/Reaction/AC_Empire_SwordShield_DamageNormal_U_F,30/1,22,0.699999988079071,1.0,PlaybackClip
SwordShield,/Game/_Art/Enemies/HeinMach/Humanoids/SwordShield/Animations/Playback/A_EN_PLAY_AC_Empire_SwordShield_DamageStrong_D_F,CompositeBake,BBQ/Content/_Kazan_/Design/Monster/Human/Empire/Empire_SwordShield/Moving/Reaction/AC_Empire_SwordShield_DamageStrong_D_F,30/1,34,1.100000023841858,1.0,PlaybackClip
SwordShield,/Game/_Art/Enemies/HeinMach/Humanoids/SwordShield/Animations/Playback/A_EN_PLAY_AC_Empire_SwordShield_DamageStrong_D_F_2,CompositeBake,BBQ/Content/_Kazan_/Design/Monster/Human/Empire/Empire_SwordShield/Moving/Reaction/AC_Empire_SwordShield_DamageStrong_D_F_2,30/1,34,1.100000023841858,1.0,PlaybackClip
SwordShield,/Game/_Art/Enemies/HeinMach/Humanoids/SwordShield/Animations/Playback/A_EN_PLAY_AC_Empire_SwordShield_DamageStrong_L_F,CompositeBake,BBQ/Content/_Kazan_/Design/Monster/Human/Empire/Empire_SwordShield/Moving/Reaction/AC_Empire_SwordShield_DamageStrong_L_F,30/1,34,1.100000023841858,1.0,PlaybackClip
SwordShield,/Game/_Art/Enemies/HeinMach/Humanoids/SwordShield/Animations/Playback/A_EN_PLAY_AC_Empire_SwordShield_DamageStrong_R_F,CompositeBake,BBQ/Content/_Kazan_/Design/Monster/Human/Empire/Empire_SwordShield/Moving/Reaction/AC_Empire_SwordShield_DamageStrong_R_F,30/1,34,1.100000023841858,1.0,PlaybackClip
SwordShield,/Game/_Art/Enemies/HeinMach/Humanoids/SwordShield/Animations/Playback/A_EN_PLAY_AC_Empire_SwordShield_DamageStrong_U_F,CompositeBake,BBQ/Content/_Kazan_/Design/Monster/Human/Empire/Empire_SwordShield/Moving/Reaction/AC_Empire_SwordShield_DamageStrong_U_F,30/1,34,1.100000023841858,1.0,PlaybackClip
SwordShield,/Game/_Art/Enemies/HeinMach/Humanoids/SwordShield/Animations/Playback/A_EN_PLAY_AC_Empire_SwordShield_DamageWeak_D_F,CompositeBake,BBQ/Content/_Kazan_/Design/Monster/Human/Empire/Empire_SwordShield/Moving/Reaction/AC_Empire_SwordShield_DamageWeak_D_F,30/1,13,0.4000000059604645,1.0,PlaybackClip
SwordShield,/Game/_Art/Enemies/HeinMach/Humanoids/SwordShield/Animations/Playback/A_EN_PLAY_AC_Empire_SwordShield_DamageWeak_L_F,CompositeBake,BBQ/Content/_Kazan_/Design/Monster/Human/Empire/Empire_SwordShield/Moving/Reaction/AC_Empire_SwordShield_DamageWeak_L_F,30/1,13,0.4000000059604645,1.0,PlaybackClip
SwordShield,/Game/_Art/Enemies/HeinMach/Humanoids/SwordShield/Animations/Playback/A_EN_PLAY_AC_Empire_SwordShield_DamageWeak_R_F,CompositeBake,BBQ/Content/_Kazan_/Design/Monster/Human/Empire/Empire_SwordShield/Moving/Reaction/AC_Empire_SwordShield_DamageWeak_R_F,30/1,13,0.4000000059604645,1.0,PlaybackClip
SwordShield,/Game/_Art/Enemies/HeinMach/Humanoids/SwordShield/Animations/Playback/A_EN_PLAY_AC_Empire_SwordShield_DamageWeak_U_F,CompositeBake,BBQ/Content/_Kazan_/Design/Monster/Human/Empire/Empire_SwordShield/Moving/Reaction/AC_Empire_SwordShield_DamageWeak_U_F,30/1,13,0.4000000059604645,1.0,PlaybackClip
SwordShield,/Game/_Art/Enemies/HeinMach/Humanoids/SwordShield/Animations/Playback/A_EN_PLAY_AC_Empire_SwordShield_Down_Die_B,CompositeBake,BBQ/Content/_Kazan_/Design/Monster/Human/Empire/Empire_SwordShield/Moving/Reaction/AC_Empire_SwordShield_Down_Die_B,30/1,331,11.0,1.0,PlaybackClip
SwordShield,/Game/_Art/Enemies/HeinMach/Humanoids/SwordShield/Animations/Playback/A_EN_PLAY_AC_Empire_SwordShield_Down_Die_F,CompositeBake,BBQ/Content/_Kazan_/Design/Monster/Human/Empire/Empire_SwordShield/Moving/Reaction/AC_Empire_SwordShield_Down_Die_F,30/1,331,11.0,1.0,PlaybackClip
SwordShield,/Game/_Art/Enemies/HeinMach/Humanoids/SwordShield/Animations/Playback/A_EN_PLAY_AC_Empire_SwordShield_Down_Loop_B,CompositeBake,BBQ/Content/_Kazan_/Design/Monster/Human/Empire/Empire_SwordShield/Moving/Reaction/AC_Empire_SwordShield_Down_Loop_B,30/1,49,1.600000023841858,1.0,PlaybackClip
SwordShield,/Game/_Art/Enemies/HeinMach/Humanoids/SwordShield/Animations/Playback/A_EN_PLAY_AC_Empire_SwordShield_Down_Loop_F,CompositeBake,BBQ/Content/_Kazan_/Design/Monster/Human/Empire/Empire_SwordShield/Moving/Reaction/AC_Empire_SwordShield_Down_Loop_F,30/1,49,1.600000023841858,1.0,PlaybackClip
SwordShield,/Game/_Art/Enemies/HeinMach/Humanoids/SwordShield/Animations/Playback/A_EN_PLAY_AC_Empire_SwordShield_Getup_B,CompositeBake,BBQ/Content/_Kazan_/Design/Monster/Human/Empire/Empire_SwordShield/Moving/Reaction/AC_Empire_SwordShield_Getup_B,30/1,61,2.0,1.0,PlaybackClip
SwordShield,/Game/_Art/Enemies/HeinMach/Humanoids/SwordShield/Animations/Playback/A_EN_PLAY_AC_Empire_SwordShield_Getup_F,CompositeBake,BBQ/Content/_Kazan_/Design/Monster/Human/Empire/Empire_SwordShield/Moving/Reaction/AC_Empire_SwordShield_Getup_F,30/1,51,1.6666666269302368,1.0,PlaybackClip
SwordShield,/Game/_Art/Enemies/HeinMach/Humanoids/SwordShield/Animations/Playback/A_EN_PLAY_AC_Empire_SwordShield_Groggy_End,CompositeBake,BBQ/Content/_Kazan_/Design/Monster/Human/Empire/Empire_SwordShield/Moving/Reaction/AC_Empire_SwordShield_Groggy_End,30/1,24,0.7666666507720947,1.0,PlaybackClip
SwordShield,/Game/_Art/Enemies/HeinMach/Humanoids/SwordShield/Animations/Playback/A_EN_PLAY_AC_Empire_SwordShield_Groggy_Loop,CompositeBake,BBQ/Content/_Kazan_/Design/Monster/Human/Empire/Empire_SwordShield/Moving/Reaction/AC_Empire_SwordShield_Groggy_Loop,30/1,46,1.5,1.0,PlaybackClip
SwordShield,/Game/_Art/Enemies/HeinMach/Humanoids/SwordShield/Animations/Playback/A_EN_PLAY_AC_Empire_SwordShield_Groggy_Start,CompositeBake,BBQ/Content/_Kazan_/Design/Monster/Human/Empire/Empire_SwordShield/Moving/Reaction/AC_Empire_SwordShield_Groggy_Start,30/1,21,0.6666666865348816,1.0,PlaybackClip
SwordShield,/Game/_Art/Enemies/HeinMach/Humanoids/SwordShield/Animations/Playback/A_EN_PLAY_AC_Empire_SwordShield_Ground_Die_F,CompositeBake,BBQ/Content/_Kazan_/Design/Monster/Human/Empire/Empire_SwordShield/Moving/Reaction/AC_Empire_SwordShield_Ground_Die_F,30/1,331,11.0,1.0,PlaybackClip
SwordShield,/Game/_Art/Enemies/HeinMach/Humanoids/SwordShield/Animations/Playback/A_EN_PLAY_AC_Empire_SwordShield_GuardReaction_Broken,CompositeBake,BBQ/Content/_Kazan_/Design/Monster/Human/Empire/Empire_SwordShield/Skill/GuardReaction/AC_Empire_SwordShield_GuardReaction_Broken,1042769/17383,134,2.2171151638031006,1.0,PlaybackClip
SwordShield,/Game/_Art/Enemies/HeinMach/Humanoids/SwordShield/Animations/Playback/A_EN_PLAY_AC_Empire_SwordShield_GuardReaction_Broken_Full,CompositeBake,BBQ/Content/_Kazan_/Design/Monster/Human/Empire/Empire_SwordShield/Skill/GuardReaction/AC_Empire_SwordShield_GuardReaction_Broken_Full,30/1,71,2.3333332538604736,1.0,PlaybackClip
SwordShield,/Game/_Art/Enemies/HeinMach/Humanoids/SwordShield/Animations/Playback/A_EN_PLAY_AC_Empire_SwordShield_GuardReaction_End,CompositeBake,BBQ/Content/_Kazan_/Design/Monster/Human/Empire/Empire_SwordShield/Skill/GuardReaction/AC_Empire_SwordShield_GuardReaction_End,30/1,14,0.4333333373069763,1.0,PlaybackClip
SwordShield,/Game/_Art/Enemies/HeinMach/Humanoids/SwordShield/Animations/Playback/A_EN_PLAY_AC_Empire_SwordShield_GuardReaction_Hit,CompositeBake,BBQ/Content/_Kazan_/Design/Monster/Human/Empire/Empire_SwordShield/Skill/GuardReaction/AC_Empire_SwordShield_GuardReaction_Hit,30/1,21,0.6666666865348816,1.0,PlaybackClip
SwordShield,/Game/_Art/Enemies/HeinMach/Humanoids/SwordShield/Animations/Playback/A_EN_PLAY_AC_Empire_SwordShield_Guard_Broken,CompositeBake,BBQ/Content/_Kazan_/Design/Monster/Human/Empire/Empire_SwordShield/Skill/Guard/AC_Empire_SwordShield_Guard_Broken,260/9,14,0.44999998807907104,1.0,PlaybackClip
SwordShield,/Game/_Art/Enemies/HeinMach/Humanoids/SwordShield/Animations/Playback/A_EN_PLAY_AC_Empire_SwordShield_Guard_Broken_Full,CompositeBake,BBQ/Content/_Kazan_/Design/Monster/Human/Empire/Empire_SwordShield/Skill/Guard/AC_Empire_SwordShield_Guard_Broken_Full,30/1,71,2.3333332538604736,1.0,PlaybackClip
SwordShield,/Game/_Art/Enemies/HeinMach/Humanoids/SwordShield/Animations/Playback/A_EN_PLAY_AC_Empire_SwordShield_Guard_Broken_Full_New,CompositeBake,BBQ/Content/_Kazan_/Design/Monster/Human/Empire/Empire_SwordShield/Skill/Guard/AC_Empire_SwordShield_Guard_Broken_Full_New,3907495/65098,134,2.2157504558563232,1.0,PlaybackClip
SwordShield,/Game/_Art/Enemies/HeinMach/Humanoids/SwordShield/Animations/Playback/A_EN_PLAY_AC_Empire_SwordShield_Guard_End,CompositeBake,BBQ/Content/_Kazan_/Design/Monster/Human/Empire/Empire_SwordShield/Skill/Guard/AC_Empire_SwordShield_Guard_End,30/1,14,0.4333333373069763,1.0,PlaybackClip
SwordShield,/Game/_Art/Enemies/HeinMach/Humanoids/SwordShield/Animations/Playback/A_EN_PLAY_AC_Empire_SwordShield_Guard_Hit,CompositeBake,BBQ/Content/_Kazan_/Design/Monster/Human/Empire/Empire_SwordShield/Skill/Guard/AC_Empire_SwordShield_Guard_Hit,30/1,21,0.6666666865348816,1.0,PlaybackClip
SwordShield,/Game/_Art/Enemies/HeinMach/Humanoids/SwordShield/Animations/Playback/A_EN_PLAY_AC_Empire_SwordShield_Guard_Loop,CompositeBake,BBQ/Content/_Kazan_/Design/Monster/Human/Empire/Empire_SwordShield/Skill/Guard/AC_Empire_SwordShield_Guard_Loop,30/1,61,2.0,1.0,PlaybackClip
SwordShield,/Game/_Art/Enemies/HeinMach/Humanoids/SwordShield/Animations/Playback/A_EN_PLAY_AC_Empire_SwordShield_Guard_Start,CompositeBake,BBQ/Content/_Kazan_/Design/Monster/Human/Empire/Empire_SwordShield/Skill/Guard/AC_Empire_SwordShield_Guard_Start,30/1,7,0.20000000298023224,1.0,PlaybackClip
SwordShield,/Game/_Art/Enemies/HeinMach/Humanoids/SwordShield/Animations/Playback/A_EN_PLAY_AC_Empire_SwordShield_LockOnWalk_B,CompositeBake,BBQ/Content/_Kazan_/Design/Monster/Human/Empire/Empire_SwordShield/Moving/Reaction/AC_Empire_SwordShield_LockOnWalk_B,30/1,31,1.0,1.0,PlaybackClip
SwordShield,/Game/_Art/Enemies/HeinMach/Humanoids/SwordShield/Animations/Playback/A_EN_PLAY_AC_Empire_SwordShield_LockOnWalk_F,CompositeBake,BBQ/Content/_Kazan_/Design/Monster/Human/Empire/Empire_SwordShield/Moving/Reaction/AC_Empire_SwordShield_LockOnWalk_F,30/1,31,1.0,1.0,PlaybackClip
SwordShield,/Game/_Art/Enemies/HeinMach/Humanoids/SwordShield/Animations/Playback/A_EN_PLAY_AC_Empire_SwordShield_LockOnWalk_L,CompositeBake,BBQ/Content/_Kazan_/Design/Monster/Human/Empire/Empire_SwordShield/Moving/Reaction/AC_Empire_SwordShield_LockOnWalk_L,30/1,31,1.0,1.0,PlaybackClip
SwordShield,/Game/_Art/Enemies/HeinMach/Humanoids/SwordShield/Animations/Playback/A_EN_PLAY_AC_Empire_SwordShield_LockOnWalk_R,CompositeBake,BBQ/Content/_Kazan_/Design/Monster/Human/Empire/Empire_SwordShield/Moving/Reaction/AC_Empire_SwordShield_LockOnWalk_R,30/1,31,1.0,1.0,PlaybackClip
SwordShield,/Game/_Art/Enemies/HeinMach/Humanoids/SwordShield/Animations/Playback/A_EN_PLAY_AC_Empire_SwordShield_Pierce,CompositeBake,BBQ/Content/_Kazan_/Design/Monster/Human/Empire/Empire_SwordShield/Skill/Pierce/AC_Empire_SwordShield_Pierce,1630404/27127,135,2.229519844055176,1.0,PlaybackClip
SwordShield,/Game/_Art/Enemies/HeinMach/Humanoids/SwordShield/Animations/Playback/A_EN_PLAY_AC_Empire_SwordShield_Run_F,CompositeBake,BBQ/Content/_Kazan_/Design/Monster/Human/Empire/Empire_SwordShield/Moving/Reaction/AC_Empire_SwordShield_Run_F,30/1,24,0.7666666507720947,1.0,PlaybackClip
SwordShield,/Game/_Art/Enemies/HeinMach/Humanoids/SwordShield/Animations/Playback/A_EN_PLAY_AC_Empire_SwordShield_ShieldCrash,CompositeBake,BBQ/Content/_Kazan_/Design/Monster/Human/Empire/Empire_SwordShield/Skill/ShieldCrash/AC_Empire_SwordShield_ShieldCrash,576655/9647,108,1.790028691291809,1.0,PlaybackClip
SwordShield,/Game/_Art/Enemies/HeinMach/Humanoids/SwordShield/Animations/Playback/A_EN_PLAY_AC_Empire_SwordShield_Stand_F,CompositeBake,BBQ/Content/_Kazan_/Design/Monster/Human/Empire/Empire_SwordShield/Moving/Reaction/AC_Empire_SwordShield_Stand_F,30/1,51,1.6666666269302368,1.0,PlaybackClip
SwordShield,/Game/_Art/Enemies/HeinMach/Humanoids/SwordShield/Animations/Playback/A_EN_PLAY_AC_Empire_SwordShield_SwordCombo_01,CompositeBake,BBQ/Content/_Kazan_/Design/Monster/Human/Empire/Empire_SwordShield/Skill/SwordCombo/AC_Empire_SwordShield_SwordCombo_01,890588/14895,132,2.190962553024292,1.0,PlaybackClip
SwordShield,/Game/_Art/Enemies/HeinMach/Humanoids/SwordShield/Animations/Playback/A_EN_PLAY_AC_Empire_SwordShield_SwordCombo_02,CompositeBake,BBQ/Content/_Kazan_/Design/Monster/Human/Empire/Empire_SwordShield/Skill/SwordCombo/AC_Empire_SwordShield_SwordCombo_02,3795152/63351,84,1.3854868412017822,1.0,PlaybackClip
SwordShield,/Game/_Art/Enemies/HeinMach/Humanoids/SwordShield/Animations/Playback/A_EN_PLAY_AC_Empire_SwordShield_Turn_L,CompositeBake,BBQ/Content/_Kazan_/Design/Monster/Human/Empire/Empire_SwordShield/Moving/Reaction/AC_Empire_SwordShield_Turn_L,30/1,32,1.0333333015441895,1.0,PlaybackClip
SwordShield,/Game/_Art/Enemies/HeinMach/Humanoids/SwordShield/Animations/Playback/A_EN_PLAY_AC_Empire_SwordShield_Turn_L_180,CompositeBake,BBQ/Content/_Kazan_/Design/Monster/Human/Empire/Empire_SwordShield/Moving/Reaction/AC_Empire_SwordShield_Turn_L_180,30/1,44,1.4333332777023315,1.0,PlaybackClip
SwordShield,/Game/_Art/Enemies/HeinMach/Humanoids/SwordShield/Animations/Playback/A_EN_PLAY_AC_Empire_SwordShield_Turn_R,CompositeBake,BBQ/Content/_Kazan_/Design/Monster/Human/Empire/Empire_SwordShield/Moving/Reaction/AC_Empire_SwordShield_Turn_R,30/1,32,1.0333333015441895,1.0,PlaybackClip
SwordShield,/Game/_Art/Enemies/HeinMach/Humanoids/SwordShield/Animations/Playback/A_EN_PLAY_AC_Empire_SwordShield_Turn_R_180,CompositeBake,BBQ/Content/_Kazan_/Design/Monster/Human/Empire/Empire_SwordShield/Moving/Reaction/AC_Empire_SwordShield_Turn_R_180,30/1,41,1.3333333730697632,1.0,PlaybackClip
SwordShield,/Game/_Art/Enemies/HeinMach/Humanoids/SwordShield/Animations/Playback/A_EN_PLAY_AC_Empire_SwordShield_Vigilant_FreakOut_Armed,CompositeBake,BBQ/Content/_Kazan_/Design/Monster/Human/Empire/Empire_SwordShield/Skill/Vigilant/FreakOut_Armed/AC_Empire_SwordShield_Vigilant_FreakOut_Armed,30/1,57,1.8666666746139526,1.0,PlaybackClip
SwordShield,/Game/_Art/Enemies/HeinMach/Humanoids/SwordShield/Animations/Playback/A_EN_PLAY_AC_Empire_SwordShield_Vigilant_LookAround,CompositeBake,BBQ/Content/_Kazan_/Design/Monster/Human/Empire/Empire_SwordShield/Skill/Vigilant/LookAround/AC_Empire_SwordShield_Vigilant_LookAround,30/1,286,9.5,1.0,PlaybackClip
SwordShield,/Game/_Art/Enemies/HeinMach/Humanoids/SwordShield/Animations/Playback/A_EN_PLAY_AC_Empire_SwordShield_Walk_F,CompositeBake,BBQ/Content/_Kazan_/Design/Monster/Human/Empire/Empire_SwordShield/Moving/Reaction/AC_Empire_SwordShield_Walk_F,30/1,31,1.0,1.0,PlaybackClip
SwordShield,/Game/_Art/Enemies/HeinMach/Humanoids/SwordShield/Animations/Playback/A_EN_PLAY_AC_M_Empire_SwordShield_DamageParry_F,CompositeBake,BBQ/Content/_Kazan_/Design/Monster/Human/Empire/Empire_SwordShield/Moving/Reaction/AC_M_Empire_SwordShield_DamageParry_F,30/1,46,1.5,1.0,PlaybackClip
SwordShield,/Game/_Art/Enemies/HeinMach/Humanoids/SwordShield/Animations/Playback/A_EN_PLAY_CA_M_EmpireSwordShield_FallDown_End,DirectOriginalTimeline,BBQ/Content/_Kazan_/Art/Character/CHA_Model/Monster_Human/Adult/Adult_M/Animation/EmpireSwordShield/CA_M_EmpireSwordShield_FallDown_End,30/1,28,0.8999999761581421,1.0,SourceSequence
SwordShield,/Game/_Art/Enemies/HeinMach/Humanoids/SwordShield/Animations/Playback/A_EN_PLAY_CA_M_EmpireSwordShield_FallDown_Loop,DirectOriginalTimeline,BBQ/Content/_Kazan_/Art/Character/CHA_Model/Monster_Human/Adult/Adult_M/Animation/EmpireSwordShield/CA_M_EmpireSwordShield_FallDown_Loop,30/1,31,1.0,1.0,SourceSequence
SwordShield,/Game/_Art/Enemies/HeinMach/Humanoids/SwordShield/Animations/Playback/A_EN_PLAY_CA_M_EmpireSwordShield_FallDown_Start,DirectOriginalTimeline,BBQ/Content/_Kazan_/Art/Character/CHA_Model/Monster_Human/Adult/Adult_M/Animation/EmpireSwordShield/CA_M_EmpireSwordShield_FallDown_Start,30/1,60,1.9666666984558105,1.0,SourceSequence
SwordShield,/Game/_Art/Enemies/HeinMach/Humanoids/SwordShield/Animations/Playback/A_EN_PLAY_CA_M_EmpireSwordShield_LockOnWalk_B,DirectOriginalTimeline,BBQ/Content/_Kazan_/Art/Character/CHA_Model/Monster_Human/Adult/Adult_M/Animation/EmpireSwordShield/CA_M_EmpireSwordShield_LockOnWalk_B,30/1,31,1.0,1.0,SourceSequence
SwordShield,/Game/_Art/Enemies/HeinMach/Humanoids/SwordShield/Animations/Playback/A_EN_PLAY_CA_M_EmpireSwordShield_LockOnWalk_F,DirectOriginalTimeline,BBQ/Content/_Kazan_/Art/Character/CHA_Model/Monster_Human/Adult/Adult_M/Animation/EmpireSwordShield/CA_M_EmpireSwordShield_LockOnWalk_F,30/1,31,1.0,1.0,SourceSequence
SwordShield,/Game/_Art/Enemies/HeinMach/Humanoids/SwordShield/Animations/Playback/A_EN_PLAY_CA_M_EmpireSwordShield_LockOnWalk_L,DirectOriginalTimeline,BBQ/Content/_Kazan_/Art/Character/CHA_Model/Monster_Human/Adult/Adult_M/Animation/EmpireSwordShield/CA_M_EmpireSwordShield_LockOnWalk_L,30/1,31,1.0,1.0,SourceSequence
SwordShield,/Game/_Art/Enemies/HeinMach/Humanoids/SwordShield/Animations/Playback/A_EN_PLAY_CA_M_EmpireSwordShield_LockOnWalk_R,DirectOriginalTimeline,BBQ/Content/_Kazan_/Art/Character/CHA_Model/Monster_Human/Adult/Adult_M/Animation/EmpireSwordShield/CA_M_EmpireSwordShield_LockOnWalk_R,30/1,31,1.0,1.0,SourceSequence
SwordShield,/Game/_Art/Enemies/HeinMach/Humanoids/SwordShield/Animations/Playback/A_EN_PLAY_CA_M_EmpireSwordShield_Run_F,DirectOriginalTimeline,BBQ/Content/_Kazan_/Art/Character/CHA_Model/Monster_Human/Adult/Adult_M/Animation/EmpireSwordShield/CA_M_EmpireSwordShield_Run_F,30/1,24,0.7666666507720947,1.0,SourceSequence
SwordShield,/Game/_Art/Enemies/HeinMach/Humanoids/SwordShield/Animations/Playback/A_EN_PLAY_CA_M_EmpireSwordShield_Run_F_02,DirectOriginalTimeline,BBQ/Content/_Kazan_/Art/Character/CHA_Model/Monster_Human/Adult/Adult_M/Animation/EmpireSwordShield/CA_M_EmpireSwordShield_Run_F_02,30/1,21,0.6666666865348816,1.0,SourceSequence
SwordShield,/Game/_Art/Enemies/HeinMach/Humanoids/SwordShield/Animations/Playback/A_EN_PLAY_CA_M_EmpireSwordShield_Stand_F,DirectOriginalTimeline,BBQ/Content/_Kazan_/Art/Character/CHA_Model/Monster_Human/Adult/Adult_M/Animation/EmpireSwordShield/CA_M_EmpireSwordShield_Stand_F,30/1,51,1.6666666269302368,1.0,SourceSequence
SwordShield,/Game/_Art/Enemies/HeinMach/Humanoids/SwordShield/Animations/Playback/A_EN_PLAY_CA_M_EmpireSwordShield_Walk_F,DirectOriginalTimeline,BBQ/Content/_Kazan_/Art/Character/CHA_Model/Monster_Human/Adult/Adult_M/Animation/EmpireSwordShield/CA_M_EmpireSwordShield_Walk_F,30/1,31,1.0,1.0,SourceSequence
SwordShield,/Game/_Art/Enemies/HeinMach/Humanoids/SwordShield/Animations/Playback/A_EN_PLAY_CA_M_EmpireSwordShield_Walk_F_02,DirectOriginalTimeline,BBQ/Content/_Kazan_/Art/Character/CHA_Model/Monster_Human/Adult/Adult_M/Animation/EmpireSwordShield/CA_M_EmpireSwordShield_Walk_F_02,30/1,35,1.1333333253860474,1.0,SourceSequence
Swordsman,/Game/_Art/Enemies/HeinMach/Humanoids/Swordsman/Animations/Playback/A_EN_PLAY_AC_EmpSwd_DamageGrapple_Atk_B_01,CompositeBake,BBQ/Content/_Kazan_/Design/Monster/Human/Empire/EmpireSword/Moving/Reaction/AC_EmpSwd_DamageGrapple_Atk_B_01,30/1,41,1.3333333730697632,1.0,PlaybackClip
Swordsman,/Game/_Art/Enemies/HeinMach/Humanoids/Swordsman/Animations/Playback/A_EN_PLAY_AC_EmpSwd_DamageGrapple_Atk_B_02,CompositeBake,BBQ/Content/_Kazan_/Design/Monster/Human/Empire/EmpireSword/Moving/Reaction/AC_EmpSwd_DamageGrapple_Atk_B_02,30/1,76,2.5,1.0,PlaybackClip
Swordsman,/Game/_Art/Enemies/HeinMach/Humanoids/Swordsman/Animations/Playback/A_EN_PLAY_AC_EmpireSword_Ballista_Attack,CompositeBake,BBQ/Content/_Kazan_/Design/Monster/Human/Empire/EmpireSword/Skill/Ballista/AC_EmpireSword_Ballista_Attack,5396065/89886,153,2.5319695472717285,1.0,PlaybackClip
Swordsman,/Game/_Art/Enemies/HeinMach/Humanoids/Swordsman/Animations/Playback/A_EN_PLAY_AC_EmpireSword_Ballista_HandBattle,CompositeBake,BBQ/Content/_Kazan_/Design/Monster/Human/Empire/EmpireSword/Skill/Ballista/AC_EmpireSword_Ballista_HandBattle,30/1,71,2.3333332538604736,1.0,PlaybackClip
Swordsman,/Game/_Art/Enemies/HeinMach/Humanoids/Swordsman/Animations/Playback/A_EN_PLAY_AC_EmpireSword_Ballista_Idle,CompositeBake,BBQ/Content/_Kazan_/Design/Monster/Human/Empire/EmpireSword/Skill/Ballista/AC_EmpireSword_Ballista_Idle,1905667/31819,62,1.0185195207595825,1.0,PlaybackClip
Swordsman,/Game/_Art/Enemies/HeinMach/Humanoids/Swordsman/Animations/Playback/A_EN_PLAY_AC_EmpireSword_Ballista_Loop,CompositeBake,BBQ/Content/_Kazan_/Design/Monster/Human/Empire/EmpireSword/Skill/Ballista/AC_EmpireSword_Ballista_Loop,30/1,56,1.8333333730697632,1.0,PlaybackClip
Swordsman,/Game/_Art/Enemies/HeinMach/Humanoids/Swordsman/Animations/Playback/A_EN_PLAY_AC_EmpireSword_Ballista_Reload,CompositeBake,BBQ/Content/_Kazan_/Design/Monster/Human/Empire/EmpireSword/Skill/Ballista/AC_EmpireSword_Ballista_Reload,155199/2581,213,3.5256154537200928,1.0,PlaybackClip
Swordsman,/Game/_Art/Enemies/HeinMach/Humanoids/Swordsman/Animations/Playback/A_EN_PLAY_AC_EmpireSword_Basic_ChairSit_End_01,CompositeBake,BBQ/Content/_Kazan_/Design/Monster/Human/Empire/EmpireSword/Moving/Reaction/AC_EmpireSword_Basic_ChairSit_End_01,30/1,133,4.400000095367432,1.0,PlaybackClip
Swordsman,/Game/_Art/Enemies/HeinMach/Humanoids/Swordsman/Animations/Playback/A_EN_PLAY_AC_EmpireSword_Basic_ChairSit_End_02,CompositeBake,BBQ/Content/_Kazan_/Design/Monster/Human/Empire/EmpireSword/Moving/Reaction/AC_EmpireSword_Basic_ChairSit_End_02,30/1,83,2.7333333492279053,1.0,PlaybackClip
Swordsman,/Game/_Art/Enemies/HeinMach/Humanoids/Swordsman/Animations/Playback/A_EN_PLAY_AC_EmpireSword_Basic_ChairSit_Loop_01,CompositeBake,BBQ/Content/_Kazan_/Design/Monster/Human/Empire/EmpireSword/Moving/Reaction/AC_EmpireSword_Basic_ChairSit_Loop_01,30/1,262,8.699999809265137,1.0,PlaybackClip
Swordsman,/Game/_Art/Enemies/HeinMach/Humanoids/Swordsman/Animations/Playback/A_EN_PLAY_AC_EmpireSword_Basic_ChairSit_Loop_02,CompositeBake,BBQ/Content/_Kazan_/Design/Monster/Human/Empire/EmpireSword/Moving/Reaction/AC_EmpireSword_Basic_ChairSit_Loop_02,30/1,201,6.666666507720947,1.0,PlaybackClip
Swordsman,/Game/_Art/Enemies/HeinMach/Humanoids/Swordsman/Animations/Playback/A_EN_PLAY_AC_EmpireSword_Basic_Coward_Loop_01,CompositeBake,BBQ/Content/_Kazan_/Design/Monster/Human/Empire/EmpireSword/Moving/Reaction/AC_EmpireSword_Basic_Coward_Loop_01,30/1,474,15.766666412353516,1.0,PlaybackClip
Swordsman,/Game/_Art/Enemies/HeinMach/Humanoids/Swordsman/Animations/Playback/A_EN_PLAY_AC_EmpireSword_Basic_End_01,CompositeBake,BBQ/Content/_Kazan_/Design/Monster/Human/Empire/EmpireSword/Moving/Reaction/AC_EmpireSword_Basic_End_01,30/1,55,1.7999999523162842,1.0,PlaybackClip
Swordsman,/Game/_Art/Enemies/HeinMach/Humanoids/Swordsman/Animations/Playback/A_EN_PLAY_AC_EmpireSword_Basic_End_02,CompositeBake,BBQ/Content/_Kazan_/Design/Monster/Human/Empire/EmpireSword/Moving/Reaction/AC_EmpireSword_Basic_End_02,30/1,55,1.7999999523162842,1.0,PlaybackClip
Swordsman,/Game/_Art/Enemies/HeinMach/Humanoids/Swordsman/Animations/Playback/A_EN_PLAY_AC_EmpireSword_Basic_End_03,CompositeBake,BBQ/Content/_Kazan_/Design/Monster/Human/Empire/EmpireSword/Moving/Reaction/AC_EmpireSword_Basic_End_03,30/1,70,2.299999952316284,1.0,PlaybackClip
Swordsman,/Game/_Art/Enemies/HeinMach/Humanoids/Swordsman/Animations/Playback/A_EN_PLAY_AC_EmpireSword_Basic_End_04,CompositeBake,BBQ/Content/_Kazan_/Design/Monster/Human/Empire/EmpireSword/Moving/Reaction/AC_EmpireSword_Basic_End_04,30/1,55,1.7999999523162842,1.0,PlaybackClip
Swordsman,/Game/_Art/Enemies/HeinMach/Humanoids/Swordsman/Animations/Playback/A_EN_PLAY_AC_EmpireSword_Basic_End_05,CompositeBake,BBQ/Content/_Kazan_/Design/Monster/Human/Empire/EmpireSword/Moving/Reaction/AC_EmpireSword_Basic_End_05,30/1,55,1.7999999523162842,1.0,PlaybackClip
Swordsman,/Game/_Art/Enemies/HeinMach/Humanoids/Swordsman/Animations/Playback/A_EN_PLAY_AC_EmpireSword_Basic_End_06,CompositeBake,BBQ/Content/_Kazan_/Design/Monster/Human/Empire/EmpireSword/Moving/Reaction/AC_EmpireSword_Basic_End_06,30/1,105,3.4666666984558105,1.0,PlaybackClip
Swordsman,/Game/_Art/Enemies/HeinMach/Humanoids/Swordsman/Animations/Playback/A_EN_PLAY_AC_EmpireSword_Basic_Guard_End_01,CompositeBake,BBQ/Content/_Kazan_/Design/Monster/Human/Empire/EmpireSword/Moving/Reaction/AC_EmpireSword_Basic_Guard_End_01,30/1,64,2.0999999046325684,1.0,PlaybackClip
Swordsman,/Game/_Art/Enemies/HeinMach/Humanoids/Swordsman/Animations/Playback/A_EN_PLAY_AC_EmpireSword_Basic_Guard_Loop_01,CompositeBake,BBQ/Content/_Kazan_/Design/Monster/Human/Empire/EmpireSword/Moving/Reaction/AC_EmpireSword_Basic_Guard_Loop_01,30/1,484,16.100000381469727,1.0,PlaybackClip
Swordsman,/Game/_Art/Enemies/HeinMach/Humanoids/Swordsman/Animations/Playback/A_EN_PLAY_AC_EmpireSword_Basic_Loop_01,CompositeBake,BBQ/Content/_Kazan_/Design/Monster/Human/Empire/EmpireSword/Moving/Reaction/AC_EmpireSword_Basic_Loop_01,30/1,366,12.166666984558105,1.0,PlaybackClip
Swordsman,/Game/_Art/Enemies/HeinMach/Humanoids/Swordsman/Animations/Playback/A_EN_PLAY_AC_EmpireSword_Basic_Loop_02,CompositeBake,BBQ/Content/_Kazan_/Design/Monster/Human/Empire/EmpireSword/Moving/Reaction/AC_EmpireSword_Basic_Loop_02,30/1,407,13.533333778381348,1.0,PlaybackClip
Swordsman,/Game/_Art/Enemies/HeinMach/Humanoids/Swordsman/Animations/Playback/A_EN_PLAY_AC_EmpireSword_Basic_Loop_03,CompositeBake,BBQ/Content/_Kazan_/Design/Monster/Human/Empire/EmpireSword/Moving/Reaction/AC_EmpireSword_Basic_Loop_03,30/1,459,15.266666412353516,1.0,PlaybackClip
Swordsman,/Game/_Art/Enemies/HeinMach/Humanoids/Swordsman/Animations/Playback/A_EN_PLAY_AC_EmpireSword_Basic_Loop_04,CompositeBake,BBQ/Content/_Kazan_/Design/Monster/Human/Empire/EmpireSword/Moving/Reaction/AC_EmpireSword_Basic_Loop_04,30/1,290,9.633333206176758,1.0,PlaybackClip
Swordsman,/Game/_Art/Enemies/HeinMach/Humanoids/Swordsman/Animations/Playback/A_EN_PLAY_AC_EmpireSword_Basic_Loop_05,CompositeBake,BBQ/Content/_Kazan_/Design/Monster/Human/Empire/EmpireSword/Moving/Reaction/AC_EmpireSword_Basic_Loop_05,30/1,452,15.033333778381348,1.0,PlaybackClip
Swordsman,/Game/_Art/Enemies/HeinMach/Humanoids/Swordsman/Animations/Playback/A_EN_PLAY_AC_EmpireSword_Basic_Loop_06,CompositeBake,BBQ/Content/_Kazan_/Design/Monster/Human/Empire/EmpireSword/Moving/Reaction/AC_EmpireSword_Basic_Loop_06,30/1,348,11.566666603088379,1.0,PlaybackClip
Swordsman,/Game/_Art/Enemies/HeinMach/Humanoids/Swordsman/Animations/Playback/A_EN_PLAY_AC_EmpireSword_Basic_Search_End_01,CompositeBake,BBQ/Content/_Kazan_/Design/Monster/Human/Empire/EmpireSword/Moving/Reaction/AC_EmpireSword_Basic_Search_End_01,30/1,88,2.9000000953674316,1.0,PlaybackClip
Swordsman,/Game/_Art/Enemies/HeinMach/Humanoids/Swordsman/Animations/Playback/A_EN_PLAY_AC_EmpireSword_Basic_Search_Loop_01,CompositeBake,BBQ/Content/_Kazan_/Design/Monster/Human/Empire/EmpireSword/Moving/Reaction/AC_EmpireSword_Basic_Search_Loop_01,30/1,313,10.399999618530273,1.0,PlaybackClip
Swordsman,/Game/_Art/Enemies/HeinMach/Humanoids/Swordsman/Animations/Playback/A_EN_PLAY_AC_EmpireSword_Basic_Sit_End_01,CompositeBake,BBQ/Content/_Kazan_/Design/Monster/Human/Empire/EmpireSword/Moving/Reaction/AC_EmpireSword_Basic_Sit_End_01,30/1,89,2.933333396911621,1.0,PlaybackClip
Swordsman,/Game/_Art/Enemies/HeinMach/Humanoids/Swordsman/Animations/Playback/A_EN_PLAY_AC_EmpireSword_Basic_Sit_End_02,CompositeBake,BBQ/Content/_Kazan_/Design/Monster/Human/Empire/EmpireSword/Moving/Reaction/AC_EmpireSword_Basic_Sit_End_02,30/1,89,2.933333396911621,1.0,PlaybackClip
Swordsman,/Game/_Art/Enemies/HeinMach/Humanoids/Swordsman/Animations/Playback/A_EN_PLAY_AC_EmpireSword_Basic_Sit_End_03,CompositeBake,BBQ/Content/_Kazan_/Design/Monster/Human/Empire/EmpireSword/Moving/Reaction/AC_EmpireSword_Basic_Sit_End_03,30/1,87,2.866666555404663,1.0,PlaybackClip
Swordsman,/Game/_Art/Enemies/HeinMach/Humanoids/Swordsman/Animations/Playback/A_EN_PLAY_AC_EmpireSword_Basic_Sit_End_04,CompositeBake,BBQ/Content/_Kazan_/Design/Monster/Human/Empire/EmpireSword/Moving/Reaction/AC_EmpireSword_Basic_Sit_End_04,30/1,65,2.133333444595337,1.0,PlaybackClip
Swordsman,/Game/_Art/Enemies/HeinMach/Humanoids/Swordsman/Animations/Playback/A_EN_PLAY_AC_EmpireSword_Basic_Sit_Loop_01,CompositeBake,BBQ/Content/_Kazan_/Design/Monster/Human/Empire/EmpireSword/Moving/Reaction/AC_EmpireSword_Basic_Sit_Loop_01,30/1,254,8.433333396911621,1.0,PlaybackClip
Swordsman,/Game/_Art/Enemies/HeinMach/Humanoids/Swordsman/Animations/Playback/A_EN_PLAY_AC_EmpireSword_Basic_Sit_Loop_02,CompositeBake,BBQ/Content/_Kazan_/Design/Monster/Human/Empire/EmpireSword/Moving/Reaction/AC_EmpireSword_Basic_Sit_Loop_02,30/1,177,5.866666793823242,1.0,PlaybackClip
Swordsman,/Game/_Art/Enemies/HeinMach/Humanoids/Swordsman/Animations/Playback/A_EN_PLAY_AC_EmpireSword_Basic_Sit_Loop_03,CompositeBake,BBQ/Content/_Kazan_/Design/Monster/Human/Empire/EmpireSword/Moving/Reaction/AC_EmpireSword_Basic_Sit_Loop_03,30/1,325,10.800000190734863,1.0,PlaybackClip
Swordsman,/Game/_Art/Enemies/HeinMach/Humanoids/Swordsman/Animations/Playback/A_EN_PLAY_AC_EmpireSword_Basic_Sit_Loop_04,CompositeBake,BBQ/Content/_Kazan_/Design/Monster/Human/Empire/EmpireSword/Moving/Reaction/AC_EmpireSword_Basic_Sit_Loop_04,30/1,307,10.199999809265137,1.0,PlaybackClip
Swordsman,/Game/_Art/Enemies/HeinMach/Humanoids/Swordsman/Animations/Playback/A_EN_PLAY_AC_EmpireSword_Basic_Talk_End_01,CompositeBake,BBQ/Content/_Kazan_/Design/Monster/Human/Empire/EmpireSword/Moving/Reaction/AC_EmpireSword_Basic_Talk_End_01,30/1,55,1.7999999523162842,1.0,PlaybackClip
Swordsman,/Game/_Art/Enemies/HeinMach/Humanoids/Swordsman/Animations/Playback/A_EN_PLAY_AC_EmpireSword_Basic_Talk_End_02,CompositeBake,BBQ/Content/_Kazan_/Design/Monster/Human/Empire/EmpireSword/Moving/Reaction/AC_EmpireSword_Basic_Talk_End_02,30/1,55,1.7999999523162842,1.0,PlaybackClip
Swordsman,/Game/_Art/Enemies/HeinMach/Humanoids/Swordsman/Animations/Playback/A_EN_PLAY_AC_EmpireSword_Basic_Talk_Loop_01,CompositeBake,BBQ/Content/_Kazan_/Design/Monster/Human/Empire/EmpireSword/Moving/Reaction/AC_EmpireSword_Basic_Talk_Loop_01,30/1,420,13.966666221618652,1.0,PlaybackClip
Swordsman,/Game/_Art/Enemies/HeinMach/Humanoids/Swordsman/Animations/Playback/A_EN_PLAY_AC_EmpireSword_Basic_Talk_Loop_02,CompositeBake,BBQ/Content/_Kazan_/Design/Monster/Human/Empire/EmpireSword/Moving/Reaction/AC_EmpireSword_Basic_Talk_Loop_02,30/1,273,9.066666603088379,1.0,PlaybackClip
Swordsman,/Game/_Art/Enemies/HeinMach/Humanoids/Swordsman/Animations/Playback/A_EN_PLAY_AC_EmpireSword_Basic_Training_End_01,CompositeBake,BBQ/Content/_Kazan_/Design/Monster/Human/Empire/EmpireSword/Moving/Reaction/AC_EmpireSword_Basic_Training_End_01,30/1,76,2.5,1.0,PlaybackClip
Swordsman,/Game/_Art/Enemies/HeinMach/Humanoids/Swordsman/Animations/Playback/A_EN_PLAY_AC_EmpireSword_Basic_Training_End_02,CompositeBake,BBQ/Content/_Kazan_/Design/Monster/Human/Empire/EmpireSword/Moving/Reaction/AC_EmpireSword_Basic_Training_End_02,30/1,77,2.5333333015441895,1.0,PlaybackClip
Swordsman,/Game/_Art/Enemies/HeinMach/Humanoids/Swordsman/Animations/Playback/A_EN_PLAY_AC_EmpireSword_Basic_Training_Loop_01,CompositeBake,BBQ/Content/_Kazan_/Design/Monster/Human/Empire/EmpireSword/Moving/Reaction/AC_EmpireSword_Basic_Training_Loop_01,30/1,397,13.199999809265137,1.0,PlaybackClip
Swordsman,/Game/_Art/Enemies/HeinMach/Humanoids/Swordsman/Animations/Playback/A_EN_PLAY_AC_EmpireSword_Basic_Training_Loop_02,CompositeBake,BBQ/Content/_Kazan_/Design/Monster/Human/Empire/EmpireSword/Moving/Reaction/AC_EmpireSword_Basic_Training_Loop_02,30/1,375,12.466666221618652,1.0,PlaybackClip
Swordsman,/Game/_Art/Enemies/HeinMach/Humanoids/Swordsman/Animations/Playback/A_EN_PLAY_AC_EmpireSword_ClimbingWall_Down_End,CompositeBake,BBQ/Content/_Kazan_/Design/Monster/Human/Empire/EmpireSword/Moving/Climbing/AC_EmpireSword_ClimbingWall_Down_End,30/1,31,1.0,1.0,PlaybackClip
Swordsman,/Game/_Art/Enemies/HeinMach/Humanoids/Swordsman/Animations/Playback/A_EN_PLAY_AC_EmpireSword_ClimbingWall_Down_L,CompositeBake,BBQ/Content/_Kazan_/Design/Monster/Human/Empire/EmpireSword/Moving/Climbing/AC_EmpireSword_ClimbingWall_Down_L,30/1,19,0.6000000238418579,1.0,PlaybackClip
Swordsman,/Game/_Art/Enemies/HeinMach/Humanoids/Swordsman/Animations/Playback/A_EN_PLAY_AC_EmpireSword_ClimbingWall_Down_R,CompositeBake,BBQ/Content/_Kazan_/Design/Monster/Human/Empire/EmpireSword/Moving/Climbing/AC_EmpireSword_ClimbingWall_Down_R,30/1,19,0.6000000238418579,1.0,PlaybackClip
Swordsman,/Game/_Art/Enemies/HeinMach/Humanoids/Swordsman/Animations/Playback/A_EN_PLAY_AC_EmpireSword_ClimbingWall_Down_Start,CompositeBake,BBQ/Content/_Kazan_/Design/Monster/Human/Empire/EmpireSword/Moving/Climbing/AC_EmpireSword_ClimbingWall_Down_Start,30/1,35,1.1333333253860474,1.0,PlaybackClip
Swordsman,/Game/_Art/Enemies/HeinMach/Humanoids/Swordsman/Animations/Playback/A_EN_PLAY_AC_EmpireSword_ClimbingWall_Loop_L_Idle,CompositeBake,BBQ/Content/_Kazan_/Design/Monster/Human/Empire/EmpireSword/Moving/Climbing/AC_EmpireSword_ClimbingWall_Loop_L_Idle,30/1,51,1.6666666269302368,1.0,PlaybackClip
Swordsman,/Game/_Art/Enemies/HeinMach/Humanoids/Swordsman/Animations/Playback/A_EN_PLAY_AC_EmpireSword_ClimbingWall_Loop_R_Idle,CompositeBake,BBQ/Content/_Kazan_/Design/Monster/Human/Empire/EmpireSword/Moving/Climbing/AC_EmpireSword_ClimbingWall_Loop_R_Idle,30/1,51,1.6666666269302368,1.0,PlaybackClip
Swordsman,/Game/_Art/Enemies/HeinMach/Humanoids/Swordsman/Animations/Playback/A_EN_PLAY_AC_EmpireSword_ClimbingWall_Up_End,CompositeBake,BBQ/Content/_Kazan_/Design/Monster/Human/Empire/EmpireSword/Moving/Climbing/AC_EmpireSword_ClimbingWall_Up_End,30/1,52,1.7000000476837158,1.0,PlaybackClip
Swordsman,/Game/_Art/Enemies/HeinMach/Humanoids/Swordsman/Animations/Playback/A_EN_PLAY_AC_EmpireSword_ClimbingWall_Up_L,CompositeBake,BBQ/Content/_Kazan_/Design/Monster/Human/Empire/EmpireSword/Moving/Climbing/AC_EmpireSword_ClimbingWall_Up_L,30/1,19,0.6000000238418579,1.0,PlaybackClip
Swordsman,/Game/_Art/Enemies/HeinMach/Humanoids/Swordsman/Animations/Playback/A_EN_PLAY_AC_EmpireSword_ClimbingWall_Up_R,CompositeBake,BBQ/Content/_Kazan_/Design/Monster/Human/Empire/EmpireSword/Moving/Climbing/AC_EmpireSword_ClimbingWall_Up_R,30/1,19,0.6000000238418579,1.0,PlaybackClip
Swordsman,/Game/_Art/Enemies/HeinMach/Humanoids/Swordsman/Animations/Playback/A_EN_PLAY_AC_EmpireSword_ClimbingWall_Up_Start,CompositeBake,BBQ/Content/_Kazan_/Design/Monster/Human/Empire/EmpireSword/Moving/Climbing/AC_EmpireSword_ClimbingWall_Up_Start,30/1,31,1.0,1.0,PlaybackClip
Swordsman,/Game/_Art/Enemies/HeinMach/Humanoids/Swordsman/Animations/Playback/A_EN_PLAY_AC_EmpireSword_DamFinalBlow_Wraith,CompositeBake,BBQ/Content/_Kazan_/Design/Monster/Human/Empire/EmpireSword/Moving/Reaction/AC_EmpireSword_DamFinalBlow_Wraith,30/1,64,2.0999999046325684,1.0,PlaybackClip
Swordsman,/Game/_Art/Enemies/HeinMach/Humanoids/Swordsman/Animations/Playback/A_EN_PLAY_AC_EmpireSword_DamageAir_B_Down,CompositeBake,BBQ/Content/_Kazan_/Design/Monster/Human/Empire/EmpireSword/Moving/Reaction/AC_EmpireSword_DamageAir_B_Down,5000/167,6,0.16699999570846558,1.0,PlaybackClip
Swordsman,/Game/_Art/Enemies/HeinMach/Humanoids/Swordsman/Animations/Playback/A_EN_PLAY_AC_EmpireSword_DamageAir_B_Land,CompositeBake,BBQ/Content/_Kazan_/Design/Monster/Human/Empire/EmpireSword/Moving/Reaction/AC_EmpireSword_DamageAir_B_Land,2000869/66624,28,0.8990333676338196,1.0,PlaybackClip
Swordsman,/Game/_Art/Enemies/HeinMach/Humanoids/Swordsman/Animations/Playback/A_EN_PLAY_AC_EmpireSword_DamageAir_B_Peak,CompositeBake,BBQ/Content/_Kazan_/Design/Monster/Human/Empire/EmpireSword/Moving/Reaction/AC_EmpireSword_DamageAir_B_Peak,30/1,4,0.10000000149011612,1.0,PlaybackClip
Swordsman,/Game/_Art/Enemies/HeinMach/Humanoids/Swordsman/Animations/Playback/A_EN_PLAY_AC_EmpireSword_DamageAir_B_Up,CompositeBake,BBQ/Content/_Kazan_/Design/Monster/Human/Empire/EmpireSword/Moving/Reaction/AC_EmpireSword_DamageAir_B_Up,5000/167,6,0.16699999570846558,1.0,PlaybackClip
Swordsman,/Game/_Art/Enemies/HeinMach/Humanoids/Swordsman/Animations/Playback/A_EN_PLAY_AC_EmpireSword_DamageAir_F_Down,CompositeBake,BBQ/Content/_Kazan_/Design/Monster/Human/Empire/EmpireSword/Moving/Reaction/AC_EmpireSword_DamageAir_F_Down,5000/167,6,0.16699999570846558,1.0,PlaybackClip
Swordsman,/Game/_Art/Enemies/HeinMach/Humanoids/Swordsman/Animations/Playback/A_EN_PLAY_AC_EmpireSword_DamageAir_F_Land,CompositeBake,BBQ/Content/_Kazan_/Design/Monster/Human/Empire/EmpireSword/Moving/Reaction/AC_EmpireSword_DamageAir_F_Land,2000869/66624,28,0.8990333676338196,1.0,PlaybackClip
Swordsman,/Game/_Art/Enemies/HeinMach/Humanoids/Swordsman/Animations/Playback/A_EN_PLAY_AC_EmpireSword_DamageAir_F_Peak,CompositeBake,BBQ/Content/_Kazan_/Design/Monster/Human/Empire/EmpireSword/Moving/Reaction/AC_EmpireSword_DamageAir_F_Peak,30/1,4,0.10000000149011612,1.0,PlaybackClip
Swordsman,/Game/_Art/Enemies/HeinMach/Humanoids/Swordsman/Animations/Playback/A_EN_PLAY_AC_EmpireSword_DamageAir_F_Up,CompositeBake,BBQ/Content/_Kazan_/Design/Monster/Human/Empire/EmpireSword/Moving/Reaction/AC_EmpireSword_DamageAir_F_Up,5000/167,6,0.16699999570846558,1.0,PlaybackClip
Swordsman,/Game/_Art/Enemies/HeinMach/Humanoids/Swordsman/Animations/Playback/A_EN_PLAY_AC_EmpireSword_DamageDown_B,CompositeBake,BBQ/Content/_Kazan_/Design/Monster/Human/Empire/EmpireSword/Moving/Reaction/AC_EmpireSword_DamageDown_B,30/1,21,0.6666666865348816,1.0,PlaybackClip
Swordsman,/Game/_Art/Enemies/HeinMach/Humanoids/Swordsman/Animations/Playback/A_EN_PLAY_AC_EmpireSword_DamageDown_F,CompositeBake,BBQ/Content/_Kazan_/Design/Monster/Human/Empire/EmpireSword/Moving/Reaction/AC_EmpireSword_DamageDown_F,30/1,21,0.6666666865348816,1.0,PlaybackClip
Swordsman,/Game/_Art/Enemies/HeinMach/Humanoids/Swordsman/Animations/Playback/A_EN_PLAY_AC_EmpireSword_DamageGrapple_Atk_01,CompositeBake,BBQ/Content/_Kazan_/Design/Monster/Human/Empire/EmpireSword/Moving/Reaction/AC_EmpireSword_DamageGrapple_Atk_01,30/1,42,1.3666666746139526,1.0,PlaybackClip
Swordsman,/Game/_Art/Enemies/HeinMach/Humanoids/Swordsman/Animations/Playback/A_EN_PLAY_AC_EmpireSword_DamageGrapple_Atk_02,CompositeBake,BBQ/Content/_Kazan_/Design/Monster/Human/Empire/EmpireSword/Moving/Reaction/AC_EmpireSword_DamageGrapple_Atk_02,30/1,34,1.100000023841858,1.0,PlaybackClip
Swordsman,/Game/_Art/Enemies/HeinMach/Humanoids/Swordsman/Animations/Playback/A_EN_PLAY_AC_EmpireSword_DamageNormal_D_B,CompositeBake,BBQ/Content/_Kazan_/Design/Monster/Human/Empire/EmpireSword/Moving/Reaction/AC_EmpireSword_DamageNormal_D_B,2882733/48343,61,1.0061910152435303,1.0,PlaybackClip
Swordsman,/Game/_Art/Enemies/HeinMach/Humanoids/Swordsman/Animations/Playback/A_EN_PLAY_AC_EmpireSword_DamageNormal_D_F,CompositeBake,BBQ/Content/_Kazan_/Design/Monster/Human/Empire/EmpireSword/Moving/Reaction/AC_EmpireSword_DamageNormal_D_F,30/1,22,0.699999988079071,1.0,PlaybackClip
Swordsman,/Game/_Art/Enemies/HeinMach/Humanoids/Swordsman/Animations/Playback/A_EN_PLAY_AC_EmpireSword_DamageNormal_D_F_2,CompositeBake,BBQ/Content/_Kazan_/Design/Monster/Human/Empire/EmpireSword/Moving/Reaction/AC_EmpireSword_DamageNormal_D_F_2,30/1,22,0.699999988079071,1.0,PlaybackClip
Swordsman,/Game/_Art/Enemies/HeinMach/Humanoids/Swordsman/Animations/Playback/A_EN_PLAY_AC_EmpireSword_DamageNormal_L_F,CompositeBake,BBQ/Content/_Kazan_/Design/Monster/Human/Empire/EmpireSword/Moving/Reaction/AC_EmpireSword_DamageNormal_L_F,30/1,22,0.699999988079071,1.0,PlaybackClip
Swordsman,/Game/_Art/Enemies/HeinMach/Humanoids/Swordsman/Animations/Playback/A_EN_PLAY_AC_EmpireSword_DamageNormal_L_F_2,CompositeBake,BBQ/Content/_Kazan_/Design/Monster/Human/Empire/EmpireSword/Moving/Reaction/AC_EmpireSword_DamageNormal_L_F_2,30/1,22,0.699999988079071,1.0,PlaybackClip
Swordsman,/Game/_Art/Enemies/HeinMach/Humanoids/Swordsman/Animations/Playback/A_EN_PLAY_AC_EmpireSword_DamageNormal_R_F,CompositeBake,BBQ/Content/_Kazan_/Design/Monster/Human/Empire/EmpireSword/Moving/Reaction/AC_EmpireSword_DamageNormal_R_F,30/1,22,0.699999988079071,1.0,PlaybackClip
Swordsman,/Game/_Art/Enemies/HeinMach/Humanoids/Swordsman/Animations/Playback/A_EN_PLAY_AC_EmpireSword_DamageNormal_R_F_2,CompositeBake,BBQ/Content/_Kazan_/Design/Monster/Human/Empire/EmpireSword/Moving/Reaction/AC_EmpireSword_DamageNormal_R_F_2,30/1,22,0.699999988079071,1.0,PlaybackClip
Swordsman,/Game/_Art/Enemies/HeinMach/Humanoids/Swordsman/Animations/Playback/A_EN_PLAY_AC_EmpireSword_DamageNormal_U_B,CompositeBake,BBQ/Content/_Kazan_/Design/Monster/Human/Empire/EmpireSword/Moving/Reaction/AC_EmpireSword_DamageNormal_U_B,2527651/41988,62,1.0132997035980225,1.0,PlaybackClip
Swordsman,/Game/_Art/Enemies/HeinMach/Humanoids/Swordsman/Animations/Playback/A_EN_PLAY_AC_EmpireSword_DamageNormal_U_F,CompositeBake,BBQ/Content/_Kazan_/Design/Monster/Human/Empire/EmpireSword/Moving/Reaction/AC_EmpireSword_DamageNormal_U_F,30/1,22,0.699999988079071,1.0,PlaybackClip
Swordsman,/Game/_Art/Enemies/HeinMach/Humanoids/Swordsman/Animations/Playback/A_EN_PLAY_AC_EmpireSword_DamageNormal_U_F_2,CompositeBake,BBQ/Content/_Kazan_/Design/Monster/Human/Empire/EmpireSword/Moving/Reaction/AC_EmpireSword_DamageNormal_U_F_2,30/1,22,0.699999988079071,1.0,PlaybackClip
Swordsman,/Game/_Art/Enemies/HeinMach/Humanoids/Swordsman/Animations/Playback/A_EN_PLAY_AC_EmpireSword_DamageStrong_D_F,CompositeBake,BBQ/Content/_Kazan_/Design/Monster/Human/Empire/EmpireSword/Moving/Reaction/AC_EmpireSword_DamageStrong_D_F,30/1,34,1.100000023841858,1.0,PlaybackClip
Swordsman,/Game/_Art/Enemies/HeinMach/Humanoids/Swordsman/Animations/Playback/A_EN_PLAY_AC_EmpireSword_DamageStrong_D_F_2,CompositeBake,BBQ/Content/_Kazan_/Design/Monster/Human/Empire/EmpireSword/Moving/Reaction/AC_EmpireSword_DamageStrong_D_F_2,30/1,34,1.100000023841858,1.0,PlaybackClip
Swordsman,/Game/_Art/Enemies/HeinMach/Humanoids/Swordsman/Animations/Playback/A_EN_PLAY_AC_EmpireSword_DamageStrong_L_F,CompositeBake,BBQ/Content/_Kazan_/Design/Monster/Human/Empire/EmpireSword/Moving/Reaction/AC_EmpireSword_DamageStrong_L_F,30/1,34,1.100000023841858,1.0,PlaybackClip
Swordsman,/Game/_Art/Enemies/HeinMach/Humanoids/Swordsman/Animations/Playback/A_EN_PLAY_AC_EmpireSword_DamageStrong_L_F_2,CompositeBake,BBQ/Content/_Kazan_/Design/Monster/Human/Empire/EmpireSword/Moving/Reaction/AC_EmpireSword_DamageStrong_L_F_2,30/1,34,1.100000023841858,1.0,PlaybackClip
Swordsman,/Game/_Art/Enemies/HeinMach/Humanoids/Swordsman/Animations/Playback/A_EN_PLAY_AC_EmpireSword_DamageStrong_R_F,CompositeBake,BBQ/Content/_Kazan_/Design/Monster/Human/Empire/EmpireSword/Moving/Reaction/AC_EmpireSword_DamageStrong_R_F,30/1,34,1.100000023841858,1.0,PlaybackClip
Swordsman,/Game/_Art/Enemies/HeinMach/Humanoids/Swordsman/Animations/Playback/A_EN_PLAY_AC_EmpireSword_DamageStrong_R_F_2,CompositeBake,BBQ/Content/_Kazan_/Design/Monster/Human/Empire/EmpireSword/Moving/Reaction/AC_EmpireSword_DamageStrong_R_F_2,30/1,34,1.100000023841858,1.0,PlaybackClip
Swordsman,/Game/_Art/Enemies/HeinMach/Humanoids/Swordsman/Animations/Playback/A_EN_PLAY_AC_EmpireSword_DamageStrong_U_F,CompositeBake,BBQ/Content/_Kazan_/Design/Monster/Human/Empire/EmpireSword/Moving/Reaction/AC_EmpireSword_DamageStrong_U_F,30/1,34,1.100000023841858,1.0,PlaybackClip
Swordsman,/Game/_Art/Enemies/HeinMach/Humanoids/Swordsman/Animations/Playback/A_EN_PLAY_AC_EmpireSword_DamageStrong_U_F_2,CompositeBake,BBQ/Content/_Kazan_/Design/Monster/Human/Empire/EmpireSword/Moving/Reaction/AC_EmpireSword_DamageStrong_U_F_2,30/1,34,1.100000023841858,1.0,PlaybackClip
Swordsman,/Game/_Art/Enemies/HeinMach/Humanoids/Swordsman/Animations/Playback/A_EN_PLAY_AC_EmpireSword_DamageWeak_D_F,CompositeBake,BBQ/Content/_Kazan_/Design/Monster/Human/Empire/EmpireSword/Moving/Reaction/AC_EmpireSword_DamageWeak_D_F,30/1,13,0.4000000059604645,1.0,PlaybackClip
Swordsman,/Game/_Art/Enemies/HeinMach/Humanoids/Swordsman/Animations/Playback/A_EN_PLAY_AC_EmpireSword_DamageWeak_L_F,CompositeBake,BBQ/Content/_Kazan_/Design/Monster/Human/Empire/EmpireSword/Moving/Reaction/AC_EmpireSword_DamageWeak_L_F,30/1,13,0.4000000059604645,1.0,PlaybackClip
Swordsman,/Game/_Art/Enemies/HeinMach/Humanoids/Swordsman/Animations/Playback/A_EN_PLAY_AC_EmpireSword_DamageWeak_R_F,CompositeBake,BBQ/Content/_Kazan_/Design/Monster/Human/Empire/EmpireSword/Moving/Reaction/AC_EmpireSword_DamageWeak_R_F,30/1,13,0.4000000059604645,1.0,PlaybackClip
Swordsman,/Game/_Art/Enemies/HeinMach/Humanoids/Swordsman/Animations/Playback/A_EN_PLAY_AC_EmpireSword_DamageWeak_U_F,CompositeBake,BBQ/Content/_Kazan_/Design/Monster/Human/Empire/EmpireSword/Moving/Reaction/AC_EmpireSword_DamageWeak_U_F,30/1,13,0.4000000059604645,1.0,PlaybackClip
Swordsman,/Game/_Art/Enemies/HeinMach/Humanoids/Swordsman/Animations/Playback/A_EN_PLAY_AC_EmpireSword_Down_Die_B,CompositeBake,BBQ/Content/_Kazan_/Design/Monster/Human/Empire/EmpireSword/Moving/Reaction/AC_EmpireSword_Down_Die_B,30/1,331,11.0,1.0,PlaybackClip
Swordsman,/Game/_Art/Enemies/HeinMach/Humanoids/Swordsman/Animations/Playback/A_EN_PLAY_AC_EmpireSword_Down_Die_B_Wraith,CompositeBake,BBQ/Content/_Kazan_/Design/Monster/Human/Empire/EmpireSword/Moving/Reaction/AC_EmpireSword_Down_Die_B_Wraith,30/1,331,11.0,1.0,PlaybackClip
Swordsman,/Game/_Art/Enemies/HeinMach/Humanoids/Swordsman/Animations/Playback/A_EN_PLAY_AC_EmpireSword_Down_Die_F,CompositeBake,BBQ/Content/_Kazan_/Design/Monster/Human/Empire/EmpireSword/Moving/Reaction/AC_EmpireSword_Down_Die_F,30/1,331,11.0,1.0,PlaybackClip
Swordsman,/Game/_Art/Enemies/HeinMach/Humanoids/Swordsman/Animations/Playback/A_EN_PLAY_AC_EmpireSword_Down_Die_F_Wraith,CompositeBake,BBQ/Content/_Kazan_/Design/Monster/Human/Empire/EmpireSword/Moving/Reaction/AC_EmpireSword_Down_Die_F_Wraith,30/1,331,11.0,1.0,PlaybackClip
Swordsman,/Game/_Art/Enemies/HeinMach/Humanoids/Swordsman/Animations/Playback/A_EN_PLAY_AC_EmpireSword_Down_Loop_B,CompositeBake,BBQ/Content/_Kazan_/Design/Monster/Human/Empire/EmpireSword/Moving/Reaction/AC_EmpireSword_Down_Loop_B,30/1,49,1.600000023841858,1.0,PlaybackClip
Swordsman,/Game/_Art/Enemies/HeinMach/Humanoids/Swordsman/Animations/Playback/A_EN_PLAY_AC_EmpireSword_Down_Loop_F,CompositeBake,BBQ/Content/_Kazan_/Design/Monster/Human/Empire/EmpireSword/Moving/Reaction/AC_EmpireSword_Down_Loop_F,30/1,49,1.600000023841858,1.0,PlaybackClip
Swordsman,/Game/_Art/Enemies/HeinMach/Humanoids/Swordsman/Animations/Playback/A_EN_PLAY_AC_EmpireSword_Equip,CompositeBake,BBQ/Content/_Kazan_/Design/Monster/Human/Empire/EmpireSword/Moving/PeaceIdle/AC_EmpireSword_Equip,2043481/34058,95,1.5666658878326416,1.0,PlaybackClip
Swordsman,/Game/_Art/Enemies/HeinMach/Humanoids/Swordsman/Animations/Playback/A_EN_PLAY_AC_EmpireSword_Equip_Turn_L,CompositeBake,BBQ/Content/_Kazan_/Design/Monster/Human/Empire/EmpireSword/Moving/PeaceIdle/AC_EmpireSword_Equip_Turn_L,30/1,35,1.1333333253860474,1.0,PlaybackClip
Swordsman,/Game/_Art/Enemies/HeinMach/Humanoids/Swordsman/Animations/Playback/A_EN_PLAY_AC_EmpireSword_Equip_Turn_R,CompositeBake,BBQ/Content/_Kazan_/Design/Monster/Human/Empire/EmpireSword/Moving/PeaceIdle/AC_EmpireSword_Equip_Turn_R,2428739/40548,91,1.5025575160980225,1.0,PlaybackClip
Swordsman,/Game/_Art/Enemies/HeinMach/Humanoids/Swordsman/Animations/Playback/A_EN_PLAY_AC_EmpireSword_Fear_Battle,CompositeBake,BBQ/Content/_Kazan_/Design/Monster/Human/Empire/EmpireSword/Skill/Fear/AC_EmpireSword_Fear_Battle,2043481/34058,95,1.5666658878326416,1.0,PlaybackClip
Swordsman,/Game/_Art/Enemies/HeinMach/Humanoids/Swordsman/Animations/Playback/A_EN_PLAY_AC_EmpireSword_Fear_Loop_01,CompositeBake,BBQ/Content/_Kazan_/Design/Monster/Human/Empire/EmpireSword/Skill/Fear/AC_EmpireSword_Fear_Loop_01,30/1,449,14.933333396911621,1.0,PlaybackClip
Swordsman,/Game/_Art/Enemies/HeinMach/Humanoids/Swordsman/Animations/Playback/A_EN_PLAY_AC_EmpireSword_Fear_Start,CompositeBake,BBQ/Content/_Kazan_/Design/Monster/Human/Empire/EmpireSword/Skill/Fear/AC_EmpireSword_Fear_Start,3030857/50610,212,3.5233302116394043,1.0,PlaybackClip
Swordsman,/Game/_Art/Enemies/HeinMach/Humanoids/Swordsman/Animations/Playback/A_EN_PLAY_AC_EmpireSword_Fear_Suprise,CompositeBake,BBQ/Content/_Kazan_/Design/Monster/Human/Empire/EmpireSword/Skill/Fear/AC_EmpireSword_Fear_Suprise,984465/16396,65,1.065902829170227,1.0,PlaybackClip
Swordsman,/Game/_Art/Enemies/HeinMach/Humanoids/Swordsman/Animations/Playback/A_EN_PLAY_AC_EmpireSword_Getup_B,CompositeBake,BBQ/Content/_Kazan_/Design/Monster/Human/Empire/EmpireSword/Moving/Reaction/AC_EmpireSword_Getup_B,30/1,61,2.0,1.0,PlaybackClip
Swordsman,/Game/_Art/Enemies/HeinMach/Humanoids/Swordsman/Animations/Playback/A_EN_PLAY_AC_EmpireSword_Getup_F,CompositeBake,BBQ/Content/_Kazan_/Design/Monster/Human/Empire/EmpireSword/Moving/Reaction/AC_EmpireSword_Getup_F,30/1,51,1.6666666269302368,1.0,PlaybackClip
Swordsman,/Game/_Art/Enemies/HeinMach/Humanoids/Swordsman/Animations/Playback/A_EN_PLAY_AC_EmpireSword_Groggy_End,CompositeBake,BBQ/Content/_Kazan_/Design/Monster/Human/Empire/EmpireSword/Moving/Reaction/AC_EmpireSword_Groggy_End,30/1,24,0.7666666507720947,1.0,PlaybackClip
Swordsman,/Game/_Art/Enemies/HeinMach/Humanoids/Swordsman/Animations/Playback/A_EN_PLAY_AC_EmpireSword_Groggy_Loop,CompositeBake,BBQ/Content/_Kazan_/Design/Monster/Human/Empire/EmpireSword/Moving/Reaction/AC_EmpireSword_Groggy_Loop,30/1,46,1.5,1.0,PlaybackClip
Swordsman,/Game/_Art/Enemies/HeinMach/Humanoids/Swordsman/Animations/Playback/A_EN_PLAY_AC_EmpireSword_Groggy_Start,CompositeBake,BBQ/Content/_Kazan_/Design/Monster/Human/Empire/EmpireSword/Moving/Reaction/AC_EmpireSword_Groggy_Start,30/1,21,0.6666666865348816,1.0,PlaybackClip
Swordsman,/Game/_Art/Enemies/HeinMach/Humanoids/Swordsman/Animations/Playback/A_EN_PLAY_AC_EmpireSword_Ground_Die_F,CompositeBake,BBQ/Content/_Kazan_/Design/Monster/Human/Empire/EmpireSword/Moving/Reaction/AC_EmpireSword_Ground_Die_F,30/1,331,11.0,1.0,PlaybackClip
Swordsman,/Game/_Art/Enemies/HeinMach/Humanoids/Swordsman/Animations/Playback/A_EN_PLAY_AC_EmpireSword_Ground_Die_F_2,CompositeBake,BBQ/Content/_Kazan_/Design/Monster/Human/Empire/EmpireSword/Moving/Reaction/AC_EmpireSword_Ground_Die_F_2,30/1,331,11.0,1.0,PlaybackClip
Swordsman,/Game/_Art/Enemies/HeinMach/Humanoids/Swordsman/Animations/Playback/A_EN_PLAY_AC_EmpireSword_Ground_Die_F_Wraith,CompositeBake,BBQ/Content/_Kazan_/Design/Monster/Human/Empire/EmpireSword/Moving/Reaction/AC_EmpireSword_Ground_Die_F_Wraith,30/1,331,11.0,1.0,PlaybackClip
Swordsman,/Game/_Art/Enemies/HeinMach/Humanoids/Swordsman/Animations/Playback/A_EN_PLAY_AC_EmpireSword_Ground_Die_F_Wraith02,CompositeBake,BBQ/Content/_Kazan_/Design/Monster/Human/Empire/EmpireSword/Moving/Reaction/AC_EmpireSword_Ground_Die_F_Wraith02,30/1,331,11.0,1.0,PlaybackClip
Swordsman,/Game/_Art/Enemies/HeinMach/Humanoids/Swordsman/Animations/Playback/A_EN_PLAY_AC_EmpireSword_LockOnWalk_B,CompositeBake,BBQ/Content/_Kazan_/Design/Monster/Human/Empire/EmpireSword/Moving/Reaction/AC_EmpireSword_LockOnWalk_B,30/1,31,1.0,1.0,PlaybackClip
Swordsman,/Game/_Art/Enemies/HeinMach/Humanoids/Swordsman/Animations/Playback/A_EN_PLAY_AC_EmpireSword_LockOnWalk_F,CompositeBake,BBQ/Content/_Kazan_/Design/Monster/Human/Empire/EmpireSword/Moving/Reaction/AC_EmpireSword_LockOnWalk_F,30/1,31,1.0,1.0,PlaybackClip
Swordsman,/Game/_Art/Enemies/HeinMach/Humanoids/Swordsman/Animations/Playback/A_EN_PLAY_AC_EmpireSword_LockOnWalk_L,CompositeBake,BBQ/Content/_Kazan_/Design/Monster/Human/Empire/EmpireSword/Moving/Reaction/AC_EmpireSword_LockOnWalk_L,30/1,31,1.0,1.0,PlaybackClip
Swordsman,/Game/_Art/Enemies/HeinMach/Humanoids/Swordsman/Animations/Playback/A_EN_PLAY_AC_EmpireSword_LockOnWalk_R,CompositeBake,BBQ/Content/_Kazan_/Design/Monster/Human/Empire/EmpireSword/Moving/Reaction/AC_EmpireSword_LockOnWalk_R,30/1,31,1.0,1.0,PlaybackClip
Swordsman,/Game/_Art/Enemies/HeinMach/Humanoids/Swordsman/Animations/Playback/A_EN_PLAY_AC_EmpireSword_Pierce_LockOnWalk_B,CompositeBake,BBQ/Content/_Kazan_/Design/Monster/Human/Empire/EmpireSword/Skill/Pierce/AC_EmpireSword_Pierce_LockOnWalk_B,30/1,31,1.0,1.0,PlaybackClip
Swordsman,/Game/_Art/Enemies/HeinMach/Humanoids/Swordsman/Animations/Playback/A_EN_PLAY_AC_EmpireSword_Pierce_Step1,CompositeBake,BBQ/Content/_Kazan_/Design/Monster/Human/Empire/EmpireSword/Skill/Pierce/AC_EmpireSword_Pierce_Step1,5196737/86040,66,1.076175332069397,1.0,PlaybackClip
Swordsman,/Game/_Art/Enemies/HeinMach/Humanoids/Swordsman/Animations/Playback/A_EN_PLAY_AC_EmpireSword_Pierce_Step2,CompositeBake,BBQ/Content/_Kazan_/Design/Monster/Human/Empire/EmpireSword/Skill/Pierce/AC_EmpireSword_Pierce_Step2,1573885/26223,117,1.9327130317687988,1.0,PlaybackClip
Swordsman,/Game/_Art/Enemies/HeinMach/Humanoids/Swordsman/Animations/Playback/A_EN_PLAY_AC_EmpireSword_Push_Kick,CompositeBake,BBQ/Content/_Kazan_/Design/Monster/Human/Empire/EmpireSword/Skill/Push_Kick/AC_EmpireSword_Push_Kick,1546595/25811,137,2.26969313621521,1.0,PlaybackClip
Swordsman,/Game/_Art/Enemies/HeinMach/Humanoids/Swordsman/Animations/Playback/A_EN_PLAY_AC_EmpireSword_Push_Kick_Loop,CompositeBake,BBQ/Content/_Kazan_/Design/Monster/Human/Empire/EmpireSword/Skill/Push_Kick/AC_EmpireSword_Push_Kick_Loop,5220993/87017,421,7.000036239624023,1.0,PlaybackClip
Swordsman,/Game/_Art/Enemies/HeinMach/Humanoids/Swordsman/Animations/Playback/A_EN_PLAY_AC_EmpireSword_Push_Kick_Ready,CompositeBake,BBQ/Content/_Kazan_/Design/Monster/Human/Empire/EmpireSword/Skill/Push_Kick/AC_EmpireSword_Push_Kick_Ready,1662114/27715,389,6.469724655151367,1.0,PlaybackClip
Swordsman,/Game/_Art/Enemies/HeinMach/Humanoids/Swordsman/Animations/Playback/A_EN_PLAY_AC_EmpireSword_Run_F,CompositeBake,BBQ/Content/_Kazan_/Design/Monster/Human/Empire/EmpireSword/Moving/Reaction/AC_EmpireSword_Run_F,30/1,24,0.7666666507720947,1.0,PlaybackClip
Swordsman,/Game/_Art/Enemies/HeinMach/Humanoids/Swordsman/Animations/Playback/A_EN_PLAY_AC_EmpireSword_Run_Peace_F,CompositeBake,BBQ/Content/_Kazan_/Design/Monster/Human/Empire/EmpireSword/Moving/PeaceIdle/AC_EmpireSword_Run_Peace_F,30/1,26,0.8333333134651184,1.0,PlaybackClip
Swordsman,/Game/_Art/Enemies/HeinMach/Humanoids/Swordsman/Animations/Playback/A_EN_PLAY_AC_EmpireSword_RushAttack_End,CompositeBake,BBQ/Content/_Kazan_/Design/Monster/Human/Empire/EmpireSword/Skill/RushAttack/AC_EmpireSword_RushAttack_End,30/1,28,0.8999999761581421,1.0,PlaybackClip
Swordsman,/Game/_Art/Enemies/HeinMach/Humanoids/Swordsman/Animations/Playback/A_EN_PLAY_AC_EmpireSword_RushAttack_Hit,CompositeBake,BBQ/Content/_Kazan_/Design/Monster/Human/Empire/EmpireSword/Skill/RushAttack/AC_EmpireSword_RushAttack_Hit,5570627/92616,142,2.3442344665527344,1.0,PlaybackClip
Swordsman,/Game/_Art/Enemies/HeinMach/Humanoids/Swordsman/Animations/Playback/A_EN_PLAY_AC_EmpireSword_RushAttack_Loop,CompositeBake,BBQ/Content/_Kazan_/Design/Monster/Human/Empire/EmpireSword/Skill/RushAttack/AC_EmpireSword_RushAttack_Loop,30/1,25,0.800000011920929,1.0,PlaybackClip
Swordsman,/Game/_Art/Enemies/HeinMach/Humanoids/Swordsman/Animations/Playback/A_EN_PLAY_AC_EmpireSword_RushAttack_Start,CompositeBake,BBQ/Content/_Kazan_/Design/Monster/Human/Empire/EmpireSword/Skill/RushAttack/AC_EmpireSword_RushAttack_Start,30/1,21,0.6666666865348816,1.0,PlaybackClip
Swordsman,/Game/_Art/Enemies/HeinMach/Humanoids/Swordsman/Animations/Playback/A_EN_PLAY_AC_EmpireSword_Sick_Down_B,CompositeBake,BBQ/Content/_Kazan_/Design/Monster/Human/Empire/EmpireSword/HeinMach/Sick/AC_EmpireSword_Sick_Down_B,30/1,191,6.333333492279053,1.0,PlaybackClip
Swordsman,/Game/_Art/Enemies/HeinMach/Humanoids/Swordsman/Animations/Playback/A_EN_PLAY_AC_EmpireSword_Sick_Down_DieB,CompositeBake,BBQ/Content/_Kazan_/Design/Monster/Human/Empire/EmpireSword/HeinMach/Sick/AC_EmpireSword_Sick_Down_DieB,30/1,361,12.0,1.0,PlaybackClip
Swordsman,/Game/_Art/Enemies/HeinMach/Humanoids/Swordsman/Animations/Playback/A_EN_PLAY_AC_EmpireSword_Sick_Down_DieF,CompositeBake,BBQ/Content/_Kazan_/Design/Monster/Human/Empire/EmpireSword/HeinMach/Sick/AC_EmpireSword_Sick_Down_DieF,30/1,355,11.800000190734863,1.0,PlaybackClip
Swordsman,/Game/_Art/Enemies/HeinMach/Humanoids/Swordsman/Animations/Playback/A_EN_PLAY_AC_EmpireSword_Sick_Down_F,CompositeBake,BBQ/Content/_Kazan_/Design/Monster/Human/Empire/EmpireSword/HeinMach/Sick/AC_EmpireSword_Sick_Down_F,30/1,343,11.399999618530273,1.0,PlaybackClip
Swordsman,/Game/_Art/Enemies/HeinMach/Humanoids/Swordsman/Animations/Playback/A_EN_PLAY_AC_EmpireSword_Sick_Stand_F,CompositeBake,BBQ/Content/_Kazan_/Design/Monster/Human/Empire/EmpireSword/HeinMach/Sick/AC_EmpireSword_Sick_Stand_F,30/1,449,14.933333396911621,1.0,PlaybackClip
Swordsman,/Game/_Art/Enemies/HeinMach/Humanoids/Swordsman/Animations/Playback/A_EN_PLAY_AC_EmpireSword_Slash_Step1,CompositeBake,BBQ/Content/_Kazan_/Design/Monster/Human/Empire/EmpireSword/Skill/Slash/AC_EmpireSword_Slash_Step1,3589463/59824,158,2.616649866104126,1.0,PlaybackClip
Swordsman,/Game/_Art/Enemies/HeinMach/Humanoids/Swordsman/Animations/Playback/A_EN_PLAY_AC_EmpireSword_Slash_Step2,CompositeBake,BBQ/Content/_Kazan_/Design/Monster/Human/Empire/EmpireSword/Skill/Slash/AC_EmpireSword_Slash_Step2,5766556/96261,117,1.9363856315612793,1.0,PlaybackClip
Swordsman,/Game/_Art/Enemies/HeinMach/Humanoids/Swordsman/Animations/Playback/A_EN_PLAY_AC_EmpireSword_Smash,CompositeBake,BBQ/Content/_Kazan_/Design/Monster/Human/Empire/EmpireSword/Skill/Smash/AC_EmpireSword_Smash,2996409/49880,164,2.7133946418762207,1.0,PlaybackClip
Swordsman,/Game/_Art/Enemies/HeinMach/Humanoids/Swordsman/Animations/Playback/A_EN_PLAY_AC_EmpireSword_Stand_F,CompositeBake,BBQ/Content/_Kazan_/Design/Monster/Human/Empire/EmpireSword/Moving/Reaction/AC_EmpireSword_Stand_F,30/1,51,1.6666666269302368,1.0,PlaybackClip
Swordsman,/Game/_Art/Enemies/HeinMach/Humanoids/Swordsman/Animations/Playback/A_EN_PLAY_AC_EmpireSword_Stand_F_9c49ca6b,CompositeBake,BBQ/Content/_Kazan_/Design/Monster/Human/Empire/EmpireSword/Skill/Smash/AC_EmpireSword_Stand_F,30/1,16,0.5,1.0,PlaybackClip
Swordsman,/Game/_Art/Enemies/HeinMach/Humanoids/Swordsman/Animations/Playback/A_EN_PLAY_AC_EmpireSword_Stand_Peace_F,CompositeBake,BBQ/Content/_Kazan_/Design/Monster/Human/Empire/EmpireSword/Moving/PeaceIdle/AC_EmpireSword_Stand_Peace_F,30/1,278,9.233333587646484,1.0,PlaybackClip
Swordsman,/Game/_Art/Enemies/HeinMach/Humanoids/Swordsman/Animations/Playback/A_EN_PLAY_AC_EmpireSword_Turn_L,CompositeBake,BBQ/Content/_Kazan_/Design/Monster/Human/Empire/EmpireSword/Moving/Reaction/AC_EmpireSword_Turn_L,30/1,32,1.0333333015441895,1.0,PlaybackClip
Swordsman,/Game/_Art/Enemies/HeinMach/Humanoids/Swordsman/Animations/Playback/A_EN_PLAY_AC_EmpireSword_Turn_L_180,CompositeBake,BBQ/Content/_Kazan_/Design/Monster/Human/Empire/EmpireSword/Moving/Reaction/AC_EmpireSword_Turn_L_180,30/1,44,1.4333332777023315,1.0,PlaybackClip
Swordsman,/Game/_Art/Enemies/HeinMach/Humanoids/Swordsman/Animations/Playback/A_EN_PLAY_AC_EmpireSword_Turn_L_Peace,CompositeBake,BBQ/Content/_Kazan_/Design/Monster/Human/Empire/EmpireSword/Moving/PeaceIdle/AC_EmpireSword_Turn_L_Peace,30/1,39,1.2666666507720947,1.0,PlaybackClip
Swordsman,/Game/_Art/Enemies/HeinMach/Humanoids/Swordsman/Animations/Playback/A_EN_PLAY_AC_EmpireSword_Turn_L_Peace_180,CompositeBake,BBQ/Content/_Kazan_/Design/Monster/Human/Empire/EmpireSword/Moving/PeaceIdle/AC_EmpireSword_Turn_L_Peace_180,30/1,64,2.0999999046325684,1.0,PlaybackClip
Swordsman,/Game/_Art/Enemies/HeinMach/Humanoids/Swordsman/Animations/Playback/A_EN_PLAY_AC_EmpireSword_Turn_R,CompositeBake,BBQ/Content/_Kazan_/Design/Monster/Human/Empire/EmpireSword/Moving/Reaction/AC_EmpireSword_Turn_R,30/1,32,1.0333333015441895,1.0,PlaybackClip
Swordsman,/Game/_Art/Enemies/HeinMach/Humanoids/Swordsman/Animations/Playback/A_EN_PLAY_AC_EmpireSword_Turn_R_180,CompositeBake,BBQ/Content/_Kazan_/Design/Monster/Human/Empire/EmpireSword/Moving/Reaction/AC_EmpireSword_Turn_R_180,30/1,41,1.3333333730697632,1.0,PlaybackClip
Swordsman,/Game/_Art/Enemies/HeinMach/Humanoids/Swordsman/Animations/Playback/A_EN_PLAY_AC_EmpireSword_Turn_R_Peace,CompositeBake,BBQ/Content/_Kazan_/Design/Monster/Human/Empire/EmpireSword/Moving/PeaceIdle/AC_EmpireSword_Turn_R_Peace,30/1,44,1.4333332777023315,1.0,PlaybackClip
Swordsman,/Game/_Art/Enemies/HeinMach/Humanoids/Swordsman/Animations/Playback/A_EN_PLAY_AC_EmpireSword_Turn_R_Peace_180,CompositeBake,BBQ/Content/_Kazan_/Design/Monster/Human/Empire/EmpireSword/Moving/PeaceIdle/AC_EmpireSword_Turn_R_Peace_180,30/1,64,2.0999999046325684,1.0,PlaybackClip
Swordsman,/Game/_Art/Enemies/HeinMach/Humanoids/Swordsman/Animations/Playback/A_EN_PLAY_AC_EmpireSword_UnEquip,CompositeBake,BBQ/Content/_Kazan_/Design/Monster/Human/Empire/EmpireSword/Moving/PeaceIdle/AC_EmpireSword_UnEquip,5248868/87963,52,0.8546820282936096,1.0,PlaybackClip
Swordsman,/Game/_Art/Enemies/HeinMach/Humanoids/Swordsman/Animations/Playback/A_EN_PLAY_AC_EmpireSword_Vigilant_FreakOut_Armed,CompositeBake,BBQ/Content/_Kazan_/Design/Monster/Human/Empire/EmpireSword/Skill/Vigilant/FreakOut_Armed/AC_EmpireSword_Vigilant_FreakOut_Armed,30/1,57,1.8666666746139526,1.0,PlaybackClip
Swordsman,/Game/_Art/Enemies/HeinMach/Humanoids/Swordsman/Animations/Playback/A_EN_PLAY_AC_EmpireSword_Vigilant_FreakOut_UnArmed,CompositeBake,BBQ/Content/_Kazan_/Design/Monster/Human/Empire/EmpireSword/Skill/Vigilant/FreakOut_UnArmed/AC_EmpireSword_Vigilant_FreakOut_UnArmed,30/1,62,2.0333333015441895,1.0,PlaybackClip
Swordsman,/Game/_Art/Enemies/HeinMach/Humanoids/Swordsman/Animations/Playback/A_EN_PLAY_AC_EmpireSword_Vigilant_LookAround,CompositeBake,BBQ/Content/_Kazan_/Design/Monster/Human/Empire/EmpireSword/Skill/Vigilant/LookAround/AC_EmpireSword_Vigilant_LookAround,30/1,286,9.5,1.0,PlaybackClip
Swordsman,/Game/_Art/Enemies/HeinMach/Humanoids/Swordsman/Animations/Playback/A_EN_PLAY_AC_EmpireSword_Walk_F,CompositeBake,BBQ/Content/_Kazan_/Design/Monster/Human/Empire/EmpireSword/Moving/Reaction/AC_EmpireSword_Walk_F,30/1,31,1.0,1.0,PlaybackClip
Swordsman,/Game/_Art/Enemies/HeinMach/Humanoids/Swordsman/Animations/Playback/A_EN_PLAY_AC_EmpireSword_Walk_Peace_F,CompositeBake,BBQ/Content/_Kazan_/Design/Monster/Human/Empire/EmpireSword/Moving/PeaceIdle/AC_EmpireSword_Walk_Peace_F,30/1,37,1.2000000476837158,1.0,PlaybackClip
Swordsman,/Game/_Art/Enemies/HeinMach/Humanoids/Swordsman/Animations/Playback/A_EN_PLAY_AC_M_EmpSwd_DamageParry_F,CompositeBake,BBQ/Content/_Kazan_/Design/Monster/Human/Empire/EmpireSword/Moving/Reaction/AC_M_EmpSwd_DamageParry_F,30/1,46,1.5,1.0,PlaybackClip
Swordsman,/Game/_Art/Enemies/HeinMach/Humanoids/Swordsman/Animations/Playback/A_EN_PLAY_CA_M_EmpSwd_FallDown_Loop,DirectOriginalTimeline,BBQ/Content/_Kazan_/Art/Character/CHA_Model/Monster_Human/Adult/Adult_M/Animation/EmpireSword3/CA_M_EmpSwd_FallDown_Loop,30/1,31,1.0,1.0,SourceSequence
Swordsman,/Game/_Art/Enemies/HeinMach/Humanoids/Swordsman/Animations/Playback/A_EN_PLAY_CA_M_EmpSwd_FallDown_Start,DirectOriginalTimeline,BBQ/Content/_Kazan_/Art/Character/CHA_Model/Monster_Human/Adult/Adult_M/Animation/EmpireSword3/CA_M_EmpSwd_FallDown_Start,30/1,60,1.9666666984558105,1.0,SourceSequence
Swordsman,/Game/_Art/Enemies/HeinMach/Humanoids/Swordsman/Animations/Playback/A_EN_PLAY_CA_M_EmpSwd_FootSword,DirectOriginalTimeline,BBQ/Content/_Kazan_/Art/Character/CHA_Model/Monster_Human/Adult/Adult_M/Animation/EmpireSword3/CA_M_EmpSwd_FootSword,30/1,23,0.7333333492279053,1.0,SourceSequence
Swordsman,/Game/_Art/Enemies/HeinMach/Humanoids/Swordsman/Animations/Playback/A_EN_PLAY_CA_M_EmpSwd_FreakOutWithNoWeapon,DirectOriginalTimeline,BBQ/Content/_Kazan_/Art/Character/CHA_Model/Monster_Human/Adult/Adult_M/Animation/EmpireSword3/CA_M_EmpSwd_FreakOutWithNoWeapon,30/1,75,2.4666666984558105,1.0,SourceSequence
Swordsman,/Game/_Art/Enemies/HeinMach/Humanoids/Swordsman/Animations/Playback/A_EN_PLAY_CA_M_EmpSwd_FreakOutWithWeapon,DirectOriginalTimeline,BBQ/Content/_Kazan_/Art/Character/CHA_Model/Monster_Human/Adult/Adult_M/Animation/EmpireSword3/CA_M_EmpSwd_FreakOutWithWeapon,30/1,36,1.1666666269302368,1.0,SourceSequence
Swordsman,/Game/_Art/Enemies/HeinMach/Humanoids/Swordsman/Animations/Playback/A_EN_PLAY_CA_M_EmpSwd_LockOnWalk_B,DirectOriginalTimeline,BBQ/Content/_Kazan_/Art/Character/CHA_Model/Monster_Human/Adult/Adult_M/Animation/EmpireSword3/CA_M_EmpSwd_LockOnWalk_B,30/1,31,1.0,1.0,SourceSequence
Swordsman,/Game/_Art/Enemies/HeinMach/Humanoids/Swordsman/Animations/Playback/A_EN_PLAY_CA_M_EmpSwd_LockOnWalk_F,DirectOriginalTimeline,BBQ/Content/_Kazan_/Art/Character/CHA_Model/Monster_Human/Adult/Adult_M/Animation/EmpireSword3/CA_M_EmpSwd_LockOnWalk_F,30/1,31,1.0,1.0,SourceSequence
Swordsman,/Game/_Art/Enemies/HeinMach/Humanoids/Swordsman/Animations/Playback/A_EN_PLAY_CA_M_EmpSwd_LockOnWalk_L,DirectOriginalTimeline,BBQ/Content/_Kazan_/Art/Character/CHA_Model/Monster_Human/Adult/Adult_M/Animation/EmpireSword3/CA_M_EmpSwd_LockOnWalk_L,30/1,31,1.0,1.0,SourceSequence
Swordsman,/Game/_Art/Enemies/HeinMach/Humanoids/Swordsman/Animations/Playback/A_EN_PLAY_CA_M_EmpSwd_LockOnWalk_R,DirectOriginalTimeline,BBQ/Content/_Kazan_/Art/Character/CHA_Model/Monster_Human/Adult/Adult_M/Animation/EmpireSword3/CA_M_EmpSwd_LockOnWalk_R,30/1,31,1.0,1.0,SourceSequence
Swordsman,/Game/_Art/Enemies/HeinMach/Humanoids/Swordsman/Animations/Playback/A_EN_PLAY_CA_M_EmpSwd_NoBattlePain_End_01,DirectOriginalTimeline,BBQ/Content/_Kazan_/Art/Character/CHA_Model/Monster_Human/Adult/Adult_M/Animation/EmpireSword3/CA_M_EmpSwd_NoBattlePain_End_01,30/1,215,7.133333206176758,1.0,SourceSequence
Swordsman,/Game/_Art/Enemies/HeinMach/Humanoids/Swordsman/Animations/Playback/A_EN_PLAY_CA_M_EmpSwd_NoBattlePain_End_02,DirectOriginalTimeline,BBQ/Content/_Kazan_/Art/Character/CHA_Model/Monster_Human/Adult/Adult_M/Animation/EmpireSword3/CA_M_EmpSwd_NoBattlePain_End_02,30/1,189,6.266666889190674,1.0,SourceSequence
Swordsman,/Game/_Art/Enemies/HeinMach/Humanoids/Swordsman/Animations/Playback/A_EN_PLAY_CA_M_EmpSwd_NoBattlePain_End_03,DirectOriginalTimeline,BBQ/Content/_Kazan_/Art/Character/CHA_Model/Monster_Human/Adult/Adult_M/Animation/EmpireSword3/CA_M_EmpSwd_NoBattlePain_End_03,30/1,168,5.566666603088379,1.0,SourceSequence
Swordsman,/Game/_Art/Enemies/HeinMach/Humanoids/Swordsman/Animations/Playback/A_EN_PLAY_CA_M_EmpSwd_NoBattlePain_End_04,DirectOriginalTimeline,BBQ/Content/_Kazan_/Art/Character/CHA_Model/Monster_Human/Adult/Adult_M/Animation/EmpireSword3/CA_M_EmpSwd_NoBattlePain_End_04,30/1,92,3.0333333015441895,1.0,SourceSequence
Swordsman,/Game/_Art/Enemies/HeinMach/Humanoids/Swordsman/Animations/Playback/A_EN_PLAY_CA_M_EmpSwd_NoBattlePain_Loop_01,DirectOriginalTimeline,BBQ/Content/_Kazan_/Art/Character/CHA_Model/Monster_Human/Adult/Adult_M/Animation/EmpireSword3/CA_M_EmpSwd_NoBattlePain_Loop_01,30/1,321,10.666666984558105,1.0,SourceSequence
Swordsman,/Game/_Art/Enemies/HeinMach/Humanoids/Swordsman/Animations/Playback/A_EN_PLAY_CA_M_EmpSwd_NoBattlePain_Loop_02,DirectOriginalTimeline,BBQ/Content/_Kazan_/Art/Character/CHA_Model/Monster_Human/Adult/Adult_M/Animation/EmpireSword3/CA_M_EmpSwd_NoBattlePain_Loop_02,30/1,427,14.199999809265137,1.0,SourceSequence
Swordsman,/Game/_Art/Enemies/HeinMach/Humanoids/Swordsman/Animations/Playback/A_EN_PLAY_CA_M_EmpSwd_NoBattlePain_Loop_03,DirectOriginalTimeline,BBQ/Content/_Kazan_/Art/Character/CHA_Model/Monster_Human/Adult/Adult_M/Animation/EmpireSword3/CA_M_EmpSwd_NoBattlePain_Loop_03,30/1,333,11.066666603088379,1.0,SourceSequence
Swordsman,/Game/_Art/Enemies/HeinMach/Humanoids/Swordsman/Animations/Playback/A_EN_PLAY_CA_M_EmpSwd_NoBattlePain_Loop_04,DirectOriginalTimeline,BBQ/Content/_Kazan_/Art/Character/CHA_Model/Monster_Human/Adult/Adult_M/Animation/EmpireSword3/CA_M_EmpSwd_NoBattlePain_Loop_04,30/1,290,9.633333206176758,1.0,SourceSequence
Swordsman,/Game/_Art/Enemies/HeinMach/Humanoids/Swordsman/Animations/Playback/A_EN_PLAY_CA_M_EmpSwd_Run_F,DirectOriginalTimeline,BBQ/Content/_Kazan_/Art/Character/CHA_Model/Monster_Human/Adult/Adult_M/Animation/EmpireSword3/CA_M_EmpSwd_Run_F,30/1,24,0.7666666507720947,1.0,SourceSequence
Swordsman,/Game/_Art/Enemies/HeinMach/Humanoids/Swordsman/Animations/Playback/A_EN_PLAY_CA_M_EmpSwd_Run_F_02,DirectOriginalTimeline,BBQ/Content/_Kazan_/Art/Character/CHA_Model/Monster_Human/Adult/Adult_M/Animation/EmpireSword3/CA_M_EmpSwd_Run_F_02,30/1,24,0.7666666507720947,1.0,SourceSequence
Swordsman,/Game/_Art/Enemies/HeinMach/Humanoids/Swordsman/Animations/Playback/A_EN_PLAY_CA_M_EmpSwd_Run_Peace_F,DirectOriginalTimeline,BBQ/Content/_Kazan_/Art/Character/CHA_Model/Monster_Human/Adult/Adult_M/Animation/EmpireSword3/CA_M_EmpSwd_Run_Peace_F,30/1,26,0.8333333134651184,1.0,SourceSequence
Swordsman,/Game/_Art/Enemies/HeinMach/Humanoids/Swordsman/Animations/Playback/A_EN_PLAY_CA_M_EmpSwd_Stand_F,DirectOriginalTimeline,BBQ/Content/_Kazan_/Art/Character/CHA_Model/Monster_Human/Adult/Adult_M/Animation/EmpireSword3/CA_M_EmpSwd_Stand_F,30/1,211,7.0,1.0,SourceSequence
Swordsman,/Game/_Art/Enemies/HeinMach/Humanoids/Swordsman/Animations/Playback/A_EN_PLAY_CA_M_EmpSwd_Stand_Peace_F,DirectOriginalTimeline,BBQ/Content/_Kazan_/Art/Character/CHA_Model/Monster_Human/Adult/Adult_M/Animation/EmpireSword3/CA_M_EmpSwd_Stand_Peace_F,30/1,278,9.233333587646484,1.0,SourceSequence
Swordsman,/Game/_Art/Enemies/HeinMach/Humanoids/Swordsman/Animations/Playback/A_EN_PLAY_CA_M_EmpSwd_Turn_Peace_L,DirectOriginalTimeline,BBQ/Content/_Kazan_/Art/Character/CHA_Model/Monster_Human/Adult/Adult_M/Animation/EmpireSword3/CA_M_EmpSwd_Turn_Peace_L,30/1,39,1.2666666507720947,1.0,SourceSequence
Swordsman,/Game/_Art/Enemies/HeinMach/Humanoids/Swordsman/Animations/Playback/A_EN_PLAY_CA_M_EmpSwd_Turn_Peace_R,DirectOriginalTimeline,BBQ/Content/_Kazan_/Art/Character/CHA_Model/Monster_Human/Adult/Adult_M/Animation/EmpireSword3/CA_M_EmpSwd_Turn_Peace_R,30/1,44,1.4333332777023315,1.0,SourceSequence
Swordsman,/Game/_Art/Enemies/HeinMach/Humanoids/Swordsman/Animations/Playback/A_EN_PLAY_CA_M_EmpSwd_Walk_F,DirectOriginalTimeline,BBQ/Content/_Kazan_/Art/Character/CHA_Model/Monster_Human/Adult/Adult_M/Animation/EmpireSword3/CA_M_EmpSwd_Walk_F,30/1,31,1.0,1.0,SourceSequence
Swordsman,/Game/_Art/Enemies/HeinMach/Humanoids/Swordsman/Animations/Playback/A_EN_PLAY_CA_M_EmpSwd_Walk_F_02,DirectOriginalTimeline,BBQ/Content/_Kazan_/Art/Character/CHA_Model/Monster_Human/Adult/Adult_M/Animation/EmpireSword3/CA_M_EmpSwd_Walk_F_02,30/1,31,1.0,1.0,SourceSequence
Swordsman,/Game/_Art/Enemies/HeinMach/Humanoids/Swordsman/Animations/Playback/A_EN_PLAY_CA_M_EmpSwd_Walk_Peace_F,DirectOriginalTimeline,BBQ/Content/_Kazan_/Art/Character/CHA_Model/Monster_Human/Adult/Adult_M/Animation/EmpireSword3/CA_M_EmpSwd_Walk_Peace_F,30/1,37,1.2000000476837158,1.0,SourceSequence
Swordsman,/Game/_Art/Enemies/HeinMach/Humanoids/Swordsman/Animations/Playback/A_EN_PLAY_CA_M_EmpSwd_WatchOut,DirectOriginalTimeline,BBQ/Content/_Kazan_/Art/Character/CHA_Model/Monster_Human/Adult/Adult_M/Animation/EmpireSword3/CA_M_EmpSwd_WatchOut,30/1,309,10.266666412353516,1.0,SourceSequence
EliteShield_SourceReferences,/Game/_Art/Enemies/OtherRegions/Humanoids/EliteShield/Animations/Playback/A_EN_PLAY_AC_ESpearShield_DamageDown_B,CompositeBake,BBQ/Content/_Kazan_/Design/Monster/Human/Empire/Empire_SwordShield_E/Moving/Reaction/AC_ESpearShield_DamageDown_B,30/1,22,0.699999988079071,1.0,PlaybackClip
EliteShield_SourceReferences,/Game/_Art/Enemies/OtherRegions/Humanoids/EliteShield/Animations/Playback/A_EN_PLAY_AC_ESwordShield_DamageDown_F,CompositeBake,BBQ/Content/_Kazan_/Design/Monster/Human/Empire/Empire_SwordShield_E/Moving/Reaction/AC_ESwordShield_DamageDown_F,30/1,22,0.699999988079071,1.0,PlaybackClip
EliteShield_SourceReferences,/Game/_Art/Enemies/OtherRegions/Humanoids/EliteShield/Animations/Playback/A_EN_PLAY_AC_ESwordShield_DamageFinalBlow,CompositeBake,BBQ/Content/_Kazan_/Design/Monster/Human/Empire/Empire_SwordShield_E/Moving/Reaction/AC_ESwordShield_DamageFinalBlow,30/1,106,3.5,1.0,PlaybackClip
EliteShield_SourceReferences,/Game/_Art/Enemies/OtherRegions/Humanoids/EliteShield/Animations/Playback/A_EN_PLAY_AC_ESwordShield_DamageFinalBlow_Wraith,CompositeBake,BBQ/Content/_Kazan_/Design/Monster/Human/Empire/Empire_SwordShield_E/Moving/Reaction/AC_ESwordShield_DamageFinalBlow_Wraith,30/1,106,3.5,1.0,PlaybackClip
EliteShield_SourceReferences,/Game/_Art/Enemies/OtherRegions/Humanoids/EliteShield/Animations/Playback/A_EN_PLAY_AC_ESwordShield_DamageGrapple_Atk_01,CompositeBake,BBQ/Content/_Kazan_/Design/Monster/Human/Empire/Empire_SwordShield_E/Moving/Reaction/AC_ESwordShield_DamageGrapple_Atk_01,30/1,49,1.600000023841858,1.0,PlaybackClip
EliteShield_SourceReferences,/Game/_Art/Enemies/OtherRegions/Humanoids/EliteShield/Animations/Playback/A_EN_PLAY_AC_ESwordShield_DamageGrapple_Atk_02,CompositeBake,BBQ/Content/_Kazan_/Design/Monster/Human/Empire/Empire_SwordShield_E/Moving/Reaction/AC_ESwordShield_DamageGrapple_Atk_02,30/1,34,1.100000023841858,1.0,PlaybackClip
EliteShield_SourceReferences,/Game/_Art/Enemies/OtherRegions/Humanoids/EliteShield/Animations/Playback/A_EN_PLAY_AC_ESwordShield_DamageGrapple_Atk_B_01,CompositeBake,BBQ/Content/_Kazan_/Design/Monster/Human/Empire/Empire_SwordShield_E/Moving/Reaction/AC_ESwordShield_DamageGrapple_Atk_B_01,30/1,41,1.3333333730697632,1.0,PlaybackClip
EliteShield_SourceReferences,/Game/_Art/Enemies/OtherRegions/Humanoids/EliteShield/Animations/Playback/A_EN_PLAY_AC_ESwordShield_DamageGrapple_Atk_B_02,CompositeBake,BBQ/Content/_Kazan_/Design/Monster/Human/Empire/Empire_SwordShield_E/Moving/Reaction/AC_ESwordShield_DamageGrapple_Atk_B_02,30/1,76,2.5,1.0,PlaybackClip
EliteShield_SourceReferences,/Game/_Art/Enemies/OtherRegions/Humanoids/EliteShield/Animations/Playback/A_EN_PLAY_AC_ESwordShield_DamageNormal_D_B,CompositeBake,BBQ/Content/_Kazan_/Design/Monster/Human/Empire/Empire_SwordShield_E/Moving/Reaction/AC_ESwordShield_DamageNormal_D_B,4853755/80628,62,1.013299584388733,1.0,PlaybackClip
EliteShield_SourceReferences,/Game/_Art/Enemies/OtherRegions/Humanoids/EliteShield/Animations/Playback/A_EN_PLAY_AC_ESwordShield_DamageNormal_D_F,CompositeBake,BBQ/Content/_Kazan_/Design/Monster/Human/Empire/Empire_SwordShield_E/Moving/Reaction/AC_ESwordShield_DamageNormal_D_F,30/1,22,0.699999988079071,1.0,PlaybackClip
EliteShield_SourceReferences,/Game/_Art/Enemies/OtherRegions/Humanoids/EliteShield/Animations/Playback/A_EN_PLAY_AC_ESwordShield_DamageNormal_L_F,CompositeBake,BBQ/Content/_Kazan_/Design/Monster/Human/Empire/Empire_SwordShield_E/Moving/Reaction/AC_ESwordShield_DamageNormal_L_F,30/1,22,0.699999988079071,1.0,PlaybackClip
EliteShield_SourceReferences,/Game/_Art/Enemies/OtherRegions/Humanoids/EliteShield/Animations/Playback/A_EN_PLAY_AC_ESwordShield_DamageNormal_R_F,CompositeBake,BBQ/Content/_Kazan_/Design/Monster/Human/Empire/Empire_SwordShield_E/Moving/Reaction/AC_ESwordShield_DamageNormal_R_F,30/1,22,0.699999988079071,1.0,PlaybackClip
EliteShield_SourceReferences,/Game/_Art/Enemies/OtherRegions/Humanoids/EliteShield/Animations/Playback/A_EN_PLAY_AC_ESwordShield_DamageNormal_U_B,CompositeBake,BBQ/Content/_Kazan_/Design/Monster/Human/Empire/Empire_SwordShield_E/Moving/Reaction/AC_ESwordShield_DamageNormal_U_B,2527651/41988,62,1.0132997035980225,1.0,PlaybackClip
EliteShield_SourceReferences,/Game/_Art/Enemies/OtherRegions/Humanoids/EliteShield/Animations/Playback/A_EN_PLAY_AC_ESwordShield_DamageNormal_U_F,CompositeBake,BBQ/Content/_Kazan_/Design/Monster/Human/Empire/Empire_SwordShield_E/Moving/Reaction/AC_ESwordShield_DamageNormal_U_F,30/1,22,0.699999988079071,1.0,PlaybackClip
EliteShield_SourceReferences,/Game/_Art/Enemies/OtherRegions/Humanoids/EliteShield/Animations/Playback/A_EN_PLAY_AC_ESwordShield_DamageParry_F,CompositeBake,BBQ/Content/_Kazan_/Design/Monster/Human/Empire/Empire_SwordShield_E/Moving/Reaction/AC_ESwordShield_DamageParry_F,30/1,46,1.5,1.0,PlaybackClip
EliteShield_SourceReferences,/Game/_Art/Enemies/OtherRegions/Humanoids/EliteShield/Animations/Playback/A_EN_PLAY_AC_ESwordShield_DamageStrong_D_F,CompositeBake,BBQ/Content/_Kazan_/Design/Monster/Human/Empire/Empire_SwordShield_E/Moving/Reaction/AC_ESwordShield_DamageStrong_D_F,30/1,34,1.100000023841858,1.0,PlaybackClip
EliteShield_SourceReferences,/Game/_Art/Enemies/OtherRegions/Humanoids/EliteShield/Animations/Playback/A_EN_PLAY_AC_ESwordShield_DamageStrong_D_F_2,CompositeBake,BBQ/Content/_Kazan_/Design/Monster/Human/Empire/Empire_SwordShield_E/Moving/Reaction/AC_ESwordShield_DamageStrong_D_F_2,30/1,34,1.100000023841858,1.0,PlaybackClip
EliteShield_SourceReferences,/Game/_Art/Enemies/OtherRegions/Humanoids/EliteShield/Animations/Playback/A_EN_PLAY_AC_ESwordShield_DamageStrong_L_F,CompositeBake,BBQ/Content/_Kazan_/Design/Monster/Human/Empire/Empire_SwordShield_E/Moving/Reaction/AC_ESwordShield_DamageStrong_L_F,30/1,34,1.100000023841858,1.0,PlaybackClip
EliteShield_SourceReferences,/Game/_Art/Enemies/OtherRegions/Humanoids/EliteShield/Animations/Playback/A_EN_PLAY_AC_ESwordShield_DamageStrong_R_F,CompositeBake,BBQ/Content/_Kazan_/Design/Monster/Human/Empire/Empire_SwordShield_E/Moving/Reaction/AC_ESwordShield_DamageStrong_R_F,30/1,34,1.100000023841858,1.0,PlaybackClip
EliteShield_SourceReferences,/Game/_Art/Enemies/OtherRegions/Humanoids/EliteShield/Animations/Playback/A_EN_PLAY_AC_ESwordShield_DamageStrong_U_F,CompositeBake,BBQ/Content/_Kazan_/Design/Monster/Human/Empire/Empire_SwordShield_E/Moving/Reaction/AC_ESwordShield_DamageStrong_U_F,30/1,31,1.0,1.0,PlaybackClip
EliteShield_SourceReferences,/Game/_Art/Enemies/OtherRegions/Humanoids/EliteShield/Animations/Playback/A_EN_PLAY_AC_ESwordShield_DamageWeak_D_F,CompositeBake,BBQ/Content/_Kazan_/Design/Monster/Human/Empire/Empire_SwordShield_E/Moving/Reaction/AC_ESwordShield_DamageWeak_D_F,30/1,13,0.4000000059604645,1.0,PlaybackClip
EliteShield_SourceReferences,/Game/_Art/Enemies/OtherRegions/Humanoids/EliteShield/Animations/Playback/A_EN_PLAY_AC_ESwordShield_DamageWeak_L_F,CompositeBake,BBQ/Content/_Kazan_/Design/Monster/Human/Empire/Empire_SwordShield_E/Moving/Reaction/AC_ESwordShield_DamageWeak_L_F,30/1,13,0.4000000059604645,1.0,PlaybackClip
EliteShield_SourceReferences,/Game/_Art/Enemies/OtherRegions/Humanoids/EliteShield/Animations/Playback/A_EN_PLAY_AC_ESwordShield_DamageWeak_R_F,CompositeBake,BBQ/Content/_Kazan_/Design/Monster/Human/Empire/Empire_SwordShield_E/Moving/Reaction/AC_ESwordShield_DamageWeak_R_F,30/1,13,0.4000000059604645,1.0,PlaybackClip
EliteShield_SourceReferences,/Game/_Art/Enemies/OtherRegions/Humanoids/EliteShield/Animations/Playback/A_EN_PLAY_AC_ESwordShield_DamageWeak_U_F,CompositeBake,BBQ/Content/_Kazan_/Design/Monster/Human/Empire/Empire_SwordShield_E/Moving/Reaction/AC_ESwordShield_DamageWeak_U_F,30/1,13,0.4000000059604645,1.0,PlaybackClip
EliteShield_SourceReferences,/Game/_Art/Enemies/OtherRegions/Humanoids/EliteShield/Animations/Playback/A_EN_PLAY_AC_ESwordShield_Defence_Loop,CompositeBake,BBQ/Content/_Kazan_/Design/Monster/Human/Empire/Empire_SwordShield_E/Moving/Reaction/AC_ESwordShield_Defence_Loop,30/1,61,2.0,1.0,PlaybackClip
EliteShield_SourceReferences,/Game/_Art/Enemies/OtherRegions/Humanoids/EliteShield/Animations/Playback/A_EN_PLAY_AC_ESwordShield_Die_F,CompositeBake,BBQ/Content/_Kazan_/Design/Monster/Human/Empire/Empire_SwordShield_E/Moving/Reaction/AC_ESwordShield_Die_F,30/1,181,6.0,1.0,PlaybackClip
EliteShield_SourceReferences,/Game/_Art/Enemies/OtherRegions/Humanoids/EliteShield/Animations/Playback/A_EN_PLAY_AC_ESwordShield_Die_F_Wraith,CompositeBake,BBQ/Content/_Kazan_/Design/Monster/Human/Empire/Empire_SwordShield_E/Moving/Reaction/AC_ESwordShield_Die_F_Wraith,30/1,181,6.0,1.0,PlaybackClip
EliteShield_SourceReferences,/Game/_Art/Enemies/OtherRegions/Humanoids/EliteShield/Animations/Playback/A_EN_PLAY_AC_ESwordShield_Down_B_Loop,CompositeBake,BBQ/Content/_Kazan_/Design/Monster/Human/Empire/Empire_SwordShield_E/Moving/Reaction/AC_ESwordShield_Down_B_Loop,30/1,49,1.600000023841858,1.0,PlaybackClip
EliteShield_SourceReferences,/Game/_Art/Enemies/OtherRegions/Humanoids/EliteShield/Animations/Playback/A_EN_PLAY_AC_ESwordShield_Down_F_Loop,CompositeBake,BBQ/Content/_Kazan_/Design/Monster/Human/Empire/Empire_SwordShield_E/Moving/Reaction/AC_ESwordShield_Down_F_Loop,30/1,49,1.600000023841858,1.0,PlaybackClip
EliteShield_SourceReferences,/Game/_Art/Enemies/OtherRegions/Humanoids/EliteShield/Animations/Playback/A_EN_PLAY_AC_ESwordShield_Falling,CompositeBake,BBQ/Content/_Kazan_/Design/Monster/Human/Empire/Empire_SwordShield_E/Moving/Reaction/AC_ESwordShield_Falling,30/1,4,0.10000000149011612,1.0,PlaybackClip
EliteShield_SourceReferences,/Game/_Art/Enemies/OtherRegions/Humanoids/EliteShield/Animations/Playback/A_EN_PLAY_AC_ESwordShield_Getup_B,CompositeBake,BBQ/Content/_Kazan_/Design/Monster/Human/Empire/Empire_SwordShield_E/Moving/Reaction/AC_ESwordShield_Getup_B,30/1,57,1.8666666746139526,1.0,PlaybackClip
EliteShield_SourceReferences,/Game/_Art/Enemies/OtherRegions/Humanoids/EliteShield/Animations/Playback/A_EN_PLAY_AC_ESwordShield_Getup_F,CompositeBake,BBQ/Content/_Kazan_/Design/Monster/Human/Empire/Empire_SwordShield_E/Moving/Reaction/AC_ESwordShield_Getup_F,30/1,51,1.6666666269302368,1.0,PlaybackClip
EliteShield_SourceReferences,/Game/_Art/Enemies/OtherRegions/Humanoids/EliteShield/Animations/Playback/A_EN_PLAY_AC_ESwordShield_Groggy_F_End,CompositeBake,BBQ/Content/_Kazan_/Design/Monster/Human/Empire/Empire_SwordShield_E/Moving/Reaction/AC_ESwordShield_Groggy_F_End,30/1,41,1.3333333730697632,1.0,PlaybackClip
EliteShield_SourceReferences,/Game/_Art/Enemies/OtherRegions/Humanoids/EliteShield/Animations/Playback/A_EN_PLAY_AC_ESwordShield_Groggy_F_Loop,CompositeBake,BBQ/Content/_Kazan_/Design/Monster/Human/Empire/Empire_SwordShield_E/Moving/Reaction/AC_ESwordShield_Groggy_F_Loop,30/1,81,2.6666667461395264,1.0,PlaybackClip
EliteShield_SourceReferences,/Game/_Art/Enemies/OtherRegions/Humanoids/EliteShield/Animations/Playback/A_EN_PLAY_AC_ESwordShield_Groggy_F_Start,CompositeBake,BBQ/Content/_Kazan_/Design/Monster/Human/Empire/Empire_SwordShield_E/Moving/Reaction/AC_ESwordShield_Groggy_F_Start,30/1,36,1.1666666269302368,1.0,PlaybackClip
EliteShield_SourceReferences,/Game/_Art/Enemies/OtherRegions/Humanoids/EliteShield/Animations/Playback/A_EN_PLAY_AC_ESwordShield_Guard_Broken,CompositeBake,BBQ/Content/_Kazan_/Design/Monster/Human/Empire/Empire_SwordShield_E/Moving/Reaction/AC_ESwordShield_Guard_Broken,30/1,71,2.3333332538604736,1.0,PlaybackClip
EliteShield_SourceReferences,/Game/_Art/Enemies/OtherRegions/Humanoids/EliteShield/Animations/Playback/A_EN_PLAY_AC_ESwordShield_Guard_Counter,CompositeBake,BBQ/Content/_Kazan_/Design/Monster/Human/Empire/Empire_SwordShield_E/Moving/Reaction/AC_ESwordShield_Guard_Counter,30/1,96,3.1666667461395264,1.0,PlaybackClip
EliteShield_SourceReferences,/Game/_Art/Enemies/OtherRegions/Humanoids/EliteShield/Animations/Playback/A_EN_PLAY_AC_ESwordShield_Guard_End,CompositeBake,BBQ/Content/_Kazan_/Design/Monster/Human/Empire/Empire_SwordShield_E/Moving/Reaction/AC_ESwordShield_Guard_End,30/1,10,0.30000001192092896,1.0,PlaybackClip
EliteShield_SourceReferences,/Game/_Art/Enemies/OtherRegions/Humanoids/EliteShield/Animations/Playback/A_EN_PLAY_AC_ESwordShield_Guard_Hit,CompositeBake,BBQ/Content/_Kazan_/Design/Monster/Human/Empire/Empire_SwordShield_E/Moving/Reaction/AC_ESwordShield_Guard_Hit,30/1,21,0.6666666865348816,1.0,PlaybackClip
EliteShield_SourceReferences,/Game/_Art/Enemies/OtherRegions/Humanoids/EliteShield/Animations/Playback/A_EN_PLAY_AC_ESwordShield_Run_F,CompositeBake,BBQ/Content/_Kazan_/Design/Monster/Human/Empire/Empire_SwordShield_E/Moving/Reaction/AC_ESwordShield_Run_F,30/1,21,0.6666666865348816,1.0,PlaybackClip
EliteShield_SourceReferences,/Game/_Art/Enemies/OtherRegions/Humanoids/EliteShield/Animations/Playback/A_EN_PLAY_AC_ESwordShield_Stand_F,CompositeBake,BBQ/Content/_Kazan_/Design/Monster/Human/Empire/Empire_SwordShield_E/Moving/Reaction/AC_ESwordShield_Stand_F,30/1,61,2.0,1.0,PlaybackClip
EliteShield_SourceReferences,/Game/_Art/Enemies/OtherRegions/Humanoids/EliteShield/Animations/Playback/A_EN_PLAY_AC_ESwordShield_Turn_L,CompositeBake,BBQ/Content/_Kazan_/Design/Monster/Human/Empire/Empire_SwordShield_E/Moving/Reaction/AC_ESwordShield_Turn_L,4825419/80986,53,0.8727266788482666,1.0,PlaybackClip
EliteShield_SourceReferences,/Game/_Art/Enemies/OtherRegions/Humanoids/EliteShield/Animations/Playback/A_EN_PLAY_AC_ESwordShield_Turn_L_180,CompositeBake,BBQ/Content/_Kazan_/Design/Monster/Human/Empire/Empire_SwordShield_E/Moving/Reaction/AC_ESwordShield_Turn_L_180,821714/13645,71,1.1623873710632324,1.0,PlaybackClip
EliteShield_SourceReferences,/Game/_Art/Enemies/OtherRegions/Humanoids/EliteShield/Animations/Playback/A_EN_PLAY_AC_ESwordShield_Turn_R,CompositeBake,BBQ/Content/_Kazan_/Design/Monster/Human/Empire/Empire_SwordShield_E/Moving/Reaction/AC_ESwordShield_Turn_R,4825419/80986,53,0.8727266788482666,1.0,PlaybackClip
EliteShield_SourceReferences,/Game/_Art/Enemies/OtherRegions/Humanoids/EliteShield/Animations/Playback/A_EN_PLAY_AC_ESwordShield_Turn_R_180,CompositeBake,BBQ/Content/_Kazan_/Design/Monster/Human/Empire/Empire_SwordShield_E/Moving/Reaction/AC_ESwordShield_Turn_R_180,821714/13645,71,1.1623873710632324,1.0,PlaybackClip
EliteShield_SourceReferences,/Game/_Art/Enemies/OtherRegions/Humanoids/EliteShield/Animations/Playback/A_EN_PLAY_AC_ESwordShield_Walk_F,CompositeBake,BBQ/Content/_Kazan_/Design/Monster/Human/Empire/Empire_SwordShield_E/Moving/Reaction/AC_ESwordShield_Walk_F,30/1,41,1.3333333730697632,1.0,PlaybackClip
EliteShield_SourceReferences,/Game/_Art/Enemies/OtherRegions/Humanoids/EliteShield/Animations/Playback/A_EN_PLAY_AC_EmpireSwordShield_BackCounter,CompositeBake,BBQ/Content/_Kazan_/Design/Monster/Human/Empire/Empire_SwordShield_E/Skill/12_BackCounter/AC_EmpireSwordShield_BackCounter,30/1,65,2.133333444595337,1.0,PlaybackClip
EliteShield_SourceReferences,/Game/_Art/Enemies/OtherRegions/Humanoids/EliteShield/Animations/Playback/A_EN_PLAY_AC_EmpireSwordShield_BurstStrike,CompositeBake,BBQ/Content/_Kazan_/Design/Monster/Human/Empire/Empire_SwordShield_E/Skill/23_BurstStrike/AC_EmpireSwordShield_BurstStrike,5594132/93239,133,2.2000818252563477,1.0,PlaybackClip
EliteShield_SourceReferences,/Game/_Art/Enemies/OtherRegions/Humanoids/EliteShield/Animations/Playback/A_EN_PLAY_AC_EmpireSwordShield_BurstStrike_Turn_F,CompositeBake,BBQ/Content/_Kazan_/Design/Monster/Human/Empire/Empire_SwordShield_E/Skill/23_BurstStrike/AC_EmpireSwordShield_BurstStrike_Turn_F,5087446/84673,166,2.746180534362793,1.0,PlaybackClip
EliteShield_SourceReferences,/Game/_Art/Enemies/OtherRegions/Humanoids/EliteShield/Animations/Playback/A_EN_PLAY_AC_EmpireSwordShield_ChargeCrash_End_ShieldSmash,CompositeBake,BBQ/Content/_Kazan_/Design/Monster/Human/Empire/Empire_SwordShield_E/Skill/10_ChargeCrash/AC_EmpireSwordShield_ChargeCrash_End_ShieldSmash,2562907/84969,58,1.8897420167922974,1.0,PlaybackClip
EliteShield_SourceReferences,/Game/_Art/Enemies/OtherRegions/Humanoids/EliteShield/Animations/Playback/A_EN_PLAY_AC_EmpireSwordShield_ChargeCrash_End_Thrust,CompositeBake,BBQ/Content/_Kazan_/Design/Monster/Human/Empire/Empire_SwordShield_E/Skill/10_ChargeCrash/AC_EmpireSwordShield_ChargeCrash_End_Thrust,3821981/63641,121,1.9981575012207031,1.0,PlaybackClip
EliteShield_SourceReferences,/Game/_Art/Enemies/OtherRegions/Humanoids/EliteShield/Animations/Playback/A_EN_PLAY_AC_EmpireSwordShield_ChargeCrash_GuardStart,CompositeBake,BBQ/Content/_Kazan_/Design/Monster/Human/Empire/Empire_SwordShield_E/Skill/10_ChargeCrash/AC_EmpireSwordShield_ChargeCrash_GuardStart,2000285/67136,30,0.9733332991600037,1.0,PlaybackClip
EliteShield_SourceReferences,/Game/_Art/Enemies/OtherRegions/Humanoids/EliteShield/Animations/Playback/A_EN_PLAY_AC_EmpireSwordShield_ChargeCrash_Loop,CompositeBake,BBQ/Content/_Kazan_/Design/Monster/Human/Empire/Empire_SwordShield_E/Skill/10_ChargeCrash/AC_EmpireSwordShield_ChargeCrash_Loop,4000021/66667,65,1.0666663646697998,1.0,PlaybackClip
EliteShield_SourceReferences,/Game/_Art/Enemies/OtherRegions/Humanoids/EliteShield/Animations/Playback/A_EN_PLAY_AC_EmpireSwordShield_ChargeCrash_Start,CompositeBake,BBQ/Content/_Kazan_/Design/Monster/Human/Empire/Empire_SwordShield_E/Skill/10_ChargeCrash/AC_EmpireSwordShield_ChargeCrash_Start,30/1,50,1.6333333253860474,1.0,PlaybackClip
EliteShield_SourceReferences,/Game/_Art/Enemies/OtherRegions/Humanoids/EliteShield/Animations/Playback/A_EN_PLAY_AC_EmpireSwordShield_ChargeCrash_Thrust,CompositeBake,BBQ/Content/_Kazan_/Design/Monster/Human/Empire/Empire_SwordShield_E/Skill/10_ChargeCrash/AC_EmpireSwordShield_ChargeCrash_Thrust,5567245/92902,123,2.035844326019287,1.0,PlaybackClip
EliteShield_SourceReferences,/Game/_Art/Enemies/OtherRegions/Humanoids/EliteShield/Animations/Playback/A_EN_PLAY_AC_EmpireSwordShield_ChargeSmash,CompositeBake,BBQ/Content/_Kazan_/Design/Monster/Human/Empire/Empire_SwordShield_E/Skill/05_ChargeSmash/AC_EmpireSwordShield_ChargeSmash,5481083/91162,139,2.295231819152832,1.0,PlaybackClip
EliteShield_SourceReferences,/Game/_Art/Enemies/OtherRegions/Humanoids/EliteShield/Animations/Playback/A_EN_PLAY_AC_EmpireSwordShield_ChargeSmash_Step,CompositeBake,BBQ/Content/_Kazan_/Design/Monster/Human/Empire/Empire_SwordShield_E/Skill/05_ChargeSmash/AC_EmpireSwordShield_ChargeSmash_Step,1726763/28632,22,0.34820759296417236,1.0,PlaybackClip
EliteShield_SourceReferences,/Game/_Art/Enemies/OtherRegions/Humanoids/EliteShield/Animations/Playback/A_EN_PLAY_AC_EmpireSwordShield_E_Basic_End_01,CompositeBake,BBQ/Content/_Kazan_/Design/Monster/Human/Empire/Empire_SwordShield_E/Moving/Reaction/AC_EmpireSwordShield_E_Basic_End_01,30/1,31,1.0,1.0,PlaybackClip
EliteShield_SourceReferences,/Game/_Art/Enemies/OtherRegions/Humanoids/EliteShield/Animations/Playback/A_EN_PLAY_AC_EmpireSwordShield_E_Basic_End_02,CompositeBake,BBQ/Content/_Kazan_/Design/Monster/Human/Empire/Empire_SwordShield_E/Moving/Reaction/AC_EmpireSwordShield_E_Basic_End_02,30/1,46,1.5,1.0,PlaybackClip
EliteShield_SourceReferences,/Game/_Art/Enemies/OtherRegions/Humanoids/EliteShield/Animations/Playback/A_EN_PLAY_AC_EmpireSwordShield_E_Basic_End_03,CompositeBake,BBQ/Content/_Kazan_/Design/Monster/Human/Empire/Empire_SwordShield_E/Moving/Reaction/AC_EmpireSwordShield_E_Basic_End_03,30/1,76,2.5,1.0,PlaybackClip
EliteShield_SourceReferences,/Game/_Art/Enemies/OtherRegions/Humanoids/EliteShield/Animations/Playback/A_EN_PLAY_AC_EmpireSwordShield_E_Basic_Loop_01,CompositeBake,BBQ/Content/_Kazan_/Design/Monster/Human/Empire/Empire_SwordShield_E/Moving/Reaction/AC_EmpireSwordShield_E_Basic_Loop_01,30/1,395,13.133333206176758,1.0,PlaybackClip
EliteShield_SourceReferences,/Game/_Art/Enemies/OtherRegions/Humanoids/EliteShield/Animations/Playback/A_EN_PLAY_AC_EmpireSwordShield_E_Basic_Loop_02,CompositeBake,BBQ/Content/_Kazan_/Design/Monster/Human/Empire/Empire_SwordShield_E/Moving/Reaction/AC_EmpireSwordShield_E_Basic_Loop_02,30/1,271,9.0,1.0,PlaybackClip
EliteShield_SourceReferences,/Game/_Art/Enemies/OtherRegions/Humanoids/EliteShield/Animations/Playback/A_EN_PLAY_AC_EmpireSwordShield_E_Basic_Loop_03,CompositeBake,BBQ/Content/_Kazan_/Design/Monster/Human/Empire/Empire_SwordShield_E/Moving/Reaction/AC_EmpireSwordShield_E_Basic_Loop_03,30/1,141,4.666666507720947,1.0,PlaybackClip
EliteShield_SourceReferences,/Game/_Art/Enemies/OtherRegions/Humanoids/EliteShield/Animations/Playback/A_EN_PLAY_AC_EmpireSwordShield_E_Basic_Talk_End_01,CompositeBake,BBQ/Content/_Kazan_/Design/Monster/Human/Empire/Empire_SwordShield_E/Moving/Reaction/AC_EmpireSwordShield_E_Basic_Talk_End_01,30/1,25,0.800000011920929,1.0,PlaybackClip
EliteShield_SourceReferences,/Game/_Art/Enemies/OtherRegions/Humanoids/EliteShield/Animations/Playback/A_EN_PLAY_AC_EmpireSwordShield_E_Basic_Talk_Loop_01,CompositeBake,BBQ/Content/_Kazan_/Design/Monster/Human/Empire/Empire_SwordShield_E/Moving/Reaction/AC_EmpireSwordShield_E_Basic_Talk_Loop_01,30/1,373,12.399999618530273,1.0,PlaybackClip
EliteShield_SourceReferences,/Game/_Art/Enemies/OtherRegions/Humanoids/EliteShield/Animations/Playback/A_EN_PLAY_AC_EmpireSwordShield_E_StormPass_InnerTrial_Spawn_End,CompositeBake,BBQ/Content/_Kazan_/Design/Monster/Human/Empire/Empire_SwordShield_E/Skill/Spawn/AC_EmpireSwordShield_E_StormPass_InnerTrial_Spawn_End,30/1,121,4.0,1.0,PlaybackClip
EliteShield_SourceReferences,/Game/_Art/Enemies/OtherRegions/Humanoids/EliteShield/Animations/Playback/A_EN_PLAY_AC_EmpireSwordShield_E_StormPass_InnerTrial_Spawn_End_Loop,CompositeBake,BBQ/Content/_Kazan_/Design/Monster/Human/Empire/Empire_SwordShield_E/Skill/Spawn/AC_EmpireSwordShield_E_StormPass_InnerTrial_Spawn_End_Loop,30/1,31,1.0,1.0,PlaybackClip
EliteShield_SourceReferences,/Game/_Art/Enemies/OtherRegions/Humanoids/EliteShield/Animations/Playback/A_EN_PLAY_AC_EmpireSwordShield_E_StormPass_InnerTrial_Spawn_Start,CompositeBake,BBQ/Content/_Kazan_/Design/Monster/Human/Empire/Empire_SwordShield_E/Skill/Spawn/AC_EmpireSwordShield_E_StormPass_InnerTrial_Spawn_Start,30/1,181,6.0,1.0,PlaybackClip
EliteShield_SourceReferences,/Game/_Art/Enemies/OtherRegions/Humanoids/EliteShield/Animations/Playback/A_EN_PLAY_AC_EmpireSwordShield_E_Vigilant_FreakOut_Armed,CompositeBake,BBQ/Content/_Kazan_/Design/Monster/Human/Empire/Empire_SwordShield_E/Skill/Vigilant/FreakOut_Armed/AC_EmpireSwordShield_E_Vigilant_FreakOut_Armed,30/1,56,1.8333333730697632,1.0,PlaybackClip
EliteShield_SourceReferences,/Game/_Art/Enemies/OtherRegions/Humanoids/EliteShield/Animations/Playback/A_EN_PLAY_AC_EmpireSwordShield_E_Vigilant_LookAround,CompositeBake,BBQ/Content/_Kazan_/Design/Monster/Human/Empire/Empire_SwordShield_E/Skill/Vigilant/LookAround/AC_EmpireSwordShield_E_Vigilant_LookAround,30/1,254,8.433333396911621,1.0,PlaybackClip
EliteShield_SourceReferences,/Game/_Art/Enemies/OtherRegions/Humanoids/EliteShield/Animations/Playback/A_EN_PLAY_AC_EmpireSwordShield_E_Walk_F,CompositeBake,BBQ/Content/_Kazan_/Design/Monster/Human/Empire/Empire_SwordShield_E/Skill/00_MoveToTarget/AC_EmpireSwordShield_E_Walk_F,30/1,121,4.0,1.0,PlaybackClip
EliteShield_SourceReferences,/Game/_Art/Enemies/OtherRegions/Humanoids/EliteShield/Animations/Playback/A_EN_PLAY_AC_EmpireSwordShield_GuardCounter_Broken_Full,CompositeBake,BBQ/Content/_Kazan_/Design/Monster/Human/Empire/Empire_SwordShield_E/Skill/00_Guard/AC_EmpireSwordShield_GuardCounter_Broken_Full,1072090/17907,161,2.672462224960327,1.0,PlaybackClip
EliteShield_SourceReferences,/Game/_Art/Enemies/OtherRegions/Humanoids/EliteShield/Animations/Playback/A_EN_PLAY_AC_EmpireSwordShield_GuardCounter_Burst_Start,CompositeBake,BBQ/Content/_Kazan_/Design/Monster/Human/Empire/Empire_SwordShield_E/Skill/01_GuardCounter/AC_EmpireSwordShield_GuardCounter_Burst_Start,4282397/71278,49,0.7989320158958435,1.0,PlaybackClip
EliteShield_SourceReferences,/Game/_Art/Enemies/OtherRegions/Humanoids/EliteShield/Animations/Playback/A_EN_PLAY_AC_EmpireSwordShield_GuardCounter_Burst_Step2_New,CompositeBake,BBQ/Content/_Kazan_/Design/Monster/Human/Empire/Empire_SwordShield_E/Skill/01_GuardCounter/AC_EmpireSwordShield_GuardCounter_Burst_Step2_New,1333244/44797,26,0.8400000333786011,1.0,PlaybackClip
EliteShield_SourceReferences,/Game/_Art/Enemies/OtherRegions/Humanoids/EliteShield/Animations/Playback/A_EN_PLAY_AC_EmpireSwordShield_GuardCounter_Burst_Step3,CompositeBake,BBQ/Content/_Kazan_/Design/Monster/Human/Empire/Empire_SwordShield_E/Skill/01_GuardCounter/AC_EmpireSwordShield_GuardCounter_Burst_Step3,5567245/92902,123,2.035844326019287,1.0,PlaybackClip
EliteShield_SourceReferences,/Game/_Art/Enemies/OtherRegions/Humanoids/EliteShield/Animations/Playback/A_EN_PLAY_AC_EmpireSwordShield_GuardCounter_Burst_Step4,CompositeBake,BBQ/Content/_Kazan_/Design/Monster/Human/Empire/Empire_SwordShield_E/Skill/01_GuardCounter/AC_EmpireSwordShield_GuardCounter_Burst_Step4,5594132/93239,133,2.2000818252563477,1.0,PlaybackClip
EliteShield_SourceReferences,/Game/_Art/Enemies/OtherRegions/Humanoids/EliteShield/Animations/Playback/A_EN_PLAY_AC_EmpireSwordShield_GuardCounter_Burst_Turn_L,CompositeBake,BBQ/Content/_Kazan_/Design/Monster/Human/Empire/Empire_SwordShield_E/Skill/01_GuardCounter/AC_EmpireSwordShield_GuardCounter_Burst_Turn_L,5877777/98038,152,2.518594741821289,1.0,PlaybackClip
EliteShield_SourceReferences,/Game/_Art/Enemies/OtherRegions/Humanoids/EliteShield/Animations/Playback/A_EN_PLAY_AC_EmpireSwordShield_GuardCounter_Level_Loop,CompositeBake,BBQ/Content/_Kazan_/Design/Monster/Human/Empire/Empire_SwordShield_E/Skill/01_GuardCounter/AC_EmpireSwordShield_GuardCounter_Level_Loop,30/1,61,2.0,1.0,PlaybackClip
EliteShield_SourceReferences,/Game/_Art/Enemies/OtherRegions/Humanoids/EliteShield/Animations/Playback/A_EN_PLAY_AC_EmpireSwordShield_GuardCounter_Level_Start,CompositeBake,BBQ/Content/_Kazan_/Design/Monster/Human/Empire/Empire_SwordShield_E/Skill/01_GuardCounter/AC_EmpireSwordShield_GuardCounter_Level_Start,1300000/42563,14,0.42563000321388245,1.0,PlaybackClip
EliteShield_SourceReferences,/Game/_Art/Enemies/OtherRegions/Humanoids/EliteShield/Animations/Playback/A_EN_PLAY_AC_EmpireSwordShield_GuardCounter_Smash,CompositeBake,BBQ/Content/_Kazan_/Design/Monster/Human/Empire/Empire_SwordShield_E/Skill/01_GuardCounter/AC_EmpireSwordShield_GuardCounter_Smash,5481083/91162,139,2.295231819152832,1.0,PlaybackClip
EliteShield_SourceReferences,/Game/_Art/Enemies/OtherRegions/Humanoids/EliteShield/Animations/Playback/A_EN_PLAY_AC_EmpireSwordShield_GuardCounter_Start,CompositeBake,BBQ/Content/_Kazan_/Design/Monster/Human/Empire/Empire_SwordShield_E/Skill/01_GuardCounter/AC_EmpireSwordShield_GuardCounter_Start,2118722/34905,41,0.6589821577072144,1.0,PlaybackClip
EliteShield_SourceReferences,/Game/_Art/Enemies/OtherRegions/Humanoids/EliteShield/Animations/Playback/A_EN_PLAY_AC_EmpireSwordShield_GuardCounter_Step,CompositeBake,BBQ/Content/_Kazan_/Design/Monster/Human/Empire/Empire_SwordShield_E/Skill/01_GuardCounter/AC_EmpireSwordShield_GuardCounter_Step,1427971/23278,21,0.3260290324687958,1.0,PlaybackClip
EliteShield_SourceReferences,/Game/_Art/Enemies/OtherRegions/Humanoids/EliteShield/Animations/Playback/A_EN_PLAY_AC_EmpireSwordShield_Guard_Broken,CompositeBake,BBQ/Content/_Kazan_/Design/Monster/Human/Empire/Empire_SwordShield_E/Skill/00_Guard/AC_EmpireSwordShield_Guard_Broken,2211563/71185,15,0.45062699913978577,1.0,PlaybackClip
EliteShield_SourceReferences,/Game/_Art/Enemies/OtherRegions/Humanoids/EliteShield/Animations/Playback/A_EN_PLAY_AC_EmpireSwordShield_Guard_Broken_Full,CompositeBake,BBQ/Content/_Kazan_/Design/Monster/Human/Empire/Empire_SwordShield_E/Skill/00_Guard/AC_EmpireSwordShield_Guard_Broken_Full,5464517/91074,199,3.2999534606933594,1.0,PlaybackClip
EliteShield_SourceReferences,/Game/_Art/Enemies/OtherRegions/Humanoids/EliteShield/Animations/Playback/A_EN_PLAY_AC_EmpireSwordShield_Guard_End,CompositeBake,BBQ/Content/_Kazan_/Design/Monster/Human/Empire/Empire_SwordShield_E/Skill/00_Guard/AC_EmpireSwordShield_Guard_End,30/1,10,0.30000001192092896,1.0,PlaybackClip
EliteShield_SourceReferences,/Game/_Art/Enemies/OtherRegions/Humanoids/EliteShield/Animations/Playback/A_EN_PLAY_AC_EmpireSwordShield_Guard_Hit,CompositeBake,BBQ/Content/_Kazan_/Design/Monster/Human/Empire/Empire_SwordShield_E/Skill/00_Guard/AC_EmpireSwordShield_Guard_Hit,30/1,21,0.6666666865348816,1.0,PlaybackClip
EliteShield_SourceReferences,/Game/_Art/Enemies/OtherRegions/Humanoids/EliteShield/Animations/Playback/A_EN_PLAY_AC_EmpireSwordShield_Guard_Loop,CompositeBake,BBQ/Content/_Kazan_/Design/Monster/Human/Empire/Empire_SwordShield_E/Skill/00_Guard/AC_EmpireSwordShield_Guard_Loop,30/1,61,2.0,1.0,PlaybackClip
EliteShield_SourceReferences,/Game/_Art/Enemies/OtherRegions/Humanoids/EliteShield/Animations/Playback/A_EN_PLAY_AC_EmpireSwordShield_Guard_Start,CompositeBake,BBQ/Content/_Kazan_/Design/Monster/Human/Empire/Empire_SwordShield_E/Skill/00_Guard/AC_EmpireSwordShield_Guard_Start,30/1,6,0.1666666716337204,1.0,PlaybackClip
EliteShield_SourceReferences,/Game/_Art/Enemies/OtherRegions/Humanoids/EliteShield/Animations/Playback/A_EN_PLAY_AC_EmpireSwordShield_JustGuardCounter_Combo2_Step1,CompositeBake,BBQ/Content/_Kazan_/Design/Monster/Human/Empire/Empire_SwordShield_E/Skill/01_GuardCounter/AC_EmpireSwordShield_JustGuardCounter_Combo2_Step1,3755483/62583,129,2.133047580718994,1.0,PlaybackClip
EliteShield_SourceReferences,/Game/_Art/Enemies/OtherRegions/Humanoids/EliteShield/Animations/Playback/A_EN_PLAY_AC_EmpireSwordShield_JustGuardCounter_Combo2_Step2,CompositeBake,BBQ/Content/_Kazan_/Design/Monster/Human/Empire/Empire_SwordShield_E/Skill/01_GuardCounter/AC_EmpireSwordShield_JustGuardCounter_Combo2_Step2,30/1,79,2.5999999046325684,1.0,PlaybackClip
EliteShield_SourceReferences,/Game/_Art/Enemies/OtherRegions/Humanoids/EliteShield/Animations/Playback/A_EN_PLAY_AC_EmpireSwordShield_JustGuardCounter_Combo_Step1,CompositeBake,BBQ/Content/_Kazan_/Design/Monster/Human/Empire/Empire_SwordShield_E/Skill/01_GuardCounter/AC_EmpireSwordShield_JustGuardCounter_Combo_Step1,5562608/92785,173,2.8689815998077393,1.0,PlaybackClip
EliteShield_SourceReferences,/Game/_Art/Enemies/OtherRegions/Humanoids/EliteShield/Animations/Playback/A_EN_PLAY_AC_EmpireSwordShield_JustGuardCounter_Combo_Step2,CompositeBake,BBQ/Content/_Kazan_/Design/Monster/Human/Empire/Empire_SwordShield_E/Skill/01_GuardCounter/AC_EmpireSwordShield_JustGuardCounter_Combo_Step2,5268391/87768,105,1.7325730323791504,1.0,PlaybackClip
EliteShield_SourceReferences,/Game/_Art/Enemies/OtherRegions/Humanoids/EliteShield/Animations/Playback/A_EN_PLAY_AC_EmpireSwordShield_JustGuardCounter_Combo_Step3,CompositeBake,BBQ/Content/_Kazan_/Design/Monster/Human/Empire/Empire_SwordShield_E/Skill/01_GuardCounter/AC_EmpireSwordShield_JustGuardCounter_Combo_Step3,5713457/95221,126,2.083261489868164,1.0,PlaybackClip
EliteShield_SourceReferences,/Game/_Art/Enemies/OtherRegions/Humanoids/EliteShield/Animations/Playback/A_EN_PLAY_AC_EmpireSwordShield_JustGuardCounter_Execution,CompositeBake,BBQ/Content/_Kazan_/Design/Monster/Human/Empire/Empire_SwordShield_E/Skill/01_GuardCounter/AC_EmpireSwordShield_JustGuardCounter_Execution,2492723/41598,112,1.852342963218689,1.0,PlaybackClip
EliteShield_SourceReferences,/Game/_Art/Enemies/OtherRegions/Humanoids/EliteShield/Animations/Playback/A_EN_PLAY_AC_EmpireSwordShield_JustGuardCounter_Smash,CompositeBake,BBQ/Content/_Kazan_/Design/Monster/Human/Empire/Empire_SwordShield_E/Skill/01_GuardCounter/AC_EmpireSwordShield_JustGuardCounter_Smash,2028587/33724,142,2.3440375328063965,1.0,PlaybackClip
EliteShield_SourceReferences,/Game/_Art/Enemies/OtherRegions/Humanoids/EliteShield/Animations/Playback/A_EN_PLAY_AC_EmpireSwordShield_JustGuardCounter_Start_New,CompositeBake,BBQ/Content/_Kazan_/Design/Monster/Human/Empire/Empire_SwordShield_E/Skill/01_GuardCounter/AC_EmpireSwordShield_JustGuardCounter_Start_New,2082754/35127,33,0.5397008061408997,1.0,PlaybackClip
EliteShield_SourceReferences,/Game/_Art/Enemies/OtherRegions/Humanoids/EliteShield/Animations/Playback/A_EN_PLAY_AC_EmpireSwordShield_JustGuardCounter_Step,CompositeBake,BBQ/Content/_Kazan_/Design/Monster/Human/Empire/Empire_SwordShield_E/Skill/01_GuardCounter/AC_EmpireSwordShield_JustGuardCounter_Step,4325349/71720,22,0.3482077419757843,1.0,PlaybackClip
EliteShield_SourceReferences,/Game/_Art/Enemies/OtherRegions/Humanoids/EliteShield/Animations/Playback/A_EN_PLAY_AC_EmpireSwordShield_JustGuardCounter_Thrust,CompositeBake,BBQ/Content/_Kazan_/Design/Monster/Human/Empire/Empire_SwordShield_E/Skill/01_GuardCounter/AC_EmpireSwordShield_JustGuardCounter_Thrust,2014357/33636,115,1.9035871028900146,1.0,PlaybackClip
EliteShield_SourceReferences,/Game/_Art/Enemies/OtherRegions/Humanoids/EliteShield/Animations/Playback/A_EN_PLAY_AC_EmpireSwordShield_JustGuardCounter_empty_proto,CompositeBake,BBQ/Content/_Kazan_/Design/Monster/Human/Empire/Empire_SwordShield_E/Skill/0_ProtoData/AC_EmpireSwordShield_JustGuardCounter_empty_proto,2991441/99836,358,11.91447639465332,1.0,PlaybackClip
EliteShield_SourceReferences,/Game/_Art/Enemies/OtherRegions/Humanoids/EliteShield/Animations/Playback/A_EN_PLAY_AC_EmpireSwordShield_ShieldCrash,CompositeBake,BBQ/Content/_Kazan_/Design/Monster/Human/Empire/Empire_SwordShield_E/Skill/04_ShieldCrash/AC_EmpireSwordShield_ShieldCrash,5082161/84814,128,2.11944842338562,1.0,PlaybackClip
EliteShield_SourceReferences,/Game/_Art/Enemies/OtherRegions/Humanoids/EliteShield/Animations/Playback/A_EN_PLAY_AC_EmpireSwordShield_ShieldSmash,CompositeBake,BBQ/Content/_Kazan_/Design/Monster/Human/Empire/Empire_SwordShield_E/Skill/03_ShieldSmash/AC_EmpireSwordShield_ShieldSmash,5955640/99083,141,2.3291568756103516,1.0,PlaybackClip
EliteShield_SourceReferences,/Game/_Art/Enemies/OtherRegions/Humanoids/EliteShield/Animations/Playback/A_EN_PLAY_AC_EmpireSwordShield_ShieldSmash_2,CompositeBake,BBQ/Content/_Kazan_/Design/Monster/Human/Empire/Empire_SwordShield_E/Skill/03_ShieldSmash/AC_EmpireSwordShield_ShieldSmash_2,5955640/99083,141,2.3291568756103516,1.0,PlaybackClip
EliteShield_SourceReferences,/Game/_Art/Enemies/OtherRegions/Humanoids/EliteShield/Animations/Playback/A_EN_PLAY_AC_EmpireSwordShield_ShieldStamp,CompositeBake,BBQ/Content/_Kazan_/Design/Monster/Human/Empire/Empire_SwordShield_E/Skill/02_ShieldStamp/AC_EmpireSwordShield_ShieldStamp,5392767/90265,105,1.7407686710357666,1.0,PlaybackClip
EliteShield_SourceReferences,/Game/_Art/Enemies/OtherRegions/Humanoids/EliteShield/Animations/Playback/A_EN_PLAY_AC_EmpireSwordShield_SwordSting_Step1,CompositeBake,BBQ/Content/_Kazan_/Design/Monster/Human/Empire/Empire_SwordShield_E/Skill/09_SwordSting/AC_EmpireSwordShield_SwordSting_Step1,4876021/80524,54,0.8752570748329163,1.0,PlaybackClip
EliteShield_SourceReferences,/Game/_Art/Enemies/OtherRegions/Humanoids/EliteShield/Animations/Playback/A_EN_PLAY_AC_EmpireSwordShield_SwordSting_Step2,CompositeBake,BBQ/Content/_Kazan_/Design/Monster/Human/Empire/Empire_SwordShield_E/Skill/09_SwordSting/AC_EmpireSwordShield_SwordSting_Step2,30/1,31,1.0,1.0,PlaybackClip
EliteShield_SourceReferences,/Game/_Art/Enemies/OtherRegions/Humanoids/EliteShield/Animations/Playback/A_EN_PLAY_AC_EmpireSwordShield_SwordSting_Step3_1,CompositeBake,BBQ/Content/_Kazan_/Design/Monster/Human/Empire/Empire_SwordShield_E/Skill/09_SwordSting/AC_EmpireSwordShield_SwordSting_Step3_1,30/1,78,2.566666603088379,1.0,PlaybackClip
EliteShield_SourceReferences,/Game/_Art/Enemies/OtherRegions/Humanoids/EliteShield/Animations/Playback/A_EN_PLAY_AC_EmpireSwordShield_SwordSting_Step3_2,CompositeBake,BBQ/Content/_Kazan_/Design/Monster/Human/Empire/Empire_SwordShield_E/Skill/09_SwordSting/AC_EmpireSwordShield_SwordSting_Step3_2,5241067/87110,115,1.8947553634643555,1.0,PlaybackClip
EliteShield_SourceReferences,/Game/_Art/Enemies/OtherRegions/Humanoids/EliteShield/Animations/Playback/A_EN_PLAY_AC_EmpireSwordShield_SwordSting_Step3_3,CompositeBake,BBQ/Content/_Kazan_/Design/Monster/Human/Empire/Empire_SwordShield_E/Skill/09_SwordSting/AC_EmpireSwordShield_SwordSting_Step3_3,30/1,62,2.0333333015441895,1.0,PlaybackClip
EliteShield_SourceReferences,/Game/_Art/Enemies/OtherRegions/Humanoids/EliteShield/Animations/Playback/A_EN_PLAY_AC_EmpireSwordShield_SwordSting_Stop,CompositeBake,BBQ/Content/_Kazan_/Design/Monster/Human/Empire/Empire_SwordShield_E/Skill/09_SwordSting/AC_EmpireSwordShield_SwordSting_Stop,30/1,31,1.0,1.0,PlaybackClip
EliteShield_SourceReferences,/Game/_Art/Enemies/OtherRegions/Humanoids/EliteShield/Animations/Playback/A_EN_PLAY_AC_EmpireSwordShield_SwordSwing_Combo1_Step1,CompositeBake,BBQ/Content/_Kazan_/Design/Monster/Human/Empire/Empire_SwordShield_E/Skill/06_SwordSwing_Combo1/AC_EmpireSwordShield_SwordSwing_Combo1_Step1,5406872/90113,131,2.1666297912597656,1.0,PlaybackClip
EliteShield_SourceReferences,/Game/_Art/Enemies/OtherRegions/Humanoids/EliteShield/Animations/Playback/A_EN_PLAY_AC_EmpireSwordShield_SwordSwing_Combo1_Step2,CompositeBake,BBQ/Content/_Kazan_/Design/Monster/Human/Empire/Empire_SwordShield_E/Skill/06_SwordSwing_Combo1/AC_EmpireSwordShield_SwordSwing_Combo1_Step2,4921533/82024,117,1.933296799659729,1.0,PlaybackClip
EliteShield_SourceReferences,/Game/_Art/Enemies/OtherRegions/Humanoids/EliteShield/Animations/Playback/A_EN_PLAY_AC_EmpireSwordShield_SwordSwing_Combo1_Step3,CompositeBake,BBQ/Content/_Kazan_/Design/Monster/Human/Empire/Empire_SwordShield_E/Skill/06_SwordSwing_Combo1/AC_EmpireSwordShield_SwordSwing_Combo1_Step3,5713457/95221,126,2.083261489868164,1.0,PlaybackClip
EliteShield_SourceReferences,/Game/_Art/Enemies/OtherRegions/Humanoids/EliteShield/Animations/Playback/A_EN_PLAY_AC_EmpireSwordShield_SwordSwing_Combo1_Step4,CompositeBake,BBQ/Content/_Kazan_/Design/Monster/Human/Empire/Empire_SwordShield_E/Skill/06_SwordSwing_Combo1/AC_EmpireSwordShield_SwordSwing_Combo1_Step4,30/1,90,2.9666666984558105,1.0,PlaybackClip
EliteShield_SourceReferences,/Game/_Art/Enemies/OtherRegions/Humanoids/EliteShield/Animations/Playback/A_EN_PLAY_AC_EmpireSwordShield_SwordSwing_Combo2_Step1,CompositeBake,BBQ/Content/_Kazan_/Design/Monster/Human/Empire/Empire_SwordShield_E/Skill/07_SwordSwing_Combo2/AC_EmpireSwordShield_SwordSwing_Combo2_Step1,5504573/91833,125,2.0686967372894287,1.0,PlaybackClip
EliteShield_SourceReferences,/Game/_Art/Enemies/OtherRegions/Humanoids/EliteShield/Animations/Playback/A_EN_PLAY_AC_EmpireSwordShield_SwordSwing_Combo2_Step2,CompositeBake,BBQ/Content/_Kazan_/Design/Monster/Human/Empire/Empire_SwordShield_E/Skill/07_SwordSwing_Combo2/AC_EmpireSwordShield_SwordSwing_Combo2_Step2,30/1,58,1.899999976158142,1.0,PlaybackClip
EliteShield_SourceReferences,/Game/_Art/Enemies/OtherRegions/Humanoids/EliteShield/Animations/Playback/A_EN_PLAY_AC_EmpireSwordShield_SwordSwing_Combo3_Step1,CompositeBake,BBQ/Content/_Kazan_/Design/Monster/Human/Empire/Empire_SwordShield_E/Skill/08_SwordSwing_Combo3/AC_EmpireSwordShield_SwordSwing_Combo3_Step1,5243053/87632,147,2.4402332305908203,1.0,PlaybackClip
EliteShield_SourceReferences,/Game/_Art/Enemies/OtherRegions/Humanoids/EliteShield/Animations/Playback/A_EN_PLAY_AC_EmpireSwordShield_SwordSwing_Combo3_Step2,CompositeBake,BBQ/Content/_Kazan_/Design/Monster/Human/Empire/Empire_SwordShield_E/Skill/08_SwordSwing_Combo3/AC_EmpireSwordShield_SwordSwing_Combo3_Step2,1297623/21589,179,2.961447238922119,1.0,PlaybackClip
EliteShield_SourceReferences,/Game/_Art/Enemies/OtherRegions/Humanoids/EliteShield/Animations/Playback/A_EN_PLAY_AC_EmpireSwordShield_SwordSwing_Combo3_Step3,CompositeBake,BBQ/Content/_Kazan_/Design/Monster/Human/Empire/Empire_SwordShield_E/Skill/08_SwordSwing_Combo3/AC_EmpireSwordShield_SwordSwing_Combo3_Step3,30/1,79,2.5999999046325684,1.0,PlaybackClip
EliteShield_SourceReferences,/Game/_Art/Enemies/OtherRegions/Humanoids/EliteShield/Animations/Playback/A_EN_PLAY_AC_EmpireSwordShield_SwordSwing_Turn_L,CompositeBake,BBQ/Content/_Kazan_/Design/Monster/Human/Empire/Empire_SwordShield_E/Skill/11_SwordSwing_Turn/AC_EmpireSwordShield_SwordSwing_Turn_L,4389691/73109,166,2.748025894165039,1.0,PlaybackClip
EliteShield_SourceReferences,/Game/_Art/Enemies/OtherRegions/Humanoids/EliteShield/Animations/Playback/A_EN_PLAY_AC_EmpireSwordShield_SwordSwing_Turn_R,CompositeBake,BBQ/Content/_Kazan_/Design/Monster/Human/Empire/Empire_SwordShield_E/Skill/11_SwordSwing_Turn/AC_EmpireSwordShield_SwordSwing_Turn_R,5320000/88671,134,2.2167749404907227,1.0,PlaybackClip
EliteShield_SourceReferences,/Game/_Art/Enemies/OtherRegions/Humanoids/EliteShield/Animations/Playback/A_EN_PLAY_AC_EmpireSwordShield_Sword_Disease,CompositeBake,BBQ/Content/_Kazan_/Design/Monster/Human/Empire/Empire_SwordShield_E/Base_Setting/AC_EmpireSwordShield_Sword_Disease,30/1,73,2.4000000953674316,1.0,PlaybackClip
EliteShield_SourceReferences,/Game/_Art/Enemies/OtherRegions/Humanoids/EliteShield/Animations/Playback/A_EN_PLAY_AC_M_Human_Elite_M_PicaClub_DamageFinalBlow,CompositeBake,BBQ/Content/_Kazan_/Design/Monster/Human/Empire/Empire_SwordShield_E/Moving/Reaction/AC_M_Human_Elite_M_PicaClub_DamageFinalBlow,30/1,166,5.5,1.0,PlaybackClip
EliteShield_SourceReferences,/Game/_Art/Enemies/OtherRegions/Humanoids/EliteShield/Animations/Playback/A_EN_PLAY_CA_ESwordShield_Guard_Loop,DirectOriginalTimeline,BBQ/Content/_Kazan_/Art/Character/CHA_Model/Monster_Human/Elite/Elite_M/Animation/ESwordShield/ESwordShield_New/CA_ESwordShield_Guard_Loop,30/1,61,2.0,1.0,SourceSequence
EliteShield_SourceReferences,/Game/_Art/Enemies/OtherRegions/Humanoids/EliteShield/Animations/Playback/A_EN_PLAY_CA_ESwordShield_LockOnWalk_B,DirectOriginalTimeline,BBQ/Content/_Kazan_/Art/Character/CHA_Model/Monster_Human/Elite/Elite_M/Animation/ESwordShield/ESwordShield_New/CA_ESwordShield_LockOnWalk_B,30/1,41,1.3333333730697632,1.0,SourceSequence
EliteShield_SourceReferences,/Game/_Art/Enemies/OtherRegions/Humanoids/EliteShield/Animations/Playback/A_EN_PLAY_CA_ESwordShield_LockOnWalk_F,DirectOriginalTimeline,BBQ/Content/_Kazan_/Art/Character/CHA_Model/Monster_Human/Elite/Elite_M/Animation/ESwordShield/ESwordShield_New/CA_ESwordShield_LockOnWalk_F,30/1,41,1.3333333730697632,1.0,SourceSequence
EliteShield_SourceReferences,/Game/_Art/Enemies/OtherRegions/Humanoids/EliteShield/Animations/Playback/A_EN_PLAY_CA_ESwordShield_LockOnWalk_L,DirectOriginalTimeline,BBQ/Content/_Kazan_/Art/Character/CHA_Model/Monster_Human/Elite/Elite_M/Animation/ESwordShield/ESwordShield_New/CA_ESwordShield_LockOnWalk_L,30/1,41,1.3333333730697632,1.0,SourceSequence
EliteShield_SourceReferences,/Game/_Art/Enemies/OtherRegions/Humanoids/EliteShield/Animations/Playback/A_EN_PLAY_CA_ESwordShield_LockOnWalk_R,DirectOriginalTimeline,BBQ/Content/_Kazan_/Art/Character/CHA_Model/Monster_Human/Elite/Elite_M/Animation/ESwordShield/ESwordShield_New/CA_ESwordShield_LockOnWalk_R,30/1,41,1.3333333730697632,1.0,SourceSequence
EliteShield_SourceReferences,/Game/_Art/Enemies/OtherRegions/Humanoids/EliteShield/Animations/Playback/A_EN_PLAY_CA_ESwordShield_Run_F,DirectOriginalTimeline,BBQ/Content/_Kazan_/Art/Character/CHA_Model/Monster_Human/Elite/Elite_M/Animation/ESwordShield/ESwordShield_New/CA_ESwordShield_Run_F,30/1,21,0.6666666865348816,1.0,SourceSequence
EliteShield_SourceReferences,/Game/_Art/Enemies/OtherRegions/Humanoids/EliteShield/Animations/Playback/A_EN_PLAY_CA_ESwordShield_Stand_F,DirectOriginalTimeline,BBQ/Content/_Kazan_/Art/Character/CHA_Model/Monster_Human/Elite/Elite_M/Animation/ESwordShield/ESwordShield_New/CA_ESwordShield_Stand_F,30/1,61,2.0,1.0,SourceSequence
EliteShield_SourceReferences,/Game/_Art/Enemies/OtherRegions/Humanoids/EliteShield/Animations/Playback/A_EN_PLAY_CA_ESwordShield_Walk_F,DirectOriginalTimeline,BBQ/Content/_Kazan_/Art/Character/CHA_Model/Monster_Human/Elite/Elite_M/Animation/ESwordShield/ESwordShield_New/CA_ESwordShield_Walk_F,30/1,41,1.3333333730697632,1.0,SourceSequence
Mage,/Game/_Art/Enemies/OtherRegions/Humanoids/Mage/Animations/Playback/A_EN_PLAY_AC_EMagic_DamageGrapple_Atk_B_01,CompositeBake,BBQ/Content/_Kazan_/Design/Monster/Human/Empire/EmpireMagic/Moving/Reaction/AC_EMagic_DamageGrapple_Atk_B_01,30/1,41,1.3333333730697632,1.0,PlaybackClip
Mage,/Game/_Art/Enemies/OtherRegions/Humanoids/Mage/Animations/Playback/A_EN_PLAY_AC_EMagic_DamageGrapple_Atk_B_02,CompositeBake,BBQ/Content/_Kazan_/Design/Monster/Human/Empire/EmpireMagic/Moving/Reaction/AC_EMagic_DamageGrapple_Atk_B_02,30/1,76,2.5,1.0,PlaybackClip
Mage,/Game/_Art/Enemies/OtherRegions/Humanoids/Mage/Animations/Playback/A_EN_PLAY_AC_EmpireMagic_Basic_ChairSit_End_01,CompositeBake,BBQ/Content/_Kazan_/Design/Monster/Human/Empire/EmpireMagic/Moving/Reaction/AC_EmpireMagic_Basic_ChairSit_End_01,30/1,55,1.7999999523162842,1.0,PlaybackClip
Mage,/Game/_Art/Enemies/OtherRegions/Humanoids/Mage/Animations/Playback/A_EN_PLAY_AC_EmpireMagic_Basic_ChairSit_Loop_01,CompositeBake,BBQ/Content/_Kazan_/Design/Monster/Human/Empire/EmpireMagic/Moving/Reaction/AC_EmpireMagic_Basic_ChairSit_Loop_01,30/1,331,11.0,1.0,PlaybackClip
Mage,/Game/_Art/Enemies/OtherRegions/Humanoids/Mage/Animations/Playback/A_EN_PLAY_AC_EmpireMagic_Basic_End_01,CompositeBake,BBQ/Content/_Kazan_/Design/Monster/Human/Empire/EmpireMagic/Moving/Reaction/AC_EmpireMagic_Basic_End_01,30/1,51,1.6666666269302368,1.0,PlaybackClip
Mage,/Game/_Art/Enemies/OtherRegions/Humanoids/Mage/Animations/Playback/A_EN_PLAY_AC_EmpireMagic_Basic_Loop_01,CompositeBake,BBQ/Content/_Kazan_/Design/Monster/Human/Empire/EmpireMagic/Moving/Reaction/AC_EmpireMagic_Basic_Loop_01,30/1,211,7.0,1.0,PlaybackClip
Mage,/Game/_Art/Enemies/OtherRegions/Humanoids/Mage/Animations/Playback/A_EN_PLAY_AC_EmpireMagic_Basic_Search_End_01,CompositeBake,BBQ/Content/_Kazan_/Design/Monster/Human/Empire/EmpireMagic/Moving/Reaction/AC_EmpireMagic_Basic_Search_End_01,30/1,31,1.0,1.0,PlaybackClip
Mage,/Game/_Art/Enemies/OtherRegions/Humanoids/Mage/Animations/Playback/A_EN_PLAY_AC_EmpireMagic_Basic_Search_End_02,CompositeBake,BBQ/Content/_Kazan_/Design/Monster/Human/Empire/EmpireMagic/Moving/Reaction/AC_EmpireMagic_Basic_Search_End_02,30/1,51,1.6666666269302368,1.0,PlaybackClip
Mage,/Game/_Art/Enemies/OtherRegions/Humanoids/Mage/Animations/Playback/A_EN_PLAY_AC_EmpireMagic_Basic_Search_Loop_01,CompositeBake,BBQ/Content/_Kazan_/Design/Monster/Human/Empire/EmpireMagic/Moving/Reaction/AC_EmpireMagic_Basic_Search_Loop_01,30/1,451,15.0,1.0,PlaybackClip
Mage,/Game/_Art/Enemies/OtherRegions/Humanoids/Mage/Animations/Playback/A_EN_PLAY_AC_EmpireMagic_Basic_Search_Loop_02,CompositeBake,BBQ/Content/_Kazan_/Design/Monster/Human/Empire/EmpireMagic/Moving/Reaction/AC_EmpireMagic_Basic_Search_Loop_02,30/1,261,8.666666984558105,1.0,PlaybackClip
Mage,/Game/_Art/Enemies/OtherRegions/Humanoids/Mage/Animations/Playback/A_EN_PLAY_AC_EmpireMagic_Basic_Sit_End_01,CompositeBake,BBQ/Content/_Kazan_/Design/Monster/Human/Empire/EmpireMagic/Moving/Reaction/AC_EmpireMagic_Basic_Sit_End_01,30/1,81,2.6666667461395264,1.0,PlaybackClip
Mage,/Game/_Art/Enemies/OtherRegions/Humanoids/Mage/Animations/Playback/A_EN_PLAY_AC_EmpireMagic_Basic_Sit_Loop_01,CompositeBake,BBQ/Content/_Kazan_/Design/Monster/Human/Empire/EmpireMagic/Moving/Reaction/AC_EmpireMagic_Basic_Sit_Loop_01,30/1,266,8.833333015441895,1.0,PlaybackClip
Mage,/Game/_Art/Enemies/OtherRegions/Humanoids/Mage/Animations/Playback/A_EN_PLAY_AC_EmpireMagic_Basic_Talk_End_01,CompositeBake,BBQ/Content/_Kazan_/Design/Monster/Human/Empire/EmpireMagic/Moving/Reaction/AC_EmpireMagic_Basic_Talk_End_01,30/1,31,1.0,1.0,PlaybackClip
Mage,/Game/_Art/Enemies/OtherRegions/Humanoids/Mage/Animations/Playback/A_EN_PLAY_AC_EmpireMagic_Basic_Talk_Loop_01,CompositeBake,BBQ/Content/_Kazan_/Design/Monster/Human/Empire/EmpireMagic/Moving/Reaction/AC_EmpireMagic_Basic_Talk_Loop_01,30/1,328,10.899999618530273,1.0,PlaybackClip
Mage,/Game/_Art/Enemies/OtherRegions/Humanoids/Mage/Animations/Playback/A_EN_PLAY_AC_EmpireMagic_DamageAir_B_Down,CompositeBake,BBQ/Content/_Kazan_/Design/Monster/Human/Empire/EmpireMagic/Moving/Reaction/AC_EmpireMagic_DamageAir_B_Down,5000/167,6,0.16699999570846558,1.0,PlaybackClip
Mage,/Game/_Art/Enemies/OtherRegions/Humanoids/Mage/Animations/Playback/A_EN_PLAY_AC_EmpireMagic_DamageAir_B_Land,CompositeBake,BBQ/Content/_Kazan_/Design/Monster/Human/Empire/EmpireMagic/Moving/Reaction/AC_EmpireMagic_DamageAir_B_Land,2000869/66624,28,0.8990333676338196,1.0,PlaybackClip
Mage,/Game/_Art/Enemies/OtherRegions/Humanoids/Mage/Animations/Playback/A_EN_PLAY_AC_EmpireMagic_DamageAir_B_Peak,CompositeBake,BBQ/Content/_Kazan_/Design/Monster/Human/Empire/EmpireMagic/Moving/Reaction/AC_EmpireMagic_DamageAir_B_Peak,30/1,4,0.10000000149011612,1.0,PlaybackClip
Mage,/Game/_Art/Enemies/OtherRegions/Humanoids/Mage/Animations/Playback/A_EN_PLAY_AC_EmpireMagic_DamageAir_B_Up,CompositeBake,BBQ/Content/_Kazan_/Design/Monster/Human/Empire/EmpireMagic/Moving/Reaction/AC_EmpireMagic_DamageAir_B_Up,5000/167,6,0.16699999570846558,1.0,PlaybackClip
Mage,/Game/_Art/Enemies/OtherRegions/Humanoids/Mage/Animations/Playback/A_EN_PLAY_AC_EmpireMagic_DamageAir_F_Down,CompositeBake,BBQ/Content/_Kazan_/Design/Monster/Human/Empire/EmpireMagic/Moving/Reaction/AC_EmpireMagic_DamageAir_F_Down,5000/167,6,0.16699999570846558,1.0,PlaybackClip
Mage,/Game/_Art/Enemies/OtherRegions/Humanoids/Mage/Animations/Playback/A_EN_PLAY_AC_EmpireMagic_DamageAir_F_Land,CompositeBake,BBQ/Content/_Kazan_/Design/Monster/Human/Empire/EmpireMagic/Moving/Reaction/AC_EmpireMagic_DamageAir_F_Land,2000869/66624,28,0.8990333676338196,1.0,PlaybackClip
Mage,/Game/_Art/Enemies/OtherRegions/Humanoids/Mage/Animations/Playback/A_EN_PLAY_AC_EmpireMagic_DamageAir_F_Peak,CompositeBake,BBQ/Content/_Kazan_/Design/Monster/Human/Empire/EmpireMagic/Moving/Reaction/AC_EmpireMagic_DamageAir_F_Peak,30/1,4,0.10000000149011612,1.0,PlaybackClip
Mage,/Game/_Art/Enemies/OtherRegions/Humanoids/Mage/Animations/Playback/A_EN_PLAY_AC_EmpireMagic_DamageAir_F_Up,CompositeBake,BBQ/Content/_Kazan_/Design/Monster/Human/Empire/EmpireMagic/Moving/Reaction/AC_EmpireMagic_DamageAir_F_Up,5000/167,6,0.16699999570846558,1.0,PlaybackClip
Mage,/Game/_Art/Enemies/OtherRegions/Humanoids/Mage/Animations/Playback/A_EN_PLAY_AC_EmpireMagic_DamageDown_B,CompositeBake,BBQ/Content/_Kazan_/Design/Monster/Human/Empire/EmpireMagic/Moving/Reaction/AC_EmpireMagic_DamageDown_B,30/1,21,0.6666666865348816,1.0,PlaybackClip
Mage,/Game/_Art/Enemies/OtherRegions/Humanoids/Mage/Animations/Playback/A_EN_PLAY_AC_EmpireMagic_DamageDown_F,CompositeBake,BBQ/Content/_Kazan_/Design/Monster/Human/Empire/EmpireMagic/Moving/Reaction/AC_EmpireMagic_DamageDown_F,30/1,21,0.6666666865348816,1.0,PlaybackClip
Mage,/Game/_Art/Enemies/OtherRegions/Humanoids/Mage/Animations/Playback/A_EN_PLAY_AC_EmpireMagic_DamageGrapple_Atk_01,CompositeBake,BBQ/Content/_Kazan_/Design/Monster/Human/Empire/EmpireMagic/Moving/Reaction/AC_EmpireMagic_DamageGrapple_Atk_01,30/1,41,1.3333333730697632,1.0,PlaybackClip
Mage,/Game/_Art/Enemies/OtherRegions/Humanoids/Mage/Animations/Playback/A_EN_PLAY_AC_EmpireMagic_DamageGrapple_Atk_02,CompositeBake,BBQ/Content/_Kazan_/Design/Monster/Human/Empire/EmpireMagic/Moving/Reaction/AC_EmpireMagic_DamageGrapple_Atk_02,30/1,34,1.100000023841858,1.0,PlaybackClip
Mage,/Game/_Art/Enemies/OtherRegions/Humanoids/Mage/Animations/Playback/A_EN_PLAY_AC_EmpireMagic_DamageNormal_D_B,CompositeBake,BBQ/Content/_Kazan_/Design/Monster/Human/Empire/EmpireMagic/Moving/Reaction/AC_EmpireMagic_DamageNormal_D_B,3878947/64648,67,1.0999809503555298,1.0,PlaybackClip
Mage,/Game/_Art/Enemies/OtherRegions/Humanoids/Mage/Animations/Playback/A_EN_PLAY_AC_EmpireMagic_DamageNormal_D_F,CompositeBake,BBQ/Content/_Kazan_/Design/Monster/Human/Empire/EmpireMagic/Moving/Reaction/AC_EmpireMagic_DamageNormal_D_F,30/1,22,0.699999988079071,1.0,PlaybackClip
Mage,/Game/_Art/Enemies/OtherRegions/Humanoids/Mage/Animations/Playback/A_EN_PLAY_AC_EmpireMagic_DamageNormal_L_F,CompositeBake,BBQ/Content/_Kazan_/Design/Monster/Human/Empire/EmpireMagic/Moving/Reaction/AC_EmpireMagic_DamageNormal_L_F,30/1,22,0.699999988079071,1.0,PlaybackClip
Mage,/Game/_Art/Enemies/OtherRegions/Humanoids/Mage/Animations/Playback/A_EN_PLAY_AC_EmpireMagic_DamageNormal_R_F,CompositeBake,BBQ/Content/_Kazan_/Design/Monster/Human/Empire/EmpireMagic/Moving/Reaction/AC_EmpireMagic_DamageNormal_R_F,30/1,22,0.699999988079071,1.0,PlaybackClip
Mage,/Game/_Art/Enemies/OtherRegions/Humanoids/Mage/Animations/Playback/A_EN_PLAY_AC_EmpireMagic_DamageNormal_U_B,CompositeBake,BBQ/Content/_Kazan_/Design/Monster/Human/Empire/EmpireMagic/Moving/Reaction/AC_EmpireMagic_DamageNormal_U_B,58201/970,67,1.0999810695648193,1.0,PlaybackClip
Mage,/Game/_Art/Enemies/OtherRegions/Humanoids/Mage/Animations/Playback/A_EN_PLAY_AC_EmpireMagic_DamageNormal_U_F,CompositeBake,BBQ/Content/_Kazan_/Design/Monster/Human/Empire/EmpireMagic/Moving/Reaction/AC_EmpireMagic_DamageNormal_U_F,30/1,22,0.699999988079071,1.0,PlaybackClip
Mage,/Game/_Art/Enemies/OtherRegions/Humanoids/Mage/Animations/Playback/A_EN_PLAY_AC_EmpireMagic_DamageStrong_D_F,CompositeBake,BBQ/Content/_Kazan_/Design/Monster/Human/Empire/EmpireMagic/Moving/Reaction/AC_EmpireMagic_DamageStrong_D_F,30/1,34,1.100000023841858,1.0,PlaybackClip
Mage,/Game/_Art/Enemies/OtherRegions/Humanoids/Mage/Animations/Playback/A_EN_PLAY_AC_EmpireMagic_DamageStrong_D_F_2,CompositeBake,BBQ/Content/_Kazan_/Design/Monster/Human/Empire/EmpireMagic/Moving/Reaction/AC_EmpireMagic_DamageStrong_D_F_2,30/1,34,1.100000023841858,1.0,PlaybackClip
Mage,/Game/_Art/Enemies/OtherRegions/Humanoids/Mage/Animations/Playback/A_EN_PLAY_AC_EmpireMagic_DamageStrong_L_F,CompositeBake,BBQ/Content/_Kazan_/Design/Monster/Human/Empire/EmpireMagic/Moving/Reaction/AC_EmpireMagic_DamageStrong_L_F,30/1,34,1.100000023841858,1.0,PlaybackClip
Mage,/Game/_Art/Enemies/OtherRegions/Humanoids/Mage/Animations/Playback/A_EN_PLAY_AC_EmpireMagic_DamageStrong_R_F,CompositeBake,BBQ/Content/_Kazan_/Design/Monster/Human/Empire/EmpireMagic/Moving/Reaction/AC_EmpireMagic_DamageStrong_R_F,30/1,34,1.100000023841858,1.0,PlaybackClip
Mage,/Game/_Art/Enemies/OtherRegions/Humanoids/Mage/Animations/Playback/A_EN_PLAY_AC_EmpireMagic_DamageStrong_U_F,CompositeBake,BBQ/Content/_Kazan_/Design/Monster/Human/Empire/EmpireMagic/Moving/Reaction/AC_EmpireMagic_DamageStrong_U_F,30/1,34,1.100000023841858,1.0,PlaybackClip
Mage,/Game/_Art/Enemies/OtherRegions/Humanoids/Mage/Animations/Playback/A_EN_PLAY_AC_EmpireMagic_DamageWeak_D_F,CompositeBake,BBQ/Content/_Kazan_/Design/Monster/Human/Empire/EmpireMagic/Moving/Reaction/AC_EmpireMagic_DamageWeak_D_F,30/1,13,0.4000000059604645,1.0,PlaybackClip
Mage,/Game/_Art/Enemies/OtherRegions/Humanoids/Mage/Animations/Playback/A_EN_PLAY_AC_EmpireMagic_DamageWeak_L_F,CompositeBake,BBQ/Content/_Kazan_/Design/Monster/Human/Empire/EmpireMagic/Moving/Reaction/AC_EmpireMagic_DamageWeak_L_F,30/1,13,0.4000000059604645,1.0,PlaybackClip
Mage,/Game/_Art/Enemies/OtherRegions/Humanoids/Mage/Animations/Playback/A_EN_PLAY_AC_EmpireMagic_DamageWeak_R_F,CompositeBake,BBQ/Content/_Kazan_/Design/Monster/Human/Empire/EmpireMagic/Moving/Reaction/AC_EmpireMagic_DamageWeak_R_F,30/1,13,0.4000000059604645,1.0,PlaybackClip
Mage,/Game/_Art/Enemies/OtherRegions/Humanoids/Mage/Animations/Playback/A_EN_PLAY_AC_EmpireMagic_DamageWeak_U_F,CompositeBake,BBQ/Content/_Kazan_/Design/Monster/Human/Empire/EmpireMagic/Moving/Reaction/AC_EmpireMagic_DamageWeak_U_F,30/1,13,0.4000000059604645,1.0,PlaybackClip
Mage,/Game/_Art/Enemies/OtherRegions/Humanoids/Mage/Animations/Playback/A_EN_PLAY_AC_EmpireMagic_Down_Die_B,CompositeBake,BBQ/Content/_Kazan_/Design/Monster/Human/Empire/EmpireMagic/Moving/Reaction/AC_EmpireMagic_Down_Die_B,30/1,331,11.0,1.0,PlaybackClip
Mage,/Game/_Art/Enemies/OtherRegions/Humanoids/Mage/Animations/Playback/A_EN_PLAY_AC_EmpireMagic_Down_Die_F,CompositeBake,BBQ/Content/_Kazan_/Design/Monster/Human/Empire/EmpireMagic/Moving/Reaction/AC_EmpireMagic_Down_Die_F,30/1,331,11.0,1.0,PlaybackClip
Mage,/Game/_Art/Enemies/OtherRegions/Humanoids/Mage/Animations/Playback/A_EN_PLAY_AC_EmpireMagic_Down_Loop_B,CompositeBake,BBQ/Content/_Kazan_/Design/Monster/Human/Empire/EmpireMagic/Moving/Reaction/AC_EmpireMagic_Down_Loop_B,30/1,49,1.600000023841858,1.0,PlaybackClip
Mage,/Game/_Art/Enemies/OtherRegions/Humanoids/Mage/Animations/Playback/A_EN_PLAY_AC_EmpireMagic_Down_Loop_F,CompositeBake,BBQ/Content/_Kazan_/Design/Monster/Human/Empire/EmpireMagic/Moving/Reaction/AC_EmpireMagic_Down_Loop_F,30/1,49,1.600000023841858,1.0,PlaybackClip
Mage,/Game/_Art/Enemies/OtherRegions/Humanoids/Mage/Animations/Playback/A_EN_PLAY_AC_EmpireMagic_Equip,CompositeBake,BBQ/Content/_Kazan_/Design/Monster/Human/Empire/EmpireMagic/Moving/WeaponEquip/AC_EmpireMagic_Equip,5555582/92593,61,0.9999996423721313,1.0,PlaybackClip
Mage,/Game/_Art/Enemies/OtherRegions/Humanoids/Mage/Animations/Playback/A_EN_PLAY_AC_EmpireMagic_Equip_Turn_L,CompositeBake,BBQ/Content/_Kazan_/Design/Monster/Human/Empire/EmpireMagic/Moving/WeaponEquip/AC_EmpireMagic_Equip_Turn_L,4999982/83333,71,1.1666661500930786,1.0,PlaybackClip
Mage,/Game/_Art/Enemies/OtherRegions/Humanoids/Mage/Animations/Playback/A_EN_PLAY_AC_EmpireMagic_Equip_Turn_R,CompositeBake,BBQ/Content/_Kazan_/Design/Monster/Human/Empire/EmpireMagic/Moving/WeaponEquip/AC_EmpireMagic_Equip_Turn_R,4999982/83333,71,1.1666661500930786,1.0,PlaybackClip
Mage,/Game/_Art/Enemies/OtherRegions/Humanoids/Mage/Animations/Playback/A_EN_PLAY_AC_EmpireMagic_FireBall_End,CompositeBake,BBQ/Content/_Kazan_/Design/Monster/Human/Empire/EmpireMagic/Skill/01_FireBall/AC_EmpireMagic_FireBall_End,252089/4203,184,3.051100969314575,1.0,PlaybackClip
Mage,/Game/_Art/Enemies/OtherRegions/Humanoids/Mage/Animations/Playback/A_EN_PLAY_AC_EmpireMagic_FireBall_Loop,CompositeBake,BBQ/Content/_Kazan_/Design/Monster/Human/Empire/EmpireMagic/Skill/01_FireBall/AC_EmpireMagic_FireBall_Loop,4825507/80401,149,2.4659268856048584,1.0,PlaybackClip
Mage,/Game/_Art/Enemies/OtherRegions/Humanoids/Mage/Animations/Playback/A_EN_PLAY_AC_EmpireMagic_FireBall_Start,CompositeBake,BBQ/Content/_Kazan_/Design/Monster/Human/Empire/EmpireMagic/Skill/01_FireBall/AC_EmpireMagic_FireBall_Start,5859175/97694,131,2.1675782203674316,1.0,PlaybackClip
Mage,/Game/_Art/Enemies/OtherRegions/Humanoids/Mage/Animations/Playback/A_EN_PLAY_AC_EmpireMagic_FireLine_Dodge_B,CompositeBake,BBQ/Content/_Kazan_/Design/Monster/Human/Empire/EmpireMagic/Skill/02_FireLine/AC_EmpireMagic_FireLine_Dodge_B,5402539/90171,57,0.9346672296524048,1.0,PlaybackClip
Mage,/Game/_Art/Enemies/OtherRegions/Humanoids/Mage/Animations/Playback/A_EN_PLAY_AC_EmpireMagic_FireLine_Dodge_B_Shoot,CompositeBake,BBQ/Content/_Kazan_/Design/Monster/Human/Empire/EmpireMagic/Skill/02_FireLine/AC_EmpireMagic_FireLine_Dodge_B_Shoot,5702879/95187,75,1.2351372241973877,1.0,PlaybackClip
Mage,/Game/_Art/Enemies/OtherRegions/Humanoids/Mage/Animations/Playback/A_EN_PLAY_AC_EmpireMagic_FireLine_Shoot,CompositeBake,BBQ/Content/_Kazan_/Design/Monster/Human/Empire/EmpireMagic/Skill/02_FireLine/AC_EmpireMagic_FireLine_Shoot,1705061/28365,150,2.478729486465454,1.0,PlaybackClip
Mage,/Game/_Art/Enemies/OtherRegions/Humanoids/Mage/Animations/Playback/A_EN_PLAY_AC_EmpireMagic_FireRandom_End,CompositeBake,BBQ/Content/_Kazan_/Design/Monster/Human/Empire/EmpireMagic/Skill/03_FireRandom/AC_EmpireMagic_FireRandom_End,5741858/96279,82,1.358201265335083,1.0,PlaybackClip
Mage,/Game/_Art/Enemies/OtherRegions/Humanoids/Mage/Animations/Playback/A_EN_PLAY_AC_EmpireMagic_FireRandom_Loop_Back,CompositeBake,BBQ/Content/_Kazan_/Design/Monster/Human/Empire/EmpireMagic/Skill/03_FireRandom/AC_EmpireMagic_FireRandom_Loop_Back,5555582/92593,61,0.9999996423721313,1.0,PlaybackClip
Mage,/Game/_Art/Enemies/OtherRegions/Humanoids/Mage/Animations/Playback/A_EN_PLAY_AC_EmpireMagic_FireRandom_Loop_Front,CompositeBake,BBQ/Content/_Kazan_/Design/Monster/Human/Empire/EmpireMagic/Skill/03_FireRandom/AC_EmpireMagic_FireRandom_Loop_Front,3750003/62500,61,0.9999992251396179,1.0,PlaybackClip
Mage,/Game/_Art/Enemies/OtherRegions/Humanoids/Mage/Animations/Playback/A_EN_PLAY_AC_EmpireMagic_FireRandom_Start,CompositeBake,BBQ/Content/_Kazan_/Design/Monster/Human/Empire/EmpireMagic/Skill/03_FireRandom/AC_EmpireMagic_FireRandom_Start,5584920/93251,117,1.9368435144424438,1.0,PlaybackClip
Mage,/Game/_Art/Enemies/OtherRegions/Humanoids/Mage/Animations/Playback/A_EN_PLAY_AC_EmpireMagic_Getup_B,CompositeBake,BBQ/Content/_Kazan_/Design/Monster/Human/Empire/EmpireMagic/Moving/Reaction/AC_EmpireMagic_Getup_B,30/1,57,1.8666666746139526,1.0,PlaybackClip
Mage,/Game/_Art/Enemies/OtherRegions/Humanoids/Mage/Animations/Playback/A_EN_PLAY_AC_EmpireMagic_Getup_F,CompositeBake,BBQ/Content/_Kazan_/Design/Monster/Human/Empire/EmpireMagic/Moving/Reaction/AC_EmpireMagic_Getup_F,30/1,40,1.2999999523162842,1.0,PlaybackClip
Mage,/Game/_Art/Enemies/OtherRegions/Humanoids/Mage/Animations/Playback/A_EN_PLAY_AC_EmpireMagic_Groggy_End,CompositeBake,BBQ/Content/_Kazan_/Design/Monster/Human/Empire/EmpireMagic/Moving/Reaction/AC_EmpireMagic_Groggy_End,30/1,41,1.3333333730697632,1.0,PlaybackClip
Mage,/Game/_Art/Enemies/OtherRegions/Humanoids/Mage/Animations/Playback/A_EN_PLAY_AC_EmpireMagic_Groggy_Loop,CompositeBake,BBQ/Content/_Kazan_/Design/Monster/Human/Empire/EmpireMagic/Moving/Reaction/AC_EmpireMagic_Groggy_Loop,30/1,61,2.0,1.0,PlaybackClip
Mage,/Game/_Art/Enemies/OtherRegions/Humanoids/Mage/Animations/Playback/A_EN_PLAY_AC_EmpireMagic_Groggy_Start,CompositeBake,BBQ/Content/_Kazan_/Design/Monster/Human/Empire/EmpireMagic/Moving/Reaction/AC_EmpireMagic_Groggy_Start,30/1,36,1.1666666269302368,1.0,PlaybackClip
Mage,/Game/_Art/Enemies/OtherRegions/Humanoids/Mage/Animations/Playback/A_EN_PLAY_AC_EmpireMagic_Ground_Die_F,CompositeBake,BBQ/Content/_Kazan_/Design/Monster/Human/Empire/EmpireMagic/Moving/Reaction/AC_EmpireMagic_Ground_Die_F,30/1,331,11.0,1.0,PlaybackClip
Mage,/Game/_Art/Enemies/OtherRegions/Humanoids/Mage/Animations/Playback/A_EN_PLAY_AC_EmpireMagic_LockOnWalk_B,CompositeBake,BBQ/Content/_Kazan_/Design/Monster/Human/Empire/EmpireMagic/Moving/Reaction/AC_EmpireMagic_LockOnWalk_B,30/1,33,1.0666667222976685,1.0,PlaybackClip
Mage,/Game/_Art/Enemies/OtherRegions/Humanoids/Mage/Animations/Playback/A_EN_PLAY_AC_EmpireMagic_LockOnWalk_F,CompositeBake,BBQ/Content/_Kazan_/Design/Monster/Human/Empire/EmpireMagic/Moving/Reaction/AC_EmpireMagic_LockOnWalk_F,30/1,33,1.0666667222976685,1.0,PlaybackClip
Mage,/Game/_Art/Enemies/OtherRegions/Humanoids/Mage/Animations/Playback/A_EN_PLAY_AC_EmpireMagic_LockOnWalk_L,CompositeBake,BBQ/Content/_Kazan_/Design/Monster/Human/Empire/EmpireMagic/Moving/Reaction/AC_EmpireMagic_LockOnWalk_L,30/1,31,1.0,1.0,PlaybackClip
Mage,/Game/_Art/Enemies/OtherRegions/Humanoids/Mage/Animations/Playback/A_EN_PLAY_AC_EmpireMagic_LockOnWalk_R,CompositeBake,BBQ/Content/_Kazan_/Design/Monster/Human/Empire/EmpireMagic/Moving/Reaction/AC_EmpireMagic_LockOnWalk_R,30/1,31,1.0,1.0,PlaybackClip
Mage,/Game/_Art/Enemies/OtherRegions/Humanoids/Mage/Animations/Playback/A_EN_PLAY_AC_EmpireMagic_Run_F,CompositeBake,BBQ/Content/_Kazan_/Design/Monster/Human/Empire/EmpireMagic/Moving/Reaction/AC_EmpireMagic_Run_F,30/1,27,0.8666666746139526,1.0,PlaybackClip
Mage,/Game/_Art/Enemies/OtherRegions/Humanoids/Mage/Animations/Playback/A_EN_PLAY_AC_EmpireMagic_Stand_F,CompositeBake,BBQ/Content/_Kazan_/Design/Monster/Human/Empire/EmpireMagic/Moving/Reaction/AC_EmpireMagic_Stand_F,30/1,101,3.3333332538604736,1.0,PlaybackClip
Mage,/Game/_Art/Enemies/OtherRegions/Humanoids/Mage/Animations/Playback/A_EN_PLAY_AC_EmpireMagic_StartFireBall_00_Idle,CompositeBake,BBQ/Content/_Kazan_/Design/Monster/Human/Empire/EmpireMagic/Skill/04_StartFireBall/AC_EmpireMagic_StartFireBall_00_Idle,30/1,101,3.3333332538604736,1.0,PlaybackClip
Mage,/Game/_Art/Enemies/OtherRegions/Humanoids/Mage/Animations/Playback/A_EN_PLAY_AC_EmpireMagic_StartFireBall_01_Start_01,CompositeBake,BBQ/Content/_Kazan_/Design/Monster/Human/Empire/EmpireMagic/Skill/04_StartFireBall/AC_EmpireMagic_StartFireBall_01_Start_01,178485/2983,53,0.8690702319145203,1.0,PlaybackClip
Mage,/Game/_Art/Enemies/OtherRegions/Humanoids/Mage/Animations/Playback/A_EN_PLAY_AC_EmpireMagic_StartFireBall_01_Start_02,CompositeBake,BBQ/Content/_Kazan_/Design/Monster/Human/Empire/EmpireMagic/Skill/04_StartFireBall/AC_EmpireMagic_StartFireBall_01_Start_02,5624931/93659,52,0.8491853475570679,1.0,PlaybackClip
Mage,/Game/_Art/Enemies/OtherRegions/Humanoids/Mage/Animations/Playback/A_EN_PLAY_AC_EmpireMagic_StartFireBall_02_End,CompositeBake,BBQ/Content/_Kazan_/Design/Monster/Human/Empire/EmpireMagic/Skill/04_StartFireBall/AC_EmpireMagic_StartFireBall_02_End,5489125/91517,172,2.8509838581085205,1.0,PlaybackClip
Mage,/Game/_Art/Enemies/OtherRegions/Humanoids/Mage/Animations/Playback/A_EN_PLAY_AC_EmpireMagic_Turn_L,CompositeBake,BBQ/Content/_Kazan_/Design/Monster/Human/Empire/EmpireMagic/Moving/Reaction/AC_EmpireMagic_Turn_L,30/1,31,1.0,1.0,PlaybackClip
Mage,/Game/_Art/Enemies/OtherRegions/Humanoids/Mage/Animations/Playback/A_EN_PLAY_AC_EmpireMagic_Turn_L_180,CompositeBake,BBQ/Content/_Kazan_/Design/Monster/Human/Empire/EmpireMagic/Moving/Reaction/AC_EmpireMagic_Turn_L_180,30/1,47,1.5333333015441895,1.0,PlaybackClip
Mage,/Game/_Art/Enemies/OtherRegions/Humanoids/Mage/Animations/Playback/A_EN_PLAY_AC_EmpireMagic_Turn_L_Peace,CompositeBake,BBQ/Content/_Kazan_/Design/Monster/Human/Empire/EmpireMagic/Moving/Reaction/AC_EmpireMagic_Turn_L_Peace,30/1,31,1.0,1.0,PlaybackClip
Mage,/Game/_Art/Enemies/OtherRegions/Humanoids/Mage/Animations/Playback/A_EN_PLAY_AC_EmpireMagic_Turn_R,CompositeBake,BBQ/Content/_Kazan_/Design/Monster/Human/Empire/EmpireMagic/Moving/Reaction/AC_EmpireMagic_Turn_R,30/1,31,1.0,1.0,PlaybackClip
Mage,/Game/_Art/Enemies/OtherRegions/Humanoids/Mage/Animations/Playback/A_EN_PLAY_AC_EmpireMagic_Turn_R_180,CompositeBake,BBQ/Content/_Kazan_/Design/Monster/Human/Empire/EmpireMagic/Moving/Reaction/AC_EmpireMagic_Turn_R_180,30/1,47,1.5333333015441895,1.0,PlaybackClip
Mage,/Game/_Art/Enemies/OtherRegions/Humanoids/Mage/Animations/Playback/A_EN_PLAY_AC_EmpireMagic_Turn_R_Peace,CompositeBake,BBQ/Content/_Kazan_/Design/Monster/Human/Empire/EmpireMagic/Moving/Reaction/AC_EmpireMagic_Turn_R_Peace,30/1,31,1.0,1.0,PlaybackClip
Mage,/Game/_Art/Enemies/OtherRegions/Humanoids/Mage/Animations/Playback/A_EN_PLAY_AC_EmpireMagic_UnEquip,CompositeBake,BBQ/Content/_Kazan_/Design/Monster/Human/Empire/EmpireMagic/Moving/WeaponEquip/AC_EmpireMagic_UnEquip,30/1,31,1.0,1.0,PlaybackClip
Mage,/Game/_Art/Enemies/OtherRegions/Humanoids/Mage/Animations/Playback/A_EN_PLAY_AC_EmpireMagic_Vigilant_FreakOut_Armed,CompositeBake,BBQ/Content/_Kazan_/Design/Monster/Human/Empire/EmpireMagic/Skill/Vigilant/FreakOut_Armed/AC_EmpireMagic_Vigilant_FreakOut_Armed,30/1,59,1.9333332777023315,1.0,PlaybackClip
Mage,/Game/_Art/Enemies/OtherRegions/Humanoids/Mage/Animations/Playback/A_EN_PLAY_AC_EmpireMagic_Vigilant_FreakOut_UnArmed,CompositeBake,BBQ/Content/_Kazan_/Design/Monster/Human/Empire/EmpireMagic/Skill/Vigilant/FreakOut_UnArmed/AC_EmpireMagic_Vigilant_FreakOut_UnArmed,30/1,62,2.0333333015441895,1.0,PlaybackClip
Mage,/Game/_Art/Enemies/OtherRegions/Humanoids/Mage/Animations/Playback/A_EN_PLAY_AC_EmpireMagic_Vigilant_LookAround,CompositeBake,BBQ/Content/_Kazan_/Design/Monster/Human/Empire/EmpireMagic/Skill/Vigilant/LookAround/AC_EmpireMagic_Vigilant_LookAround,30/1,287,9.533333778381348,1.0,PlaybackClip
Mage,/Game/_Art/Enemies/OtherRegions/Humanoids/Mage/Animations/Playback/A_EN_PLAY_AC_EmpireMagic_Walk_F,CompositeBake,BBQ/Content/_Kazan_/Design/Monster/Human/Empire/EmpireMagic/Moving/Reaction/AC_EmpireMagic_Walk_F,30/1,33,1.0666667222976685,1.0,PlaybackClip
Mage,/Game/_Art/Enemies/OtherRegions/Humanoids/Mage/Animations/Playback/A_EN_PLAY_AC_EmpireMagic_Weapon_Equip,CompositeBake,BBQ/Content/_Kazan_/Design/Monster/Human/Empire/EmpireMagic/Moving/WeaponEquip/AC_EmpireMagic_Weapon_Equip,30/1,31,1.0,1.0,PlaybackClip
Mage,/Game/_Art/Enemies/OtherRegions/Humanoids/Mage/Animations/Playback/A_EN_PLAY_AC_EmpireMagic_Weapon_Unequip,CompositeBake,BBQ/Content/_Kazan_/Design/Monster/Human/Empire/EmpireMagic/Moving/WeaponEquip/AC_EmpireMagic_Weapon_Unequip,30/1,31,1.0,1.0,PlaybackClip
Mage,/Game/_Art/Enemies/OtherRegions/Humanoids/Mage/Animations/Playback/A_EN_PLAY_AC_M_EMagic_DamageParry_F,CompositeBake,BBQ/Content/_Kazan_/Design/Monster/Human/Empire/EmpireMagic/Moving/Reaction/AC_M_EMagic_DamageParry_F,30/1,46,1.5,1.0,PlaybackClip
Mage,/Game/_Art/Enemies/OtherRegions/Humanoids/Mage/Animations/Playback/A_EN_PLAY_CA_M_EMagic_ClimbingWall_Down_End,DirectOriginalTimeline,BBQ/Content/_Kazan_/Art/Character/CHA_Model/Monster_Human/Adult/Adult_M/Animation/EmpireMagic/CA_M_EMagic_ClimbingWall_Down_End,30/1,31,1.0,1.0,SourceSequence
Mage,/Game/_Art/Enemies/OtherRegions/Humanoids/Mage/Animations/Playback/A_EN_PLAY_CA_M_EMagic_ClimbingWall_Down_L,DirectOriginalTimeline,BBQ/Content/_Kazan_/Art/Character/CHA_Model/Monster_Human/Adult/Adult_M/Animation/EmpireMagic/CA_M_EMagic_ClimbingWall_Down_L,30/1,19,0.6000000238418579,1.0,SourceSequence
Mage,/Game/_Art/Enemies/OtherRegions/Humanoids/Mage/Animations/Playback/A_EN_PLAY_CA_M_EMagic_ClimbingWall_Down_R,DirectOriginalTimeline,BBQ/Content/_Kazan_/Art/Character/CHA_Model/Monster_Human/Adult/Adult_M/Animation/EmpireMagic/CA_M_EMagic_ClimbingWall_Down_R,30/1,19,0.6000000238418579,1.0,SourceSequence
Mage,/Game/_Art/Enemies/OtherRegions/Humanoids/Mage/Animations/Playback/A_EN_PLAY_CA_M_EMagic_ClimbingWall_Down_Start,DirectOriginalTimeline,BBQ/Content/_Kazan_/Art/Character/CHA_Model/Monster_Human/Adult/Adult_M/Animation/EmpireMagic/CA_M_EMagic_ClimbingWall_Down_Start,30/1,35,1.1333333253860474,1.0,SourceSequence
Mage,/Game/_Art/Enemies/OtherRegions/Humanoids/Mage/Animations/Playback/A_EN_PLAY_CA_M_EMagic_ClimbingWall_Loop_L_Idle,DirectOriginalTimeline,BBQ/Content/_Kazan_/Art/Character/CHA_Model/Monster_Human/Adult/Adult_M/Animation/EmpireMagic/CA_M_EMagic_ClimbingWall_Loop_L_Idle,30/1,51,1.6666666269302368,1.0,SourceSequence
Mage,/Game/_Art/Enemies/OtherRegions/Humanoids/Mage/Animations/Playback/A_EN_PLAY_CA_M_EMagic_ClimbingWall_Loop_R_Idle,DirectOriginalTimeline,BBQ/Content/_Kazan_/Art/Character/CHA_Model/Monster_Human/Adult/Adult_M/Animation/EmpireMagic/CA_M_EMagic_ClimbingWall_Loop_R_Idle,30/1,51,1.6666666269302368,1.0,SourceSequence
Mage,/Game/_Art/Enemies/OtherRegions/Humanoids/Mage/Animations/Playback/A_EN_PLAY_CA_M_EMagic_ClimbingWall_Up_End,DirectOriginalTimeline,BBQ/Content/_Kazan_/Art/Character/CHA_Model/Monster_Human/Adult/Adult_M/Animation/EmpireMagic/CA_M_EMagic_ClimbingWall_Up_End,30/1,51,1.6666666269302368,1.0,SourceSequence
Mage,/Game/_Art/Enemies/OtherRegions/Humanoids/Mage/Animations/Playback/A_EN_PLAY_CA_M_EMagic_ClimbingWall_Up_L,DirectOriginalTimeline,BBQ/Content/_Kazan_/Art/Character/CHA_Model/Monster_Human/Adult/Adult_M/Animation/EmpireMagic/CA_M_EMagic_ClimbingWall_Up_L,30/1,19,0.6000000238418579,1.0,SourceSequence
Mage,/Game/_Art/Enemies/OtherRegions/Humanoids/Mage/Animations/Playback/A_EN_PLAY_CA_M_EMagic_ClimbingWall_Up_R,DirectOriginalTimeline,BBQ/Content/_Kazan_/Art/Character/CHA_Model/Monster_Human/Adult/Adult_M/Animation/EmpireMagic/CA_M_EMagic_ClimbingWall_Up_R,30/1,19,0.6000000238418579,1.0,SourceSequence
Mage,/Game/_Art/Enemies/OtherRegions/Humanoids/Mage/Animations/Playback/A_EN_PLAY_CA_M_EMagic_ClimbingWall_Up_Start,DirectOriginalTimeline,BBQ/Content/_Kazan_/Art/Character/CHA_Model/Monster_Human/Adult/Adult_M/Animation/EmpireMagic/CA_M_EMagic_ClimbingWall_Up_Start,30/1,31,1.0,1.0,SourceSequence
Mage,/Game/_Art/Enemies/OtherRegions/Humanoids/Mage/Animations/Playback/A_EN_PLAY_CA_M_EMagic_DamageDown_B,DirectOriginalTimeline,BBQ/Content/_Kazan_/Art/Character/CHA_Model/Monster_Human/Adult/Adult_M/Animation/EmpireMagic/CA_M_EMagic_DamageDown_B,30/1,22,0.699999988079071,1.0,SourceSequence
Mage,/Game/_Art/Enemies/OtherRegions/Humanoids/Mage/Animations/Playback/A_EN_PLAY_CA_M_EMagic_DamageDown_F,DirectOriginalTimeline,BBQ/Content/_Kazan_/Art/Character/CHA_Model/Monster_Human/Adult/Adult_M/Animation/EmpireMagic/CA_M_EMagic_DamageDown_F,30/1,22,0.699999988079071,1.0,SourceSequence
Mage,/Game/_Art/Enemies/OtherRegions/Humanoids/Mage/Animations/Playback/A_EN_PLAY_CA_M_EMagic_FallDown_Loop,DirectOriginalTimeline,BBQ/Content/_Kazan_/Art/Character/CHA_Model/Monster_Human/Adult/Adult_M/Animation/EmpireMagic/CA_M_EMagic_FallDown_Loop,30/1,31,1.0,1.0,SourceSequence
Mage,/Game/_Art/Enemies/OtherRegions/Humanoids/Mage/Animations/Playback/A_EN_PLAY_CA_M_EMagic_FallDown_Start,DirectOriginalTimeline,BBQ/Content/_Kazan_/Art/Character/CHA_Model/Monster_Human/Adult/Adult_M/Animation/EmpireMagic/CA_M_EMagic_FallDown_Start,30/1,61,2.0,1.0,SourceSequence
Mage,/Game/_Art/Enemies/OtherRegions/Humanoids/Mage/Animations/Playback/A_EN_PLAY_CA_M_EMagic_LockOnWalk_B,DirectOriginalTimeline,BBQ/Content/_Kazan_/Art/Character/CHA_Model/Monster_Human/Adult/Adult_M/Animation/EmpireMagic/CA_M_EMagic_LockOnWalk_B,30/1,33,1.0666667222976685,1.0,SourceSequence
Mage,/Game/_Art/Enemies/OtherRegions/Humanoids/Mage/Animations/Playback/A_EN_PLAY_CA_M_EMagic_LockOnWalk_F,DirectOriginalTimeline,BBQ/Content/_Kazan_/Art/Character/CHA_Model/Monster_Human/Adult/Adult_M/Animation/EmpireMagic/CA_M_EMagic_LockOnWalk_F,30/1,33,1.0666667222976685,1.0,SourceSequence
Mage,/Game/_Art/Enemies/OtherRegions/Humanoids/Mage/Animations/Playback/A_EN_PLAY_CA_M_EMagic_LockOnWalk_L,DirectOriginalTimeline,BBQ/Content/_Kazan_/Art/Character/CHA_Model/Monster_Human/Adult/Adult_M/Animation/EmpireMagic/CA_M_EMagic_LockOnWalk_L,30/1,31,1.0,1.0,SourceSequence
Mage,/Game/_Art/Enemies/OtherRegions/Humanoids/Mage/Animations/Playback/A_EN_PLAY_CA_M_EMagic_LockOnWalk_R,DirectOriginalTimeline,BBQ/Content/_Kazan_/Art/Character/CHA_Model/Monster_Human/Adult/Adult_M/Animation/EmpireMagic/CA_M_EMagic_LockOnWalk_R,30/1,31,1.0,1.0,SourceSequence
Mage,/Game/_Art/Enemies/OtherRegions/Humanoids/Mage/Animations/Playback/A_EN_PLAY_CA_M_EMagic_Run_F,DirectOriginalTimeline,BBQ/Content/_Kazan_/Art/Character/CHA_Model/Monster_Human/Adult/Adult_M/Animation/EmpireMagic/CA_M_EMagic_Run_F,30/1,27,0.8666666746139526,1.0,SourceSequence
Mage,/Game/_Art/Enemies/OtherRegions/Humanoids/Mage/Animations/Playback/A_EN_PLAY_CA_M_EMagic_Run_Peace_F,DirectOriginalTimeline,BBQ/Content/_Kazan_/Art/Character/CHA_Model/Monster_Human/Adult/Adult_M/Animation/EmpireMagic/CA_M_EMagic_Run_Peace_F,30/1,21,0.6666666865348816,1.0,SourceSequence
Mage,/Game/_Art/Enemies/OtherRegions/Humanoids/Mage/Animations/Playback/A_EN_PLAY_CA_M_EMagic_Stand_F,DirectOriginalTimeline,BBQ/Content/_Kazan_/Art/Character/CHA_Model/Monster_Human/Adult/Adult_M/Animation/EmpireMagic/CA_M_EMagic_Stand_F,30/1,101,3.3333332538604736,1.0,SourceSequence
Mage,/Game/_Art/Enemies/OtherRegions/Humanoids/Mage/Animations/Playback/A_EN_PLAY_CA_M_EMagic_Stand_Peace_F,DirectOriginalTimeline,BBQ/Content/_Kazan_/Art/Character/CHA_Model/Monster_Human/Adult/Adult_M/Animation/EmpireMagic/CA_M_EMagic_Stand_Peace_F,30/1,241,8.0,1.0,SourceSequence
Mage,/Game/_Art/Enemies/OtherRegions/Humanoids/Mage/Animations/Playback/A_EN_PLAY_CA_M_EMagic_Walk_F,DirectOriginalTimeline,BBQ/Content/_Kazan_/Art/Character/CHA_Model/Monster_Human/Adult/Adult_M/Animation/EmpireMagic/CA_M_EMagic_Walk_F,30/1,33,1.0666667222976685,1.0,SourceSequence
Mage,/Game/_Art/Enemies/OtherRegions/Humanoids/Mage/Animations/Playback/A_EN_PLAY_CA_M_EMagic_Walk_Peace_F,DirectOriginalTimeline,BBQ/Content/_Kazan_/Art/Character/CHA_Model/Monster_Human/Adult/Adult_M/Animation/EmpireMagic/CA_M_EMagic_Walk_Peace_F,30/1,37,1.2000000476837158,1.0,SourceSequence
