Family,PlaybackAsset,SourceAssets,Classification,Changes,CompositeSeconds,PlaybackSeconds,FrameRate,MaxTimeWarpSeconds
Archer,/Game/_Art/Enemies/HeinMach/Humanoids/Archer/Animations/PlaybackClips/A_EN_PLAY_AC_CA_M_EmpBow_Die_F,/Game/_Art/Enemies/HeinMach/Humanoids/Archer/Animations/SourceSequences/A_EN_SRC_CA_M_EmpBow_Die_F_c3121f23,ChangedTimeline,source_trim,20.0,20.0,"[30, 1]",0
Archer,/Game/_Art/Enemies/HeinMach/Humanoids/Archer/Animations/PlaybackClips/A_EN_PLAY_AC_EmpBow_Peace,/Game/_Art/Enemies/HeinMach/Humanoids/Archer/Animations/SourceSequences/A_EN_SRC_CA_M_EmpBow_Stand_Peace_F_dc5a01d8,ChangedTimeline,source_trim,17.0,17.0,"[30, 1]",0
Archer,/Game/_Art/Enemies/HeinMach/Humanoids/Archer/Animations/PlaybackClips/A_EN_PLAY_AC_EmpireBow_ClimbingWall_Down_End,/Game/_Art/Enemies/HeinMach/Humanoids/SharedSourceReferences/Animations/SourceSequences/A_EN_SRC_CA_M_PicaBow_ClimbingWall_Down_End,EquivalentSourceTimeline,,1.0,1.0,"[30, 1]",0
Archer,/Game/_Art/Enemies/HeinMach/Humanoids/Archer/Animations/PlaybackClips/A_EN_PLAY_AC_EmpireBow_ClimbingWall_Down_L,/Game/_Art/Enemies/HeinMach/Humanoids/SharedSourceReferences/Animations/SourceSequences/A_EN_SRC_CA_M_PicaBow_ClimbingWall_Down_L,EquivalentSourceTimeline,,0.6,0.6,"[30, 1]",0
Archer,/Game/_Art/Enemies/HeinMach/Humanoids/Archer/Animations/PlaybackClips/A_EN_PLAY_AC_EmpireBow_ClimbingWall_Down_R,/Game/_Art/Enemies/HeinMach/Humanoids/SharedSourceReferences/Animations/SourceSequences/A_EN_SRC_CA_M_PicaBow_ClimbingWall_Down_R,EquivalentSourceTimeline,,0.6,0.6,"[30, 1]",0
Archer,/Game/_Art/Enemies/HeinMach/Humanoids/Archer/Animations/PlaybackClips/A_EN_PLAY_AC_EmpireBow_ClimbingWall_Down_Start,/Game/_Art/Enemies/HeinMach/Humanoids/SharedSourceReferences/Animations/SourceSequences/A_EN_SRC_CA_M_PicaBow_ClimbingWall_Down_Start,EquivalentSourceTimeline,,1.1333333,1.1333333,"[30, 1]",0
Archer,/Game/_Art/Enemies/HeinMach/Humanoids/Archer/Animations/PlaybackClips/A_EN_PLAY_AC_EmpireBow_ClimbingWall_Loop_L_Idle,/Game/_Art/Enemies/HeinMach/Humanoids/SharedSourceReferences/Animations/SourceSequences/A_EN_SRC_CA_M_PicaBow_ClimbingWall_Loop_L_Idle,EquivalentSourceTimeline,,1.6666666,1.6666666,"[30, 1]",0
Archer,/Game/_Art/Enemies/HeinMach/Humanoids/Archer/Animations/PlaybackClips/A_EN_PLAY_AC_EmpireBow_ClimbingWall_Loop_R_Idle,/Game/_Art/Enemies/HeinMach/Humanoids/SharedSourceReferences/Animations/SourceSequences/A_EN_SRC_CA_M_PicaBow_ClimbingWall_Loop_R_Idle,EquivalentSourceTimeline,,1.6666666,1.6666666,"[30, 1]",0
Archer,/Game/_Art/Enemies/HeinMach/Humanoids/Archer/Animations/PlaybackClips/A_EN_PLAY_AC_EmpireBow_ClimbingWall_Up_End,/Game/_Art/Enemies/HeinMach/Humanoids/SharedSourceReferences/Animations/SourceSequences/A_EN_SRC_CA_M_PicaBow_ClimbingWall_Up_End,EquivalentSourceTimeline,,1.6666666,1.6666666,"[30, 1]",0
Archer,/Game/_Art/Enemies/HeinMach/Humanoids/Archer/Animations/PlaybackClips/A_EN_PLAY_AC_EmpireBow_ClimbingWall_Up_L,/Game/_Art/Enemies/HeinMach/Humanoids/SharedSourceReferences/Animations/SourceSequences/A_EN_SRC_CA_M_PicaBow_ClimbingWall_Up_L,EquivalentSourceTimeline,,0.6,0.6,"[30, 1]",0
Archer,/Game/_Art/Enemies/HeinMach/Humanoids/Archer/Animations/PlaybackClips/A_EN_PLAY_AC_EmpireBow_ClimbingWall_Up_R,/Game/_Art/Enemies/HeinMach/Humanoids/SharedSourceReferences/Animations/SourceSequences/A_EN_SRC_CA_M_PicaBow_ClimbingWall_Up_R,EquivalentSourceTimeline,,0.6,0.6,"[30, 1]",0
Archer,/Game/_Art/Enemies/HeinMach/Humanoids/Archer/Animations/PlaybackClips/A_EN_PLAY_AC_EmpireBow_ClimbingWall_Up_Start,/Game/_Art/Enemies/HeinMach/Humanoids/SharedSourceReferences/Animations/SourceSequences/A_EN_SRC_CA_M_PicaBow_ClimbingWall_Up_Start,EquivalentSourceTimeline,,1.0,1.0,"[30, 1]",0
Archer,/Game/_Art/Enemies/HeinMach/Humanoids/Archer/Animations/PlaybackClips/A_EN_PLAY_AC_EmpireBow_Equip,/Game/_Art/Enemies/HeinMach/Humanoids/Archer/Animations/SourceSequences/A_EN_SRC_CA_M_EmpBow_CarryASword,EquivalentSourceTimeline,,1.0,0.99999964,"[5555582, 92593]",3.600000000325565e-07
Archer,/Game/_Art/Enemies/HeinMach/Humanoids/Archer/Animations/PlaybackClips/A_EN_PLAY_AC_EmpireBow_Equip_Turn_L,/Game/_Art/Enemies/HeinMach/Humanoids/Archer/Animations/SourceSequences/A_EN_SRC_CA_M_EmpBow_CarryASword_Turn_L,EquivalentSourceTimeline,,1.1666666,1.1666662,"[4999982, 83333]",5.00000000069889e-07
Archer,/Game/_Art/Enemies/HeinMach/Humanoids/Archer/Animations/PlaybackClips/A_EN_PLAY_AC_EmpireBow_Equip_Turn_R,/Game/_Art/Enemies/HeinMach/Humanoids/Archer/Animations/SourceSequences/A_EN_SRC_CA_M_EmpBow_CarryASword_Turn_R,EquivalentSourceTimeline,,1.3666667,1.3666661,"[2411761, 40196]",6.000000001282757e-07
Archer,/Game/_Art/Enemies/HeinMach/Humanoids/Archer/Animations/PlaybackClips/A_EN_PLAY_AC_EmpireBow_Stand_Peace,/Game/_Art/Enemies/HeinMach/Humanoids/Archer/Animations/SourceSequences/A_EN_SRC_CA_M_EmpBow_Stand_Peace_F,EquivalentSourceTimeline,,2.3333333,2.3333333,"[30, 1]",0
Archer,/Game/_Art/Enemies/HeinMach/Humanoids/Archer/Animations/PlaybackClips/A_EN_PLAY_AC_EmpireBow_Turn_L_Peace,/Game/_Art/Enemies/HeinMach/Humanoids/Archer/Animations/SourceSequences/A_EN_SRC_CA_M_EmpBow_Turn_Peace_L,EquivalentSourceTimeline,,1.0,1.0,"[30, 1]",0
Archer,/Game/_Art/Enemies/HeinMach/Humanoids/Archer/Animations/PlaybackClips/A_EN_PLAY_AC_EmpireBow_Turn_L_Peace_180,/Game/_Art/Enemies/HeinMach/Humanoids/Archer/Animations/SourceSequences/A_EN_SRC_CA_M_EmpBow_Turn_Peace_L_180,EquivalentSourceTimeline,,2.1,2.1,"[30, 1]",0
Archer,/Game/_Art/Enemies/HeinMach/Humanoids/Archer/Animations/PlaybackClips/A_EN_PLAY_AC_EmpireBow_Turn_R_Peace,/Game/_Art/Enemies/HeinMach/Humanoids/Archer/Animations/SourceSequences/A_EN_SRC_CA_M_EmpBow_Turn_Peace_R,EquivalentSourceTimeline,,1.0,1.0,"[30, 1]",0
Archer,/Game/_Art/Enemies/HeinMach/Humanoids/Archer/Animations/PlaybackClips/A_EN_PLAY_AC_EmpireBow_Turn_R_Peace_180,/Game/_Art/Enemies/HeinMach/Humanoids/Archer/Animations/SourceSequences/A_EN_SRC_CA_M_EmpBow_Turn_Peace_R_180,EquivalentSourceTimeline,,2.1,2.1,"[30, 1]",0
Archer,/Game/_Art/Enemies/HeinMach/Humanoids/Archer/Animations/PlaybackClips/A_EN_PLAY_AC_EmpireBow_UnEquip,/Game/_Art/Enemies/HeinMach/Humanoids/Archer/Animations/SourceSequences/A_EN_SRC_CA_M_EmpBow_FootSword,EquivalentSourceTimeline,,1.0,1.0,"[30, 1]",0
Archer,/Game/_Art/Enemies/HeinMach/Humanoids/Archer/Animations/PlaybackClips/A_EN_PLAY_AC_EmirepBow_Basic_Talk_End_01,/Game/_Art/Enemies/HeinMach/Humanoids/Archer/Animations/SourceSequences/A_EN_SRC_CA_M_EmpBow_NoBattleTalk_End_01,EquivalentSourceTimeline,,2.2666667,2.2666667,"[30, 1]",0
Archer,/Game/_Art/Enemies/HeinMach/Humanoids/Archer/Animations/PlaybackClips/A_EN_PLAY_AC_EmirepBow_Basic_Talk_Loop_01,/Game/_Art/Enemies/HeinMach/Humanoids/Archer/Animations/SourceSequences/A_EN_SRC_CA_M_EmpBow_NoBattleTalk_Loop_01,EquivalentSourceTimeline,,9.833333,9.833333,"[30, 1]",0
Archer,/Game/_Art/Enemies/HeinMach/Humanoids/Archer/Animations/PlaybackClips/A_EN_PLAY_AC_EmpBow_DamageGrapple_Atk_B_01,/Game/_Art/Enemies/HeinMach/Humanoids/Archer/Animations/SourceSequences/A_EN_SRC_CA_M_EmpBow_DamageGrapple_Atk_B_01,EquivalentSourceTimeline,,1.3333334,1.3333334,"[30, 1]",0
Archer,/Game/_Art/Enemies/HeinMach/Humanoids/Archer/Animations/PlaybackClips/A_EN_PLAY_AC_EmpBow_DamageGrapple_Atk_B_02,/Game/_Art/Enemies/HeinMach/Humanoids/Archer/Animations/SourceSequences/A_EN_SRC_CA_M_EmpBow_DamageGrapple_Atk_B_02,EquivalentSourceTimeline,,2.5,2.5,"[30, 1]",0
Archer,/Game/_Art/Enemies/HeinMach/Humanoids/Archer/Animations/PlaybackClips/A_EN_PLAY_AC_EmpireBow_Basic_ChairSit_End_01,/Game/_Art/Enemies/HeinMach/Humanoids/Archer/Animations/SourceSequences/A_EN_SRC_CA_M_EmpBow_NoBattleChairSit_End_01,EquivalentSourceTimeline,,2.0,2.0,"[30, 1]",0
Archer,/Game/_Art/Enemies/HeinMach/Humanoids/Archer/Animations/PlaybackClips/A_EN_PLAY_AC_EmpireBow_Basic_ChairSit_Loop_01,/Game/_Art/Enemies/HeinMach/Humanoids/Archer/Animations/SourceSequences/A_EN_SRC_CA_M_EmpBow_NoBattleChairSit_Loop_01,EquivalentSourceTimeline,,7.5333333,7.5333333,"[30, 1]",0
Archer,/Game/_Art/Enemies/HeinMach/Humanoids/Archer/Animations/PlaybackClips/A_EN_PLAY_AC_EmpireBow_Basic_End_01,/Game/_Art/Enemies/HeinMach/Humanoids/Archer/Animations/SourceSequences/A_EN_SRC_CA_M_EmpBow_NoBattle_Basic_End_01,EquivalentSourceTimeline,,1.4,1.4,"[30, 1]",0
Archer,/Game/_Art/Enemies/HeinMach/Humanoids/Archer/Animations/PlaybackClips/A_EN_PLAY_AC_EmpireBow_Basic_Guard_End_01,/Game/_Art/Enemies/HeinMach/Humanoids/Archer/Animations/SourceSequences/A_EN_SRC_CA_M_EmpBow_NoBattleGuard_End_01,EquivalentSourceTimeline,,1.1666666,1.1666666,"[30, 1]",0
Archer,/Game/_Art/Enemies/HeinMach/Humanoids/Archer/Animations/PlaybackClips/A_EN_PLAY_AC_EmpireBow_Basic_Guard_Loop_01,/Game/_Art/Enemies/HeinMach/Humanoids/Archer/Animations/SourceSequences/A_EN_SRC_CA_M_EmpBow_NoBattleGuard_Loop_01,EquivalentSourceTimeline,,14.1,14.1,"[30, 1]",0
Archer,/Game/_Art/Enemies/HeinMach/Humanoids/Archer/Animations/PlaybackClips/A_EN_PLAY_AC_EmpireBow_Basic_Loop_01,/Game/_Art/Enemies/HeinMach/Humanoids/Archer/Animations/SourceSequences/A_EN_SRC_CA_M_EmpBow_NoBattle_Basic_Loop_01,EquivalentSourceTimeline,,16.666666,16.666666,"[30, 1]",0
Archer,/Game/_Art/Enemies/HeinMach/Humanoids/Archer/Animations/PlaybackClips/A_EN_PLAY_AC_EmpireBow_Basic_Search_Loop_01,/Game/_Art/Enemies/HeinMach/Humanoids/Archer/Animations/SourceSequences/A_EN_SRC_CA_M_EmpBow_NoBattleSearch_Loop_02,EquivalentSourceTimeline,,12.0,12.0,"[30, 1]",0
Archer,/Game/_Art/Enemies/HeinMach/Humanoids/Archer/Animations/PlaybackClips/A_EN_PLAY_AC_EmpireBow_Basic_Sit_End_01,/Game/_Art/Enemies/HeinMach/Humanoids/Archer/Animations/SourceSequences/A_EN_SRC_CA_M_EmpBow_NoBattleSit_End_01,EquivalentSourceTimeline,,2.5,2.5,"[30, 1]",0
Archer,/Game/_Art/Enemies/HeinMach/Humanoids/Archer/Animations/PlaybackClips/A_EN_PLAY_AC_EmpireBow_Basic_Sit_Loop_01,/Game/_Art/Enemies/HeinMach/Humanoids/Archer/Animations/SourceSequences/A_EN_SRC_CA_M_EmpBow_NoBattleSit_Loop_01,EquivalentSourceTimeline,,15.7,15.7,"[30, 1]",0
Archer,/Game/_Art/Enemies/HeinMach/Humanoids/Archer/Animations/PlaybackClips/A_EN_PLAY_AC_EmpireBow_DamageAir_B_Down,/Game/_Art/Enemies/HeinMach/Humanoids/Archer/Animations/SourceSequences/A_EN_SRC_CA_M_EmpBow_DamageAir_B,ChangedTimeline,source_trim,0.167,0.167,"[5000, 167]",0
Archer,/Game/_Art/Enemies/HeinMach/Humanoids/Archer/Animations/PlaybackClips/A_EN_PLAY_AC_EmpireBow_DamageAir_B_Land,/Game/_Art/Enemies/HeinMach/Humanoids/Archer/Animations/SourceSequences/A_EN_SRC_CA_M_EmpBow_DamageAir_B,ChangedTimeline,source_trim,0.89903337,0.89903337,"[2000869, 66624]",0
Archer,/Game/_Art/Enemies/HeinMach/Humanoids/Archer/Animations/PlaybackClips/A_EN_PLAY_AC_EmpireBow_DamageAir_B_Peak,/Game/_Art/Enemies/HeinMach/Humanoids/Archer/Animations/SourceSequences/A_EN_SRC_CA_M_EmpBow_DamageAir_B,ChangedTimeline,source_trim,0.10000001,0.10000001,"[30, 1]",0
Archer,/Game/_Art/Enemies/HeinMach/Humanoids/Archer/Animations/PlaybackClips/A_EN_PLAY_AC_EmpireBow_DamageAir_B_Up,/Game/_Art/Enemies/HeinMach/Humanoids/Archer/Animations/SourceSequences/A_EN_SRC_CA_M_EmpBow_DamageAir_B,ChangedTimeline,source_trim,0.167,0.167,"[5000, 167]",0
Archer,/Game/_Art/Enemies/HeinMach/Humanoids/Archer/Animations/PlaybackClips/A_EN_PLAY_AC_EmpireBow_DamageAir_F_Down,/Game/_Art/Enemies/HeinMach/Humanoids/Archer/Animations/SourceSequences/A_EN_SRC_CA_M_EmpBow_DamageAir_F,ChangedTimeline,source_trim,0.167,0.167,"[5000, 167]",0
Archer,/Game/_Art/Enemies/HeinMach/Humanoids/Archer/Animations/PlaybackClips/A_EN_PLAY_AC_EmpireBow_DamageAir_F_Land,/Game/_Art/Enemies/HeinMach/Humanoids/Archer/Animations/SourceSequences/A_EN_SRC_CA_M_EmpBow_DamageAir_F,ChangedTimeline,source_trim,0.89903337,0.89903337,"[2000869, 66624]",0
Archer,/Game/_Art/Enemies/HeinMach/Humanoids/Archer/Animations/PlaybackClips/A_EN_PLAY_AC_EmpireBow_DamageAir_F_Peak,/Game/_Art/Enemies/HeinMach/Humanoids/Archer/Animations/SourceSequences/A_EN_SRC_CA_M_EmpBow_DamageAir_F,ChangedTimeline,source_trim,0.10000001,0.10000001,"[30, 1]",0
Archer,/Game/_Art/Enemies/HeinMach/Humanoids/Archer/Animations/PlaybackClips/A_EN_PLAY_AC_EmpireBow_DamageAir_F_Up,/Game/_Art/Enemies/HeinMach/Humanoids/Archer/Animations/SourceSequences/A_EN_SRC_CA_M_EmpBow_DamageAir_F,ChangedTimeline,source_trim,0.167,0.167,"[5000, 167]",0
Archer,/Game/_Art/Enemies/HeinMach/Humanoids/Archer/Animations/PlaybackClips/A_EN_PLAY_AC_EmpireBow_DamageDown_B,/Game/_Art/Enemies/HeinMach/Humanoids/Archer/Animations/SourceSequences/A_EN_SRC_CA_M_EmpBow_DamageDown_B,EquivalentSourceTimeline,,0.6666667,0.6666667,"[30, 1]",0
Archer,/Game/_Art/Enemies/HeinMach/Humanoids/Archer/Animations/PlaybackClips/A_EN_PLAY_AC_EmpireBow_DamageDown_F,/Game/_Art/Enemies/HeinMach/Humanoids/Archer/Animations/SourceSequences/A_EN_SRC_CA_M_EmpBow_DamageDown_F,EquivalentSourceTimeline,,0.6666667,0.6666667,"[30, 1]",0
Archer,/Game/_Art/Enemies/HeinMach/Humanoids/Archer/Animations/PlaybackClips/A_EN_PLAY_AC_EmpireBow_DamageGrapple_Atk_01,/Game/_Art/Enemies/HeinMach/Humanoids/Archer/Animations/SourceSequences/A_EN_SRC_CA_M_EmpBow_DamageGrapple_DualAxeSword_Atk_01,EquivalentSourceTimeline,,1.5,1.5,"[30, 1]",0
Archer,/Game/_Art/Enemies/HeinMach/Humanoids/Archer/Animations/PlaybackClips/A_EN_PLAY_AC_EmpireBow_DamageGrapple_Atk_02,/Game/_Art/Enemies/HeinMach/Humanoids/Archer/Animations/SourceSequences/A_EN_SRC_CA_M_EmpBow_DamageGrapple_DualAxeSword_Atk_02,EquivalentSourceTimeline,,1.2,1.2,"[30, 1]",0
Archer,/Game/_Art/Enemies/HeinMach/Humanoids/Archer/Animations/PlaybackClips/A_EN_PLAY_AC_EmpireBow_DamageNormal_D_B,/Game/_Art/Enemies/HeinMach/Humanoids/Archer/Animations/SourceSequences/A_EN_SRC_CA_M_EmpBow_DamageNormal_D_B,ChangedTimeline,dilation_time_warp,0.7,1.0132997,"[2527651, 41988]",0.31329969999999996
Archer,/Game/_Art/Enemies/HeinMach/Humanoids/Archer/Animations/PlaybackClips/A_EN_PLAY_AC_EmpireBow_DamageNormal_D_F,/Game/_Art/Enemies/HeinMach/Humanoids/Archer/Animations/SourceSequences/A_EN_SRC_CA_M_EmpBow_DamageNormal_D_F,EquivalentSourceTimeline,,0.7,0.7,"[30, 1]",0
Archer,/Game/_Art/Enemies/HeinMach/Humanoids/Archer/Animations/PlaybackClips/A_EN_PLAY_AC_EmpireBow_DamageNormal_L_F,/Game/_Art/Enemies/HeinMach/Humanoids/Archer/Animations/SourceSequences/A_EN_SRC_CA_M_EmpBow_DamageNormal_L_F,EquivalentSourceTimeline,,0.7,0.7,"[30, 1]",0
Archer,/Game/_Art/Enemies/HeinMach/Humanoids/Archer/Animations/PlaybackClips/A_EN_PLAY_AC_EmpireBow_DamageNormal_R_F,/Game/_Art/Enemies/HeinMach/Humanoids/Archer/Animations/SourceSequences/A_EN_SRC_CA_M_EmpBow_DamageNormal_R_F,ChangedTimeline,source_trim,0.7,0.7,"[30, 1]",0
Archer,/Game/_Art/Enemies/HeinMach/Humanoids/Archer/Animations/PlaybackClips/A_EN_PLAY_AC_EmpireBow_DamageNormal_U_B,/Game/_Art/Enemies/HeinMach/Humanoids/Archer/Animations/SourceSequences/A_EN_SRC_CA_M_EmpBow_DamageNormal_U_B,ChangedTimeline,dilation_time_warp,0.7,1.0132997,"[2527651, 41988]",0.31329969999999996
Archer,/Game/_Art/Enemies/HeinMach/Humanoids/Archer/Animations/PlaybackClips/A_EN_PLAY_AC_EmpireBow_DamageNormal_U_F,/Game/_Art/Enemies/HeinMach/Humanoids/Archer/Animations/SourceSequences/A_EN_SRC_CA_M_EmpBow_DamageNormal_U_F,EquivalentSourceTimeline,,0.7,0.7,"[30, 1]",0
Archer,/Game/_Art/Enemies/HeinMach/Humanoids/Archer/Animations/PlaybackClips/A_EN_PLAY_AC_EmpireBow_DamageStrong_D_F,/Game/_Art/Enemies/HeinMach/Humanoids/Archer/Animations/SourceSequences/A_EN_SRC_CA_M_EmpBow_DamageStrong_D_F,EquivalentSourceTimeline,,1.1,1.1,"[30, 1]",0
Archer,/Game/_Art/Enemies/HeinMach/Humanoids/Archer/Animations/PlaybackClips/A_EN_PLAY_AC_EmpireBow_DamageStrong_D_F_2,/Game/_Art/Enemies/HeinMach/Humanoids/Archer/Animations/SourceSequences/A_EN_SRC_CA_M_EmpBow_DamageStrong_D_F2,EquivalentSourceTimeline,,1.1,1.1,"[30, 1]",0
Archer,/Game/_Art/Enemies/HeinMach/Humanoids/Archer/Animations/PlaybackClips/A_EN_PLAY_AC_EmpireBow_DamageStrong_L_F,/Game/_Art/Enemies/HeinMach/Humanoids/Archer/Animations/SourceSequences/A_EN_SRC_CA_M_EmpBow_DamageStrong_L_F,EquivalentSourceTimeline,,1.1,1.1,"[30, 1]",0
Archer,/Game/_Art/Enemies/HeinMach/Humanoids/Archer/Animations/PlaybackClips/A_EN_PLAY_AC_EmpireBow_DamageStrong_R_F,/Game/_Art/Enemies/HeinMach/Humanoids/Archer/Animations/SourceSequences/A_EN_SRC_CA_M_EmpBow_DamageStrong_R_F,EquivalentSourceTimeline,,1.1,1.1,"[30, 1]",0
Archer,/Game/_Art/Enemies/HeinMach/Humanoids/Archer/Animations/PlaybackClips/A_EN_PLAY_AC_EmpireBow_DamageStrong_U_F,/Game/_Art/Enemies/HeinMach/Humanoids/Archer/Animations/SourceSequences/A_EN_SRC_CA_M_EmpBow_DamageStrong_U_F,EquivalentSourceTimeline,,1.1,1.1,"[30, 1]",0
Archer,/Game/_Art/Enemies/HeinMach/Humanoids/Archer/Animations/PlaybackClips/A_EN_PLAY_AC_EmpireBow_DamageWeak_D_F,/Game/_Art/Enemies/HeinMach/Humanoids/Archer/Animations/SourceSequences/A_EN_SRC_CA_M_EmpBow_DamageWeak_D_F,EquivalentSourceTimeline,,0.4,0.4,"[30, 1]",0
Archer,/Game/_Art/Enemies/HeinMach/Humanoids/Archer/Animations/PlaybackClips/A_EN_PLAY_AC_EmpireBow_DamageWeak_L_F,/Game/_Art/Enemies/HeinMach/Humanoids/Archer/Animations/SourceSequences/A_EN_SRC_CA_M_EmpBow_DamageWeak_L_F,EquivalentSourceTimeline,,0.4,0.4,"[30, 1]",0
Archer,/Game/_Art/Enemies/HeinMach/Humanoids/Archer/Animations/PlaybackClips/A_EN_PLAY_AC_EmpireBow_DamageWeak_R_F,/Game/_Art/Enemies/HeinMach/Humanoids/Archer/Animations/SourceSequences/A_EN_SRC_CA_M_EmpBow_DamageWeak_R_F,EquivalentSourceTimeline,,0.4,0.4,"[30, 1]",0
Archer,/Game/_Art/Enemies/HeinMach/Humanoids/Archer/Animations/PlaybackClips/A_EN_PLAY_AC_EmpireBow_DamageWeak_U_F,/Game/_Art/Enemies/HeinMach/Humanoids/Archer/Animations/SourceSequences/A_EN_SRC_CA_M_EmpBow_DamageWeak_U_F,EquivalentSourceTimeline,,0.4,0.4,"[30, 1]",0
Archer,/Game/_Art/Enemies/HeinMach/Humanoids/Archer/Animations/PlaybackClips/A_EN_PLAY_AC_EmpireBow_Down_Die_B,/Game/_Art/Enemies/HeinMach/Humanoids/Archer/Animations/SourceSequences/A_EN_SRC_CA_M_EmpBow_Down_B_Loop,ChangedTimeline,source_trim,11.0,11.0,"[30, 1]",0
Archer,/Game/_Art/Enemies/HeinMach/Humanoids/Archer/Animations/PlaybackClips/A_EN_PLAY_AC_EmpireBow_Down_Die_B_Wraith,/Game/_Art/Enemies/HeinMach/Humanoids/Archer/Animations/SourceSequences/A_EN_SRC_CA_M_EmpBow_Down_B_Loop,ChangedTimeline,source_trim,11.0,11.0,"[30, 1]",0
Archer,/Game/_Art/Enemies/HeinMach/Humanoids/Archer/Animations/PlaybackClips/A_EN_PLAY_AC_EmpireBow_Down_Die_F,/Game/_Art/Enemies/HeinMach/Humanoids/Archer/Animations/SourceSequences/A_EN_SRC_CA_M_EmpBow_Down_F_Loop,ChangedTimeline,source_trim,11.0,11.0,"[30, 1]",0
Archer,/Game/_Art/Enemies/HeinMach/Humanoids/Archer/Animations/PlaybackClips/A_EN_PLAY_AC_EmpireBow_Down_Die_F_Wraith,/Game/_Art/Enemies/HeinMach/Humanoids/Archer/Animations/SourceSequences/A_EN_SRC_CA_M_EmpBow_Down_F_Loop,ChangedTimeline,source_trim,11.0,11.0,"[30, 1]",0
Archer,/Game/_Art/Enemies/HeinMach/Humanoids/Archer/Animations/PlaybackClips/A_EN_PLAY_AC_EmpireBow_Down_Loop_B,/Game/_Art/Enemies/HeinMach/Humanoids/Archer/Animations/SourceSequences/A_EN_SRC_CA_M_EmpBow_Down_B_Loop,EquivalentSourceTimeline,,1.6,1.6,"[30, 1]",0
Archer,/Game/_Art/Enemies/HeinMach/Humanoids/Archer/Animations/PlaybackClips/A_EN_PLAY_AC_EmpireBow_Down_Loop_F,/Game/_Art/Enemies/HeinMach/Humanoids/Archer/Animations/SourceSequences/A_EN_SRC_CA_M_EmpBow_Down_F_Loop,EquivalentSourceTimeline,,1.6,1.6,"[30, 1]",0
Archer,/Game/_Art/Enemies/HeinMach/Humanoids/Archer/Animations/PlaybackClips/A_EN_PLAY_AC_EmpireBow_Getup_B,/Game/_Art/Enemies/HeinMach/Humanoids/Archer/Animations/SourceSequences/A_EN_SRC_CA_M_EmpBow_Getup_B,EquivalentSourceTimeline,,1.2333333,1.2333333,"[30, 1]",0
Archer,/Game/_Art/Enemies/HeinMach/Humanoids/Archer/Animations/PlaybackClips/A_EN_PLAY_AC_EmpireBow_Getup_F,/Game/_Art/Enemies/HeinMach/Humanoids/Archer/Animations/SourceSequences/A_EN_SRC_CA_M_EmpBow_Getup_F,EquivalentSourceTimeline,,1.3,1.3,"[30, 1]",0
Archer,/Game/_Art/Enemies/HeinMach/Humanoids/Archer/Animations/PlaybackClips/A_EN_PLAY_AC_EmpireBow_Groggy_End,/Game/_Art/Enemies/HeinMach/Humanoids/Archer/Animations/SourceSequences/A_EN_SRC_CA_M_EmpBow_Groggy_F_End,EquivalentSourceTimeline,,1.0666667,1.0666667,"[30, 1]",0
Archer,/Game/_Art/Enemies/HeinMach/Humanoids/Archer/Animations/PlaybackClips/A_EN_PLAY_AC_EmpireBow_Groggy_Loop,/Game/_Art/Enemies/HeinMach/Humanoids/Archer/Animations/SourceSequences/A_EN_SRC_CA_M_EmpBow_Groggy_F_Loop,EquivalentSourceTimeline,,1.5,1.5,"[30, 1]",0
Archer,/Game/_Art/Enemies/HeinMach/Humanoids/Archer/Animations/PlaybackClips/A_EN_PLAY_AC_EmpireBow_Groggy_Start,/Game/_Art/Enemies/HeinMach/Humanoids/Archer/Animations/SourceSequences/A_EN_SRC_CA_M_EmpBow_Groggy_F_Start,EquivalentSourceTimeline,,0.8333333,0.8333333,"[30, 1]",0
Archer,/Game/_Art/Enemies/HeinMach/Humanoids/Archer/Animations/PlaybackClips/A_EN_PLAY_AC_EmpireBow_Ground_Die_F,/Game/_Art/Enemies/HeinMach/Humanoids/Archer/Animations/SourceSequences/A_EN_SRC_CA_M_EmpBow_Die_F,ChangedTimeline,source_trim,11.0,11.0,"[30, 1]",0
Archer,/Game/_Art/Enemies/HeinMach/Humanoids/Archer/Animations/PlaybackClips/A_EN_PLAY_AC_EmpireBow_Ground_Die_F_Wraith,/Game/_Art/Enemies/HeinMach/Humanoids/Archer/Animations/SourceSequences/A_EN_SRC_CA_M_EmpBow_Die_F,ChangedTimeline,source_trim,11.0,11.0,"[30, 1]",0
Archer,/Game/_Art/Enemies/HeinMach/Humanoids/Archer/Animations/PlaybackClips/A_EN_PLAY_AC_EmpireBow_LockOnWalk_B,/Game/_Art/Enemies/HeinMach/Humanoids/Archer/Animations/SourceSequences/A_EN_SRC_CA_M_EmpBow_LockOnWalk_B,EquivalentSourceTimeline,,1.0,1.0,"[30, 1]",0
Archer,/Game/_Art/Enemies/HeinMach/Humanoids/Archer/Animations/PlaybackClips/A_EN_PLAY_AC_EmpireBow_LockOnWalk_F,/Game/_Art/Enemies/HeinMach/Humanoids/Archer/Animations/SourceSequences/A_EN_SRC_CA_M_EmpBow_LockOnWalk_F,EquivalentSourceTimeline,,1.0,1.0,"[30, 1]",0
Archer,/Game/_Art/Enemies/HeinMach/Humanoids/Archer/Animations/PlaybackClips/A_EN_PLAY_AC_EmpireBow_LockOnWalk_L,/Game/_Art/Enemies/HeinMach/Humanoids/Archer/Animations/SourceSequences/A_EN_SRC_CA_M_EmpBow_LockOnWalk_L,EquivalentSourceTimeline,,1.0,1.0,"[30, 1]",0
Archer,/Game/_Art/Enemies/HeinMach/Humanoids/Archer/Animations/PlaybackClips/A_EN_PLAY_AC_EmpireBow_LockOnWalk_R,/Game/_Art/Enemies/HeinMach/Humanoids/Archer/Animations/SourceSequences/A_EN_SRC_CA_M_EmpBow_LockOnWalk_R,EquivalentSourceTimeline,,1.0,1.0,"[30, 1]",0
Archer,/Game/_Art/Enemies/HeinMach/Humanoids/Archer/Animations/PlaybackClips/A_EN_PLAY_AC_EmpireBow_Run_F,/Game/_Art/Enemies/HeinMach/Humanoids/Archer/Animations/SourceSequences/A_EN_SRC_CA_M_EmpBow_Run_F,EquivalentSourceTimeline,,0.73333335,0.73333335,"[30, 1]",0
Archer,/Game/_Art/Enemies/HeinMach/Humanoids/Archer/Animations/PlaybackClips/A_EN_PLAY_AC_EmpireBow_Stand_F,/Game/_Art/Enemies/HeinMach/Humanoids/Archer/Animations/SourceSequences/A_EN_SRC_CA_M_EmpBow_Stand_F,EquivalentSourceTimeline,,1.6,1.6,"[30, 1]",0
Archer,/Game/_Art/Enemies/HeinMach/Humanoids/Archer/Animations/PlaybackClips/A_EN_PLAY_AC_EmpireBow_Turn_L,/Game/_Art/Enemies/HeinMach/Humanoids/Archer/Animations/SourceSequences/A_EN_SRC_CA_M_EmpBow_Turn_L,EquivalentSourceTimeline,,1.0,1.0,"[30, 1]",0
Archer,/Game/_Art/Enemies/HeinMach/Humanoids/Archer/Animations/PlaybackClips/A_EN_PLAY_AC_EmpireBow_Turn_L_180,/Game/_Art/Enemies/HeinMach/Humanoids/Archer/Animations/SourceSequences/A_EN_SRC_CA_M_EmpBow_Turn_L_180,EquivalentSourceTimeline,,1.5333333,1.5333333,"[30, 1]",0
Archer,/Game/_Art/Enemies/HeinMach/Humanoids/Archer/Animations/PlaybackClips/A_EN_PLAY_AC_EmpireBow_Turn_R,/Game/_Art/Enemies/OtherRegions/Humanoids/Mage/Animations/SourceSequences/A_EN_SRC_CA_M_EMagic_Turn_R,EquivalentSourceTimeline,,1.0,1.0,"[30, 1]",0
Archer,/Game/_Art/Enemies/HeinMach/Humanoids/Archer/Animations/PlaybackClips/A_EN_PLAY_AC_EmpireBow_Turn_R_180,/Game/_Art/Enemies/HeinMach/Humanoids/Archer/Animations/SourceSequences/A_EN_SRC_CA_M_EmpBow_Turn_R_180,EquivalentSourceTimeline,,1.5333333,1.5333333,"[30, 1]",0
Archer,/Game/_Art/Enemies/HeinMach/Humanoids/Archer/Animations/PlaybackClips/A_EN_PLAY_AC_EmpireBow_Walk_F,/Game/_Art/Enemies/HeinMach/Humanoids/Archer/Animations/SourceSequences/A_EN_SRC_CA_M_EmpBow_Walk_F,EquivalentSourceTimeline,,1.0,1.0,"[30, 1]",0
Archer,/Game/_Art/Enemies/HeinMach/Humanoids/Archer/Animations/PlaybackClips/A_EN_PLAY_AC_M_EmpBow_DamageParry_F,/Game/_Art/Enemies/HeinMach/Humanoids/Archer/Animations/SourceSequences/A_EN_SRC_CA_M_EmpBow_DamageParry_F,EquivalentSourceTimeline,,1.5,1.5,"[30, 1]",0
Archer,/Game/_Art/Enemies/HeinMach/Humanoids/Archer/Animations/PlaybackClips/A_EN_PLAY_AC_EmpireBow_DestroyObject_End,/Game/_Art/Enemies/HeinMach/Humanoids/Archer/Animations/SourceSequences/A_EN_SRC_CA_M_EmpBow_BasicShoot_End | /Game/_Art/Enemies/HeinMach/Humanoids/Archer/Animations/SourceSequences/A_EN_SRC_CA_M_EmpBow_Stand_F,ChangedTimeline,dilation_time_warp | multiple_segments | segment_start_offset | source_trim,0.9666667,1.3533326,"[5863665, 97969]",0.3866659000000001
Archer,/Game/_Art/Enemies/HeinMach/Humanoids/Archer/Animations/PlaybackClips/A_EN_PLAY_AC_EmpireBow_DestroyObject_Loop,/Game/_Art/Enemies/HeinMach/Humanoids/Archer/Animations/SourceSequences/A_EN_SRC_CA_M_EmpBow_BasicShoot_Loop,EquivalentSourceTimeline,,1.2,1.2,"[30, 1]",0
Archer,/Game/_Art/Enemies/HeinMach/Humanoids/Archer/Animations/PlaybackClips/A_EN_PLAY_AC_EmpireBow_DestroyObject_Start,/Game/_Art/Enemies/HeinMach/Humanoids/Archer/Animations/SourceSequences/A_EN_SRC_CA_M_EmpBow_BasicShoot_Start,ChangedTimeline,dilation_time_warp,1.0,0.869565,"[4000023, 66890]",0.13043499999999997
Archer,/Game/_Art/Enemies/HeinMach/Humanoids/Archer/Animations/PlaybackClips/A_EN_PLAY_AC_EmpireBow_TurnKick_DestroyObject,/Game/_Art/Enemies/HeinMach/Humanoids/Archer/Animations/SourceSequences/A_EN_SRC_CA_M_EmpBow_TurnKick_Attack,ChangedTimeline,dilation_time_warp,1.2,1.3518705,"[2821251, 47086]",0.29563752000000004
Archer,/Game/_Art/Enemies/HeinMach/Humanoids/Archer/Animations/PlaybackClips/A_EN_PLAY_AC_EmpireBow_BasicShoot_End,/Game/_Art/Enemies/HeinMach/Humanoids/Archer/Animations/SourceSequences/A_EN_SRC_CA_M_EmpBow_BasicShoot_End | /Game/_Art/Enemies/HeinMach/Humanoids/Archer/Animations/SourceSequences/A_EN_SRC_CA_M_EmpBow_Stand_F,ChangedTimeline,dilation_time_warp | multiple_segments | segment_start_offset | source_trim,0.9666667,1.3533326,"[5863665, 97969]",0.3866659000000001
Archer,/Game/_Art/Enemies/HeinMach/Humanoids/Archer/Animations/PlaybackClips/A_EN_PLAY_AC_EmpireBow_BasicShoot_Fail,/Game/_Art/Enemies/HeinMach/Humanoids/Archer/Animations/SourceSequences/A_EN_SRC_CA_M_EmpBow_BasicShoot_Fail,ChangedTimeline,dilation_time_warp,0.6,0.7799998,"[3200038, 53107]",0.17999980000000004
Archer,/Game/_Art/Enemies/HeinMach/Humanoids/Archer/Animations/PlaybackClips/A_EN_PLAY_AC_EmpireBow_BasicShoot_Loop,/Game/_Art/Enemies/HeinMach/Humanoids/Archer/Animations/SourceSequences/A_EN_SRC_CA_M_EmpBow_BasicShoot_Loop,ChangedTimeline,source_trim,0.6,0.6,"[30, 1]",0
Archer,/Game/_Art/Enemies/HeinMach/Humanoids/Archer/Animations/PlaybackClips/A_EN_PLAY_AC_EmpireBow_BasicShoot_Stand,/Game/_Art/Enemies/HeinMach/Humanoids/Archer/Animations/SourceSequences/A_EN_SRC_CA_M_EmpBow_Stand_F,ChangedTimeline,dilation_time_warp | source_trim,0.1,0.2,"[60, 1]",0.1
Archer,/Game/_Art/Enemies/HeinMach/Humanoids/Archer/Animations/PlaybackClips/A_EN_PLAY_AC_EmpireBow_BasicShoot_Start,/Game/_Art/Enemies/HeinMach/Humanoids/Archer/Animations/SourceSequences/A_EN_SRC_CA_M_EmpBow_BasicShoot_Start,ChangedTimeline,dilation_time_warp,1.0,0.869565,"[4000023, 66890]",0.13043499999999997
Archer,/Game/_Art/Enemies/HeinMach/Humanoids/Archer/Animations/PlaybackClips/A_EN_PLAY_AC_EmpireBow_Stand_Start,/Game/_Art/Enemies/HeinMach/Humanoids/SharedSourceReferences/Animations/SourceSequences/A_EN_SRC_CA_M_Human_Adult_M_PicaBow_BowStand_F,ChangedTimeline,dilation_time_warp | source_trim,0.29999995,0.66578233,"[1509983, 25133]",0.36578237999999996
Archer,/Game/_Art/Enemies/HeinMach/Humanoids/Archer/Animations/PlaybackClips/A_EN_PLAY_AC_EmpireBow_FastShoot_Dodge_B,/Game/_Art/Enemies/HeinMach/Humanoids/Archer/Animations/SourceSequences/A_EN_SRC_CA_M_EmpBow_FastShoot_Dodge_B,EquivalentSourceTimeline,,1.0666667,1.0666664,"[4000021, 66667]",4.0000000001150227e-07
Archer,/Game/_Art/Enemies/HeinMach/Humanoids/Archer/Animations/PlaybackClips/A_EN_PLAY_AC_EmpireBow_FastShoot_Dodge_L,/Game/_Art/Enemies/HeinMach/Humanoids/Archer/Animations/SourceSequences/A_EN_SRC_CA_M_EmpBow_FastShoot_Dodge_L,EquivalentSourceTimeline,,1.0666667,1.0666664,"[4000021, 66667]",4.0000000001150227e-07
Archer,/Game/_Art/Enemies/HeinMach/Humanoids/Archer/Animations/PlaybackClips/A_EN_PLAY_AC_EmpireBow_FastShoot_Dodge_R,/Game/_Art/Enemies/HeinMach/Humanoids/Archer/Animations/SourceSequences/A_EN_SRC_CA_M_EmpBow_FastShoot_Dodge_R,ChangedTimeline,dilation_time_warp,1.3333334,1.0646499,"[1135547, 18890]",0.26868349999999985
Archer,/Game/_Art/Enemies/HeinMach/Humanoids/Archer/Animations/PlaybackClips/A_EN_PLAY_AC_EmpireBow_FastShoot_Fail,/Game/_Art/Enemies/HeinMach/Humanoids/Archer/Animations/SourceSequences/A_EN_SRC_CA_M_EmpBow_FastShoot_Fail,ChangedTimeline,dilation_time_warp,0.6,0.7799998,"[3200038, 53107]",0.17999980000000004
Archer,/Game/_Art/Enemies/HeinMach/Humanoids/Archer/Animations/PlaybackClips/A_EN_PLAY_AC_EmpireBow_FastShoot_Shoot,/Game/_Art/Enemies/HeinMach/Humanoids/Archer/Animations/SourceSequences/A_EN_SRC_CA_M_EmpBow_FastShoot_Shoot,EquivalentSourceTimeline,,2.5,2.5,"[30, 1]",0
Archer,/Game/_Art/Enemies/HeinMach/Humanoids/Archer/Animations/PlaybackClips/A_EN_PLAY_AC_EmpireBow_FastShoot_Start,/Game/_Art/Enemies/HeinMach/Humanoids/Archer/Animations/SourceSequences/A_EN_SRC_CA_M_EmpBow_Stand_F,ChangedTimeline,source_trim,0.1,0.1,"[30, 1]",0
Archer,/Game/_Art/Enemies/HeinMach/Humanoids/Archer/Animations/PlaybackClips/A_EN_PLAY_AC_EmpireBow_BackShoot,/Game/_Art/Enemies/HeinMach/Humanoids/Archer/Animations/SourceSequences/A_EN_SRC_CA_M_EmpBow_BackShoot,ChangedTimeline,dilation_time_warp,1.6666666,2.2949615,"[5425325, 90224]",0.6282948999999998
Archer,/Game/_Art/Enemies/HeinMach/Humanoids/Archer/Animations/PlaybackClips/A_EN_PLAY_AC_EmpireBow_TunrKick_Start,/Game/_Art/Enemies/HeinMach/Humanoids/Archer/Animations/SourceSequences/A_EN_SRC_CA_M_EmpBow_Stand_F,ChangedTimeline,source_trim,0.1,0.1,"[30, 1]",0
Archer,/Game/_Art/Enemies/HeinMach/Humanoids/Archer/Animations/PlaybackClips/A_EN_PLAY_AC_EmpireBow_TurnKick_Attack,/Game/_Art/Enemies/HeinMach/Humanoids/Archer/Animations/SourceSequences/A_EN_SRC_CA_M_EmpBow_TurnKick_Attack,ChangedTimeline,dilation_time_warp,1.2,1.3518705,"[2821251, 47086]",0.29563752000000004
Archer,/Game/_Art/Enemies/HeinMach/Humanoids/Archer/Animations/PlaybackClips/A_EN_PLAY_AC_EmpireBow_TurnKick_Move,/Game/_Art/Enemies/HeinMach/Humanoids/Archer/Animations/SourceSequences/A_EN_SRC_CA_M_EmpBow_TurnKick_Move,ChangedTimeline,dilation_time_warp,0.53333336,0.6000002,"[2999999, 50000]",0.06666684
Archer,/Game/_Art/Enemies/HeinMach/Humanoids/Archer/Animations/PlaybackClips/A_EN_PLAY_AC_EmpireBow_Vigilant_FreakOut_Armed,/Game/_Art/Enemies/HeinMach/Humanoids/Archer/Animations/SourceSequences/A_EN_SRC_CA_M_Human_Adult_M_EmpireBow_Vigilant_FreakOut_Equip,EquivalentSourceTimeline,,1.5,1.5,"[30, 1]",0
Archer,/Game/_Art/Enemies/HeinMach/Humanoids/Archer/Animations/PlaybackClips/A_EN_PLAY_AC_EmpireBow_Vigilant_FreakOut_UnArmed,/Game/_Art/Enemies/HeinMach/Humanoids/Archer/Animations/SourceSequences/A_EN_SRC_CA_M_Human_Adult_M_EmpireBow_Vigilant_FreakOut_UnEquip,EquivalentSourceTimeline,,1.9666667,1.9666667,"[30, 1]",0
Archer,/Game/_Art/Enemies/HeinMach/Humanoids/Archer/Animations/PlaybackClips/A_EN_PLAY_AC_EmpireBow_Vigilant_LookAround,/Game/_Art/Enemies/HeinMach/Humanoids/Archer/Animations/SourceSequences/A_EN_SRC_CA_M_Human_Adult_M_EmpireBow_Vigilant_LookAround,EquivalentSourceTimeline,,8.5,8.5,"[30, 1]",0
HalberdElite,/Game/_Art/Enemies/HeinMach/Humanoids/HalberdElite/Animations/PlaybackClips/A_EN_PLAY_AC_EmpireHalberd_E_Disease,/Game/_Art/Enemies/HeinMach/Humanoids/HalberdElite/Animations/SourceSequences/A_EN_SRC_CA_EmpireHalberd_E_Halberd,ChangedTimeline,source_trim,2.4,2.4,"[30, 1]",0
HalberdElite,/Game/_Art/Enemies/HeinMach/Humanoids/HalberdElite/Animations/PlaybackClips/A_EN_PLAY_AC_EmpireHalberd_Basic_End_01,/Game/_Art/Enemies/HeinMach/Humanoids/HalberdElite/Animations/SourceSequences/A_EN_SRC_CA_M_Halberd_NoBattle_Basic_End_01,EquivalentSourceTimeline,,2.1666667,2.1666667,"[30, 1]",0
HalberdElite,/Game/_Art/Enemies/HeinMach/Humanoids/HalberdElite/Animations/PlaybackClips/A_EN_PLAY_AC_EmpireHalberd_Basic_End_02,/Game/_Art/Enemies/HeinMach/Humanoids/HalberdElite/Animations/SourceSequences/A_EN_SRC_CA_M_Halberd_NoBattle_Basic_End_02,EquivalentSourceTimeline,,2.6333334,2.6333334,"[30, 1]",0
HalberdElite,/Game/_Art/Enemies/HeinMach/Humanoids/HalberdElite/Animations/PlaybackClips/A_EN_PLAY_AC_EmpireHalberd_Basic_Guard_End_01,/Game/_Art/Enemies/HeinMach/Humanoids/HalberdElite/Animations/SourceSequences/A_EN_SRC_CA_M_Halberd_NoBattleGuard_End_01,EquivalentSourceTimeline,,2.1666667,2.1666667,"[30, 1]",0
HalberdElite,/Game/_Art/Enemies/HeinMach/Humanoids/HalberdElite/Animations/PlaybackClips/A_EN_PLAY_AC_EmpireHalberd_Basic_Guard_Loop_01,/Game/_Art/Enemies/HeinMach/Humanoids/HalberdElite/Animations/SourceSequences/A_EN_SRC_CA_M_Halberd_NoBattleGuard_Loop_01,EquivalentSourceTimeline,,12.333333,12.333333,"[30, 1]",0
HalberdElite,/Game/_Art/Enemies/HeinMach/Humanoids/HalberdElite/Animations/PlaybackClips/A_EN_PLAY_AC_EmpireHalberd_Basic_Loop_01,/Game/_Art/Enemies/HeinMach/Humanoids/HalberdElite/Animations/SourceSequences/A_EN_SRC_CA_M_Halberd_NoBattle_Basic_Loop_01,EquivalentSourceTimeline,,4.3333335,4.3333335,"[30, 1]",0
HalberdElite,/Game/_Art/Enemies/HeinMach/Humanoids/HalberdElite/Animations/PlaybackClips/A_EN_PLAY_AC_EmpireHalberd_Basic_Loop_02,/Game/_Art/Enemies/HeinMach/Humanoids/HalberdElite/Animations/SourceSequences/A_EN_SRC_CA_M_Halberd_NoBattle_Basic_Loop_02,EquivalentSourceTimeline,,4.866667,4.866667,"[30, 1]",0
HalberdElite,/Game/_Art/Enemies/HeinMach/Humanoids/HalberdElite/Animations/PlaybackClips/A_EN_PLAY_AC_EmpireHalberd_Basic_Search_End_01,/Game/_Art/Enemies/HeinMach/Humanoids/HalberdElite/Animations/SourceSequences/A_EN_SRC_CA_M_Halberd_NoBattleSearch_End_01,EquivalentSourceTimeline,,3.6666667,3.6666667,"[30, 1]",0
HalberdElite,/Game/_Art/Enemies/HeinMach/Humanoids/HalberdElite/Animations/PlaybackClips/A_EN_PLAY_AC_EmpireHalberd_Basic_Search_Loop_01,/Game/_Art/Enemies/HeinMach/Humanoids/HalberdElite/Animations/SourceSequences/A_EN_SRC_CA_M_Halberd_NoBattleSearch_Loop_01,EquivalentSourceTimeline,,8.666667,8.666667,"[30, 1]",0
HalberdElite,/Game/_Art/Enemies/HeinMach/Humanoids/HalberdElite/Animations/PlaybackClips/A_EN_PLAY_AC_EmpireHalberd_Basic_Talk_End_01,/Game/_Art/Enemies/HeinMach/Humanoids/HalberdElite/Animations/SourceSequences/A_EN_SRC_CA_M_Halberd_NoBattleTalk_End_01,EquivalentSourceTimeline,,2.1666667,2.1666667,"[30, 1]",0
HalberdElite,/Game/_Art/Enemies/HeinMach/Humanoids/HalberdElite/Animations/PlaybackClips/A_EN_PLAY_AC_EmpireHalberd_Basic_Talk_End_02,/Game/_Art/Enemies/HeinMach/Humanoids/HalberdElite/Animations/SourceSequences/A_EN_SRC_CA_M_Halberd_NoBattleTalk_End_02,EquivalentSourceTimeline,,1.6,1.6,"[30, 1]",0
HalberdElite,/Game/_Art/Enemies/HeinMach/Humanoids/HalberdElite/Animations/PlaybackClips/A_EN_PLAY_AC_EmpireHalberd_Basic_Talk_Loop_01,/Game/_Art/Enemies/HeinMach/Humanoids/HalberdElite/Animations/SourceSequences/A_EN_SRC_CA_M_Halberd_NoBattleTalk_Loop_01,EquivalentSourceTimeline,,6.3333335,6.3333335,"[30, 1]",0
HalberdElite,/Game/_Art/Enemies/HeinMach/Humanoids/HalberdElite/Animations/PlaybackClips/A_EN_PLAY_AC_EmpireHalberd_Basic_Talk_Loop_02,/Game/_Art/Enemies/HeinMach/Humanoids/HalberdElite/Animations/SourceSequences/A_EN_SRC_CA_M_Halberd_NoBattleTalk_Loop_02,EquivalentSourceTimeline,,3.8,3.8,"[30, 1]",0
HalberdElite,/Game/_Art/Enemies/HeinMach/Humanoids/HalberdElite/Animations/PlaybackClips/A_EN_PLAY_AC_EmpireHalberd_DamageGrapple_Atk_B_01,/Game/_Art/Enemies/HeinMach/Humanoids/HalberdElite/Animations/SourceSequences/A_EN_SRC_CA_M_Halberd_DamageGrapple_Atk_B_01,EquivalentSourceTimeline,,1.3333334,1.3333334,"[30, 1]",0
HalberdElite,/Game/_Art/Enemies/HeinMach/Humanoids/HalberdElite/Animations/PlaybackClips/A_EN_PLAY_AC_EmpireHalberd_DamageGrapple_Atk_B_02,/Game/_Art/Enemies/HeinMach/Humanoids/HalberdElite/Animations/SourceSequences/A_EN_SRC_CA_M_Halberd_DamageGrapple_Atk_B_02,EquivalentSourceTimeline,,2.5,2.5,"[30, 1]",0
HalberdElite,/Game/_Art/Enemies/HeinMach/Humanoids/HalberdElite/Animations/PlaybackClips/A_EN_PLAY_AC_EmpireHalberd_E_DamFinalblow,/Game/_Art/Enemies/HeinMach/Humanoids/HalberdElite/Animations/SourceSequences/A_EN_SRC_CA_M_Halberd_DamFinalBlow,ChangedTimeline,source_trim,6.0,6.0,"[30, 1]",0
HalberdElite,/Game/_Art/Enemies/HeinMach/Humanoids/HalberdElite/Animations/PlaybackClips/A_EN_PLAY_AC_EmpireHalberd_E_DamageAir_B_Down,/Game/_Art/Enemies/HeinMach/Humanoids/HalberdElite/Animations/SourceSequences/A_EN_SRC_CA_M_Halberd_DamageAir_B,ChangedTimeline,source_trim,0.167,0.167,"[5000, 167]",0
HalberdElite,/Game/_Art/Enemies/HeinMach/Humanoids/HalberdElite/Animations/PlaybackClips/A_EN_PLAY_AC_EmpireHalberd_E_DamageAir_B_Land,/Game/_Art/Enemies/HeinMach/Humanoids/HalberdElite/Animations/SourceSequences/A_EN_SRC_CA_M_Halberd_DamageAir_B,ChangedTimeline,source_trim,0.899033,0.899033,"[2534333, 84387]",0
HalberdElite,/Game/_Art/Enemies/HeinMach/Humanoids/HalberdElite/Animations/PlaybackClips/A_EN_PLAY_AC_EmpireHalberd_E_DamageAir_B_Peak,/Game/_Art/Enemies/HeinMach/Humanoids/HalberdElite/Animations/SourceSequences/A_EN_SRC_CA_M_Halberd_DamageAir_B,ChangedTimeline,source_trim,0.10000001,0.10000001,"[30, 1]",0
HalberdElite,/Game/_Art/Enemies/HeinMach/Humanoids/HalberdElite/Animations/PlaybackClips/A_EN_PLAY_AC_EmpireHalberd_E_DamageAir_B_Up,/Game/_Art/Enemies/HeinMach/Humanoids/HalberdElite/Animations/SourceSequences/A_EN_SRC_CA_M_Halberd_DamageAir_B,ChangedTimeline,source_trim,0.167,0.167,"[5000, 167]",0
HalberdElite,/Game/_Art/Enemies/HeinMach/Humanoids/HalberdElite/Animations/PlaybackClips/A_EN_PLAY_AC_EmpireHalberd_E_DamageAir_F_Down,/Game/_Art/Enemies/HeinMach/Humanoids/HalberdElite/Animations/SourceSequences/A_EN_SRC_CA_M_Halberd_DamageAir_F,ChangedTimeline,source_trim,0.167,0.167,"[5000, 167]",0
HalberdElite,/Game/_Art/Enemies/HeinMach/Humanoids/HalberdElite/Animations/PlaybackClips/A_EN_PLAY_AC_EmpireHalberd_E_DamageAir_F_Land,/Game/_Art/Enemies/HeinMach/Humanoids/HalberdElite/Animations/SourceSequences/A_EN_SRC_CA_M_Halberd_DamageAir_F,ChangedTimeline,source_trim,0.89903337,0.89903337,"[2000869, 66624]",0
HalberdElite,/Game/_Art/Enemies/HeinMach/Humanoids/HalberdElite/Animations/PlaybackClips/A_EN_PLAY_AC_EmpireHalberd_E_DamageAir_F_Peak,/Game/_Art/Enemies/HeinMach/Humanoids/HalberdElite/Animations/SourceSequences/A_EN_SRC_CA_M_Halberd_DamageAir_F,ChangedTimeline,source_trim,0.10000001,0.10000001,"[30, 1]",0
HalberdElite,/Game/_Art/Enemies/HeinMach/Humanoids/HalberdElite/Animations/PlaybackClips/A_EN_PLAY_AC_EmpireHalberd_E_DamageAir_F_Up,/Game/_Art/Enemies/HeinMach/Humanoids/HalberdElite/Animations/SourceSequences/A_EN_SRC_CA_M_Halberd_DamageAir_F,ChangedTimeline,source_trim,0.167,0.167,"[5000, 167]",0
HalberdElite,/Game/_Art/Enemies/HeinMach/Humanoids/HalberdElite/Animations/PlaybackClips/A_EN_PLAY_AC_EmpireHalberd_E_DamageFinalBlow,/Game/_Art/Enemies/HeinMach/Humanoids/HalberdElite/Animations/SourceSequences/A_EN_SRC_CA_M_Halberd_DamageGrapple_Atk_02,EquivalentSourceTimeline,,1.2,1.2,"[30, 1]",0
HalberdElite,/Game/_Art/Enemies/HeinMach/Humanoids/HalberdElite/Animations/PlaybackClips/A_EN_PLAY_AC_EmpireHalberd_E_DamageGrapple_Atk_01,/Game/_Art/Enemies/HeinMach/Humanoids/HalberdElite/Animations/SourceSequences/A_EN_SRC_CA_M_Halberd_DamageGrapple_Atk_01,EquivalentSourceTimeline,,1.5,1.5,"[30, 1]",0
HalberdElite,/Game/_Art/Enemies/HeinMach/Humanoids/HalberdElite/Animations/PlaybackClips/A_EN_PLAY_AC_EmpireHalberd_E_DamageGrapple_Atk_02,/Game/_Art/Enemies/HeinMach/Humanoids/HalberdElite/Animations/SourceSequences/A_EN_SRC_CA_M_Halberd_DamageGrapple_Atk_02,EquivalentSourceTimeline,,1.2,1.2,"[30, 1]",0
HalberdElite,/Game/_Art/Enemies/HeinMach/Humanoids/HalberdElite/Animations/PlaybackClips/A_EN_PLAY_AC_EmpireHalberd_E_DamageNormal_D_B,/Game/_Art/Enemies/HeinMach/Humanoids/HalberdElite/Animations/SourceSequences/A_EN_SRC_CA_M_Halberd_DamageNormal_D_B,ChangedTimeline,dilation_time_warp,0.76666665,1.0966332,"[5653885, 93943]",0.3299665500000001
HalberdElite,/Game/_Art/Enemies/HeinMach/Humanoids/HalberdElite/Animations/PlaybackClips/A_EN_PLAY_AC_EmpireHalberd_E_DamageNormal_D_F,/Game/_Art/Enemies/HeinMach/Humanoids/HalberdElite/Animations/SourceSequences/A_EN_SRC_CA_M_Halberd_DamageNormal_U_F,EquivalentSourceTimeline,,0.76666665,0.76666665,"[30, 1]",0
HalberdElite,/Game/_Art/Enemies/HeinMach/Humanoids/HalberdElite/Animations/PlaybackClips/A_EN_PLAY_AC_EmpireHalberd_E_DamageNormal_L_F,/Game/_Art/Enemies/HeinMach/Humanoids/HalberdElite/Animations/SourceSequences/A_EN_SRC_CA_M_Halberd_DamageNormal_L_F,EquivalentSourceTimeline,,0.76666665,0.76666665,"[30, 1]",0
HalberdElite,/Game/_Art/Enemies/HeinMach/Humanoids/HalberdElite/Animations/PlaybackClips/A_EN_PLAY_AC_EmpireHalberd_E_DamageNormal_R_F,/Game/_Art/Enemies/HeinMach/Humanoids/HalberdElite/Animations/SourceSequences/A_EN_SRC_CA_M_Halberd_DamageNormal_R_F,EquivalentSourceTimeline,,0.76666665,0.76666665,"[30, 1]",0
HalberdElite,/Game/_Art/Enemies/HeinMach/Humanoids/HalberdElite/Animations/PlaybackClips/A_EN_PLAY_AC_EmpireHalberd_E_DamageNormal_U_B,/Game/_Art/Enemies/HeinMach/Humanoids/HalberdElite/Animations/SourceSequences/A_EN_SRC_CA_M_Halberd_DamageNormal_U_B,ChangedTimeline,dilation_time_warp,0.76666665,1.0966332,"[5653885, 93943]",0.3299665500000001
HalberdElite,/Game/_Art/Enemies/HeinMach/Humanoids/HalberdElite/Animations/PlaybackClips/A_EN_PLAY_AC_EmpireHalberd_E_DamageNormal_U_F,/Game/_Art/Enemies/HeinMach/Humanoids/HalberdElite/Animations/SourceSequences/A_EN_SRC_CA_M_Halberd_DamageNormal_U_F,EquivalentSourceTimeline,,0.76666665,0.76666665,"[30, 1]",0
HalberdElite,/Game/_Art/Enemies/HeinMach/Humanoids/HalberdElite/Animations/PlaybackClips/A_EN_PLAY_AC_EmpireHalberd_E_DamageParry_F,/Game/_Art/Enemies/HeinMach/Humanoids/HalberdElite/Animations/SourceSequences/A_EN_SRC_CA_M_Halberd_DamageParry_F,EquivalentSourceTimeline,,1.5,1.5,"[30, 1]",0
HalberdElite,/Game/_Art/Enemies/HeinMach/Humanoids/HalberdElite/Animations/PlaybackClips/A_EN_PLAY_AC_EmpireHalberd_E_DamageStrong_D_F,/Game/_Art/Enemies/HeinMach/Humanoids/HalberdElite/Animations/SourceSequences/A_EN_SRC_CA_M_Halberd_DamageStrong_D_F,EquivalentSourceTimeline,,1.1,1.1,"[30, 1]",0
HalberdElite,/Game/_Art/Enemies/HeinMach/Humanoids/HalberdElite/Animations/PlaybackClips/A_EN_PLAY_AC_EmpireHalberd_E_DamageStrong_D_F_2,/Game/_Art/Enemies/HeinMach/Humanoids/HalberdElite/Animations/SourceSequences/A_EN_SRC_CA_M_Halberd_DamageStrong_D_F2,EquivalentSourceTimeline,,1.1,1.1,"[30, 1]",0
HalberdElite,/Game/_Art/Enemies/HeinMach/Humanoids/HalberdElite/Animations/PlaybackClips/A_EN_PLAY_AC_EmpireHalberd_E_DamageStrong_L_F,/Game/_Art/Enemies/HeinMach/Humanoids/HalberdElite/Animations/SourceSequences/A_EN_SRC_CA_M_Halberd_DamageStrong_L_F,EquivalentSourceTimeline,,1.1,1.1,"[30, 1]",0
HalberdElite,/Game/_Art/Enemies/HeinMach/Humanoids/HalberdElite/Animations/PlaybackClips/A_EN_PLAY_AC_EmpireHalberd_E_DamageStrong_R_F,/Game/_Art/Enemies/HeinMach/Humanoids/HalberdElite/Animations/SourceSequences/A_EN_SRC_CA_M_Halberd_DamageStrong_R_F,EquivalentSourceTimeline,,1.1,1.1,"[30, 1]",0
HalberdElite,/Game/_Art/Enemies/HeinMach/Humanoids/HalberdElite/Animations/PlaybackClips/A_EN_PLAY_AC_EmpireHalberd_E_DamageStrong_U_F,/Game/_Art/Enemies/HeinMach/Humanoids/HalberdElite/Animations/SourceSequences/A_EN_SRC_CA_M_Halberd_DamageStrong_U_F,EquivalentSourceTimeline,,1.1,1.1,"[30, 1]",0
HalberdElite,/Game/_Art/Enemies/HeinMach/Humanoids/HalberdElite/Animations/PlaybackClips/A_EN_PLAY_AC_EmpireHalberd_E_DamageWeak_D_F,/Game/_Art/Enemies/HeinMach/Humanoids/HalberdElite/Animations/SourceSequences/A_EN_SRC_CA_M_Halberd_DamageWeak_D_F,EquivalentSourceTimeline,,0.4,0.4,"[30, 1]",0
HalberdElite,/Game/_Art/Enemies/HeinMach/Humanoids/HalberdElite/Animations/PlaybackClips/A_EN_PLAY_AC_EmpireHalberd_E_DamageWeak_L_F,/Game/_Art/Enemies/HeinMach/Humanoids/HalberdElite/Animations/SourceSequences/A_EN_SRC_CA_M_Halberd_DamageWeak_L_F,EquivalentSourceTimeline,,0.4,0.4,"[30, 1]",0
HalberdElite,/Game/_Art/Enemies/HeinMach/Humanoids/HalberdElite/Animations/PlaybackClips/A_EN_PLAY_AC_EmpireHalberd_E_DamageWeak_R_F,/Game/_Art/Enemies/HeinMach/Humanoids/HalberdElite/Animations/SourceSequences/A_EN_SRC_CA_M_Halberd_DamageWeak_R_F,EquivalentSourceTimeline,,0.4,0.4,"[30, 1]",0
HalberdElite,/Game/_Art/Enemies/HeinMach/Humanoids/HalberdElite/Animations/PlaybackClips/A_EN_PLAY_AC_EmpireHalberd_E_DamageWeak_U_F,/Game/_Art/Enemies/HeinMach/Humanoids/HalberdElite/Animations/SourceSequences/A_EN_SRC_CA_M_Halberd_DamageWeak_U_F,EquivalentSourceTimeline,,0.4,0.4,"[30, 1]",0
HalberdElite,/Game/_Art/Enemies/HeinMach/Humanoids/HalberdElite/Animations/PlaybackClips/A_EN_PLAY_AC_EmpireHalberd_E_Die_F,/Game/_Art/Enemies/HeinMach/Humanoids/HalberdElite/Animations/SourceSequences/A_EN_SRC_CA_M_Halberd_Die_F,ChangedTimeline,source_trim,6.0,6.0,"[30, 1]",0
HalberdElite,/Game/_Art/Enemies/HeinMach/Humanoids/HalberdElite/Animations/PlaybackClips/A_EN_PLAY_AC_EmpireHalberd_E_Down_B_Loop,/Game/_Art/Enemies/HeinMach/Humanoids/HalberdElite/Animations/SourceSequences/A_EN_SRC_CA_M_Halberd_Down_B_Loop,ChangedTimeline,source_trim,6.0,6.0,"[30, 1]",0
HalberdElite,/Game/_Art/Enemies/HeinMach/Humanoids/HalberdElite/Animations/PlaybackClips/A_EN_PLAY_AC_EmpireHalberd_E_Down_F_Loop,/Game/_Art/Enemies/HeinMach/Humanoids/HalberdElite/Animations/SourceSequences/A_EN_SRC_CA_M_Halberd_Down_F_Loop,ChangedTimeline,source_trim,6.0,6.0,"[30, 1]",0
HalberdElite,/Game/_Art/Enemies/HeinMach/Humanoids/HalberdElite/Animations/PlaybackClips/A_EN_PLAY_AC_EmpireHalberd_E_Getup_B,/Game/_Art/Enemies/HeinMach/Humanoids/HalberdElite/Animations/SourceSequences/A_EN_SRC_CA_M_Halberd_Getup_B,EquivalentSourceTimeline,,1.6,1.6,"[30, 1]",0
HalberdElite,/Game/_Art/Enemies/HeinMach/Humanoids/HalberdElite/Animations/PlaybackClips/A_EN_PLAY_AC_EmpireHalberd_E_Getup_F,/Game/_Art/Enemies/HeinMach/Humanoids/HalberdElite/Animations/SourceSequences/A_EN_SRC_CA_M_Halberd_Getup_F,EquivalentSourceTimeline,,1.4,1.4,"[30, 1]",0
HalberdElite,/Game/_Art/Enemies/HeinMach/Humanoids/HalberdElite/Animations/PlaybackClips/A_EN_PLAY_AC_EmpireHalberd_E_Groggy_F_End,/Game/_Art/Enemies/HeinMach/Humanoids/HalberdElite/Animations/SourceSequences/A_EN_SRC_CA_M_Halberd_Groggy_F_End,EquivalentSourceTimeline,,2.2333333,2.2333333,"[30, 1]",0
HalberdElite,/Game/_Art/Enemies/HeinMach/Humanoids/HalberdElite/Animations/PlaybackClips/A_EN_PLAY_AC_EmpireHalberd_E_Groggy_F_Loop,/Game/_Art/Enemies/HeinMach/Humanoids/HalberdElite/Animations/SourceSequences/A_EN_SRC_CA_M_Halberd_Groggy_F_Loop,EquivalentSourceTimeline,,2.1666667,2.1666667,"[30, 1]",0
HalberdElite,/Game/_Art/Enemies/HeinMach/Humanoids/HalberdElite/Animations/PlaybackClips/A_EN_PLAY_AC_EmpireHalberd_E_Groggy_F_Start,/Game/_Art/Enemies/HeinMach/Humanoids/HalberdElite/Animations/SourceSequences/A_EN_SRC_CA_M_Halberd_Groggy_F_Start,EquivalentSourceTimeline,,1.2666667,1.2666667,"[30, 1]",0
HalberdElite,/Game/_Art/Enemies/HeinMach/Humanoids/HalberdElite/Animations/PlaybackClips/A_EN_PLAY_AC_EmpireHalberd_E_Turn_L,/Game/_Art/Enemies/HeinMach/Humanoids/HalberdElite/Animations/SourceSequences/A_EN_SRC_CA_M_Halberd_Turn_L,EquivalentSourceTimeline,,1.0,1.0,"[30, 1]",0
HalberdElite,/Game/_Art/Enemies/HeinMach/Humanoids/HalberdElite/Animations/PlaybackClips/A_EN_PLAY_AC_EmpireHalberd_E_Turn_L_180,/Game/_Art/Enemies/HeinMach/Humanoids/HalberdElite/Animations/SourceSequences/A_EN_SRC_CA_M_Halberd_Turn_L_180,EquivalentSourceTimeline,,2.0,2.0,"[30, 1]",0
HalberdElite,/Game/_Art/Enemies/HeinMach/Humanoids/HalberdElite/Animations/PlaybackClips/A_EN_PLAY_AC_EmpireHalberd_E_Turn_Peace_L,/Game/_Art/Enemies/HeinMach/Humanoids/HalberdElite/Animations/SourceSequences/A_EN_SRC_CA_M_Halberd_Turn_Peace_L,EquivalentSourceTimeline,,1.2666667,1.2666667,"[30, 1]",0
HalberdElite,/Game/_Art/Enemies/HeinMach/Humanoids/HalberdElite/Animations/PlaybackClips/A_EN_PLAY_AC_EmpireHalberd_E_Turn_Peace_R,/Game/_Art/Enemies/HeinMach/Humanoids/HalberdElite/Animations/SourceSequences/A_EN_SRC_CA_M_Halberd_Turn_Peace_R,EquivalentSourceTimeline,,1.4333333,1.4333333,"[30, 1]",0
HalberdElite,/Game/_Art/Enemies/HeinMach/Humanoids/HalberdElite/Animations/PlaybackClips/A_EN_PLAY_AC_EmpireHalberd_E_Turn_R,/Game/_Art/Enemies/HeinMach/Humanoids/HalberdElite/Animations/SourceSequences/A_EN_SRC_CA_M_Halberd_Turn_R,EquivalentSourceTimeline,,1.0,1.0,"[30, 1]",0
HalberdElite,/Game/_Art/Enemies/HeinMach/Humanoids/HalberdElite/Animations/PlaybackClips/A_EN_PLAY_AC_EmpireHalberd_E_Turn_R_180,/Game/_Art/Enemies/HeinMach/Humanoids/HalberdElite/Animations/SourceSequences/A_EN_SRC_CA_M_Halberd_Turn_R_180,EquivalentSourceTimeline,,2.0,2.0,"[30, 1]",0
HalberdElite,/Game/_Art/Enemies/HeinMach/Humanoids/HalberdElite/Animations/PlaybackClips/A_EN_PLAY_AC_EmpireHalberd_E_BackDashCounter_Atk,/Game/_Art/Enemies/HeinMach/Humanoids/HalberdElite/Animations/SourceSequences/A_EN_SRC_CA_M_Halberd_Whirlwind,ChangedTimeline,dilation_time_warp | source_trim,3.73,3.9821405,"[4681822, 78007]",0.26941229999999994
HalberdElite,/Game/_Art/Enemies/HeinMach/Humanoids/HalberdElite/Animations/PlaybackClips/A_EN_PLAY_AC_EmpireHalberd_E_BackDashCounter_Parried,/Game/_Art/Enemies/HeinMach/Humanoids/HalberdElite/Animations/SourceSequences/A_EN_SRC_CA_M_Halberd_DamageParry_F,ChangedTimeline,source_trim,1.33,1.33,"[4000, 133]",0
HalberdElite,/Game/_Art/Enemies/HeinMach/Humanoids/HalberdElite/Animations/PlaybackClips/A_EN_PLAY_AC_EmpireHalberd_E_BackDashCounter_Start,/Game/_Art/Enemies/HeinMach/Humanoids/HalberdElite/Animations/SourceSequences/A_EN_SRC_CA_M_Halberd_BackDash,ChangedTimeline,dilation_time_warp | source_trim,0.77,0.8697752,"[5447242, 91113]",0.15730501999999996
HalberdElite,/Game/_Art/Enemies/HeinMach/Humanoids/HalberdElite/Animations/PlaybackClips/A_EN_PLAY_AC_EmpireHalberd_E_ChargeAttack_End,/Game/_Art/Enemies/HeinMach/Humanoids/HalberdElite/Animations/SourceSequences/A_EN_SRC_CA_M_Halberd_ChargeAttack_End,ChangedTimeline,dilation_time_warp | source_trim,2.74,3.2718608,"[3759023, 62750]",0.5318616999999999
HalberdElite,/Game/_Art/Enemies/HeinMach/Humanoids/HalberdElite/Animations/PlaybackClips/A_EN_PLAY_AC_EmpireHalberd_E_ChargeAttack_End_New,/Game/_Art/Enemies/HeinMach/Humanoids/HalberdElite/Animations/SourceSequences/A_EN_SRC_CA_M_EmpireHalberd_ChargeAttack_End,ChangedTimeline,dilation_time_warp,2.9333334,3.4651942,"[4324897, 72051]",0.5318616999999999
HalberdElite,/Game/_Art/Enemies/HeinMach/Humanoids/HalberdElite/Animations/PlaybackClips/A_EN_PLAY_AC_EmpireHalberd_E_ChargeAttack_Loop,/Game/_Art/Enemies/HeinMach/Humanoids/HalberdElite/Animations/SourceSequences/A_EN_SRC_CA_M_Halberd_ChargeAttack_Loop,ChangedTimeline,dilation_time_warp | loop_count,1.2,1.0469636,"[847912, 14091]",0.15303639999999996
HalberdElite,/Game/_Art/Enemies/HeinMach/Humanoids/HalberdElite/Animations/PlaybackClips/A_EN_PLAY_AC_EmpireHalberd_E_ChargeAttack_Start,/Game/_Art/Enemies/HeinMach/Humanoids/HalberdElite/Animations/SourceSequences/A_EN_SRC_CA_M_Halberd_ChargeAttack_Start,ChangedTimeline,dilation_time_warp,1.4666667,1.4554662,"[5891570, 98563]",0.0949297
HalberdElite,/Game/_Art/Enemies/HeinMach/Humanoids/HalberdElite/Animations/PlaybackClips/A_EN_PLAY_AC_EmpireHalberd_E_ChargeAttack_Start_Fast,/Game/_Art/Enemies/HeinMach/Humanoids/HalberdElite/Animations/SourceSequences/A_EN_SRC_CA_M_Halberd_ChargeAttack_Start,ChangedTimeline,dilation_time_warp | source_trim,0.4666667,0.7055926,"[5734703, 96342]",0.24885300000000005
HalberdElite,/Game/_Art/Enemies/HeinMach/Humanoids/HalberdElite/Animations/PlaybackClips/A_EN_PLAY_AC_EmpireHalberd_E_DownUpperSlash_01,/Game/_Art/Enemies/HeinMach/Humanoids/HalberdElite/Animations/SourceSequences/A_EN_SRC_CA_M_Halberd_DownUpperSlash_01,ChangedTimeline,dilation_time_warp | source_trim,2.18,3.0983121,"[442621, 7373]",0.9183120999999996
HalberdElite,/Game/_Art/Enemies/HeinMach/Humanoids/HalberdElite/Animations/PlaybackClips/A_EN_PLAY_AC_EmpireHalberd_E_DownUpperSlash_02,/Game/_Art/Enemies/HeinMach/Humanoids/HalberdElite/Animations/SourceSequences/A_EN_SRC_CA_M_Halberd_DownUpperSlash_02,ChangedTimeline,dilation_time_warp | source_trim,1.35,2.0260763,"[4727051, 78503]",0.6760767000000001
HalberdElite,/Game/_Art/Enemies/HeinMach/Humanoids/HalberdElite/Animations/PlaybackClips/A_EN_PLAY_AC_EmpireHalberd_E_Guard_Brk,/Game/_Art/Enemies/HeinMach/Humanoids/HalberdElite/Animations/SourceSequences/A_EN_SRC_CA_M_Halberd_Guard_F_Guard_F_Brk,ChangedTimeline,source_trim,0.89,0.89,"[2700, 89]",0
HalberdElite,/Game/_Art/Enemies/HeinMach/Humanoids/HalberdElite/Animations/PlaybackClips/A_EN_PLAY_AC_EmpireHalberd_E_Guard_Brk_End,/Game/_Art/Enemies/HeinMach/Humanoids/HalberdElite/Animations/SourceSequences/A_EN_SRC_CA_M_Halberd_Guard_F_End,ChangedTimeline,source_trim,0.46666664,0.46666664,"[30, 1]",0
HalberdElite,/Game/_Art/Enemies/HeinMach/Humanoids/HalberdElite/Animations/PlaybackClips/A_EN_PLAY_AC_EmpireHalberd_E_Guard_End,/Game/_Art/Enemies/HeinMach/Humanoids/HalberdElite/Animations/SourceSequences/A_EN_SRC_CA_M_Halberd_Guard_F_End,EquivalentSourceTimeline,,0.96666664,0.96666664,"[30, 1]",0
HalberdElite,/Game/_Art/Enemies/HeinMach/Humanoids/HalberdElite/Animations/PlaybackClips/A_EN_PLAY_AC_EmpireHalberd_E_Guard_Loop,/Game/_Art/Enemies/HeinMach/Humanoids/HalberdElite/Animations/SourceSequences/A_EN_SRC_CA_M_Halberd_Guard_F_Loop,EquivalentSourceTimeline,,1.1,1.1,"[30, 1]",0
HalberdElite,/Game/_Art/Enemies/HeinMach/Humanoids/HalberdElite/Animations/PlaybackClips/A_EN_PLAY_AC_EmpireHalberd_E_Guard_Start,/Game/_Art/Enemies/HeinMach/Humanoids/HalberdElite/Animations/SourceSequences/A_EN_SRC_CA_M_Halberd_Guard_F_Start,EquivalentSourceTimeline,,0.43333334,0.43333334,"[30, 1]",0
HalberdElite,/Game/_Art/Enemies/HeinMach/Humanoids/HalberdElite/Animations/PlaybackClips/A_EN_PLAY_AC_EmpireHalberd_E_Guard_Suc,/Game/_Art/Enemies/HeinMach/Humanoids/HalberdElite/Animations/SourceSequences/A_EN_SRC_CA_M_Halberd_Guard_F_Guard_F_Suc,EquivalentSourceTimeline,,1.0,1.0,"[30, 1]",0
HalberdElite,/Game/_Art/Enemies/HeinMach/Humanoids/HalberdElite/Animations/PlaybackClips/A_EN_PLAY_AC_EmpireHalberd_E_GuardCounter_Down,/Game/_Art/Enemies/HeinMach/Humanoids/HalberdElite/Animations/SourceSequences/A_EN_SRC_CA_M_EmpireHalberd_GuardAttack_02,ChangedTimeline,dilation_time_warp,1.7666667,2.0053446,"[3188639, 53286]",0.27560497999999994
HalberdElite,/Game/_Art/Enemies/HeinMach/Humanoids/HalberdElite/Animations/PlaybackClips/A_EN_PLAY_AC_EmpireHalberd_E_GuardCounter_Failed,/Game/_Art/Enemies/HeinMach/Humanoids/HalberdElite/Animations/SourceSequences/A_EN_SRC_CA_M_Halberd_Guard_F_End,EquivalentSourceTimeline,,0.96666664,0.96666664,"[30, 1]",0
HalberdElite,/Game/_Art/Enemies/HeinMach/Humanoids/HalberdElite/Animations/PlaybackClips/A_EN_PLAY_AC_EmpireHalberd_E_GuardCounter_Loop,/Game/_Art/Enemies/HeinMach/Humanoids/HalberdElite/Animations/SourceSequences/A_EN_SRC_CA_M_Halberd_Guard_F_Loop,ChangedTimeline,source_trim,0.5,0.5,"[30, 1]",0
HalberdElite,/Game/_Art/Enemies/HeinMach/Humanoids/HalberdElite/Animations/PlaybackClips/A_EN_PLAY_AC_EmpireHalberd_E_GuardCounter_Parried,/Game/_Art/Enemies/HeinMach/Humanoids/HalberdElite/Animations/SourceSequences/A_EN_SRC_CA_M_Halberd_DamageParry_F,EquivalentSourceTimeline,,1.5,1.5,"[30, 1]",0
HalberdElite,/Game/_Art/Enemies/HeinMach/Humanoids/HalberdElite/Animations/PlaybackClips/A_EN_PLAY_AC_EmpireHalberd_E_GuardCounter_Start,/Game/_Art/Enemies/HeinMach/Humanoids/HalberdElite/Animations/SourceSequences/A_EN_SRC_CA_M_Halberd_Guard_F_Start | /Game/_Art/Enemies/HeinMach/Humanoids/HalberdElite/Animations/SourceSequences/A_EN_SRC_CA_M_Halberd_Guard_F_Guard_F_Suc,ChangedTimeline,dilation_time_warp | multiple_segments | segment_start_offset | source_trim,0.3,0.23662178,"[2697089, 45585]",0.06337821999999999
HalberdElite,/Game/_Art/Enemies/HeinMach/Humanoids/HalberdElite/Animations/PlaybackClips/A_EN_PLAY_AC_EmpireHalberd_E_GuardCounter_Upper,/Game/_Art/Enemies/HeinMach/Humanoids/HalberdElite/Animations/SourceSequences/A_EN_SRC_CA_M_EmpireHalberd_GuardAttack_01,ChangedTimeline,dilation_time_warp,2.1,2.6864374,"[4989648, 83257]",0.5864379
HalberdElite,/Game/_Art/Enemies/HeinMach/Humanoids/HalberdElite/Animations/PlaybackClips/A_EN_PLAY_AC_EmpireHalberd_E_Pierce_01,/Game/_Art/Enemies/HeinMach/Humanoids/HalberdElite/Animations/SourceSequences/A_EN_SRC_CA_M_Halberd_Pierce_F_01,ChangedTimeline,dilation_time_warp | source_trim,4.0,4.229033,"[834788, 13899]",0.22903300000000026
HalberdElite,/Game/_Art/Enemies/HeinMach/Humanoids/HalberdElite/Animations/PlaybackClips/A_EN_PLAY_AC_EmpireHalberd_E_Pierce_02,/Game/_Art/Enemies/HeinMach/Humanoids/HalberdElite/Animations/SourceSequences/A_EN_SRC_CA_M_Halberd_Pierce_F_02,ChangedTimeline,dilation_time_warp | source_trim,3.3,3.1563604,"[5293252, 88399]",0.29563119999999987
HalberdElite,/Game/_Art/Enemies/HeinMach/Humanoids/HalberdElite/Animations/PlaybackClips/A_EN_PLAY_AC_EmpireHalberd_E_Early_Pierce_01,/Game/_Art/Enemies/HeinMach/Humanoids/HalberdElite/Animations/SourceSequences/A_EN_SRC_CA_M_Halberd_Pierce_F_01,ChangedTimeline,dilation_time_warp | source_trim,4.0,4.229033,"[834788, 13899]",0.22903300000000026
HalberdElite,/Game/_Art/Enemies/HeinMach/Humanoids/HalberdElite/Animations/PlaybackClips/A_EN_PLAY_AC_EmpireHalberd_E_Early_Pierce_02,/Game/_Art/Enemies/HeinMach/Humanoids/HalberdElite/Animations/SourceSequences/A_EN_SRC_CA_M_Halberd_Pierce_F_02,ChangedTimeline,dilation_time_warp | source_trim,3.3,3.1563604,"[5293252, 88399]",0.29563119999999987
HalberdElite,/Game/_Art/Enemies/HeinMach/Humanoids/HalberdElite/Animations/PlaybackClips/A_EN_PLAY_AC_EmpireHalberd_E_Push_01,/Game/_Art/Enemies/HeinMach/Humanoids/HalberdElite/Animations/SourceSequences/A_EN_SRC_CA_M_Halberd_Push_01,ChangedTimeline,dilation_time_warp | source_trim,2.4,1.8461734,"[5110150, 84993]",0.5538265999999998
HalberdElite,/Game/_Art/Enemies/HeinMach/Humanoids/HalberdElite/Animations/PlaybackClips/A_EN_PLAY_AC_EmpireHalberd_E_Push_02,/Game/_Art/Enemies/HeinMach/Humanoids/HalberdElite/Animations/SourceSequences/A_EN_SRC_CA_M_Halberd_Push_02,ChangedTimeline,dilation_time_warp | source_trim,2.3,2.8492372,"[3340194, 55655]",0.5492372000000003
HalberdElite,/Game/_Art/Enemies/HeinMach/Humanoids/HalberdElite/Animations/PlaybackClips/A_EN_PLAY_AC_EmpireHalberd_E_Early_Push_01,/Game/_Art/Enemies/HeinMach/Humanoids/HalberdElite/Animations/SourceSequences/A_EN_SRC_CA_M_Halberd_Push_01,ChangedTimeline,dilation_time_warp | source_trim,2.4,1.8461734,"[5110150, 84993]",0.5538265999999998
HalberdElite,/Game/_Art/Enemies/HeinMach/Humanoids/HalberdElite/Animations/PlaybackClips/A_EN_PLAY_AC_EmpireHalberd_E_Early_Push_02,/Game/_Art/Enemies/HeinMach/Humanoids/HalberdElite/Animations/SourceSequences/A_EN_SRC_CA_M_Halberd_Push_02,ChangedTimeline,dilation_time_warp | source_trim,2.3,2.8492372,"[3340194, 55655]",0.5492372000000003
HalberdElite,/Game/_Art/Enemies/HeinMach/Humanoids/HalberdElite/Animations/PlaybackClips/A_EN_PLAY_AC_EmpireHalberd_E_RoundAttack,/Game/_Art/Enemies/HeinMach/Humanoids/HalberdElite/Animations/SourceSequences/A_EN_SRC_CA_M_Halberd_RoundAttack,ChangedTimeline,dilation_time_warp | source_trim,1.68,2.7876704,"[5320789, 88818]",1.1076704000000002
HalberdElite,/Game/_Art/Enemies/HeinMach/Humanoids/HalberdElite/Animations/PlaybackClips/A_EN_PLAY_AC_EmpireHalberd_E_RoundAttack_Start,/Game/_Art/Enemies/HeinMach/Humanoids/HalberdElite/Animations/SourceSequences/A_EN_SRC_CA_M_Halberd_Guard_F_End,EquivalentSourceTimeline,,0.96666664,0.96666664,"[30, 1]",0
HalberdElite,/Game/_Art/Enemies/HeinMach/Humanoids/HalberdElite/Animations/PlaybackClips/A_EN_PLAY_AC_EmpireHalberd_E_Smash_End_New,/Game/_Art/Enemies/HeinMach/Humanoids/HalberdElite/Animations/SourceSequences/A_EN_SRC_CA_M_EmpireHalberd_Smash_End,ChangedTimeline,dilation_time_warp,2.6,2.4899876,"[4063711, 67910]",0.14189114999999997
HalberdElite,/Game/_Art/Enemies/HeinMach/Humanoids/HalberdElite/Animations/PlaybackClips/A_EN_PLAY_AC_EmpireHalberd_E_Smash_Start,/Game/_Art/Enemies/HeinMach/Humanoids/HalberdElite/Animations/SourceSequences/A_EN_SRC_CA_M_EmpireHalberd_Smash_Start,EquivalentSourceTimeline,,2.3666666,2.366665,"[4260003, 71000]",1.8000000001627825e-06
HalberdElite,/Game/_Art/Enemies/HeinMach/Humanoids/HalberdElite/Animations/PlaybackClips/A_EN_PLAY_AC_EmpireHalberd_E_SprintSwing_End,/Game/_Art/Enemies/HeinMach/Humanoids/HalberdElite/Animations/SourceSequences/A_EN_SRC_CA_M_EmpireHalberd_SprintSwing_End,ChangedTimeline,dilation_time_warp | source_trim,1.67,2.1535485,"[2479907, 41400]",0.4835492000000001
HalberdElite,/Game/_Art/Enemies/HeinMach/Humanoids/HalberdElite/Animations/PlaybackClips/A_EN_PLAY_AC_EmpireHalberd_E_SprintSwing_Loop,/Game/_Art/Enemies/HeinMach/Humanoids/HalberdElite/Animations/SourceSequences/A_EN_SRC_CA_M_Halberd_SprintSwing_Loop,ChangedTimeline,dilation_time_warp,0.6666667,0.56830925,"[4517924, 75517]",0.09835744999999996
HalberdElite,/Game/_Art/Enemies/HeinMach/Humanoids/HalberdElite/Animations/PlaybackClips/A_EN_PLAY_AC_EmpireHalberd_E_SprintSwing_Start,/Game/_Art/Enemies/HeinMach/Humanoids/HalberdElite/Animations/SourceSequences/A_EN_SRC_CA_M_Halberd_SprintSwing_Start,ChangedTimeline,dilation_time_warp | source_trim,0.39999998,0.48000005,"[799977, 13241]",0.08000007000000003
HalberdElite,/Game/_Art/Enemies/HeinMach/Humanoids/HalberdElite/Animations/PlaybackClips/A_EN_PLAY_AC_EmpireHalberd_E_Early_SprintSwing_End,/Game/_Art/Enemies/HeinMach/Humanoids/HalberdElite/Animations/SourceSequences/A_EN_SRC_CA_M_EmpireHalberd_SprintSwing_End,ChangedTimeline,dilation_time_warp | source_trim,1.67,2.1535485,"[2479907, 41400]",0.4835492000000001
HalberdElite,/Game/_Art/Enemies/HeinMach/Humanoids/HalberdElite/Animations/PlaybackClips/A_EN_PLAY_AC_EmpireHalberd_E_Swing_01_New,/Game/_Art/Enemies/HeinMach/Humanoids/HalberdElite/Animations/SourceSequences/A_EN_SRC_CA_M_EmpireHalberd_Swing_01,ChangedTimeline,dilation_time_warp,2.2,2.5890357,"[5927875, 99016]",0.38903580000000026
HalberdElite,/Game/_Art/Enemies/HeinMach/Humanoids/HalberdElite/Animations/PlaybackClips/A_EN_PLAY_AC_EmpireHalberd_E_Swing_02_New,/Game/_Art/Enemies/HeinMach/Humanoids/HalberdElite/Animations/SourceSequences/A_EN_SRC_CA_M_EmpireHalberd_Swing_02,ChangedTimeline,dilation_time_warp | source_trim,3.5,3.8165681,"[5730808, 95511]",0.31656850000000025
HalberdElite,/Game/_Art/Enemies/HeinMach/Humanoids/HalberdElite/Animations/PlaybackClips/A_EN_PLAY_AC_EmpireHalberd_E_Swing_03_New,/Game/_Art/Enemies/HeinMach/Humanoids/HalberdElite/Animations/SourceSequences/A_EN_SRC_CA_M_EmpireHalberd_Swing_03,ChangedTimeline,dilation_time_warp,3.4666667,4.096451,"[3116878, 51903]",0.6297842999999999
HalberdElite,/Game/_Art/Enemies/HeinMach/Humanoids/HalberdElite/Animations/PlaybackClips/A_EN_PLAY_AC_EmpireHalberd_E_Early_Swing_01,/Game/_Art/Enemies/HeinMach/Humanoids/HalberdElite/Animations/SourceSequences/A_EN_SRC_CA_M_EmpireHalberd_Swing_01,ChangedTimeline,dilation_time_warp,2.2,2.5890357,"[5927875, 99016]",0.38903580000000026
HalberdElite,/Game/_Art/Enemies/HeinMach/Humanoids/HalberdElite/Animations/PlaybackClips/A_EN_PLAY_AC_EmpireHalberd_E_Early_Swing_02,/Game/_Art/Enemies/HeinMach/Humanoids/HalberdElite/Animations/SourceSequences/A_EN_SRC_CA_M_EmpireHalberd_Swing_02,ChangedTimeline,dilation_time_warp | source_trim,3.5,3.8165681,"[5730808, 95511]",0.31656850000000025
HalberdElite,/Game/_Art/Enemies/HeinMach/Humanoids/HalberdElite/Animations/PlaybackClips/A_EN_PLAY_AC_EmpireHalberd_E_Early_Swing_03,/Game/_Art/Enemies/HeinMach/Humanoids/HalberdElite/Animations/SourceSequences/A_EN_SRC_CA_M_EmpireHalberd_Swing_03,ChangedTimeline,dilation_time_warp,3.4666667,4.096451,"[3116878, 51903]",0.6297842999999999
HalberdElite,/Game/_Art/Enemies/HeinMach/Humanoids/HalberdElite/Animations/PlaybackClips/A_EN_PLAY_AC_EmpireHalberd_E_TurnAttack,/Game/_Art/Enemies/HeinMach/Humanoids/HalberdElite/Animations/SourceSequences/A_EN_SRC_CA_M_Halberd_TurnAttack,ChangedTimeline,dilation_time_warp | source_trim,4.5,4.5780473,"[5915983, 98486]",0.2598088999999999
HalberdElite,/Game/_Art/Enemies/HeinMach/Humanoids/HalberdElite/Animations/PlaybackClips/A_EN_PLAY_AC_EmpireHalberd_E_TurnAttack_Fast,/Game/_Art/Enemies/HeinMach/Humanoids/HalberdElite/Animations/SourceSequences/A_EN_SRC_CA_M_Halberd_TurnAttack,ChangedTimeline,dilation_time_warp | source_trim,3.6,4.342888,"[5989813, 99667]",0.7428880000000002
HalberdElite,/Game/_Art/Enemies/HeinMach/Humanoids/HalberdElite/Animations/PlaybackClips/A_EN_PLAY_AC_EmpireHalberd_E_Vigilant_FreakOut_Armed,/Game/_Art/Enemies/HeinMach/Humanoids/HalberdElite/Animations/SourceSequences/A_EN_SRC_CA_M_Halberd_FreakOutWithWeapon,EquivalentSourceTimeline,,1.2666667,1.2666667,"[30, 1]",0
HalberdElite,/Game/_Art/Enemies/HeinMach/Humanoids/HalberdElite/Animations/PlaybackClips/A_EN_PLAY_AC_EmpireHalberd_E_Vigilant_LookAround,/Game/_Art/Enemies/HeinMach/Humanoids/HalberdElite/Animations/SourceSequences/A_EN_SRC_CA_M_Human_Elite_M_Halberd_Vigilant_LookAround,EquivalentSourceTimeline,,9.233334,9.233334,"[30, 1]",0
Mage,/Game/_Art/Enemies/OtherRegions/Humanoids/Mage/Animations/PlaybackClips/A_EN_PLAY_AC_EMagic_DamageGrapple_Atk_B_01,/Game/_Art/Enemies/OtherRegions/Humanoids/Mage/Animations/SourceSequences/A_EN_SRC_CA_M_EMagic_DamageGrapple_Atk_B_01,EquivalentSourceTimeline,,1.3333334,1.3333334,"[30, 1]",0
Mage,/Game/_Art/Enemies/OtherRegions/Humanoids/Mage/Animations/PlaybackClips/A_EN_PLAY_AC_EMagic_DamageGrapple_Atk_B_02,/Game/_Art/Enemies/OtherRegions/Humanoids/Mage/Animations/SourceSequences/A_EN_SRC_CA_M_EMagic_DamageGrapple_Atk_B_02,EquivalentSourceTimeline,,2.5,2.5,"[30, 1]",0
Mage,/Game/_Art/Enemies/OtherRegions/Humanoids/Mage/Animations/PlaybackClips/A_EN_PLAY_AC_EmpireMagic_Basic_ChairSit_End_01,/Game/_Art/Enemies/OtherRegions/Humanoids/Mage/Animations/SourceSequences/A_EN_SRC_CA_M_EMagic_NoBattleChairSit_End_01,EquivalentSourceTimeline,,1.8,1.8,"[30, 1]",0
Mage,/Game/_Art/Enemies/OtherRegions/Humanoids/Mage/Animations/PlaybackClips/A_EN_PLAY_AC_EmpireMagic_Basic_ChairSit_Loop_01,/Game/_Art/Enemies/OtherRegions/Humanoids/Mage/Animations/SourceSequences/A_EN_SRC_CA_M_EMagic_NoBattleChairSit_Loop_01,EquivalentSourceTimeline,,11.0,11.0,"[30, 1]",0
Mage,/Game/_Art/Enemies/OtherRegions/Humanoids/Mage/Animations/PlaybackClips/A_EN_PLAY_AC_EmpireMagic_Basic_End_01,/Game/_Art/Enemies/OtherRegions/Humanoids/Mage/Animations/SourceSequences/A_EN_SRC_CA_M_EMagic_Basic_End_01,EquivalentSourceTimeline,,1.6666666,1.6666666,"[30, 1]",0
Mage,/Game/_Art/Enemies/OtherRegions/Humanoids/Mage/Animations/PlaybackClips/A_EN_PLAY_AC_EmpireMagic_Basic_Loop_01,/Game/_Art/Enemies/OtherRegions/Humanoids/Mage/Animations/SourceSequences/A_EN_SRC_CA_M_EMagic_Basic_Loop_01,EquivalentSourceTimeline,,7.0,7.0,"[30, 1]",0
Mage,/Game/_Art/Enemies/OtherRegions/Humanoids/Mage/Animations/PlaybackClips/A_EN_PLAY_AC_EmpireMagic_Basic_Search_End_01,/Game/_Art/Enemies/OtherRegions/Humanoids/Mage/Animations/SourceSequences/A_EN_SRC_CA_M_EMagic_NoBattleSearch_End_01,EquivalentSourceTimeline,,1.0,1.0,"[30, 1]",0
Mage,/Game/_Art/Enemies/OtherRegions/Humanoids/Mage/Animations/PlaybackClips/A_EN_PLAY_AC_EmpireMagic_Basic_Search_End_02,/Game/_Art/Enemies/OtherRegions/Humanoids/Mage/Animations/SourceSequences/A_EN_SRC_CA_M_EMagic_Basic_Search_End_02,EquivalentSourceTimeline,,1.6666666,1.6666666,"[30, 1]",0
Mage,/Game/_Art/Enemies/OtherRegions/Humanoids/Mage/Animations/PlaybackClips/A_EN_PLAY_AC_EmpireMagic_Basic_Search_Loop_01,/Game/_Art/Enemies/OtherRegions/Humanoids/Mage/Animations/SourceSequences/A_EN_SRC_CA_M_EMagic_NoBattleSearch_Loop_01,EquivalentSourceTimeline,,15.0,15.0,"[30, 1]",0
Mage,/Game/_Art/Enemies/OtherRegions/Humanoids/Mage/Animations/PlaybackClips/A_EN_PLAY_AC_EmpireMagic_Basic_Search_Loop_02,/Game/_Art/Enemies/OtherRegions/Humanoids/Mage/Animations/SourceSequences/A_EN_SRC_CA_M_EMagic_Basic_Search_Loop_02,EquivalentSourceTimeline,,8.666667,8.666667,"[30, 1]",0
Mage,/Game/_Art/Enemies/OtherRegions/Humanoids/Mage/Animations/PlaybackClips/A_EN_PLAY_AC_EmpireMagic_Basic_Sit_End_01,/Game/_Art/Enemies/OtherRegions/Humanoids/Mage/Animations/SourceSequences/A_EN_SRC_CA_M_EMagic_NoBattleSit_End_01,EquivalentSourceTimeline,,2.6666667,2.6666667,"[30, 1]",0
Mage,/Game/_Art/Enemies/OtherRegions/Humanoids/Mage/Animations/PlaybackClips/A_EN_PLAY_AC_EmpireMagic_Basic_Sit_Loop_01,/Game/_Art/Enemies/OtherRegions/Humanoids/Mage/Animations/SourceSequences/A_EN_SRC_CA_M_EMagic_NoBattleSit_Loop_01,EquivalentSourceTimeline,,8.833333,8.833333,"[30, 1]",0
Mage,/Game/_Art/Enemies/OtherRegions/Humanoids/Mage/Animations/PlaybackClips/A_EN_PLAY_AC_EmpireMagic_Basic_Talk_End_01,/Game/_Art/Enemies/OtherRegions/Humanoids/Mage/Animations/SourceSequences/A_EN_SRC_CA_M_EMagic_NoBattleTalk_End_01,EquivalentSourceTimeline,,1.0,1.0,"[30, 1]",0
Mage,/Game/_Art/Enemies/OtherRegions/Humanoids/Mage/Animations/PlaybackClips/A_EN_PLAY_AC_EmpireMagic_Basic_Talk_Loop_01,/Game/_Art/Enemies/OtherRegions/Humanoids/Mage/Animations/SourceSequences/A_EN_SRC_CA_M_EMagic_NoBattleTalk_Loop_01,EquivalentSourceTimeline,,10.9,10.9,"[30, 1]",0
Mage,/Game/_Art/Enemies/OtherRegions/Humanoids/Mage/Animations/PlaybackClips/A_EN_PLAY_AC_EmpireMagic_DamageAir_B_Down,/Game/_Art/Enemies/OtherRegions/Humanoids/Mage/Animations/SourceSequences/A_EN_SRC_CA_M_EMagic_DamageAir_B,ChangedTimeline,source_trim,0.167,0.167,"[5000, 167]",0
Mage,/Game/_Art/Enemies/OtherRegions/Humanoids/Mage/Animations/PlaybackClips/A_EN_PLAY_AC_EmpireMagic_DamageAir_B_Land,/Game/_Art/Enemies/OtherRegions/Humanoids/Mage/Animations/SourceSequences/A_EN_SRC_CA_M_EMagic_DamageAir_B,ChangedTimeline,source_trim,0.89903337,0.89903337,"[2000869, 66624]",0
Mage,/Game/_Art/Enemies/OtherRegions/Humanoids/Mage/Animations/PlaybackClips/A_EN_PLAY_AC_EmpireMagic_DamageAir_B_Peak,/Game/_Art/Enemies/OtherRegions/Humanoids/Mage/Animations/SourceSequences/A_EN_SRC_CA_M_EMagic_DamageAir_B,ChangedTimeline,source_trim,0.10000001,0.10000001,"[30, 1]",0
Mage,/Game/_Art/Enemies/OtherRegions/Humanoids/Mage/Animations/PlaybackClips/A_EN_PLAY_AC_EmpireMagic_DamageAir_B_Up,/Game/_Art/Enemies/OtherRegions/Humanoids/Mage/Animations/SourceSequences/A_EN_SRC_CA_M_EMagic_DamageAir_B,ChangedTimeline,source_trim,0.167,0.167,"[5000, 167]",0
Mage,/Game/_Art/Enemies/OtherRegions/Humanoids/Mage/Animations/PlaybackClips/A_EN_PLAY_AC_EmpireMagic_DamageAir_F_Down,/Game/_Art/Enemies/OtherRegions/Humanoids/Mage/Animations/SourceSequences/A_EN_SRC_CA_M_EMagic_DamageAir_F,ChangedTimeline,source_trim,0.167,0.167,"[5000, 167]",0
Mage,/Game/_Art/Enemies/OtherRegions/Humanoids/Mage/Animations/PlaybackClips/A_EN_PLAY_AC_EmpireMagic_DamageAir_F_Land,/Game/_Art/Enemies/OtherRegions/Humanoids/Mage/Animations/SourceSequences/A_EN_SRC_CA_M_EMagic_DamageAir_F,ChangedTimeline,source_trim,0.89903337,0.89903337,"[2000869, 66624]",0
Mage,/Game/_Art/Enemies/OtherRegions/Humanoids/Mage/Animations/PlaybackClips/A_EN_PLAY_AC_EmpireMagic_DamageAir_F_Peak,/Game/_Art/Enemies/OtherRegions/Humanoids/Mage/Animations/SourceSequences/A_EN_SRC_CA_M_EMagic_DamageAir_F,ChangedTimeline,source_trim,0.10000001,0.10000001,"[30, 1]",0
Mage,/Game/_Art/Enemies/OtherRegions/Humanoids/Mage/Animations/PlaybackClips/A_EN_PLAY_AC_EmpireMagic_DamageAir_F_Up,/Game/_Art/Enemies/OtherRegions/Humanoids/Mage/Animations/SourceSequences/A_EN_SRC_CA_M_EMagic_DamageAir_F,ChangedTimeline,source_trim,0.167,0.167,"[5000, 167]",0
Mage,/Game/_Art/Enemies/OtherRegions/Humanoids/Mage/Animations/PlaybackClips/A_EN_PLAY_AC_EmpireMagic_DamageDown_B,/Game/_Art/Enemies/HeinMach/Humanoids/Swordsman/Animations/SourceSequences/A_EN_SRC_CA_M_EmpSwd_DamageDown_B,EquivalentSourceTimeline,,0.6666667,0.6666667,"[30, 1]",0
Mage,/Game/_Art/Enemies/OtherRegions/Humanoids/Mage/Animations/PlaybackClips/A_EN_PLAY_AC_EmpireMagic_DamageDown_F,/Game/_Art/Enemies/HeinMach/Humanoids/Swordsman/Animations/SourceSequences/A_EN_SRC_CA_M_EmpSwd_DamageDown_F,EquivalentSourceTimeline,,0.6666667,0.6666667,"[30, 1]",0
Mage,/Game/_Art/Enemies/OtherRegions/Humanoids/Mage/Animations/PlaybackClips/A_EN_PLAY_AC_EmpireMagic_DamageGrapple_Atk_01,/Game/_Art/Enemies/OtherRegions/Humanoids/Mage/Animations/SourceSequences/A_EN_SRC_CA_M_EMagic_DamageGrapple_Atk_01,EquivalentSourceTimeline,,1.3333334,1.3333334,"[30, 1]",0
Mage,/Game/_Art/Enemies/OtherRegions/Humanoids/Mage/Animations/PlaybackClips/A_EN_PLAY_AC_EmpireMagic_DamageGrapple_Atk_02,/Game/_Art/Enemies/OtherRegions/Humanoids/Mage/Animations/SourceSequences/A_EN_SRC_CA_M_EMagic_DamageGrapple_Atk_02,EquivalentSourceTimeline,,1.1,1.1,"[30, 1]",0
Mage,/Game/_Art/Enemies/OtherRegions/Humanoids/Mage/Animations/PlaybackClips/A_EN_PLAY_AC_EmpireMagic_DamageNormal_D_B,/Game/_Art/Enemies/OtherRegions/Humanoids/Mage/Animations/SourceSequences/A_EN_SRC_CA_M_EMagic_DamageNormal_D_B,ChangedTimeline,dilation_time_warp,0.7,1.099981,"[3878947, 64648]",0.39998100000000014
Mage,/Game/_Art/Enemies/OtherRegions/Humanoids/Mage/Animations/PlaybackClips/A_EN_PLAY_AC_EmpireMagic_DamageNormal_D_F,/Game/_Art/Enemies/OtherRegions/Humanoids/Mage/Animations/SourceSequences/A_EN_SRC_CA_M_EMagic_DamageNormal_D_F,EquivalentSourceTimeline,,0.7,0.7,"[30, 1]",0
Mage,/Game/_Art/Enemies/OtherRegions/Humanoids/Mage/Animations/PlaybackClips/A_EN_PLAY_AC_EmpireMagic_DamageNormal_L_F,/Game/_Art/Enemies/OtherRegions/Humanoids/Mage/Animations/SourceSequences/A_EN_SRC_CA_M_EMagic_DamageNormal_L_F,EquivalentSourceTimeline,,0.7,0.7,"[30, 1]",0
Mage,/Game/_Art/Enemies/OtherRegions/Humanoids/Mage/Animations/PlaybackClips/A_EN_PLAY_AC_EmpireMagic_DamageNormal_R_F,/Game/_Art/Enemies/OtherRegions/Humanoids/Mage/Animations/SourceSequences/A_EN_SRC_CA_M_EMagic_DamageNormal_R_F,EquivalentSourceTimeline,,0.7,0.7,"[30, 1]",0
Mage,/Game/_Art/Enemies/OtherRegions/Humanoids/Mage/Animations/PlaybackClips/A_EN_PLAY_AC_EmpireMagic_DamageNormal_U_B,/Game/_Art/Enemies/OtherRegions/Humanoids/Mage/Animations/SourceSequences/A_EN_SRC_CA_M_EMagic_DamageNormal_U_B,ChangedTimeline,dilation_time_warp,0.7,1.0999811,"[58201, 970]",0.3999811
Mage,/Game/_Art/Enemies/OtherRegions/Humanoids/Mage/Animations/PlaybackClips/A_EN_PLAY_AC_EmpireMagic_DamageNormal_U_F,/Game/_Art/Enemies/OtherRegions/Humanoids/Mage/Animations/SourceSequences/A_EN_SRC_CA_M_EMagic_DamageNormal_U_F,EquivalentSourceTimeline,,0.7,0.7,"[30, 1]",0
Mage,/Game/_Art/Enemies/OtherRegions/Humanoids/Mage/Animations/PlaybackClips/A_EN_PLAY_AC_EmpireMagic_DamageStrong_D_F,/Game/_Art/Enemies/OtherRegions/Humanoids/Mage/Animations/SourceSequences/A_EN_SRC_CA_M_EMagic_DamageStrong_D_F,EquivalentSourceTimeline,,1.1,1.1,"[30, 1]",0
Mage,/Game/_Art/Enemies/OtherRegions/Humanoids/Mage/Animations/PlaybackClips/A_EN_PLAY_AC_EmpireMagic_DamageStrong_D_F_2,/Game/_Art/Enemies/OtherRegions/Humanoids/Mage/Animations/SourceSequences/A_EN_SRC_CA_M_EMagic_DamageStrong_D_F2,EquivalentSourceTimeline,,1.1,1.1,"[30, 1]",0
Mage,/Game/_Art/Enemies/OtherRegions/Humanoids/Mage/Animations/PlaybackClips/A_EN_PLAY_AC_EmpireMagic_DamageStrong_L_F,/Game/_Art/Enemies/OtherRegions/Humanoids/Mage/Animations/SourceSequences/A_EN_SRC_CA_M_EMagic_DamageStrong_L_F,EquivalentSourceTimeline,,1.1,1.1,"[30, 1]",0
Mage,/Game/_Art/Enemies/OtherRegions/Humanoids/Mage/Animations/PlaybackClips/A_EN_PLAY_AC_EmpireMagic_DamageStrong_R_F,/Game/_Art/Enemies/OtherRegions/Humanoids/Mage/Animations/SourceSequences/A_EN_SRC_CA_M_EMagic_DamageStrong_R_F,EquivalentSourceTimeline,,1.1,1.1,"[30, 1]",0
Mage,/Game/_Art/Enemies/OtherRegions/Humanoids/Mage/Animations/PlaybackClips/A_EN_PLAY_AC_EmpireMagic_DamageStrong_U_F,/Game/_Art/Enemies/OtherRegions/Humanoids/Mage/Animations/SourceSequences/A_EN_SRC_CA_M_EMagic_DamageStrong_U_F,EquivalentSourceTimeline,,1.1,1.1,"[30, 1]",0
Mage,/Game/_Art/Enemies/OtherRegions/Humanoids/Mage/Animations/PlaybackClips/A_EN_PLAY_AC_EmpireMagic_DamageWeak_D_F,/Game/_Art/Enemies/OtherRegions/Humanoids/Mage/Animations/SourceSequences/A_EN_SRC_CA_M_EMagic_DamageWeak_D_F,EquivalentSourceTimeline,,0.4,0.4,"[30, 1]",0
Mage,/Game/_Art/Enemies/OtherRegions/Humanoids/Mage/Animations/PlaybackClips/A_EN_PLAY_AC_EmpireMagic_DamageWeak_L_F,/Game/_Art/Enemies/OtherRegions/Humanoids/Mage/Animations/SourceSequences/A_EN_SRC_CA_M_EMagic_DamageWeak_L_F,EquivalentSourceTimeline,,0.4,0.4,"[30, 1]",0
Mage,/Game/_Art/Enemies/OtherRegions/Humanoids/Mage/Animations/PlaybackClips/A_EN_PLAY_AC_EmpireMagic_DamageWeak_R_F,/Game/_Art/Enemies/OtherRegions/Humanoids/Mage/Animations/SourceSequences/A_EN_SRC_CA_M_EMagic_DamageWeak_R_F,EquivalentSourceTimeline,,0.4,0.4,"[30, 1]",0
Mage,/Game/_Art/Enemies/OtherRegions/Humanoids/Mage/Animations/PlaybackClips/A_EN_PLAY_AC_EmpireMagic_DamageWeak_U_F,/Game/_Art/Enemies/OtherRegions/Humanoids/Mage/Animations/SourceSequences/A_EN_SRC_CA_M_EMagic_DamageWeak_U_F,EquivalentSourceTimeline,,0.4,0.4,"[30, 1]",0
Mage,/Game/_Art/Enemies/OtherRegions/Humanoids/Mage/Animations/PlaybackClips/A_EN_PLAY_AC_EmpireMagic_Down_Die_B,/Game/_Art/Enemies/OtherRegions/Humanoids/Mage/Animations/SourceSequences/A_EN_SRC_CA_M_EMagic_Down_B_Loop,ChangedTimeline,source_trim,11.0,11.0,"[30, 1]",0
Mage,/Game/_Art/Enemies/OtherRegions/Humanoids/Mage/Animations/PlaybackClips/A_EN_PLAY_AC_EmpireMagic_Down_Die_F,/Game/_Art/Enemies/OtherRegions/Humanoids/Mage/Animations/SourceSequences/A_EN_SRC_CA_M_EMagic_Down_F_Loop,ChangedTimeline,source_trim,11.0,11.0,"[30, 1]",0
Mage,/Game/_Art/Enemies/OtherRegions/Humanoids/Mage/Animations/PlaybackClips/A_EN_PLAY_AC_EmpireMagic_Down_Loop_B,/Game/_Art/Enemies/OtherRegions/Humanoids/Mage/Animations/SourceSequences/A_EN_SRC_CA_M_EMagic_Down_B_Loop,EquivalentSourceTimeline,,1.6,1.6,"[30, 1]",0
Mage,/Game/_Art/Enemies/OtherRegions/Humanoids/Mage/Animations/PlaybackClips/A_EN_PLAY_AC_EmpireMagic_Down_Loop_F,/Game/_Art/Enemies/OtherRegions/Humanoids/Mage/Animations/SourceSequences/A_EN_SRC_CA_M_EMagic_Down_F_Loop,EquivalentSourceTimeline,,1.6,1.6,"[30, 1]",0
Mage,/Game/_Art/Enemies/OtherRegions/Humanoids/Mage/Animations/PlaybackClips/A_EN_PLAY_AC_EmpireMagic_Getup_B,/Game/_Art/Enemies/OtherRegions/Humanoids/Mage/Animations/SourceSequences/A_EN_SRC_CA_M_EMagic_Getup_B,EquivalentSourceTimeline,,1.8666667,1.8666667,"[30, 1]",0
Mage,/Game/_Art/Enemies/OtherRegions/Humanoids/Mage/Animations/PlaybackClips/A_EN_PLAY_AC_EmpireMagic_Getup_F,/Game/_Art/Enemies/OtherRegions/Humanoids/Mage/Animations/SourceSequences/A_EN_SRC_CA_M_EMagic_Getup_F,EquivalentSourceTimeline,,1.3,1.3,"[30, 1]",0
Mage,/Game/_Art/Enemies/OtherRegions/Humanoids/Mage/Animations/PlaybackClips/A_EN_PLAY_AC_EmpireMagic_Groggy_End,/Game/_Art/Enemies/OtherRegions/Humanoids/Mage/Animations/SourceSequences/A_EN_SRC_CA_M_EMagic_Groggy_F_End,EquivalentSourceTimeline,,1.3333334,1.3333334,"[30, 1]",0
Mage,/Game/_Art/Enemies/OtherRegions/Humanoids/Mage/Animations/PlaybackClips/A_EN_PLAY_AC_EmpireMagic_Groggy_Loop,/Game/_Art/Enemies/OtherRegions/Humanoids/Mage/Animations/SourceSequences/A_EN_SRC_CA_M_EMagic_Groggy_F_Loop,EquivalentSourceTimeline,,2.0,2.0,"[30, 1]",0
Mage,/Game/_Art/Enemies/OtherRegions/Humanoids/Mage/Animations/PlaybackClips/A_EN_PLAY_AC_EmpireMagic_Groggy_Start,/Game/_Art/Enemies/OtherRegions/Humanoids/Mage/Animations/SourceSequences/A_EN_SRC_CA_M_EMagic_Groggy_F_Start,EquivalentSourceTimeline,,1.1666666,1.1666666,"[30, 1]",0
Mage,/Game/_Art/Enemies/OtherRegions/Humanoids/Mage/Animations/PlaybackClips/A_EN_PLAY_AC_EmpireMagic_Ground_Die_F,/Game/_Art/Enemies/OtherRegions/Humanoids/Mage/Animations/SourceSequences/A_EN_SRC_CA_M_EMagic_Die_F,ChangedTimeline,source_trim,11.0,11.0,"[30, 1]",0
Mage,/Game/_Art/Enemies/OtherRegions/Humanoids/Mage/Animations/PlaybackClips/A_EN_PLAY_AC_EmpireMagic_LockOnWalk_B,/Game/_Art/Enemies/OtherRegions/Humanoids/Mage/Animations/SourceSequences/A_EN_SRC_CA_M_EMagic_LockOnWalk_B,EquivalentSourceTimeline,,1.0666667,1.0666667,"[30, 1]",0
Mage,/Game/_Art/Enemies/OtherRegions/Humanoids/Mage/Animations/PlaybackClips/A_EN_PLAY_AC_EmpireMagic_LockOnWalk_F,/Game/_Art/Enemies/OtherRegions/Humanoids/Mage/Animations/SourceSequences/A_EN_SRC_CA_M_EMagic_LockOnWalk_F,EquivalentSourceTimeline,,1.0666667,1.0666667,"[30, 1]",0
Mage,/Game/_Art/Enemies/OtherRegions/Humanoids/Mage/Animations/PlaybackClips/A_EN_PLAY_AC_EmpireMagic_LockOnWalk_L,/Game/_Art/Enemies/OtherRegions/Humanoids/Mage/Animations/SourceSequences/A_EN_SRC_CA_M_EMagic_LockOnWalk_L,EquivalentSourceTimeline,,1.0,1.0,"[30, 1]",0
Mage,/Game/_Art/Enemies/OtherRegions/Humanoids/Mage/Animations/PlaybackClips/A_EN_PLAY_AC_EmpireMagic_LockOnWalk_R,/Game/_Art/Enemies/OtherRegions/Humanoids/Mage/Animations/SourceSequences/A_EN_SRC_CA_M_EMagic_LockOnWalk_R,EquivalentSourceTimeline,,1.0,1.0,"[30, 1]",0
Mage,/Game/_Art/Enemies/OtherRegions/Humanoids/Mage/Animations/PlaybackClips/A_EN_PLAY_AC_EmpireMagic_Run_F,/Game/_Art/Enemies/OtherRegions/Humanoids/Mage/Animations/SourceSequences/A_EN_SRC_CA_M_EMagic_Run_F,EquivalentSourceTimeline,,0.8666667,0.8666667,"[30, 1]",0
Mage,/Game/_Art/Enemies/OtherRegions/Humanoids/Mage/Animations/PlaybackClips/A_EN_PLAY_AC_EmpireMagic_Stand_F,/Game/_Art/Enemies/OtherRegions/Humanoids/Mage/Animations/SourceSequences/A_EN_SRC_CA_M_EMagic_Stand_F,EquivalentSourceTimeline,,3.3333333,3.3333333,"[30, 1]",0
Mage,/Game/_Art/Enemies/OtherRegions/Humanoids/Mage/Animations/PlaybackClips/A_EN_PLAY_AC_EmpireMagic_Turn_L,/Game/_Art/Enemies/OtherRegions/Humanoids/Mage/Animations/SourceSequences/A_EN_SRC_CA_M_EMagic_Turn_L,EquivalentSourceTimeline,,1.0,1.0,"[30, 1]",0
Mage,/Game/_Art/Enemies/OtherRegions/Humanoids/Mage/Animations/PlaybackClips/A_EN_PLAY_AC_EmpireMagic_Turn_L_180,/Game/_Art/Enemies/OtherRegions/Humanoids/Mage/Animations/SourceSequences/A_EN_SRC_CA_M_EMagic_Turn_L_180,EquivalentSourceTimeline,,1.5333333,1.5333333,"[30, 1]",0
Mage,/Game/_Art/Enemies/OtherRegions/Humanoids/Mage/Animations/PlaybackClips/A_EN_PLAY_AC_EmpireMagic_Turn_L_Peace,/Game/_Art/Enemies/OtherRegions/Humanoids/Mage/Animations/SourceSequences/A_EN_SRC_CA_M_EMagic_Turn_Peace_L,EquivalentSourceTimeline,,1.0,1.0,"[30, 1]",0
Mage,/Game/_Art/Enemies/OtherRegions/Humanoids/Mage/Animations/PlaybackClips/A_EN_PLAY_AC_EmpireMagic_Turn_R,/Game/_Art/Enemies/OtherRegions/Humanoids/Mage/Animations/SourceSequences/A_EN_SRC_CA_M_EMagic_Turn_R,EquivalentSourceTimeline,,1.0,1.0,"[30, 1]",0
Mage,/Game/_Art/Enemies/OtherRegions/Humanoids/Mage/Animations/PlaybackClips/A_EN_PLAY_AC_EmpireMagic_Turn_R_180,/Game/_Art/Enemies/OtherRegions/Humanoids/Mage/Animations/SourceSequences/A_EN_SRC_CA_M_EMagic_Turn_R_180,EquivalentSourceTimeline,,1.5333333,1.5333333,"[30, 1]",0
Mage,/Game/_Art/Enemies/OtherRegions/Humanoids/Mage/Animations/PlaybackClips/A_EN_PLAY_AC_EmpireMagic_Turn_R_Peace,/Game/_Art/Enemies/OtherRegions/Humanoids/Mage/Animations/SourceSequences/A_EN_SRC_CA_M_EMagic_Turn_Peace_R,EquivalentSourceTimeline,,1.0,1.0,"[30, 1]",0
Mage,/Game/_Art/Enemies/OtherRegions/Humanoids/Mage/Animations/PlaybackClips/A_EN_PLAY_AC_EmpireMagic_Walk_F,/Game/_Art/Enemies/OtherRegions/Humanoids/Mage/Animations/SourceSequences/A_EN_SRC_CA_M_EMagic_Walk_F,EquivalentSourceTimeline,,1.0666667,1.0666667,"[30, 1]",0
Mage,/Game/_Art/Enemies/OtherRegions/Humanoids/Mage/Animations/PlaybackClips/A_EN_PLAY_AC_M_EMagic_DamageParry_F,/Game/_Art/Enemies/OtherRegions/Humanoids/Mage/Animations/SourceSequences/A_EN_SRC_CA_M_EMagic_DamageParry_F,EquivalentSourceTimeline,,1.5,1.5,"[30, 1]",0
Mage,/Game/_Art/Enemies/OtherRegions/Humanoids/Mage/Animations/PlaybackClips/A_EN_PLAY_AC_EmpireMagic_Equip,/Game/_Art/Enemies/OtherRegions/Humanoids/Mage/Animations/SourceSequences/A_EN_SRC_CA_M_EMagic_CarryASword,EquivalentSourceTimeline,,1.0,0.99999964,"[5555582, 92593]",3.600000000325565e-07
Mage,/Game/_Art/Enemies/OtherRegions/Humanoids/Mage/Animations/PlaybackClips/A_EN_PLAY_AC_EmpireMagic_Equip_Turn_L,/Game/_Art/Enemies/OtherRegions/Humanoids/Mage/Animations/SourceSequences/A_EN_SRC_CA_M_EMagic_CarryASword_Turn_L,EquivalentSourceTimeline,,1.1666666,1.1666662,"[4999982, 83333]",5.00000000069889e-07
Mage,/Game/_Art/Enemies/OtherRegions/Humanoids/Mage/Animations/PlaybackClips/A_EN_PLAY_AC_EmpireMagic_Equip_Turn_R,/Game/_Art/Enemies/OtherRegions/Humanoids/Mage/Animations/SourceSequences/A_EN_SRC_CA_M_EMagic_CarryASword_Turn_R,EquivalentSourceTimeline,,1.1666666,1.1666662,"[4999982, 83333]",5.00000000069889e-07
Mage,/Game/_Art/Enemies/OtherRegions/Humanoids/Mage/Animations/PlaybackClips/A_EN_PLAY_AC_EmpireMagic_UnEquip,/Game/_Art/Enemies/OtherRegions/Humanoids/Mage/Animations/SourceSequences/A_EN_SRC_CA_M_EMagic_FootSword,EquivalentSourceTimeline,,1.0,1.0,"[30, 1]",0
Mage,/Game/_Art/Enemies/OtherRegions/Humanoids/Mage/Animations/PlaybackClips/A_EN_PLAY_AC_EmpireMagic_Weapon_Equip,/Game/_Art/Enemies/HeinMach/Humanoids/SharedSourceReferences/Animations/SourceSequences/A_EN_SRC_C_I_Empire_Q1Staff001_Stand,EquivalentSourceTimeline,,1.0,1.0,"[30, 1]",0
Mage,/Game/_Art/Enemies/OtherRegions/Humanoids/Mage/Animations/PlaybackClips/A_EN_PLAY_AC_EmpireMagic_Weapon_Unequip,/Game/_Art/Enemies/HeinMach/Humanoids/SharedSourceReferences/Animations/SourceSequences/A_EN_SRC_C_I_Empire_Q1Staff001_Stand,EquivalentSourceTimeline,,1.0,1.0,"[30, 1]",0
Mage,/Game/_Art/Enemies/OtherRegions/Humanoids/Mage/Animations/PlaybackClips/A_EN_PLAY_AC_EmpireMagic_FireBall_End,/Game/_Art/Enemies/OtherRegions/Humanoids/Mage/Animations/SourceSequences/A_EN_SRC_CA_M_EMagic_FireBall_End,ChangedTimeline,dilation_time_warp,3.1666667,3.051101,"[252089, 4203]",0.11556599999999984
Mage,/Game/_Art/Enemies/OtherRegions/Humanoids/Mage/Animations/PlaybackClips/A_EN_PLAY_AC_EmpireMagic_FireBall_Loop,/Game/_Art/Enemies/OtherRegions/Humanoids/Mage/Animations/SourceSequences/A_EN_SRC_CA_M_EMagic_FireBall_Loop,ChangedTimeline,dilation_time_warp | source_trim,3.0,2.465927,"[4825507, 80401]",0.5340729999999998
Mage,/Game/_Art/Enemies/OtherRegions/Humanoids/Mage/Animations/PlaybackClips/A_EN_PLAY_AC_EmpireMagic_FireBall_Start,/Game/_Art/Enemies/OtherRegions/Humanoids/Mage/Animations/SourceSequences/A_EN_SRC_CA_M_EMagic_FireBall_Start,ChangedTimeline,dilation_time_warp | source_trim,3.0,2.1675782,"[5859175, 97694]",0.8324218000000001
Mage,/Game/_Art/Enemies/OtherRegions/Humanoids/Mage/Animations/PlaybackClips/A_EN_PLAY_AC_EmpireMagic_FireLine_Dodge_B,/Game/_Art/Enemies/OtherRegions/Humanoids/Mage/Animations/SourceSequences/A_EN_SRC_CA_M_EMagic_FireLine_Dodge_B,ChangedTimeline,dilation_time_warp | source_trim,0.79,0.9346672,"[5402539, 90171]",0.14480406
Mage,/Game/_Art/Enemies/OtherRegions/Humanoids/Mage/Animations/PlaybackClips/A_EN_PLAY_AC_EmpireMagic_FireLine_Dodge_B_Shoot,/Game/_Art/Enemies/OtherRegions/Humanoids/Mage/Animations/SourceSequences/A_EN_SRC_CA_M_EMagic_FireLine,ChangedTimeline,dilation_time_warp | source_trim,2.0,1.2351372,"[5702879, 95187]",0.7648628
Mage,/Game/_Art/Enemies/OtherRegions/Humanoids/Mage/Animations/PlaybackClips/A_EN_PLAY_AC_EmpireMagic_FireLine_Shoot,/Game/_Art/Enemies/OtherRegions/Humanoids/Mage/Animations/SourceSequences/A_EN_SRC_CA_M_EMagic_FireLine,ChangedTimeline,dilation_time_warp,2.8333333,2.4787295,"[1705061, 28365]",0.3546038
Mage,/Game/_Art/Enemies/OtherRegions/Humanoids/Mage/Animations/PlaybackClips/A_EN_PLAY_AC_EmpireMagic_FireRandom_End,/Game/_Art/Enemies/OtherRegions/Humanoids/Mage/Animations/SourceSequences/A_EN_SRC_CA_M_EMagic_FireRandom_End,ChangedTimeline,dilation_time_warp | source_trim,1.5333333,1.3582013,"[5741858, 96279]",0.17513200000000007
Mage,/Game/_Art/Enemies/OtherRegions/Humanoids/Mage/Animations/PlaybackClips/A_EN_PLAY_AC_EmpireMagic_FireRandom_Loop_Back,/Game/_Art/Enemies/OtherRegions/Humanoids/Mage/Animations/SourceSequences/A_EN_SRC_CA_M_EMagic_FireRandom_Loop,ChangedTimeline,segment_play_rate,1.0,0.99999964,"[5555582, 92593]",3.600000000325565e-07
Mage,/Game/_Art/Enemies/OtherRegions/Humanoids/Mage/Animations/PlaybackClips/A_EN_PLAY_AC_EmpireMagic_FireRandom_Loop_Front,/Game/_Art/Enemies/OtherRegions/Humanoids/Mage/Animations/SourceSequences/A_EN_SRC_CA_M_EMagic_FireRandom_Loop,ChangedTimeline,segment_play_rate,1.0,0.9999992,"[3750003, 62500]",8.000000000230045e-07
Mage,/Game/_Art/Enemies/OtherRegions/Humanoids/Mage/Animations/PlaybackClips/A_EN_PLAY_AC_EmpireMagic_FireRandom_Start,/Game/_Art/Enemies/OtherRegions/Humanoids/Mage/Animations/SourceSequences/A_EN_SRC_CA_M_EMagic_FireRandom_Start,ChangedTimeline,dilation_time_warp,2.3,1.9368435,"[5584920, 93251]",0.3631564999999999
Mage,/Game/_Art/Enemies/OtherRegions/Humanoids/Mage/Animations/PlaybackClips/A_EN_PLAY_AC_EmpireMagic_StartFireBall_00_Idle,/Game/_Art/Enemies/OtherRegions/Humanoids/Mage/Animations/SourceSequences/A_EN_SRC_CA_M_EMagic_Stand_F,EquivalentSourceTimeline,,3.3333333,3.3333333,"[30, 1]",0
Mage,/Game/_Art/Enemies/OtherRegions/Humanoids/Mage/Animations/PlaybackClips/A_EN_PLAY_AC_EmpireMagic_StartFireBall_01_Start_01,/Game/_Art/Enemies/OtherRegions/Humanoids/Mage/Animations/SourceSequences/A_EN_SRC_CA_M_EMagic_FireBall_Start,ChangedTimeline,dilation_time_warp | source_trim,1.03,0.86907023,"[178485, 2983]",0.16092976999999997
Mage,/Game/_Art/Enemies/OtherRegions/Humanoids/Mage/Animations/PlaybackClips/A_EN_PLAY_AC_EmpireMagic_StartFireBall_01_Start_02,/Game/_Art/Enemies/OtherRegions/Humanoids/Mage/Animations/SourceSequences/A_EN_SRC_CA_M_EMagic_FireBall_Start,ChangedTimeline,dilation_time_warp | source_trim,1.0,0.84918535,"[5624931, 93659]",0.15081465000000005
Mage,/Game/_Art/Enemies/OtherRegions/Humanoids/Mage/Animations/PlaybackClips/A_EN_PLAY_AC_EmpireMagic_StartFireBall_02_End,/Game/_Art/Enemies/OtherRegions/Humanoids/Mage/Animations/SourceSequences/A_EN_SRC_CA_M_EMagic_FireBall_End,ChangedTimeline,dilation_time_warp | source_trim,2.9666667,2.8509839,"[5489125, 91517]",0.1156830000000002
Mage,/Game/_Art/Enemies/OtherRegions/Humanoids/Mage/Animations/PlaybackClips/A_EN_PLAY_AC_EmpireMagic_Vigilant_FreakOut_Armed,/Game/_Art/Enemies/OtherRegions/Humanoids/Mage/Animations/SourceSequences/A_EN_SRC_CA_M_Human_Adult_M_EmpireMagic_Vigilant_FreakOut_Equip,EquivalentSourceTimeline,,1.9333333,1.9333333,"[30, 1]",0
Mage,/Game/_Art/Enemies/OtherRegions/Humanoids/Mage/Animations/PlaybackClips/A_EN_PLAY_AC_EmpireMagic_Vigilant_FreakOut_UnArmed,/Game/_Art/Enemies/OtherRegions/Humanoids/Mage/Animations/SourceSequences/A_EN_SRC_CA_M_Human_Adult_M_EmpireMagic_Vigilant_FreakOut_UnEquip,EquivalentSourceTimeline,,2.0333333,2.0333333,"[30, 1]",0
Mage,/Game/_Art/Enemies/OtherRegions/Humanoids/Mage/Animations/PlaybackClips/A_EN_PLAY_AC_EmpireMagic_Vigilant_LookAround,/Game/_Art/Enemies/OtherRegions/Humanoids/Mage/Animations/SourceSequences/A_EN_SRC_CA_M_Human_Adult_M_EmpireMagic_Vigilant_LookAround,EquivalentSourceTimeline,,9.533334,9.533334,"[30, 1]",0
Swordsman,/Game/_Art/Enemies/HeinMach/Humanoids/Swordsman/Animations/PlaybackClips/A_EN_PLAY_AC_EmpireSword_Sick_Down_B,/Game/_Art/Enemies/HeinMach/Humanoids/SharedSourceReferences/Animations/SourceSequences/A_EN_SRC_CA_M_Human_Adult_M_Down_Sick_B_Loop,EquivalentSourceTimeline,,6.3333335,6.3333335,"[30, 1]",0
Swordsman,/Game/_Art/Enemies/HeinMach/Humanoids/Swordsman/Animations/PlaybackClips/A_EN_PLAY_AC_EmpireSword_Sick_Down_DieB,/Game/_Art/Enemies/HeinMach/Humanoids/SharedSourceReferences/Animations/SourceSequences/A_EN_SRC_CA_M_Human_Adult_M_Die_Sick_B | /Game/_Art/Enemies/HeinMach/Humanoids/SharedSourceReferences/Animations/SourceSequences/A_EN_SRC_CA_M_Human_Adult_M_Down_Sick_B_Loop_Idle,ChangedTimeline,multiple_segments | segment_start_offset | source_trim,12.0,12.0,"[30, 1]",0
Swordsman,/Game/_Art/Enemies/HeinMach/Humanoids/Swordsman/Animations/PlaybackClips/A_EN_PLAY_AC_EmpireSword_Sick_Down_DieF,/Game/_Art/Enemies/HeinMach/Humanoids/SharedSourceReferences/Animations/SourceSequences/A_EN_SRC_CA_M_Human_Adult_M_Die_Sick_F | /Game/_Art/Enemies/HeinMach/Humanoids/SharedSourceReferences/Animations/SourceSequences/A_EN_SRC_CA_M_Human_Adult_M_Down_Sick_F_Loop_Idle,ChangedTimeline,multiple_segments | segment_start_offset | source_trim,11.8,11.8,"[30, 1]",0
Swordsman,/Game/_Art/Enemies/HeinMach/Humanoids/Swordsman/Animations/PlaybackClips/A_EN_PLAY_AC_EmpireSword_Sick_Down_F,/Game/_Art/Enemies/HeinMach/Humanoids/SharedSourceReferences/Animations/SourceSequences/A_EN_SRC_CA_M_Human_Adult_M_Down_Sick_F_Loop,EquivalentSourceTimeline,,11.4,11.4,"[30, 1]",0
Swordsman,/Game/_Art/Enemies/HeinMach/Humanoids/Swordsman/Animations/PlaybackClips/A_EN_PLAY_AC_EmpireSword_Sick_Stand_F,/Game/_Art/Enemies/HeinMach/Humanoids/SharedSourceReferences/Animations/SourceSequences/A_EN_SRC_CA_M_Human_Adult_M_Stand_Sick_F,EquivalentSourceTimeline,,14.933333,14.933333,"[30, 1]",0
Swordsman,/Game/_Art/Enemies/HeinMach/Humanoids/Swordsman/Animations/PlaybackClips/A_EN_PLAY_AC_EmpireSword_ClimbingWall_Down_End,/Game/_Art/Enemies/HeinMach/Humanoids/Swordsman/Animations/SourceSequences/A_EN_SRC_CA_M_EmpSwd_ClimbingWall_Down_End,EquivalentSourceTimeline,,1.0,1.0,"[30, 1]",0
Swordsman,/Game/_Art/Enemies/HeinMach/Humanoids/Swordsman/Animations/PlaybackClips/A_EN_PLAY_AC_EmpireSword_ClimbingWall_Down_L,/Game/_Art/Enemies/HeinMach/Humanoids/Swordsman/Animations/SourceSequences/A_EN_SRC_CA_M_EmpSwd_ClimbingWall_Down_L,EquivalentSourceTimeline,,0.6,0.6,"[30, 1]",0
Swordsman,/Game/_Art/Enemies/HeinMach/Humanoids/Swordsman/Animations/PlaybackClips/A_EN_PLAY_AC_EmpireSword_ClimbingWall_Down_R,/Game/_Art/Enemies/HeinMach/Humanoids/Swordsman/Animations/SourceSequences/A_EN_SRC_CA_M_EmpSwd_ClimbingWall_Down_R,EquivalentSourceTimeline,,0.6,0.6,"[30, 1]",0
Swordsman,/Game/_Art/Enemies/HeinMach/Humanoids/Swordsman/Animations/PlaybackClips/A_EN_PLAY_AC_EmpireSword_ClimbingWall_Down_Start,/Game/_Art/Enemies/HeinMach/Humanoids/Swordsman/Animations/SourceSequences/A_EN_SRC_CA_M_EmpSwd_ClimbingWall_Down_Start,EquivalentSourceTimeline,,1.1333333,1.1333333,"[30, 1]",0
Swordsman,/Game/_Art/Enemies/HeinMach/Humanoids/Swordsman/Animations/PlaybackClips/A_EN_PLAY_AC_EmpireSword_ClimbingWall_Loop_L_Idle,/Game/_Art/Enemies/HeinMach/Humanoids/Swordsman/Animations/SourceSequences/A_EN_SRC_CA_M_EmpSwd_ClimbingWall_Loop_L_Idle,EquivalentSourceTimeline,,1.6666666,1.6666666,"[30, 1]",0
Swordsman,/Game/_Art/Enemies/HeinMach/Humanoids/Swordsman/Animations/PlaybackClips/A_EN_PLAY_AC_EmpireSword_ClimbingWall_Loop_R_Idle,/Game/_Art/Enemies/HeinMach/Humanoids/Swordsman/Animations/SourceSequences/A_EN_SRC_CA_M_EmpSwd_ClimbingWall_Loop_R_Idle,EquivalentSourceTimeline,,1.6666666,1.6666666,"[30, 1]",0
Swordsman,/Game/_Art/Enemies/HeinMach/Humanoids/Swordsman/Animations/PlaybackClips/A_EN_PLAY_AC_EmpireSword_ClimbingWall_Up_End,/Game/_Art/Enemies/HeinMach/Humanoids/Swordsman/Animations/SourceSequences/A_EN_SRC_CA_M_EmpSwd_ClimbingWall_Up_End,EquivalentSourceTimeline,,1.7,1.7,"[30, 1]",0
Swordsman,/Game/_Art/Enemies/HeinMach/Humanoids/Swordsman/Animations/PlaybackClips/A_EN_PLAY_AC_EmpireSword_ClimbingWall_Up_L,/Game/_Art/Enemies/HeinMach/Humanoids/Swordsman/Animations/SourceSequences/A_EN_SRC_CA_M_EmpSwd_ClimbingWall_Up_L,EquivalentSourceTimeline,,0.6,0.6,"[30, 1]",0
Swordsman,/Game/_Art/Enemies/HeinMach/Humanoids/Swordsman/Animations/PlaybackClips/A_EN_PLAY_AC_EmpireSword_ClimbingWall_Up_R,/Game/_Art/Enemies/HeinMach/Humanoids/Swordsman/Animations/SourceSequences/A_EN_SRC_CA_M_EmpSwd_ClimbingWall_Up_R,EquivalentSourceTimeline,,0.6,0.6,"[30, 1]",0
Swordsman,/Game/_Art/Enemies/HeinMach/Humanoids/Swordsman/Animations/PlaybackClips/A_EN_PLAY_AC_EmpireSword_ClimbingWall_Up_Start,/Game/_Art/Enemies/HeinMach/Humanoids/Swordsman/Animations/SourceSequences/A_EN_SRC_CA_M_EmpSwd_ClimbingWall_Up_Start,EquivalentSourceTimeline,,1.0,1.0,"[30, 1]",0
Swordsman,/Game/_Art/Enemies/HeinMach/Humanoids/Swordsman/Animations/PlaybackClips/A_EN_PLAY_AC_EmpireSword_Equip,/Game/_Art/Enemies/HeinMach/Humanoids/Swordsman/Animations/SourceSequences/A_EN_SRC_CA_M_EmpSwd_CarryASword02,EquivalentSourceTimeline,,1.5666667,1.5666659,"[2043481, 34058]",9.000000000813912e-07
Swordsman,/Game/_Art/Enemies/HeinMach/Humanoids/Swordsman/Animations/PlaybackClips/A_EN_PLAY_AC_EmpireSword_Equip_Turn_L,/Game/_Art/Enemies/HeinMach/Humanoids/Swordsman/Animations/SourceSequences/A_EN_SRC_CA_M_EmpSwd_CarryASword_Turn_L,EquivalentSourceTimeline,,1.1333333,1.1333333,"[30, 1]",0
Swordsman,/Game/_Art/Enemies/HeinMach/Humanoids/Swordsman/Animations/PlaybackClips/A_EN_PLAY_AC_EmpireSword_Equip_Turn_R,/Game/_Art/Enemies/HeinMach/Humanoids/Swordsman/Animations/SourceSequences/A_EN_SRC_CA_M_EmpSwd_CarryASword_Turn_R,ChangedTimeline,dilation_time_warp,1.6666666,1.5025575,"[2428739, 40548]",0.16410910000000012
Swordsman,/Game/_Art/Enemies/HeinMach/Humanoids/Swordsman/Animations/PlaybackClips/A_EN_PLAY_AC_EmpireSword_Run_Peace_F,/Game/_Art/Enemies/HeinMach/Humanoids/Swordsman/Animations/SourceSequences/A_EN_SRC_CA_M_EmpSwd_Run_Peace_F,EquivalentSourceTimeline,,0.8333333,0.8333333,"[30, 1]",0
Swordsman,/Game/_Art/Enemies/HeinMach/Humanoids/Swordsman/Animations/PlaybackClips/A_EN_PLAY_AC_EmpireSword_Stand_Peace_F,/Game/_Art/Enemies/HeinMach/Humanoids/Swordsman/Animations/SourceSequences/A_EN_SRC_CA_M_EmpSwd_Stand_Peace02_F,EquivalentSourceTimeline,,9.233334,9.233334,"[30, 1]",0
Swordsman,/Game/_Art/Enemies/HeinMach/Humanoids/Swordsman/Animations/PlaybackClips/A_EN_PLAY_AC_EmpireSword_Turn_L_Peace,/Game/_Art/Enemies/HeinMach/Humanoids/Swordsman/Animations/SourceSequences/A_EN_SRC_CA_M_EmpSwd_Turn_Peace02_L,EquivalentSourceTimeline,,1.2666667,1.2666667,"[30, 1]",0
Swordsman,/Game/_Art/Enemies/HeinMach/Humanoids/Swordsman/Animations/PlaybackClips/A_EN_PLAY_AC_EmpireSword_Turn_L_Peace_180,/Game/_Art/Enemies/HeinMach/Humanoids/Swordsman/Animations/SourceSequences/A_EN_SRC_CA_M_EmpSwd_Turn_Peace_L_180,EquivalentSourceTimeline,,2.1,2.1,"[30, 1]",0
Swordsman,/Game/_Art/Enemies/HeinMach/Humanoids/Swordsman/Animations/PlaybackClips/A_EN_PLAY_AC_EmpireSword_Turn_R_Peace,/Game/_Art/Enemies/HeinMach/Humanoids/Swordsman/Animations/SourceSequences/A_EN_SRC_CA_M_EmpSwd_Turn_Peace02_R,EquivalentSourceTimeline,,1.4333333,1.4333333,"[30, 1]",0
Swordsman,/Game/_Art/Enemies/HeinMach/Humanoids/Swordsman/Animations/PlaybackClips/A_EN_PLAY_AC_EmpireSword_Turn_R_Peace_180,/Game/_Art/Enemies/HeinMach/Humanoids/Swordsman/Animations/SourceSequences/A_EN_SRC_CA_M_EmpSwd_Turn_Peace_R_180,EquivalentSourceTimeline,,2.1,2.1,"[30, 1]",0
Swordsman,/Game/_Art/Enemies/HeinMach/Humanoids/Swordsman/Animations/PlaybackClips/A_EN_PLAY_AC_EmpireSword_UnEquip,/Game/_Art/Enemies/HeinMach/Humanoids/Swordsman/Animations/SourceSequences/A_EN_SRC_CA_M_EmpSwd_FootSword02,ChangedTimeline,dilation_time_warp,0.73333335,0.854682,"[5248868, 87963]",0.12134886999999994
Swordsman,/Game/_Art/Enemies/HeinMach/Humanoids/Swordsman/Animations/PlaybackClips/A_EN_PLAY_AC_EmpireSword_Walk_Peace_F,/Game/_Art/Enemies/HeinMach/Humanoids/Swordsman/Animations/SourceSequences/A_EN_SRC_CA_M_EmpSwd_Walk_Peace02_F,EquivalentSourceTimeline,,1.2,1.2,"[30, 1]",0
Swordsman,/Game/_Art/Enemies/HeinMach/Humanoids/Swordsman/Animations/PlaybackClips/A_EN_PLAY_AC_EmpSwd_DamageGrapple_Atk_B_01,/Game/_Art/Enemies/HeinMach/Humanoids/Swordsman/Animations/SourceSequences/A_EN_SRC_CA_M_EmpSwd_DamageGrapple_Atk_B_01,EquivalentSourceTimeline,,1.3333334,1.3333334,"[30, 1]",0
Swordsman,/Game/_Art/Enemies/HeinMach/Humanoids/Swordsman/Animations/PlaybackClips/A_EN_PLAY_AC_EmpSwd_DamageGrapple_Atk_B_02,/Game/_Art/Enemies/HeinMach/Humanoids/Swordsman/Animations/SourceSequences/A_EN_SRC_CA_M_EmpSwd_DamageGrapple_Atk_B_02,EquivalentSourceTimeline,,2.5,2.5,"[30, 1]",0
Swordsman,/Game/_Art/Enemies/HeinMach/Humanoids/Swordsman/Animations/PlaybackClips/A_EN_PLAY_AC_EmpireSword_Basic_ChairSit_End_01,/Game/_Art/Enemies/HeinMach/Humanoids/Swordsman/Animations/SourceSequences/A_EN_SRC_CA_M_EmpSwd_NoBattleChairSit_End_01,ChangedTimeline,source_trim,4.4,4.4,"[30, 1]",0
Swordsman,/Game/_Art/Enemies/HeinMach/Humanoids/Swordsman/Animations/PlaybackClips/A_EN_PLAY_AC_EmpireSword_Basic_ChairSit_End_02,/Game/_Art/Enemies/HeinMach/Humanoids/Swordsman/Animations/SourceSequences/A_EN_SRC_CA_M_EmpSwd_NoBattleChairSit_End_02,EquivalentSourceTimeline,,2.7333333,2.7333333,"[30, 1]",0
Swordsman,/Game/_Art/Enemies/HeinMach/Humanoids/Swordsman/Animations/PlaybackClips/A_EN_PLAY_AC_EmpireSword_Basic_ChairSit_Loop_01,/Game/_Art/Enemies/HeinMach/Humanoids/Swordsman/Animations/SourceSequences/A_EN_SRC_CA_M_EmpSwd_NoBattleChairSit_Loop_01,EquivalentSourceTimeline,,8.7,8.7,"[30, 1]",0
Swordsman,/Game/_Art/Enemies/HeinMach/Humanoids/Swordsman/Animations/PlaybackClips/A_EN_PLAY_AC_EmpireSword_Basic_ChairSit_Loop_02,/Game/_Art/Enemies/HeinMach/Humanoids/Swordsman/Animations/SourceSequences/A_EN_SRC_CA_M_EmpSwd_NoBattleChairSit_Loop_02,EquivalentSourceTimeline,,6.6666665,6.6666665,"[30, 1]",0
Swordsman,/Game/_Art/Enemies/HeinMach/Humanoids/Swordsman/Animations/PlaybackClips/A_EN_PLAY_AC_EmpireSword_Basic_Coward_Loop_01,/Game/_Art/Enemies/HeinMach/Humanoids/Swordsman/Animations/SourceSequences/A_EN_SRC_CA_M_EmpSwd_NoBattle_Coward_Loop_01,EquivalentSourceTimeline,,15.766666,15.766666,"[30, 1]",0
Swordsman,/Game/_Art/Enemies/HeinMach/Humanoids/Swordsman/Animations/PlaybackClips/A_EN_PLAY_AC_EmpireSword_Basic_End_01,/Game/_Art/Enemies/HeinMach/Humanoids/Swordsman/Animations/SourceSequences/A_EN_SRC_CA_M_EmpSwd_NoBattle_Basic_End_01,ChangedTimeline,source_trim,1.8,1.8,"[30, 1]",0
Swordsman,/Game/_Art/Enemies/HeinMach/Humanoids/Swordsman/Animations/PlaybackClips/A_EN_PLAY_AC_EmpireSword_Basic_End_02,/Game/_Art/Enemies/HeinMach/Humanoids/Swordsman/Animations/SourceSequences/A_EN_SRC_CA_M_EmpSwd_NoBattle_Basic_End_02,ChangedTimeline,source_trim,1.8,1.8,"[30, 1]",0
Swordsman,/Game/_Art/Enemies/HeinMach/Humanoids/Swordsman/Animations/PlaybackClips/A_EN_PLAY_AC_EmpireSword_Basic_End_03,/Game/_Art/Enemies/HeinMach/Humanoids/Swordsman/Animations/SourceSequences/A_EN_SRC_CA_M_EmpSwd_NoBattle_Basic_End_03,ChangedTimeline,source_trim,2.3,2.3,"[30, 1]",0
Swordsman,/Game/_Art/Enemies/HeinMach/Humanoids/Swordsman/Animations/PlaybackClips/A_EN_PLAY_AC_EmpireSword_Basic_End_04,/Game/_Art/Enemies/HeinMach/Humanoids/Swordsman/Animations/SourceSequences/A_EN_SRC_CA_M_EmpSwd_NoBattle_Basic_End_04,ChangedTimeline,source_trim,1.8,1.8,"[30, 1]",0
Swordsman,/Game/_Art/Enemies/HeinMach/Humanoids/Swordsman/Animations/PlaybackClips/A_EN_PLAY_AC_EmpireSword_Basic_End_05,/Game/_Art/Enemies/HeinMach/Humanoids/Swordsman/Animations/SourceSequences/A_EN_SRC_CA_M_EmpSwd_NoBattle_Basic_End_05,ChangedTimeline,source_trim,1.8,1.8,"[30, 1]",0
Swordsman,/Game/_Art/Enemies/HeinMach/Humanoids/Swordsman/Animations/PlaybackClips/A_EN_PLAY_AC_EmpireSword_Basic_End_06,/Game/_Art/Enemies/HeinMach/Humanoids/Swordsman/Animations/SourceSequences/A_EN_SRC_CA_M_EmpSwd_NoBattle_Basic_End_06,EquivalentSourceTimeline,,3.4666667,3.4666667,"[30, 1]",0
Swordsman,/Game/_Art/Enemies/HeinMach/Humanoids/Swordsman/Animations/PlaybackClips/A_EN_PLAY_AC_EmpireSword_Basic_Guard_End_01,/Game/_Art/Enemies/HeinMach/Humanoids/Swordsman/Animations/SourceSequences/A_EN_SRC_CA_M_EmpSwd_NoBattleGuard_End_02,ChangedTimeline,source_trim,2.1,2.1,"[30, 1]",0
Swordsman,/Game/_Art/Enemies/HeinMach/Humanoids/Swordsman/Animations/PlaybackClips/A_EN_PLAY_AC_EmpireSword_Basic_Guard_Loop_01,/Game/_Art/Enemies/HeinMach/Humanoids/Swordsman/Animations/SourceSequences/A_EN_SRC_CA_M_EmpSwd_NoBattleGuard_Loop_02,EquivalentSourceTimeline,,16.1,16.1,"[30, 1]",0
Swordsman,/Game/_Art/Enemies/HeinMach/Humanoids/Swordsman/Animations/PlaybackClips/A_EN_PLAY_AC_EmpireSword_Basic_Loop_01,/Game/_Art/Enemies/HeinMach/Humanoids/Swordsman/Animations/SourceSequences/A_EN_SRC_CA_M_EmpSwd_NoBattle_Basic_Loop_01,EquivalentSourceTimeline,,12.166667,12.166667,"[30, 1]",0
Swordsman,/Game/_Art/Enemies/HeinMach/Humanoids/Swordsman/Animations/PlaybackClips/A_EN_PLAY_AC_EmpireSword_Basic_Loop_02,/Game/_Art/Enemies/HeinMach/Humanoids/Swordsman/Animations/SourceSequences/A_EN_SRC_CA_M_EmpSwd_NoBattle_Basic_Loop_02,EquivalentSourceTimeline,,13.533334,13.533334,"[30, 1]",0
Swordsman,/Game/_Art/Enemies/HeinMach/Humanoids/Swordsman/Animations/PlaybackClips/A_EN_PLAY_AC_EmpireSword_Basic_Loop_03,/Game/_Art/Enemies/HeinMach/Humanoids/Swordsman/Animations/SourceSequences/A_EN_SRC_CA_M_EmpSwd_NoBattle_Basic_Loop_03,EquivalentSourceTimeline,,15.266666,15.266666,"[30, 1]",0
Swordsman,/Game/_Art/Enemies/HeinMach/Humanoids/Swordsman/Animations/PlaybackClips/A_EN_PLAY_AC_EmpireSword_Basic_Loop_04,/Game/_Art/Enemies/HeinMach/Humanoids/Swordsman/Animations/SourceSequences/A_EN_SRC_CA_M_EmpSwd_NoBattle_Basic_Loop_04,EquivalentSourceTimeline,,9.633333,9.633333,"[30, 1]",0
Swordsman,/Game/_Art/Enemies/HeinMach/Humanoids/Swordsman/Animations/PlaybackClips/A_EN_PLAY_AC_EmpireSword_Basic_Loop_05,/Game/_Art/Enemies/HeinMach/Humanoids/Swordsman/Animations/SourceSequences/A_EN_SRC_CA_M_EmpSwd_NoBattle_Basic_Loop_05,EquivalentSourceTimeline,,15.033334,15.033334,"[30, 1]",0
Swordsman,/Game/_Art/Enemies/HeinMach/Humanoids/Swordsman/Animations/PlaybackClips/A_EN_PLAY_AC_EmpireSword_Basic_Loop_06,/Game/_Art/Enemies/HeinMach/Humanoids/Swordsman/Animations/SourceSequences/A_EN_SRC_CA_M_EmpSwd_NoBattle_Basic_Loop_06,EquivalentSourceTimeline,,11.566667,11.566667,"[30, 1]",0
Swordsman,/Game/_Art/Enemies/HeinMach/Humanoids/Swordsman/Animations/PlaybackClips/A_EN_PLAY_AC_EmpireSword_Basic_Search_End_01,/Game/_Art/Enemies/HeinMach/Humanoids/Swordsman/Animations/SourceSequences/A_EN_SRC_CA_M_EmpSwd_NoBattleSearch_End_01,ChangedTimeline,source_trim,2.9,2.9,"[30, 1]",0
Swordsman,/Game/_Art/Enemies/HeinMach/Humanoids/Swordsman/Animations/PlaybackClips/A_EN_PLAY_AC_EmpireSword_Basic_Search_Loop_01,/Game/_Art/Enemies/HeinMach/Humanoids/Swordsman/Animations/SourceSequences/A_EN_SRC_CA_M_EmpSwd_NoBattleSearch_Loop_01,EquivalentSourceTimeline,,10.4,10.4,"[30, 1]",0
Swordsman,/Game/_Art/Enemies/HeinMach/Humanoids/Swordsman/Animations/PlaybackClips/A_EN_PLAY_AC_EmpireSword_Basic_Sit_End_01,/Game/_Art/Enemies/HeinMach/Humanoids/Swordsman/Animations/SourceSequences/A_EN_SRC_CA_M_EmpSwd_NoBattleSit_End_01,EquivalentSourceTimeline,,2.9333334,2.9333334,"[30, 1]",0
Swordsman,/Game/_Art/Enemies/HeinMach/Humanoids/Swordsman/Animations/PlaybackClips/A_EN_PLAY_AC_EmpireSword_Basic_Sit_End_02,/Game/_Art/Enemies/HeinMach/Humanoids/Swordsman/Animations/SourceSequences/A_EN_SRC_CA_M_EmpSwd_NoBattleSit_End_02,EquivalentSourceTimeline,,2.9333334,2.9333334,"[30, 1]",0
Swordsman,/Game/_Art/Enemies/HeinMach/Humanoids/Swordsman/Animations/PlaybackClips/A_EN_PLAY_AC_EmpireSword_Basic_Sit_End_03,/Game/_Art/Enemies/HeinMach/Humanoids/Swordsman/Animations/SourceSequences/A_EN_SRC_CA_M_EmpSwd_NoBattleSit_End_03,EquivalentSourceTimeline,,2.8666666,2.8666666,"[30, 1]",0
Swordsman,/Game/_Art/Enemies/HeinMach/Humanoids/Swordsman/Animations/PlaybackClips/A_EN_PLAY_AC_EmpireSword_Basic_Sit_End_04,/Game/_Art/Enemies/HeinMach/Humanoids/Swordsman/Animations/SourceSequences/A_EN_SRC_CA_M_EmpSwd_NoBattleSit_End_03-1,EquivalentSourceTimeline,,2.1333334,2.1333334,"[30, 1]",0
Swordsman,/Game/_Art/Enemies/HeinMach/Humanoids/Swordsman/Animations/PlaybackClips/A_EN_PLAY_AC_EmpireSword_Basic_Sit_Loop_01,/Game/_Art/Enemies/HeinMach/Humanoids/Swordsman/Animations/SourceSequences/A_EN_SRC_CA_M_EmpSwd_NoBattleSit_Loop_01,EquivalentSourceTimeline,,8.433333,8.433333,"[30, 1]",0
Swordsman,/Game/_Art/Enemies/HeinMach/Humanoids/Swordsman/Animations/PlaybackClips/A_EN_PLAY_AC_EmpireSword_Basic_Sit_Loop_02,/Game/_Art/Enemies/HeinMach/Humanoids/Swordsman/Animations/SourceSequences/A_EN_SRC_CA_M_EmpSwd_NoBattleSit_Loop_02,EquivalentSourceTimeline,,5.866667,5.866667,"[30, 1]",0
Swordsman,/Game/_Art/Enemies/HeinMach/Humanoids/Swordsman/Animations/PlaybackClips/A_EN_PLAY_AC_EmpireSword_Basic_Sit_Loop_03,/Game/_Art/Enemies/HeinMach/Humanoids/Swordsman/Animations/SourceSequences/A_EN_SRC_CA_M_EmpSwd_NoBattleSit_Loop_03,EquivalentSourceTimeline,,10.8,10.8,"[30, 1]",0
Swordsman,/Game/_Art/Enemies/HeinMach/Humanoids/Swordsman/Animations/PlaybackClips/A_EN_PLAY_AC_EmpireSword_Basic_Sit_Loop_04,/Game/_Art/Enemies/HeinMach/Humanoids/Swordsman/Animations/SourceSequences/A_EN_SRC_CA_M_EmpSwd_NoBattleSit_Loop_03-1,EquivalentSourceTimeline,,10.2,10.2,"[30, 1]",0
Swordsman,/Game/_Art/Enemies/HeinMach/Humanoids/Swordsman/Animations/PlaybackClips/A_EN_PLAY_AC_EmpireSword_Basic_Talk_End_01,/Game/_Art/Enemies/HeinMach/Humanoids/Swordsman/Animations/SourceSequences/A_EN_SRC_CA_M_EmpSwd_NoBattleTalk_End_01,ChangedTimeline,source_trim,1.8,1.8,"[30, 1]",0
Swordsman,/Game/_Art/Enemies/HeinMach/Humanoids/Swordsman/Animations/PlaybackClips/A_EN_PLAY_AC_EmpireSword_Basic_Talk_End_02,/Game/_Art/Enemies/HeinMach/Humanoids/Swordsman/Animations/SourceSequences/A_EN_SRC_CA_M_EmpSwd_NoBattleTalk_End_02,ChangedTimeline,source_trim,1.8,1.8,"[30, 1]",0
Swordsman,/Game/_Art/Enemies/HeinMach/Humanoids/Swordsman/Animations/PlaybackClips/A_EN_PLAY_AC_EmpireSword_Basic_Talk_Loop_01,/Game/_Art/Enemies/HeinMach/Humanoids/Swordsman/Animations/SourceSequences/A_EN_SRC_CA_M_EmpSwd_NoBattleTalk_Loop_01,EquivalentSourceTimeline,,13.966666,13.966666,"[30, 1]",0
Swordsman,/Game/_Art/Enemies/HeinMach/Humanoids/Swordsman/Animations/PlaybackClips/A_EN_PLAY_AC_EmpireSword_Basic_Talk_Loop_02,/Game/_Art/Enemies/HeinMach/Humanoids/Swordsman/Animations/SourceSequences/A_EN_SRC_CA_M_EmpSwd_NoBattleTalk_Loop_02,EquivalentSourceTimeline,,9.066667,9.066667,"[30, 1]",0
Swordsman,/Game/_Art/Enemies/HeinMach/Humanoids/Swordsman/Animations/PlaybackClips/A_EN_PLAY_AC_EmpireSword_Basic_Training_End_01,/Game/_Art/Enemies/HeinMach/Humanoids/Swordsman/Animations/SourceSequences/A_EN_SRC_CA_M_EmpSwd_NoBattleTraining_End_01,EquivalentSourceTimeline,,2.5,2.5,"[30, 1]",0
Swordsman,/Game/_Art/Enemies/HeinMach/Humanoids/Swordsman/Animations/PlaybackClips/A_EN_PLAY_AC_EmpireSword_Basic_Training_End_02,/Game/_Art/Enemies/HeinMach/Humanoids/Swordsman/Animations/SourceSequences/A_EN_SRC_CA_M_EmpSwd_NoBattleTraining_End_02,EquivalentSourceTimeline,,2.5333333,2.5333333,"[30, 1]",0
Swordsman,/Game/_Art/Enemies/HeinMach/Humanoids/Swordsman/Animations/PlaybackClips/A_EN_PLAY_AC_EmpireSword_Basic_Training_Loop_01,/Game/_Art/Enemies/HeinMach/Humanoids/Swordsman/Animations/SourceSequences/A_EN_SRC_CA_M_EmpSwd_NoBattleTraining_Loop_01,EquivalentSourceTimeline,,13.2,13.2,"[30, 1]",0
Swordsman,/Game/_Art/Enemies/HeinMach/Humanoids/Swordsman/Animations/PlaybackClips/A_EN_PLAY_AC_EmpireSword_Basic_Training_Loop_02,/Game/_Art/Enemies/HeinMach/Humanoids/Swordsman/Animations/SourceSequences/A_EN_SRC_CA_M_EmpSwd_NoBattleTraining_Loop_02,EquivalentSourceTimeline,,12.466666,12.466666,"[30, 1]",0
Swordsman,/Game/_Art/Enemies/HeinMach/Humanoids/Swordsman/Animations/PlaybackClips/A_EN_PLAY_AC_EmpireSword_DamFinalBlow_Wraith,/Game/_Art/Enemies/HeinMach/Humanoids/SharedSourceReferences/Animations/SourceSequences/A_EN_SRC_CA_M_Human_Adult_M_PicaAxe_DamFinalBlow_New,ChangedTimeline,source_trim,2.1,2.1,"[30, 1]",0
Swordsman,/Game/_Art/Enemies/HeinMach/Humanoids/Swordsman/Animations/PlaybackClips/A_EN_PLAY_AC_EmpireSword_DamageAir_B_Down,/Game/_Art/Enemies/HeinMach/Humanoids/Swordsman/Animations/SourceSequences/A_EN_SRC_CA_M_EmpSwd_DamageAir_B,ChangedTimeline,source_trim,0.167,0.167,"[5000, 167]",0
Swordsman,/Game/_Art/Enemies/HeinMach/Humanoids/Swordsman/Animations/PlaybackClips/A_EN_PLAY_AC_EmpireSword_DamageAir_B_Land,/Game/_Art/Enemies/HeinMach/Humanoids/Swordsman/Animations/SourceSequences/A_EN_SRC_CA_M_EmpSwd_DamageAir_B,ChangedTimeline,source_trim,0.89903337,0.89903337,"[2000869, 66624]",0
Swordsman,/Game/_Art/Enemies/HeinMach/Humanoids/Swordsman/Animations/PlaybackClips/A_EN_PLAY_AC_EmpireSword_DamageAir_B_Peak,/Game/_Art/Enemies/HeinMach/Humanoids/Swordsman/Animations/SourceSequences/A_EN_SRC_CA_M_EmpSwd_DamageAir_B,ChangedTimeline,source_trim,0.10000001,0.10000001,"[30, 1]",0
Swordsman,/Game/_Art/Enemies/HeinMach/Humanoids/Swordsman/Animations/PlaybackClips/A_EN_PLAY_AC_EmpireSword_DamageAir_B_Up,/Game/_Art/Enemies/HeinMach/Humanoids/Swordsman/Animations/SourceSequences/A_EN_SRC_CA_M_EmpSwd_DamageAir_B,ChangedTimeline,source_trim,0.167,0.167,"[5000, 167]",0
Swordsman,/Game/_Art/Enemies/HeinMach/Humanoids/Swordsman/Animations/PlaybackClips/A_EN_PLAY_AC_EmpireSword_DamageAir_F_Down,/Game/_Art/Enemies/HeinMach/Humanoids/Swordsman/Animations/SourceSequences/A_EN_SRC_CA_M_EmpSwd_DamageAir_F,ChangedTimeline,source_trim,0.167,0.167,"[5000, 167]",0
Swordsman,/Game/_Art/Enemies/HeinMach/Humanoids/Swordsman/Animations/PlaybackClips/A_EN_PLAY_AC_EmpireSword_DamageAir_F_Land,/Game/_Art/Enemies/HeinMach/Humanoids/Swordsman/Animations/SourceSequences/A_EN_SRC_CA_M_EmpSwd_DamageAir_F,ChangedTimeline,source_trim,0.89903337,0.89903337,"[2000869, 66624]",0
Swordsman,/Game/_Art/Enemies/HeinMach/Humanoids/Swordsman/Animations/PlaybackClips/A_EN_PLAY_AC_EmpireSword_DamageAir_F_Peak,/Game/_Art/Enemies/HeinMach/Humanoids/Swordsman/Animations/SourceSequences/A_EN_SRC_CA_M_EmpSwd_DamageAir_F,ChangedTimeline,source_trim,0.10000001,0.10000001,"[30, 1]",0
Swordsman,/Game/_Art/Enemies/HeinMach/Humanoids/Swordsman/Animations/PlaybackClips/A_EN_PLAY_AC_EmpireSword_DamageAir_F_Up,/Game/_Art/Enemies/HeinMach/Humanoids/Swordsman/Animations/SourceSequences/A_EN_SRC_CA_M_EmpSwd_DamageAir_F,ChangedTimeline,source_trim,0.167,0.167,"[5000, 167]",0
Swordsman,/Game/_Art/Enemies/HeinMach/Humanoids/Swordsman/Animations/PlaybackClips/A_EN_PLAY_AC_EmpireSword_DamageDown_B,/Game/_Art/Enemies/HeinMach/Humanoids/Swordsman/Animations/SourceSequences/A_EN_SRC_CA_M_EmpSwd_DamageDown_B,EquivalentSourceTimeline,,0.6666667,0.6666667,"[30, 1]",0
Swordsman,/Game/_Art/Enemies/HeinMach/Humanoids/Swordsman/Animations/PlaybackClips/A_EN_PLAY_AC_EmpireSword_DamageDown_F,/Game/_Art/Enemies/HeinMach/Humanoids/Swordsman/Animations/SourceSequences/A_EN_SRC_CA_M_EmpSwd_DamageDown_F,EquivalentSourceTimeline,,0.6666667,0.6666667,"[30, 1]",0
Swordsman,/Game/_Art/Enemies/HeinMach/Humanoids/Swordsman/Animations/PlaybackClips/A_EN_PLAY_AC_EmpireSword_DamageGrapple_Atk_01,/Game/_Art/Enemies/HeinMach/Humanoids/Swordsman/Animations/SourceSequences/A_EN_SRC_CA_M_EmpSwd_DamageGrapple_Atk_01,EquivalentSourceTimeline,,1.3666667,1.3666667,"[30, 1]",0
Swordsman,/Game/_Art/Enemies/HeinMach/Humanoids/Swordsman/Animations/PlaybackClips/A_EN_PLAY_AC_EmpireSword_DamageGrapple_Atk_02,/Game/_Art/Enemies/HeinMach/Humanoids/Swordsman/Animations/SourceSequences/A_EN_SRC_CA_M_EmpSwd_DamageGrapple_Atk_02,EquivalentSourceTimeline,,1.1,1.1,"[30, 1]",0
Swordsman,/Game/_Art/Enemies/HeinMach/Humanoids/Swordsman/Animations/PlaybackClips/A_EN_PLAY_AC_EmpireSword_DamageNormal_D_B,/Game/_Art/Enemies/HeinMach/Humanoids/Swordsman/Animations/SourceSequences/A_EN_SRC_CA_M_EmpSwd_DamageNormal_D_B,ChangedTimeline,dilation_time_warp,0.7,1.006191,"[2882733, 48343]",0.3061910000000001
Swordsman,/Game/_Art/Enemies/HeinMach/Humanoids/Swordsman/Animations/PlaybackClips/A_EN_PLAY_AC_EmpireSword_DamageNormal_D_F,/Game/_Art/Enemies/HeinMach/Humanoids/Swordsman/Animations/SourceSequences/A_EN_SRC_CA_M_EmpSwd_DamageNormal_D_F,EquivalentSourceTimeline,,0.7,0.7,"[30, 1]",0
Swordsman,/Game/_Art/Enemies/HeinMach/Humanoids/Swordsman/Animations/PlaybackClips/A_EN_PLAY_AC_EmpireSword_DamageNormal_D_F_2,/Game/_Art/Enemies/HeinMach/Humanoids/Swordsman/Animations/SourceSequences/A_EN_SRC_CA_M_EmpSwd_DamageNormal_D_F2,EquivalentSourceTimeline,,0.7,0.7,"[30, 1]",0
Swordsman,/Game/_Art/Enemies/HeinMach/Humanoids/Swordsman/Animations/PlaybackClips/A_EN_PLAY_AC_EmpireSword_DamageNormal_L_F,/Game/_Art/Enemies/HeinMach/Humanoids/Swordsman/Animations/SourceSequences/A_EN_SRC_CA_M_EmpSwd_DamageNormal_L_F,EquivalentSourceTimeline,,0.7,0.7,"[30, 1]",0
Swordsman,/Game/_Art/Enemies/HeinMach/Humanoids/Swordsman/Animations/PlaybackClips/A_EN_PLAY_AC_EmpireSword_DamageNormal_L_F_2,/Game/_Art/Enemies/HeinMach/Humanoids/Swordsman/Animations/SourceSequences/A_EN_SRC_CA_M_EmpSwd_DamageNormal_L_F2,EquivalentSourceTimeline,,0.7,0.7,"[30, 1]",0
Swordsman,/Game/_Art/Enemies/HeinMach/Humanoids/Swordsman/Animations/PlaybackClips/A_EN_PLAY_AC_EmpireSword_DamageNormal_R_F,/Game/_Art/Enemies/HeinMach/Humanoids/Swordsman/Animations/SourceSequences/A_EN_SRC_CA_M_EmpSwd_DamageNormal_R_F,EquivalentSourceTimeline,,0.7,0.7,"[30, 1]",0
Swordsman,/Game/_Art/Enemies/HeinMach/Humanoids/Swordsman/Animations/PlaybackClips/A_EN_PLAY_AC_EmpireSword_DamageNormal_R_F_2,/Game/_Art/Enemies/HeinMach/Humanoids/Swordsman/Animations/SourceSequences/A_EN_SRC_CA_M_EmpSwd_DamageNormal_R_F2,EquivalentSourceTimeline,,0.7,0.7,"[30, 1]",0
Swordsman,/Game/_Art/Enemies/HeinMach/Humanoids/Swordsman/Animations/PlaybackClips/A_EN_PLAY_AC_EmpireSword_DamageNormal_U_B,/Game/_Art/Enemies/HeinMach/Humanoids/Swordsman/Animations/SourceSequences/A_EN_SRC_CA_M_EmpSwd_DamageNormal_U_B,ChangedTimeline,dilation_time_warp,0.7,1.0132997,"[2527651, 41988]",0.31329969999999996
Swordsman,/Game/_Art/Enemies/HeinMach/Humanoids/Swordsman/Animations/PlaybackClips/A_EN_PLAY_AC_EmpireSword_DamageNormal_U_F,/Game/_Art/Enemies/HeinMach/Humanoids/Swordsman/Animations/SourceSequences/A_EN_SRC_CA_M_EmpSwd_DamageNormal_U_F,EquivalentSourceTimeline,,0.7,0.7,"[30, 1]",0
Swordsman,/Game/_Art/Enemies/HeinMach/Humanoids/Swordsman/Animations/PlaybackClips/A_EN_PLAY_AC_EmpireSword_DamageNormal_U_F_2,/Game/_Art/Enemies/HeinMach/Humanoids/Swordsman/Animations/SourceSequences/A_EN_SRC_CA_M_EmpSwd_DamageNormal_U_F2,EquivalentSourceTimeline,,0.7,0.7,"[30, 1]",0
Swordsman,/Game/_Art/Enemies/HeinMach/Humanoids/Swordsman/Animations/PlaybackClips/A_EN_PLAY_AC_EmpireSword_DamageStrong_D_F,/Game/_Art/Enemies/HeinMach/Humanoids/Swordsman/Animations/SourceSequences/A_EN_SRC_CA_M_EmpSwd_DamageStrong_D_F,EquivalentSourceTimeline,,1.1,1.1,"[30, 1]",0
Swordsman,/Game/_Art/Enemies/HeinMach/Humanoids/Swordsman/Animations/PlaybackClips/A_EN_PLAY_AC_EmpireSword_DamageStrong_D_F_2,/Game/_Art/Enemies/HeinMach/Humanoids/Swordsman/Animations/SourceSequences/A_EN_SRC_CA_M_EmpSwd_DamageStrong_D_F2,EquivalentSourceTimeline,,1.1,1.1,"[30, 1]",0
Swordsman,/Game/_Art/Enemies/HeinMach/Humanoids/Swordsman/Animations/PlaybackClips/A_EN_PLAY_AC_EmpireSword_DamageStrong_L_F,/Game/_Art/Enemies/HeinMach/Humanoids/Swordsman/Animations/SourceSequences/A_EN_SRC_CA_M_EmpSwd_DamageStrong_L_F,EquivalentSourceTimeline,,1.1,1.1,"[30, 1]",0
Swordsman,/Game/_Art/Enemies/HeinMach/Humanoids/Swordsman/Animations/PlaybackClips/A_EN_PLAY_AC_EmpireSword_DamageStrong_L_F_2,/Game/_Art/Enemies/HeinMach/Humanoids/Swordsman/Animations/SourceSequences/A_EN_SRC_CA_M_EmpSwd_DamageStrong_L_F2,EquivalentSourceTimeline,,1.1,1.1,"[30, 1]",0
Swordsman,/Game/_Art/Enemies/HeinMach/Humanoids/Swordsman/Animations/PlaybackClips/A_EN_PLAY_AC_EmpireSword_DamageStrong_R_F,/Game/_Art/Enemies/HeinMach/Humanoids/Swordsman/Animations/SourceSequences/A_EN_SRC_CA_M_EmpSwd_DamageStrong_R_F,EquivalentSourceTimeline,,1.1,1.1,"[30, 1]",0
Swordsman,/Game/_Art/Enemies/HeinMach/Humanoids/Swordsman/Animations/PlaybackClips/A_EN_PLAY_AC_EmpireSword_DamageStrong_R_F_2,/Game/_Art/Enemies/HeinMach/Humanoids/Swordsman/Animations/SourceSequences/A_EN_SRC_CA_M_EmpSwd_DamageStrong_R_F2,EquivalentSourceTimeline,,1.1,1.1,"[30, 1]",0
Swordsman,/Game/_Art/Enemies/HeinMach/Humanoids/Swordsman/Animations/PlaybackClips/A_EN_PLAY_AC_EmpireSword_DamageStrong_U_F,/Game/_Art/Enemies/HeinMach/Humanoids/Swordsman/Animations/SourceSequences/A_EN_SRC_CA_M_EmpSwd_DamageStrong_U_F,EquivalentSourceTimeline,,1.1,1.1,"[30, 1]",0
Swordsman,/Game/_Art/Enemies/HeinMach/Humanoids/Swordsman/Animations/PlaybackClips/A_EN_PLAY_AC_EmpireSword_DamageStrong_U_F_2,/Game/_Art/Enemies/HeinMach/Humanoids/Swordsman/Animations/SourceSequences/A_EN_SRC_CA_M_EmpSwd_DamageStrong_U_F2,EquivalentSourceTimeline,,1.1,1.1,"[30, 1]",0
Swordsman,/Game/_Art/Enemies/HeinMach/Humanoids/Swordsman/Animations/PlaybackClips/A_EN_PLAY_AC_EmpireSword_DamageWeak_D_F,/Game/_Art/Enemies/HeinMach/Humanoids/Swordsman/Animations/SourceSequences/A_EN_SRC_CA_M_EmpSwd_DamageWeak_D_F,EquivalentSourceTimeline,,0.4,0.4,"[30, 1]",0
Swordsman,/Game/_Art/Enemies/HeinMach/Humanoids/Swordsman/Animations/PlaybackClips/A_EN_PLAY_AC_EmpireSword_DamageWeak_L_F,/Game/_Art/Enemies/HeinMach/Humanoids/Swordsman/Animations/SourceSequences/A_EN_SRC_CA_M_EmpSwd_DamageWeak_L_F,EquivalentSourceTimeline,,0.4,0.4,"[30, 1]",0
Swordsman,/Game/_Art/Enemies/HeinMach/Humanoids/Swordsman/Animations/PlaybackClips/A_EN_PLAY_AC_EmpireSword_DamageWeak_R_F,/Game/_Art/Enemies/HeinMach/Humanoids/Swordsman/Animations/SourceSequences/A_EN_SRC_CA_M_EmpSwd_DamageWeak_R_F,EquivalentSourceTimeline,,0.4,0.4,"[30, 1]",0
Swordsman,/Game/_Art/Enemies/HeinMach/Humanoids/Swordsman/Animations/PlaybackClips/A_EN_PLAY_AC_EmpireSword_DamageWeak_U_F,/Game/_Art/Enemies/HeinMach/Humanoids/Swordsman/Animations/SourceSequences/A_EN_SRC_CA_M_EmpSwd_DamageWeak_U_F,EquivalentSourceTimeline,,0.4,0.4,"[30, 1]",0
Swordsman,/Game/_Art/Enemies/HeinMach/Humanoids/Swordsman/Animations/PlaybackClips/A_EN_PLAY_AC_EmpireSword_Down_Die_B,/Game/_Art/Enemies/HeinMach/Humanoids/Swordsman/Animations/SourceSequences/A_EN_SRC_CA_M_EmpSwd_Down_Loop_B,ChangedTimeline,source_trim,11.0,11.0,"[30, 1]",0
Swordsman,/Game/_Art/Enemies/HeinMach/Humanoids/Swordsman/Animations/PlaybackClips/A_EN_PLAY_AC_EmpireSword_Down_Die_B_Wraith,/Game/_Art/Enemies/HeinMach/Humanoids/Swordsman/Animations/SourceSequences/A_EN_SRC_CA_M_EmpSwd_Down_Loop_B,ChangedTimeline,source_trim,11.0,11.0,"[30, 1]",0
Swordsman,/Game/_Art/Enemies/HeinMach/Humanoids/Swordsman/Animations/PlaybackClips/A_EN_PLAY_AC_EmpireSword_Down_Die_F,/Game/_Art/Enemies/HeinMach/Humanoids/Swordsman/Animations/SourceSequences/A_EN_SRC_CA_M_EmpSwd_Down_Loop_F,ChangedTimeline,source_trim,11.0,11.0,"[30, 1]",0
Swordsman,/Game/_Art/Enemies/HeinMach/Humanoids/Swordsman/Animations/PlaybackClips/A_EN_PLAY_AC_EmpireSword_Down_Die_F_Wraith,/Game/_Art/Enemies/HeinMach/Humanoids/Swordsman/Animations/SourceSequences/A_EN_SRC_CA_M_EmpSwd_Down_Loop_F,ChangedTimeline,source_trim,11.0,11.0,"[30, 1]",0
Swordsman,/Game/_Art/Enemies/HeinMach/Humanoids/Swordsman/Animations/PlaybackClips/A_EN_PLAY_AC_EmpireSword_Down_Loop_B,/Game/_Art/Enemies/HeinMach/Humanoids/Swordsman/Animations/SourceSequences/A_EN_SRC_CA_M_EmpSwd_Down_Loop_B,EquivalentSourceTimeline,,1.6,1.6,"[30, 1]",0
Swordsman,/Game/_Art/Enemies/HeinMach/Humanoids/Swordsman/Animations/PlaybackClips/A_EN_PLAY_AC_EmpireSword_Down_Loop_F,/Game/_Art/Enemies/HeinMach/Humanoids/Swordsman/Animations/SourceSequences/A_EN_SRC_CA_M_EmpSwd_Down_Loop_F,EquivalentSourceTimeline,,1.6,1.6,"[30, 1]",0
Swordsman,/Game/_Art/Enemies/HeinMach/Humanoids/Swordsman/Animations/PlaybackClips/A_EN_PLAY_AC_EmpireSword_Getup_B,/Game/_Art/Enemies/HeinMach/Humanoids/Swordsman/Animations/SourceSequences/A_EN_SRC_CA_M_EmpSwd_Getup_B,EquivalentSourceTimeline,,2.0,2.0,"[30, 1]",0
Swordsman,/Game/_Art/Enemies/HeinMach/Humanoids/Swordsman/Animations/PlaybackClips/A_EN_PLAY_AC_EmpireSword_Getup_F,/Game/_Art/Enemies/HeinMach/Humanoids/Swordsman/Animations/SourceSequences/A_EN_SRC_CA_M_EmpSwd_Getup_F,EquivalentSourceTimeline,,1.6666666,1.6666666,"[30, 1]",0
Swordsman,/Game/_Art/Enemies/HeinMach/Humanoids/Swordsman/Animations/PlaybackClips/A_EN_PLAY_AC_EmpireSword_Groggy_End,/Game/_Art/Enemies/HeinMach/Humanoids/Swordsman/Animations/SourceSequences/A_EN_SRC_CA_M_EmpSwd_Groggy_F_End,EquivalentSourceTimeline,,0.76666665,0.76666665,"[30, 1]",0
Swordsman,/Game/_Art/Enemies/HeinMach/Humanoids/Swordsman/Animations/PlaybackClips/A_EN_PLAY_AC_EmpireSword_Groggy_Loop,/Game/_Art/Enemies/HeinMach/Humanoids/Swordsman/Animations/SourceSequences/A_EN_SRC_CA_M_EmpSwd_Groggy_F_Loop,EquivalentSourceTimeline,,1.5,1.5,"[30, 1]",0
Swordsman,/Game/_Art/Enemies/HeinMach/Humanoids/Swordsman/Animations/PlaybackClips/A_EN_PLAY_AC_EmpireSword_Groggy_Start,/Game/_Art/Enemies/HeinMach/Humanoids/Swordsman/Animations/SourceSequences/A_EN_SRC_CA_M_EmpSwd_Groggy_F_Start,EquivalentSourceTimeline,,0.6666667,0.6666667,"[30, 1]",0
Swordsman,/Game/_Art/Enemies/HeinMach/Humanoids/Swordsman/Animations/PlaybackClips/A_EN_PLAY_AC_EmpireSword_Ground_Die_F,/Game/_Art/Enemies/HeinMach/Humanoids/Swordsman/Animations/SourceSequences/A_EN_SRC_CA_M_EmpSwd_Die_F,ChangedTimeline,source_trim,11.0,11.0,"[30, 1]",0
Swordsman,/Game/_Art/Enemies/HeinMach/Humanoids/Swordsman/Animations/PlaybackClips/A_EN_PLAY_AC_EmpireSword_Ground_Die_F_2,/Game/_Art/Enemies/HeinMach/Humanoids/Swordsman/Animations/SourceSequences/A_EN_SRC_CA_M_EmpSwd_Die_F2,ChangedTimeline,source_trim,11.0,11.0,"[30, 1]",0
Swordsman,/Game/_Art/Enemies/HeinMach/Humanoids/Swordsman/Animations/PlaybackClips/A_EN_PLAY_AC_EmpireSword_Ground_Die_F_Wraith,/Game/_Art/Enemies/HeinMach/Humanoids/Swordsman/Animations/SourceSequences/A_EN_SRC_CA_M_EmpSwd_Die_F,ChangedTimeline,source_trim,11.0,11.0,"[30, 1]",0
Swordsman,/Game/_Art/Enemies/HeinMach/Humanoids/Swordsman/Animations/PlaybackClips/A_EN_PLAY_AC_EmpireSword_Ground_Die_F_Wraith02,/Game/_Art/Enemies/HeinMach/Humanoids/Swordsman/Animations/SourceSequences/A_EN_SRC_CA_M_EmpSwd_Die_F2,ChangedTimeline,source_trim,11.0,11.0,"[30, 1]",0
Swordsman,/Game/_Art/Enemies/HeinMach/Humanoids/Swordsman/Animations/PlaybackClips/A_EN_PLAY_AC_EmpireSword_LockOnWalk_B,/Game/_Art/Enemies/HeinMach/Humanoids/Swordsman/Animations/SourceSequences/A_EN_SRC_CA_M_EmpSwd_LockOnWalk_B,EquivalentSourceTimeline,,1.0,1.0,"[30, 1]",0
Swordsman,/Game/_Art/Enemies/HeinMach/Humanoids/Swordsman/Animations/PlaybackClips/A_EN_PLAY_AC_EmpireSword_LockOnWalk_F,/Game/_Art/Enemies/HeinMach/Humanoids/Swordsman/Animations/SourceSequences/A_EN_SRC_CA_M_EmpSwd_LockOnWalk_F,EquivalentSourceTimeline,,1.0,1.0,"[30, 1]",0
Swordsman,/Game/_Art/Enemies/HeinMach/Humanoids/Swordsman/Animations/PlaybackClips/A_EN_PLAY_AC_EmpireSword_LockOnWalk_L,/Game/_Art/Enemies/HeinMach/Humanoids/Swordsman/Animations/SourceSequences/A_EN_SRC_CA_M_EmpSwd_LockOnWalk_L,EquivalentSourceTimeline,,1.0,1.0,"[30, 1]",0
Swordsman,/Game/_Art/Enemies/HeinMach/Humanoids/Swordsman/Animations/PlaybackClips/A_EN_PLAY_AC_EmpireSword_LockOnWalk_R,/Game/_Art/Enemies/HeinMach/Humanoids/Swordsman/Animations/SourceSequences/A_EN_SRC_CA_M_EmpSwd_LockOnWalk_R,EquivalentSourceTimeline,,1.0,1.0,"[30, 1]",0
Swordsman,/Game/_Art/Enemies/HeinMach/Humanoids/Swordsman/Animations/PlaybackClips/A_EN_PLAY_AC_EmpireSword_Run_F,/Game/_Art/Enemies/HeinMach/Humanoids/Swordsman/Animations/SourceSequences/A_EN_SRC_CA_M_EmpSwd_Run_F,EquivalentSourceTimeline,,0.76666665,0.76666665,"[30, 1]",0
Swordsman,/Game/_Art/Enemies/HeinMach/Humanoids/Swordsman/Animations/PlaybackClips/A_EN_PLAY_AC_EmpireSword_Stand_F,/Game/_Art/Enemies/HeinMach/Humanoids/Swordsman/Animations/SourceSequences/A_EN_SRC_CA_M_EmpSwd_Stand_F,ChangedTimeline,source_trim,1.6666666,1.6666666,"[30, 1]",0
Swordsman,/Game/_Art/Enemies/HeinMach/Humanoids/Swordsman/Animations/PlaybackClips/A_EN_PLAY_AC_EmpireSword_Turn_L,/Game/_Art/Enemies/HeinMach/Humanoids/Swordsman/Animations/SourceSequences/A_EN_SRC_CA_M_EmpSwd_Turn_L,EquivalentSourceTimeline,,1.0333333,1.0333333,"[30, 1]",0
Swordsman,/Game/_Art/Enemies/HeinMach/Humanoids/Swordsman/Animations/PlaybackClips/A_EN_PLAY_AC_EmpireSword_Turn_L_180,/Game/_Art/Enemies/HeinMach/Humanoids/Swordsman/Animations/SourceSequences/A_EN_SRC_CA_M_EmpSwd_Turn_L_180,EquivalentSourceTimeline,,1.4333333,1.4333333,"[30, 1]",0
Swordsman,/Game/_Art/Enemies/HeinMach/Humanoids/Swordsman/Animations/PlaybackClips/A_EN_PLAY_AC_EmpireSword_Turn_R,/Game/_Art/Enemies/HeinMach/Humanoids/Swordsman/Animations/SourceSequences/A_EN_SRC_CA_M_EmpSwd_Turn_R,EquivalentSourceTimeline,,1.0333333,1.0333333,"[30, 1]",0
Swordsman,/Game/_Art/Enemies/HeinMach/Humanoids/Swordsman/Animations/PlaybackClips/A_EN_PLAY_AC_EmpireSword_Turn_R_180,/Game/_Art/Enemies/HeinMach/Humanoids/Swordsman/Animations/SourceSequences/A_EN_SRC_CA_M_EmpSwd_Turn_R_180,EquivalentSourceTimeline,,1.3333334,1.3333334,"[30, 1]",0
Swordsman,/Game/_Art/Enemies/HeinMach/Humanoids/Swordsman/Animations/PlaybackClips/A_EN_PLAY_AC_EmpireSword_Walk_F,/Game/_Art/Enemies/HeinMach/Humanoids/Swordsman/Animations/SourceSequences/A_EN_SRC_CA_M_EmpSwd_Walk_F,EquivalentSourceTimeline,,1.0,1.0,"[30, 1]",0
Swordsman,/Game/_Art/Enemies/HeinMach/Humanoids/Swordsman/Animations/PlaybackClips/A_EN_PLAY_AC_M_EmpSwd_DamageParry_F,/Game/_Art/Enemies/HeinMach/Humanoids/Swordsman/Animations/SourceSequences/A_EN_SRC_CA_M_EmpSwd_DamageParry_F,EquivalentSourceTimeline,,1.5,1.5,"[30, 1]",0
Swordsman,/Game/_Art/Enemies/HeinMach/Humanoids/Swordsman/Animations/PlaybackClips/A_EN_PLAY_AC_EmpireSword_Ballista_Attack,/Game/_Art/Enemies/HeinMach/Humanoids/Swordsman/Animations/SourceSequences/A_EN_SRC_CA_M_EmpSwd_Ballista_Hand_Start,ChangedTimeline,dilation_time_warp,3.6666667,2.5319695,"[5396065, 89886]",1.1346973
Swordsman,/Game/_Art/Enemies/HeinMach/Humanoids/Swordsman/Animations/PlaybackClips/A_EN_PLAY_AC_EmpireSword_Ballista_HandBattle,/Game/_Art/Enemies/HeinMach/Humanoids/Swordsman/Animations/SourceSequences/A_EN_SRC_CA_M_EmpSwd_Ballista_Hand_Battle,EquivalentSourceTimeline,,2.3333333,2.3333333,"[30, 1]",0
Swordsman,/Game/_Art/Enemies/HeinMach/Humanoids/Swordsman/Animations/PlaybackClips/A_EN_PLAY_AC_EmpireSword_Ballista_Idle,/Game/_Art/Enemies/HeinMach/Humanoids/Swordsman/Animations/SourceSequences/A_EN_SRC_CA_M_EmpSwd_Ballista_Hand_Idle,ChangedTimeline,dilation_time_warp,1.8333334,1.0185195,"[1905667, 31819]",0.8148138999999999
Swordsman,/Game/_Art/Enemies/HeinMach/Humanoids/Swordsman/Animations/PlaybackClips/A_EN_PLAY_AC_EmpireSword_Ballista_Loop,/Game/_Art/Enemies/HeinMach/Humanoids/Swordsman/Animations/SourceSequences/A_EN_SRC_CA_M_EmpSwd_Ballista_Hand_Idle,EquivalentSourceTimeline,,1.8333334,1.8333334,"[30, 1]",0
Swordsman,/Game/_Art/Enemies/HeinMach/Humanoids/Swordsman/Animations/PlaybackClips/A_EN_PLAY_AC_EmpireSword_Ballista_Reload,/Game/_Art/Enemies/HeinMach/Humanoids/Swordsman/Animations/SourceSequences/A_EN_SRC_CA_M_EmpSwd_Ballista_Ballista_Hand_End,ChangedTimeline,dilation_time_warp,4.1,3.5256155,"[155199, 2581]",0.7063725000000001
Swordsman,/Game/_Art/Enemies/HeinMach/Humanoids/Swordsman/Animations/PlaybackClips/A_EN_PLAY_AC_EmpireSword_Fear_Battle,/Game/_Art/Enemies/HeinMach/Humanoids/Swordsman/Animations/SourceSequences/A_EN_SRC_CA_M_EmpSwd_CarryASword,EquivalentSourceTimeline,,1.5666667,1.5666659,"[2043481, 34058]",9.000000000813912e-07
Swordsman,/Game/_Art/Enemies/HeinMach/Humanoids/Swordsman/Animations/PlaybackClips/A_EN_PLAY_AC_EmpireSword_Fear_Loop_01,/Game/_Art/Enemies/HeinMach/Humanoids/SharedSourceReferences/Animations/SourceSequences/A_EN_SRC_CA_M_Human_Adult_M_Stand_Sick_F,EquivalentSourceTimeline,,14.933333,14.933333,"[30, 1]",0
Swordsman,/Game/_Art/Enemies/HeinMach/Humanoids/Swordsman/Animations/PlaybackClips/A_EN_PLAY_AC_EmpireSword_Fear_Start,/Game/_Art/Enemies/HeinMach/Humanoids/SharedSourceReferences/Animations/SourceSequences/A_EN_SRC_CA_M_PicaCoward_Run_F_Fear_Ty3,ChangedTimeline,source_trim,3.523333,3.5233302,"[3030857, 50610]",2.9999999999752447e-06
Swordsman,/Game/_Art/Enemies/HeinMach/Humanoids/Swordsman/Animations/PlaybackClips/A_EN_PLAY_AC_EmpireSword_Fear_Suprise,/Game/_Art/Enemies/HeinMach/Humanoids/SharedSourceReferences/Animations/SourceSequences/A_EN_SRC_CA_M_Human_Adult_M_PicaroonAxe_DamageParry_F2,ChangedTimeline,dilation_time_warp,0.8666667,1.0659028,"[984465, 16396]",0.19923650999999998
Swordsman,/Game/_Art/Enemies/HeinMach/Humanoids/Swordsman/Animations/PlaybackClips/A_EN_PLAY_AC_EmpireSword_Pierce_LockOnWalk_B,/Game/_Art/Enemies/HeinMach/Humanoids/Swordsman/Animations/SourceSequences/A_EN_SRC_CA_M_EmpSwd_LockOnWalk_B,EquivalentSourceTimeline,,1.0,1.0,"[30, 1]",0
Swordsman,/Game/_Art/Enemies/HeinMach/Humanoids/Swordsman/Animations/PlaybackClips/A_EN_PLAY_AC_EmpireSword_Pierce_Step1,/Game/_Art/Enemies/HeinMach/Humanoids/Swordsman/Animations/SourceSequences/A_EN_SRC_CA_M_EmpSwd_Pierce_Step1,ChangedTimeline,dilation_time_warp | source_trim,1.3666667,1.0761753,"[5196737, 86040]",0.29049139999999984
Swordsman,/Game/_Art/Enemies/HeinMach/Humanoids/Swordsman/Animations/PlaybackClips/A_EN_PLAY_AC_EmpireSword_Pierce_Step2,/Game/_Art/Enemies/HeinMach/Humanoids/Swordsman/Animations/SourceSequences/A_EN_SRC_CA_M_EmpSwd_Pierce_Step2,ChangedTimeline,dilation_time_warp | source_trim,2.0333333,1.932713,"[1573885, 26223]",0.10062039999999994
Swordsman,/Game/_Art/Enemies/HeinMach/Humanoids/Swordsman/Animations/PlaybackClips/A_EN_PLAY_AC_EmpireSword_Push_Kick,/Game/_Art/Enemies/HeinMach/Humanoids/Swordsman/Animations/SourceSequences/A_EN_SRC_CA_M_EmpSwd_Push_Kick,ChangedTimeline,dilation_time_warp,2.8,2.2696931,"[1546595, 25811]",0.5303068999999998
Swordsman,/Game/_Art/Enemies/HeinMach/Humanoids/Swordsman/Animations/PlaybackClips/A_EN_PLAY_AC_EmpireSword_Push_Kick_Loop,/Game/_Art/Enemies/HeinMach/Humanoids/Swordsman/Animations/SourceSequences/A_EN_SRC_CA_M_EmpSwd_Stand_F,ChangedTimeline,dilation_time_warp,7.0,7.0000362,"[5220993, 87017]",3.639999999993648e-05
Swordsman,/Game/_Art/Enemies/HeinMach/Humanoids/Swordsman/Animations/PlaybackClips/A_EN_PLAY_AC_EmpireSword_Push_Kick_Ready,/Game/_Art/Enemies/HeinMach/Humanoids/Swordsman/Animations/SourceSequences/A_EN_SRC_CA_M_EmpSwd_Stand_F,ChangedTimeline,dilation_time_warp,7.0,6.4697247,"[1662114, 27715]",0.5303085000000003
Swordsman,/Game/_Art/Enemies/HeinMach/Humanoids/Swordsman/Animations/PlaybackClips/A_EN_PLAY_AC_EmpireSword_RushAttack_End,/Game/_Art/Enemies/HeinMach/Humanoids/Swordsman/Animations/SourceSequences/A_EN_SRC_CA_M_EmpSwd_RushAttack_End,EquivalentSourceTimeline,,0.9,0.9,"[30, 1]",0
Swordsman,/Game/_Art/Enemies/HeinMach/Humanoids/Swordsman/Animations/PlaybackClips/A_EN_PLAY_AC_EmpireSword_RushAttack_Hit,/Game/_Art/Enemies/HeinMach/Humanoids/Swordsman/Animations/SourceSequences/A_EN_SRC_CA_M_EmpSwd_RushAttack_Hit,ChangedTimeline,dilation_time_warp,2.0333333,2.3442345,"[5570627, 92616]",0.31090285
Swordsman,/Game/_Art/Enemies/HeinMach/Humanoids/Swordsman/Animations/PlaybackClips/A_EN_PLAY_AC_EmpireSword_RushAttack_Loop,/Game/_Art/Enemies/HeinMach/Humanoids/Swordsman/Animations/SourceSequences/A_EN_SRC_CA_M_EmpSwd_RushAttack_Loop,EquivalentSourceTimeline,,0.8,0.8,"[30, 1]",0
Swordsman,/Game/_Art/Enemies/HeinMach/Humanoids/Swordsman/Animations/PlaybackClips/A_EN_PLAY_AC_EmpireSword_RushAttack_Start,/Game/_Art/Enemies/HeinMach/Humanoids/Swordsman/Animations/SourceSequences/A_EN_SRC_CA_M_EmpSwd_RushAttack_Start,EquivalentSourceTimeline,,0.6666667,0.6666667,"[30, 1]",0
Swordsman,/Game/_Art/Enemies/HeinMach/Humanoids/Swordsman/Animations/PlaybackClips/A_EN_PLAY_AC_EmpireSword_Slash_Step1,/Game/_Art/Enemies/HeinMach/Humanoids/Swordsman/Animations/SourceSequences/A_EN_SRC_CA_M_EmpSwd_Slash_Step1,ChangedTimeline,dilation_time_warp,2.6666667,2.6166499,"[3589463, 59824]",0.32559869999999996
Swordsman,/Game/_Art/Enemies/HeinMach/Humanoids/Swordsman/Animations/PlaybackClips/A_EN_PLAY_AC_EmpireSword_Slash_Step2,/Game/_Art/Enemies/HeinMach/Humanoids/Swordsman/Animations/SourceSequences/A_EN_SRC_CA_M_EmpSwd_Slash_Step2,ChangedTimeline,dilation_time_warp,1.0666667,1.9363856,"[5766556, 96261]",0.8697188999999999
Swordsman,/Game/_Art/Enemies/HeinMach/Humanoids/Swordsman/Animations/PlaybackClips/A_EN_PLAY_AC_EmpireSword_Smash,/Game/_Art/Enemies/HeinMach/Humanoids/Swordsman/Animations/SourceSequences/A_EN_SRC_CA_M_EmpSwd_Smash,ChangedTimeline,dilation_time_warp,1.7,2.7133946,"[2996409, 49880]",1.0133946
Swordsman,/Game/_Art/Enemies/HeinMach/Humanoids/Swordsman/Animations/PlaybackClips/A_EN_PLAY_AC_EmpireSword_Stand_F_9c49ca6b,/Game/_Art/Enemies/HeinMach/Humanoids/Swordsman/Animations/SourceSequences/A_EN_SRC_CA_M_EmpSwd_Stand_F,ChangedTimeline,source_trim,0.5,0.5,"[30, 1]",0
Swordsman,/Game/_Art/Enemies/HeinMach/Humanoids/Swordsman/Animations/PlaybackClips/A_EN_PLAY_AC_EmpireSword_Vigilant_FreakOut_Armed,/Game/_Art/Enemies/HeinMach/Humanoids/Swordsman/Animations/SourceSequences/A_EN_SRC_CA_M_Human_Adult_M_EmpireSword_Vigilant_FreakOut_Equip,EquivalentSourceTimeline,,1.8666667,1.8666667,"[30, 1]",0
Swordsman,/Game/_Art/Enemies/HeinMach/Humanoids/Swordsman/Animations/PlaybackClips/A_EN_PLAY_AC_EmpireSword_Vigilant_FreakOut_UnArmed,/Game/_Art/Enemies/HeinMach/Humanoids/Swordsman/Animations/SourceSequences/A_EN_SRC_CA_M_Human_Adult_M_EmpireSword_Vigilant_FreakOut_UnEquip,EquivalentSourceTimeline,,2.0333333,2.0333333,"[30, 1]",0
Swordsman,/Game/_Art/Enemies/HeinMach/Humanoids/Swordsman/Animations/PlaybackClips/A_EN_PLAY_AC_EmpireSword_Vigilant_LookAround,/Game/_Art/Enemies/HeinMach/Humanoids/Swordsman/Animations/SourceSequences/A_EN_SRC_CA_M_Human_Adult_M_EmpireSword_Vigilant_LookAround,EquivalentSourceTimeline,,9.5,9.5,"[30, 1]",0
HeavySwordsman,/Game/_Art/Enemies/HeinMach/Humanoids/HeavySwordsman/Animations/PlaybackClips/A_EN_PLAY_AC_EmpireSwordHArmor_Basic_End_01,/Game/_Art/Enemies/HeinMach/Humanoids/HeavySwordsman/Animations/SourceSequences/A_EN_SRC_CA_M_EmpireSwordHArmor_Basic_End_01,EquivalentSourceTimeline,,1.6666666,1.6666666,"[30, 1]",0
HeavySwordsman,/Game/_Art/Enemies/HeinMach/Humanoids/HeavySwordsman/Animations/PlaybackClips/A_EN_PLAY_AC_EmpireSwordHArmor_Basic_End_02,/Game/_Art/Enemies/HeinMach/Humanoids/HeavySwordsman/Animations/SourceSequences/A_EN_SRC_CA_M_EmpireSwordHArmor_Basic_End_02,EquivalentSourceTimeline,,1.0,1.0,"[30, 1]",0
HeavySwordsman,/Game/_Art/Enemies/HeinMach/Humanoids/HeavySwordsman/Animations/PlaybackClips/A_EN_PLAY_AC_EmpireSwordHArmor_Basic_End_03,/Game/_Art/Enemies/HeinMach/Humanoids/HeavySwordsman/Animations/SourceSequences/A_EN_SRC_CA_M_EmpireSwordHArmor_Basic_End_03,EquivalentSourceTimeline,,1.6666666,1.6666666,"[30, 1]",0
HeavySwordsman,/Game/_Art/Enemies/HeinMach/Humanoids/HeavySwordsman/Animations/PlaybackClips/A_EN_PLAY_AC_EmpireSwordHArmor_Basic_Loop_01,/Game/_Art/Enemies/HeinMach/Humanoids/HeavySwordsman/Animations/SourceSequences/A_EN_SRC_CA_M_EmpireSwordHArmor_Basic_Loop_01,EquivalentSourceTimeline,,10.166667,10.166667,"[30, 1]",0
HeavySwordsman,/Game/_Art/Enemies/HeinMach/Humanoids/HeavySwordsman/Animations/PlaybackClips/A_EN_PLAY_AC_EmpireSwordHArmor_Basic_Loop_02,/Game/_Art/Enemies/HeinMach/Humanoids/HeavySwordsman/Animations/SourceSequences/A_EN_SRC_CA_M_EmpireSwordHArmor_Basic_Loop_02,ChangedTimeline,source_trim,12.0,12.0,"[30, 1]",0
HeavySwordsman,/Game/_Art/Enemies/HeinMach/Humanoids/HeavySwordsman/Animations/PlaybackClips/A_EN_PLAY_AC_EmpireSwordHArmor_Basic_Loop_03,/Game/_Art/Enemies/HeinMach/Humanoids/HeavySwordsman/Animations/SourceSequences/A_EN_SRC_CA_M_EmpireSwordHArmor_Basic_Loop_03,EquivalentSourceTimeline,,2.8333333,2.8333333,"[30, 1]",0
HeavySwordsman,/Game/_Art/Enemies/HeinMach/Humanoids/HeavySwordsman/Animations/PlaybackClips/A_EN_PLAY_AC_EmpireSwordHArmor_Basic_Search_End_01,/Game/_Art/Enemies/HeinMach/Humanoids/HeavySwordsman/Animations/SourceSequences/A_EN_SRC_CA_M_EmpireSwordHArmor_Basic_Search_End_01,EquivalentSourceTimeline,,1.1666666,1.1666666,"[30, 1]",0
HeavySwordsman,/Game/_Art/Enemies/HeinMach/Humanoids/HeavySwordsman/Animations/PlaybackClips/A_EN_PLAY_AC_EmpireSwordHArmor_Basic_Search_Loop_01,/Game/_Art/Enemies/HeinMach/Humanoids/HeavySwordsman/Animations/SourceSequences/A_EN_SRC_CA_M_EmpireSwordHArmor_Basic_Search_Loop_01,EquivalentSourceTimeline,,8.833333,8.833333,"[30, 1]",0
HeavySwordsman,/Game/_Art/Enemies/HeinMach/Humanoids/HeavySwordsman/Animations/PlaybackClips/A_EN_PLAY_AC_EmpireSwordHArmor_Basic_Sit_End_01,/Game/_Art/Enemies/HeinMach/Humanoids/HeavySwordsman/Animations/SourceSequences/A_EN_SRC_CA_M_EmpireSwordHArmor_Basic_Sit_End_01,EquivalentSourceTimeline,,1.5,1.5,"[30, 1]",0
HeavySwordsman,/Game/_Art/Enemies/HeinMach/Humanoids/HeavySwordsman/Animations/PlaybackClips/A_EN_PLAY_AC_EmpireSwordHArmor_Basic_Sit_Loop_01,/Game/_Art/Enemies/HeinMach/Humanoids/HeavySwordsman/Animations/SourceSequences/A_EN_SRC_CA_M_EmpireSwordHArmor_Basic_Sit_Loop_01,EquivalentSourceTimeline,,7.6666665,7.6666665,"[30, 1]",0
HeavySwordsman,/Game/_Art/Enemies/HeinMach/Humanoids/HeavySwordsman/Animations/PlaybackClips/A_EN_PLAY_AC_EmpireSwordHArmor_Basic_Talk_End_01,/Game/_Art/Enemies/HeinMach/Humanoids/HeavySwordsman/Animations/SourceSequences/A_EN_SRC_CA_M_EmpireSwordHArmor_Basic_Talk_End_01,EquivalentSourceTimeline,,1.0,1.0,"[30, 1]",0
HeavySwordsman,/Game/_Art/Enemies/HeinMach/Humanoids/HeavySwordsman/Animations/PlaybackClips/A_EN_PLAY_AC_EmpireSwordHArmor_Basic_Talk_Loop_01,/Game/_Art/Enemies/HeinMach/Humanoids/HeavySwordsman/Animations/SourceSequences/A_EN_SRC_CA_M_EmpireSwordHArmor_Basic_Talk_Loop_01,EquivalentSourceTimeline,,8.0,8.0,"[30, 1]",0
HeavySwordsman,/Game/_Art/Enemies/HeinMach/Humanoids/HeavySwordsman/Animations/PlaybackClips/A_EN_PLAY_AC_EmpireSwordHArmor_Falling,/Game/_Art/Enemies/HeinMach/Humanoids/HeavySwordsman/Animations/SourceSequences/A_EN_SRC_CA_M_ESwordHArmor_Stand,ChangedTimeline,source_trim,0.1,0.1,"[30, 1]",0
HeavySwordsman,/Game/_Art/Enemies/HeinMach/Humanoids/HeavySwordsman/Animations/PlaybackClips/A_EN_PLAY_AC_Empire_SwordHArmor_DamageDown_B,/Game/_Art/Enemies/HeinMach/Humanoids/HeavySwordsman/Animations/SourceSequences/A_EN_SRC_CA_M_ESwordHArmor_DamageDown_B,EquivalentSourceTimeline,,0.7,0.7,"[30, 1]",0
HeavySwordsman,/Game/_Art/Enemies/HeinMach/Humanoids/HeavySwordsman/Animations/PlaybackClips/A_EN_PLAY_AC_Empire_SwordHArmor_DamageDown_F,/Game/_Art/Enemies/HeinMach/Humanoids/HeavySwordsman/Animations/SourceSequences/A_EN_SRC_CA_M_ESwordHArmor_DamageDown_F,EquivalentSourceTimeline,,0.7,0.7,"[30, 1]",0
HeavySwordsman,/Game/_Art/Enemies/HeinMach/Humanoids/HeavySwordsman/Animations/PlaybackClips/A_EN_PLAY_AC_Empire_SwordHArmor_DamageFinalBlow,/Game/_Art/Enemies/OtherRegions/Humanoids/EliteShield_SourceReferences/Animations/SourceSequences/A_EN_SRC_CA_ESwordShield_DamFinalblow,ChangedTimeline,source_trim,3.5,3.5,"[30, 1]",0
HeavySwordsman,/Game/_Art/Enemies/HeinMach/Humanoids/HeavySwordsman/Animations/PlaybackClips/A_EN_PLAY_AC_Empire_SwordHArmor_DamageFinalBlow_Wraith,/Game/_Art/Enemies/OtherRegions/Humanoids/EliteShield_SourceReferences/Animations/SourceSequences/A_EN_SRC_CA_ESwordShield_DamFinalblow,ChangedTimeline,source_trim,3.5,3.5,"[30, 1]",0
HeavySwordsman,/Game/_Art/Enemies/HeinMach/Humanoids/HeavySwordsman/Animations/PlaybackClips/A_EN_PLAY_AC_Empire_SwordHArmor_DamageGrapple_Atk_01,/Game/_Art/Enemies/HeinMach/Humanoids/HeavySwordsman/Animations/SourceSequences/A_EN_SRC_CA_M_ESwordHArmor_DamageGrapple_Atk_01,EquivalentSourceTimeline,,1.6,1.6,"[30, 1]",0
HeavySwordsman,/Game/_Art/Enemies/HeinMach/Humanoids/HeavySwordsman/Animations/PlaybackClips/A_EN_PLAY_AC_Empire_SwordHArmor_DamageGrapple_Atk_02,/Game/_Art/Enemies/HeinMach/Humanoids/HeavySwordsman/Animations/SourceSequences/A_EN_SRC_CA_M_ESwordHArmor_DamageGrapple_Atk_02,EquivalentSourceTimeline,,1.1,1.1,"[30, 1]",0
HeavySwordsman,/Game/_Art/Enemies/HeinMach/Humanoids/HeavySwordsman/Animations/PlaybackClips/A_EN_PLAY_AC_Empire_SwordHArmor_DamageGrapple_Atk_B_01,/Game/_Art/Enemies/HeinMach/Humanoids/HeavySwordsman/Animations/SourceSequences/A_EN_SRC_CA_M_ESwordHArmor_DamageGrapple_Atk_B_01,EquivalentSourceTimeline,,1.3333334,1.3333334,"[30, 1]",0
HeavySwordsman,/Game/_Art/Enemies/HeinMach/Humanoids/HeavySwordsman/Animations/PlaybackClips/A_EN_PLAY_AC_Empire_SwordHArmor_DamageGrapple_Atk_B_02,/Game/_Art/Enemies/HeinMach/Humanoids/HeavySwordsman/Animations/SourceSequences/A_EN_SRC_CA_M_ESwordHArmor_DamageGrapple_Atk_B_02,EquivalentSourceTimeline,,2.5,2.5,"[30, 1]",0
HeavySwordsman,/Game/_Art/Enemies/HeinMach/Humanoids/HeavySwordsman/Animations/PlaybackClips/A_EN_PLAY_AC_Empire_SwordHArmor_DamageNormal_D_B,/Game/_Art/Enemies/HeinMach/Humanoids/HeavySwordsman/Animations/SourceSequences/A_EN_SRC_CA_M_ESwordHArmor_DamageNormal_D_B,ChangedTimeline,dilation_time_warp,0.7,1.0132997,"[2527651, 41988]",0.31329969999999996
HeavySwordsman,/Game/_Art/Enemies/HeinMach/Humanoids/HeavySwordsman/Animations/PlaybackClips/A_EN_PLAY_AC_Empire_SwordHArmor_DamageNormal_D_F,/Game/_Art/Enemies/HeinMach/Humanoids/HeavySwordsman/Animations/SourceSequences/A_EN_SRC_CA_M_ESwordHArmor_DamageNormal_U_F,EquivalentSourceTimeline,,0.7,0.7,"[30, 1]",0
HeavySwordsman,/Game/_Art/Enemies/HeinMach/Humanoids/HeavySwordsman/Animations/PlaybackClips/A_EN_PLAY_AC_Empire_SwordHArmor_DamageNormal_L_F,/Game/_Art/Enemies/HeinMach/Humanoids/HeavySwordsman/Animations/SourceSequences/A_EN_SRC_CA_M_ESwordHArmor_DamageNormal_L_F,EquivalentSourceTimeline,,0.7,0.7,"[30, 1]",0
HeavySwordsman,/Game/_Art/Enemies/HeinMach/Humanoids/HeavySwordsman/Animations/PlaybackClips/A_EN_PLAY_AC_Empire_SwordHArmor_DamageNormal_R_F,/Game/_Art/Enemies/HeinMach/Humanoids/HeavySwordsman/Animations/SourceSequences/A_EN_SRC_CA_M_ESwordHArmor_DamageNormal_R_F,EquivalentSourceTimeline,,0.7,0.7,"[30, 1]",0
HeavySwordsman,/Game/_Art/Enemies/HeinMach/Humanoids/HeavySwordsman/Animations/PlaybackClips/A_EN_PLAY_AC_Empire_SwordHArmor_DamageNormal_U_B,/Game/_Art/Enemies/HeinMach/Humanoids/HeavySwordsman/Animations/SourceSequences/A_EN_SRC_CA_M_ESwordHArmor_DamageNormal_U_B,ChangedTimeline,dilation_time_warp,0.7,1.0132997,"[2527651, 41988]",0.31329969999999996
HeavySwordsman,/Game/_Art/Enemies/HeinMach/Humanoids/HeavySwordsman/Animations/PlaybackClips/A_EN_PLAY_AC_Empire_SwordHArmor_DamageNormal_U_F,/Game/_Art/Enemies/HeinMach/Humanoids/HeavySwordsman/Animations/SourceSequences/A_EN_SRC_CA_M_ESwordHArmor_DamageNormal_U_F,EquivalentSourceTimeline,,0.7,0.7,"[30, 1]",0
HeavySwordsman,/Game/_Art/Enemies/HeinMach/Humanoids/HeavySwordsman/Animations/PlaybackClips/A_EN_PLAY_AC_Empire_SwordHArmor_DamageParry_F,/Game/_Art/Enemies/HeinMach/Humanoids/HeavySwordsman/Animations/SourceSequences/A_EN_SRC_CA_M_ESwordHArmor_DamageParry_F,ChangedTimeline,source_trim,1.5333333,1.5333333,"[30, 1]",0
HeavySwordsman,/Game/_Art/Enemies/HeinMach/Humanoids/HeavySwordsman/Animations/PlaybackClips/A_EN_PLAY_AC_Empire_SwordHArmor_DamageStrong_D_F,/Game/_Art/Enemies/HeinMach/Humanoids/HeavySwordsman/Animations/SourceSequences/A_EN_SRC_CA_M_ESwordHArmor_DamageStrong_D_F,EquivalentSourceTimeline,,1.1,1.1,"[30, 1]",0
HeavySwordsman,/Game/_Art/Enemies/HeinMach/Humanoids/HeavySwordsman/Animations/PlaybackClips/A_EN_PLAY_AC_Empire_SwordHArmor_DamageStrong_D_F_2,/Game/_Art/Enemies/HeinMach/Humanoids/HeavySwordsman/Animations/SourceSequences/A_EN_SRC_CA_M_ESwordHArmor_DamageStrong_D_F2,EquivalentSourceTimeline,,1.1,1.1,"[30, 1]",0
HeavySwordsman,/Game/_Art/Enemies/HeinMach/Humanoids/HeavySwordsman/Animations/PlaybackClips/A_EN_PLAY_AC_Empire_SwordHArmor_DamageStrong_L_F,/Game/_Art/Enemies/HeinMach/Humanoids/HeavySwordsman/Animations/SourceSequences/A_EN_SRC_CA_M_ESwordHArmor_DamageStrong_L_F,EquivalentSourceTimeline,,1.1,1.1,"[30, 1]",0
HeavySwordsman,/Game/_Art/Enemies/HeinMach/Humanoids/HeavySwordsman/Animations/PlaybackClips/A_EN_PLAY_AC_Empire_SwordHArmor_DamageStrong_R_F,/Game/_Art/Enemies/HeinMach/Humanoids/HeavySwordsman/Animations/SourceSequences/A_EN_SRC_CA_M_ESwordHArmor_DamageStrong_R_F,EquivalentSourceTimeline,,1.1,1.1,"[30, 1]",0
HeavySwordsman,/Game/_Art/Enemies/HeinMach/Humanoids/HeavySwordsman/Animations/PlaybackClips/A_EN_PLAY_AC_Empire_SwordHArmor_DamageStrong_U_F,/Game/_Art/Enemies/HeinMach/Humanoids/HeavySwordsman/Animations/SourceSequences/A_EN_SRC_CA_M_ESwordHArmor_DamageStrong_U_F,EquivalentSourceTimeline,,1.0,1.0,"[30, 1]",0
HeavySwordsman,/Game/_Art/Enemies/HeinMach/Humanoids/HeavySwordsman/Animations/PlaybackClips/A_EN_PLAY_AC_Empire_SwordHArmor_DamageWeak_D_F,/Game/_Art/Enemies/HeinMach/Humanoids/HeavySwordsman/Animations/SourceSequences/A_EN_SRC_CA_M_ESwordHArmor_DamageWeak_D_F,EquivalentSourceTimeline,,0.4,0.4,"[30, 1]",0
HeavySwordsman,/Game/_Art/Enemies/HeinMach/Humanoids/HeavySwordsman/Animations/PlaybackClips/A_EN_PLAY_AC_Empire_SwordHArmor_DamageWeak_L_F,/Game/_Art/Enemies/HeinMach/Humanoids/HeavySwordsman/Animations/SourceSequences/A_EN_SRC_CA_M_ESwordHArmor_DamageWeak_L_F,EquivalentSourceTimeline,,0.4,0.4,"[30, 1]",0
HeavySwordsman,/Game/_Art/Enemies/HeinMach/Humanoids/HeavySwordsman/Animations/PlaybackClips/A_EN_PLAY_AC_Empire_SwordHArmor_DamageWeak_R_F,/Game/_Art/Enemies/HeinMach/Humanoids/HeavySwordsman/Animations/SourceSequences/A_EN_SRC_CA_M_ESwordHArmor_DamageWeak_R_F,EquivalentSourceTimeline,,0.4,0.4,"[30, 1]",0
HeavySwordsman,/Game/_Art/Enemies/HeinMach/Humanoids/HeavySwordsman/Animations/PlaybackClips/A_EN_PLAY_AC_Empire_SwordHArmor_DamageWeak_U_F,/Game/_Art/Enemies/HeinMach/Humanoids/HeavySwordsman/Animations/SourceSequences/A_EN_SRC_CA_M_ESwordHArmor_DamageWeak_U_F,EquivalentSourceTimeline,,0.4,0.4,"[30, 1]",0
HeavySwordsman,/Game/_Art/Enemies/HeinMach/Humanoids/HeavySwordsman/Animations/PlaybackClips/A_EN_PLAY_AC_Empire_SwordHArmor_Die_F,/Game/_Art/Enemies/HeinMach/Humanoids/HeavySwordsman/Animations/SourceSequences/A_EN_SRC_CA_M_ESwordHArmor_Die_F,ChangedTimeline,source_trim,6.0,6.0,"[30, 1]",0
HeavySwordsman,/Game/_Art/Enemies/HeinMach/Humanoids/HeavySwordsman/Animations/PlaybackClips/A_EN_PLAY_AC_Empire_SwordHArmor_Die_F_Wraith,/Game/_Art/Enemies/HeinMach/Humanoids/HeavySwordsman/Animations/SourceSequences/A_EN_SRC_CA_M_ESwordHArmor_Die_F,ChangedTimeline,source_trim,6.0,6.0,"[30, 1]",0
HeavySwordsman,/Game/_Art/Enemies/HeinMach/Humanoids/HeavySwordsman/Animations/PlaybackClips/A_EN_PLAY_AC_Empire_SwordHArmor_Down_B_Loop,/Game/_Art/Enemies/HeinMach/Humanoids/HeavySwordsman/Animations/SourceSequences/A_EN_SRC_CA_M_ESwordHArmor_Down_B_Loop,EquivalentSourceTimeline,,1.6,1.6,"[30, 1]",0
HeavySwordsman,/Game/_Art/Enemies/HeinMach/Humanoids/HeavySwordsman/Animations/PlaybackClips/A_EN_PLAY_AC_Empire_SwordHArmor_Down_F_Loop,/Game/_Art/Enemies/HeinMach/Humanoids/HeavySwordsman/Animations/SourceSequences/A_EN_SRC_CA_M_ESwordHArmor_Down_F_Loop,EquivalentSourceTimeline,,1.6,1.6,"[30, 1]",0
HeavySwordsman,/Game/_Art/Enemies/HeinMach/Humanoids/HeavySwordsman/Animations/PlaybackClips/A_EN_PLAY_AC_Empire_SwordHArmor_Getup_B,/Game/_Art/Enemies/HeinMach/Humanoids/HeavySwordsman/Animations/SourceSequences/A_EN_SRC_CA_M_ESwordHArmor_Down_Getup_B,EquivalentSourceTimeline,,1.8666667,1.8666667,"[30, 1]",0
HeavySwordsman,/Game/_Art/Enemies/HeinMach/Humanoids/HeavySwordsman/Animations/PlaybackClips/A_EN_PLAY_AC_Empire_SwordHArmor_Getup_F,/Game/_Art/Enemies/OtherRegions/Humanoids/EliteShield_SourceReferences/Animations/SourceSequences/A_EN_SRC_CA_ESwordShield_Getup_F,EquivalentSourceTimeline,,1.6666666,1.6666666,"[30, 1]",0
HeavySwordsman,/Game/_Art/Enemies/HeinMach/Humanoids/HeavySwordsman/Animations/PlaybackClips/A_EN_PLAY_AC_Empire_SwordHArmor_Groggy_F_End,/Game/_Art/Enemies/HeinMach/Humanoids/HeavySwordsman/Animations/SourceSequences/A_EN_SRC_CA_M_ESwordHArmor_Groggy_F_End,EquivalentSourceTimeline,,1.3333334,1.3333334,"[30, 1]",0
HeavySwordsman,/Game/_Art/Enemies/HeinMach/Humanoids/HeavySwordsman/Animations/PlaybackClips/A_EN_PLAY_AC_Empire_SwordHArmor_Groggy_F_Loop,/Game/_Art/Enemies/HeinMach/Humanoids/HeavySwordsman/Animations/SourceSequences/A_EN_SRC_CA_M_ESwordHArmor_Groggy_F_Loop,EquivalentSourceTimeline,,2.6666667,2.6666667,"[30, 1]",0
HeavySwordsman,/Game/_Art/Enemies/HeinMach/Humanoids/HeavySwordsman/Animations/PlaybackClips/A_EN_PLAY_AC_Empire_SwordHArmor_Groggy_F_Start,/Game/_Art/Enemies/HeinMach/Humanoids/HeavySwordsman/Animations/SourceSequences/A_EN_SRC_CA_M_ESwordHArmor_Groggy_F_Start,EquivalentSourceTimeline,,1.1666666,1.1666666,"[30, 1]",0
HeavySwordsman,/Game/_Art/Enemies/HeinMach/Humanoids/HeavySwordsman/Animations/PlaybackClips/A_EN_PLAY_AC_Empire_SwordHArmor_Turn_L,/Game/_Art/Enemies/HeinMach/Humanoids/HeavySwordsman/Animations/SourceSequences/A_EN_SRC_CA_M_ESwordHArmor_Turn_L,EquivalentSourceTimeline,,1.2,1.2,"[30, 1]",0
HeavySwordsman,/Game/_Art/Enemies/HeinMach/Humanoids/HeavySwordsman/Animations/PlaybackClips/A_EN_PLAY_AC_Empire_SwordHArmor_Turn_L_180,/Game/_Art/Enemies/HeinMach/Humanoids/HeavySwordsman/Animations/SourceSequences/A_EN_SRC_CA_M_ESwordHArmor_Turn_L_180,ChangedTimeline,segment_play_rate,1.6,1.6,"[30, 1]",0
HeavySwordsman,/Game/_Art/Enemies/HeinMach/Humanoids/HeavySwordsman/Animations/PlaybackClips/A_EN_PLAY_AC_Empire_SwordHArmor_Turn_R,/Game/_Art/Enemies/HeinMach/Humanoids/HeavySwordsman/Animations/SourceSequences/A_EN_SRC_CA_M_ESwordHArmor_Turn_R,EquivalentSourceTimeline,,1.2,1.2,"[30, 1]",0
HeavySwordsman,/Game/_Art/Enemies/HeinMach/Humanoids/HeavySwordsman/Animations/PlaybackClips/A_EN_PLAY_AC_Empire_SwordHArmor_Turn_R_180,/Game/_Art/Enemies/HeinMach/Humanoids/HeavySwordsman/Animations/SourceSequences/A_EN_SRC_CA_M_ESwordHArmor_Turn_R_180,ChangedTimeline,segment_play_rate,1.6,1.6,"[30, 1]",0
HeavySwordsman,/Game/_Art/Enemies/HeinMach/Humanoids/HeavySwordsman/Animations/PlaybackClips/A_EN_PLAY_AC_EmpireSwordHArmor_SwordSwing_01_Step1,/Game/_Art/Enemies/HeinMach/Humanoids/HeavySwordsman/Animations/SourceSequences/A_EN_SRC_CA_M_ESwordHArmor_SwordSwing_01_Step1,ChangedTimeline,dilation_time_warp,2.0666666,2.1666298,"[5406872, 90113]",0.09996480000000002
HeavySwordsman,/Game/_Art/Enemies/HeinMach/Humanoids/HeavySwordsman/Animations/PlaybackClips/A_EN_PLAY_AC_EmpireSwordHArmor_SwordSwing_01_Step2,/Game/_Art/Enemies/HeinMach/Humanoids/HeavySwordsman/Animations/SourceSequences/A_EN_SRC_CA_M_ESwordHArmor_SwordSwing_01_Step2,ChangedTimeline,dilation_time_warp,1.8333334,1.9332968,"[4921533, 82024]",0.09996480000000002
HeavySwordsman,/Game/_Art/Enemies/HeinMach/Humanoids/HeavySwordsman/Animations/PlaybackClips/A_EN_PLAY_AC_EmpireSwordHArmor_SwordSwing_01_Step3,/Game/_Art/Enemies/HeinMach/Humanoids/HeavySwordsman/Animations/SourceSequences/A_EN_SRC_CA_M_ESwordHArmor_SwordSwing_01_Step3,ChangedTimeline,dilation_time_warp,2.0333333,2.0832615,"[5713457, 95221]",0.049929800000000024
HeavySwordsman,/Game/_Art/Enemies/HeinMach/Humanoids/HeavySwordsman/Animations/PlaybackClips/A_EN_PLAY_AC_EmpireSwordHArmor_SwordSwing_01_Step4,/Game/_Art/Enemies/HeinMach/Humanoids/HeavySwordsman/Animations/SourceSequences/A_EN_SRC_CA_M_ESwordHArmor_SwordSwing_01_Step4,EquivalentSourceTimeline,,2.9666667,2.9666667,"[30, 1]",0
HeavySwordsman,/Game/_Art/Enemies/HeinMach/Humanoids/HeavySwordsman/Animations/PlaybackClips/A_EN_PLAY_AC_EmpireSwordHArmor_SwordSwing_02_Step1,/Game/_Art/Enemies/HeinMach/Humanoids/HeavySwordsman/Animations/SourceSequences/A_EN_SRC_CA_M_ESwordHArmor_SwordSwing_02_Step1,ChangedTimeline,dilation_time_warp,2.0333333,2.0703278,"[4387767, 73259]",0.03699595
HeavySwordsman,/Game/_Art/Enemies/HeinMach/Humanoids/HeavySwordsman/Animations/PlaybackClips/A_EN_PLAY_AC_EmpireSwordHArmor_SwordSwing_02_Step2,/Game/_Art/Enemies/HeinMach/Humanoids/HeavySwordsman/Animations/SourceSequences/A_EN_SRC_CA_M_ESwordHArmor_SwordSwing_02_Step2,EquivalentSourceTimeline,,1.9,1.9,"[30, 1]",0
HeavySwordsman,/Game/_Art/Enemies/HeinMach/Humanoids/HeavySwordsman/Animations/PlaybackClips/A_EN_PLAY_AC_EmpireSwordHArmor_SwordSwing_03_Step1,/Game/_Art/Enemies/HeinMach/Humanoids/HeavySwordsman/Animations/SourceSequences/A_EN_SRC_CA_M_ESwordHArmor_SwordSwing_03_Step1,ChangedTimeline,dilation_time_warp,2.5,2.4402332,"[5243053, 87632]",0.05976690000000007
HeavySwordsman,/Game/_Art/Enemies/HeinMach/Humanoids/HeavySwordsman/Animations/PlaybackClips/A_EN_PLAY_AC_EmpireSwordHArmor_SwordSwing_03_Step2,/Game/_Art/Enemies/HeinMach/Humanoids/HeavySwordsman/Animations/SourceSequences/A_EN_SRC_CA_M_ESwordHArmor_SwordSwing_03_Step2,ChangedTimeline,dilation_time_warp,3.1666667,2.9614472,"[1297623, 21589]",0.20521959999999995
HeavySwordsman,/Game/_Art/Enemies/HeinMach/Humanoids/HeavySwordsman/Animations/PlaybackClips/A_EN_PLAY_AC_EmpireSwordHArmor_SwordSwing_03_Step3,/Game/_Art/Enemies/HeinMach/Humanoids/HeavySwordsman/Animations/SourceSequences/A_EN_SRC_CA_M_ESwordHArmor_SwordSwing_03_Step3,EquivalentSourceTimeline,,2.6,2.6,"[30, 1]",0
HeavySwordsman,/Game/_Art/Enemies/HeinMach/Humanoids/HeavySwordsman/Animations/PlaybackClips/A_EN_PLAY_AC_EmpireSwordHArmor_SwordSwing_Turn_L,/Game/_Art/Enemies/HeinMach/Humanoids/HeavySwordsman/Animations/SourceSequences/A_EN_SRC_CA_M_ESwordHArmor_SwordSwing_Turn_L,ChangedTimeline,dilation_time_warp,2.7333333,2.7461805,"[5087446, 84673]",0.17715495999999997
HeavySwordsman,/Game/_Art/Enemies/HeinMach/Humanoids/HeavySwordsman/Animations/PlaybackClips/A_EN_PLAY_AC_EmpireSwordHArmor_SwordSwing_Turn_R,/Game/_Art/Enemies/HeinMach/Humanoids/HeavySwordsman/Animations/SourceSequences/A_EN_SRC_CA_M_ESwordHArmor_SwordSwing_Turn_R,ChangedTimeline,dilation_time_warp,2.2333333,2.216775,"[5320000, 88671]",0.09774840000000007
HeavySwordsman,/Game/_Art/Enemies/HeinMach/Humanoids/HeavySwordsman/Animations/PlaybackClips/A_EN_PLAY_AC_EmpireSwordHArmor_SwordSting_Step1,/Game/_Art/Enemies/HeinMach/Humanoids/HeavySwordsman/Animations/SourceSequences/A_EN_SRC_CA_M_ESwordHArmor_SwordSting_Step1,ChangedTimeline,dilation_time_warp,0.73333335,0.8752571,"[4876021, 80524]",0.16699811999999997
HeavySwordsman,/Game/_Art/Enemies/HeinMach/Humanoids/HeavySwordsman/Animations/PlaybackClips/A_EN_PLAY_AC_EmpireSwordHArmor_SwordSting_Step2,/Game/_Art/Enemies/HeinMach/Humanoids/HeavySwordsman/Animations/SourceSequences/A_EN_SRC_CA_M_ESwordHArmor_SwordSting_Step2,EquivalentSourceTimeline,,1.0,1.0,"[30, 1]",0
HeavySwordsman,/Game/_Art/Enemies/HeinMach/Humanoids/HeavySwordsman/Animations/PlaybackClips/A_EN_PLAY_AC_EmpireSwordHArmor_SwordSting_Step3,/Game/_Art/Enemies/HeinMach/Humanoids/HeavySwordsman/Animations/SourceSequences/A_EN_SRC_CA_M_ESwordHArmor_SwordSting_Step3_2,ChangedTimeline,dilation_time_warp,1.7666667,1.8947554,"[5241067, 87110]",0.14562774
HeavySwordsman,/Game/_Art/Enemies/HeinMach/Humanoids/HeavySwordsman/Animations/PlaybackClips/A_EN_PLAY_AC_Empire_SwordHArmor_Vigilant_FreakOut_Armed,/Game/_Art/Enemies/HeinMach/Humanoids/HeavySwordsman/Animations/SourceSequences/A_EN_SRC_CA_M_Human_Elite_M_ESwordHArmor_Vigilant_FreakOut,EquivalentSourceTimeline,,1.8333334,1.8333334,"[30, 1]",0
HeavySwordsman,/Game/_Art/Enemies/HeinMach/Humanoids/HeavySwordsman/Animations/PlaybackClips/A_EN_PLAY_AC_Empire_SwordHArmor_Vigilant_LookAround,/Game/_Art/Enemies/HeinMach/Humanoids/HeavySwordsman/Animations/SourceSequences/A_EN_SRC_CA_M_Human_Elite_M_ESwordHArmor_Vigilant_LookAround,EquivalentSourceTimeline,,7.9666667,7.9666667,"[30, 1]",0
SwordShield,/Game/_Art/Enemies/HeinMach/Humanoids/SwordShield/Animations/PlaybackClips/A_EN_PLAY_AC_EmpireSwordShield_Basic_End_01,/Game/_Art/Enemies/HeinMach/Humanoids/SwordShield/Animations/SourceSequences/A_EN_SRC_CA_M_EmpireSwordShield_Basic_End_01,EquivalentSourceTimeline,,1.0,1.0,"[30, 1]",0
SwordShield,/Game/_Art/Enemies/HeinMach/Humanoids/SwordShield/Animations/PlaybackClips/A_EN_PLAY_AC_EmpireSwordShield_Basic_End_02,/Game/_Art/Enemies/HeinMach/Humanoids/SwordShield/Animations/SourceSequences/A_EN_SRC_CA_M_EmpireSwordShield_Basic_End_02,ChangedTimeline,source_trim,1.2,1.2,"[30, 1]",0
SwordShield,/Game/_Art/Enemies/HeinMach/Humanoids/SwordShield/Animations/PlaybackClips/A_EN_PLAY_AC_EmpireSwordShield_Basic_End_03,/Game/_Art/Enemies/HeinMach/Humanoids/SwordShield/Animations/SourceSequences/A_EN_SRC_CA_M_EmpireSwordShield_Basic_End_03,EquivalentSourceTimeline,,1.0,1.0,"[30, 1]",0
SwordShield,/Game/_Art/Enemies/HeinMach/Humanoids/SwordShield/Animations/PlaybackClips/A_EN_PLAY_AC_EmpireSwordShield_Basic_Loop_01,/Game/_Art/Enemies/HeinMach/Humanoids/SwordShield/Animations/SourceSequences/A_EN_SRC_CA_M_EmpireSwordShield_Basic_Loop_01,EquivalentSourceTimeline,,9.333333,9.333333,"[30, 1]",0
SwordShield,/Game/_Art/Enemies/HeinMach/Humanoids/SwordShield/Animations/PlaybackClips/A_EN_PLAY_AC_EmpireSwordShield_Basic_Loop_02,/Game/_Art/Enemies/HeinMach/Humanoids/SwordShield/Animations/SourceSequences/A_EN_SRC_CA_M_EmpireSwordShield_Basic_Loop_02,EquivalentSourceTimeline,,7.3333335,7.3333335,"[30, 1]",0
SwordShield,/Game/_Art/Enemies/HeinMach/Humanoids/SwordShield/Animations/PlaybackClips/A_EN_PLAY_AC_EmpireSwordShield_Basic_Loop_03,/Game/_Art/Enemies/HeinMach/Humanoids/SwordShield/Animations/SourceSequences/A_EN_SRC_CA_M_EmpireSwordShield_Basic_Loop_03,EquivalentSourceTimeline,,11.133333,11.133333,"[30, 1]",0
SwordShield,/Game/_Art/Enemies/HeinMach/Humanoids/SwordShield/Animations/PlaybackClips/A_EN_PLAY_AC_EmpireSwordShield_Basic_Sit_End_01,/Game/_Art/Enemies/HeinMach/Humanoids/SwordShield/Animations/SourceSequences/A_EN_SRC_CA_M_EmpireSwordShield_Basic_Sit_End_01,ChangedTimeline,source_trim,2.6666667,2.6666667,"[30, 1]",0
SwordShield,/Game/_Art/Enemies/HeinMach/Humanoids/SwordShield/Animations/PlaybackClips/A_EN_PLAY_AC_EmpireSwordShield_Basic_Sit_Loop_01,/Game/_Art/Enemies/HeinMach/Humanoids/SwordShield/Animations/SourceSequences/A_EN_SRC_CA_M_EmpireSwordShield_Basic_Sit_Loop_01,EquivalentSourceTimeline,,6.6666665,6.6666665,"[30, 1]",0
SwordShield,/Game/_Art/Enemies/HeinMach/Humanoids/SwordShield/Animations/PlaybackClips/A_EN_PLAY_AC_EmpireSwordShield_Basic_Talk_End_01,/Game/_Art/Enemies/HeinMach/Humanoids/SwordShield/Animations/SourceSequences/A_EN_SRC_CA_M_EmpireSwordShield_Basic_Talk_End_01,EquivalentSourceTimeline,,1.0,1.0,"[30, 1]",0
SwordShield,/Game/_Art/Enemies/HeinMach/Humanoids/SwordShield/Animations/PlaybackClips/A_EN_PLAY_AC_EmpireSwordShield_Basic_Talk_Loop_01,/Game/_Art/Enemies/HeinMach/Humanoids/SwordShield/Animations/SourceSequences/A_EN_SRC_CA_M_EmpireSwordShield_Basic_Talk_Loop_01,EquivalentSourceTimeline,,11.366667,11.366667,"[30, 1]",0
SwordShield,/Game/_Art/Enemies/HeinMach/Humanoids/SwordShield/Animations/PlaybackClips/A_EN_PLAY_AC_Empire_SwordShield_DamFinalBlow,/Game/_Art/Enemies/HeinMach/Humanoids/SharedSourceReferences/Animations/SourceSequences/A_EN_SRC_CA_M_Human_Adult_M_PicaAxe_DamFinalBlow_New,ChangedTimeline,source_trim,2.1,2.1,"[30, 1]",0
SwordShield,/Game/_Art/Enemies/HeinMach/Humanoids/SwordShield/Animations/PlaybackClips/A_EN_PLAY_AC_Empire_SwordShield_DamageAir_B_Down,/Game/_Art/Enemies/HeinMach/Humanoids/SwordShield/Animations/SourceSequences/A_EN_SRC_CA_M_EmpireSwordShield_DamageAir_B,ChangedTimeline,source_trim,0.167,0.167,"[5000, 167]",0
SwordShield,/Game/_Art/Enemies/HeinMach/Humanoids/SwordShield/Animations/PlaybackClips/A_EN_PLAY_AC_Empire_SwordShield_DamageAir_B_Land,/Game/_Art/Enemies/HeinMach/Humanoids/SwordShield/Animations/SourceSequences/A_EN_SRC_CA_M_EmpireSwordShield_DamageAir_B,ChangedTimeline,source_trim,0.89903337,0.89903337,"[2000869, 66624]",0
SwordShield,/Game/_Art/Enemies/HeinMach/Humanoids/SwordShield/Animations/PlaybackClips/A_EN_PLAY_AC_Empire_SwordShield_DamageAir_B_Peak,/Game/_Art/Enemies/HeinMach/Humanoids/SwordShield/Animations/SourceSequences/A_EN_SRC_CA_M_EmpireSwordShield_DamageAir_B,ChangedTimeline,source_trim,0.10000001,0.10000001,"[30, 1]",0
SwordShield,/Game/_Art/Enemies/HeinMach/Humanoids/SwordShield/Animations/PlaybackClips/A_EN_PLAY_AC_Empire_SwordShield_DamageAir_B_Up,/Game/_Art/Enemies/HeinMach/Humanoids/SwordShield/Animations/SourceSequences/A_EN_SRC_CA_M_EmpireSwordShield_DamageAir_B,ChangedTimeline,source_trim,0.167,0.167,"[5000, 167]",0
SwordShield,/Game/_Art/Enemies/HeinMach/Humanoids/SwordShield/Animations/PlaybackClips/A_EN_PLAY_AC_Empire_SwordShield_DamageAir_F_Down,/Game/_Art/Enemies/HeinMach/Humanoids/SwordShield/Animations/SourceSequences/A_EN_SRC_CA_M_EmpireSwordShield_DamageAir_F,ChangedTimeline,source_trim,0.167,0.167,"[5000, 167]",0
SwordShield,/Game/_Art/Enemies/HeinMach/Humanoids/SwordShield/Animations/PlaybackClips/A_EN_PLAY_AC_Empire_SwordShield_DamageAir_F_Land,/Game/_Art/Enemies/HeinMach/Humanoids/SwordShield/Animations/SourceSequences/A_EN_SRC_CA_M_EmpireSwordShield_DamageAir_F,ChangedTimeline,source_trim,0.89903337,0.89903337,"[2000869, 66624]",0
SwordShield,/Game/_Art/Enemies/HeinMach/Humanoids/SwordShield/Animations/PlaybackClips/A_EN_PLAY_AC_Empire_SwordShield_DamageAir_F_Peak,/Game/_Art/Enemies/HeinMach/Humanoids/SwordShield/Animations/SourceSequences/A_EN_SRC_CA_M_EmpireSwordShield_DamageAir_F,ChangedTimeline,source_trim,0.10000001,0.10000001,"[30, 1]",0
SwordShield,/Game/_Art/Enemies/HeinMach/Humanoids/SwordShield/Animations/PlaybackClips/A_EN_PLAY_AC_Empire_SwordShield_DamageAir_F_Up,/Game/_Art/Enemies/HeinMach/Humanoids/SwordShield/Animations/SourceSequences/A_EN_SRC_CA_M_EmpireSwordShield_DamageAir_F,ChangedTimeline,source_trim,0.167,0.167,"[5000, 167]",0
SwordShield,/Game/_Art/Enemies/HeinMach/Humanoids/SwordShield/Animations/PlaybackClips/A_EN_PLAY_AC_Empire_SwordShield_DamageDown_B,/Game/_Art/Enemies/HeinMach/Humanoids/SwordShield/Animations/SourceSequences/A_EN_SRC_CA_M_EmpireSwordShield_DamageDown_B,EquivalentSourceTimeline,,0.6666667,0.6666667,"[30, 1]",0
SwordShield,/Game/_Art/Enemies/HeinMach/Humanoids/SwordShield/Animations/PlaybackClips/A_EN_PLAY_AC_Empire_SwordShield_DamageDown_F,/Game/_Art/Enemies/HeinMach/Humanoids/SwordShield/Animations/SourceSequences/A_EN_SRC_CA_M_EmpireSwordShield_DamageDown_F,EquivalentSourceTimeline,,0.6666667,0.6666667,"[30, 1]",0
SwordShield,/Game/_Art/Enemies/HeinMach/Humanoids/SwordShield/Animations/PlaybackClips/A_EN_PLAY_AC_Empire_SwordShield_DamageGrapple_Atk_01,/Game/_Art/Enemies/HeinMach/Humanoids/SwordShield/Animations/SourceSequences/A_EN_SRC_CA_M_EmpireSwordShield_DamageGrapple_Atk_01,EquivalentSourceTimeline,,1.3666667,1.3666667,"[30, 1]",0
SwordShield,/Game/_Art/Enemies/HeinMach/Humanoids/SwordShield/Animations/PlaybackClips/A_EN_PLAY_AC_Empire_SwordShield_DamageGrapple_Atk_02,/Game/_Art/Enemies/HeinMach/Humanoids/SwordShield/Animations/SourceSequences/A_EN_SRC_CA_M_EmpireSwordShield_DamageGrapple_Atk_02,EquivalentSourceTimeline,,1.1,1.1,"[30, 1]",0
SwordShield,/Game/_Art/Enemies/HeinMach/Humanoids/SwordShield/Animations/PlaybackClips/A_EN_PLAY_AC_Empire_SwordShield_DamageGrapple_Atk_B_01,/Game/_Art/Enemies/HeinMach/Humanoids/SwordShield/Animations/SourceSequences/A_EN_SRC_CA_M_EmpireSwordShield_DamageGrapple_Atk_B_01,EquivalentSourceTimeline,,1.3333334,1.3333334,"[30, 1]",0
SwordShield,/Game/_Art/Enemies/HeinMach/Humanoids/SwordShield/Animations/PlaybackClips/A_EN_PLAY_AC_Empire_SwordShield_DamageGrapple_Atk_B_02,/Game/_Art/Enemies/HeinMach/Humanoids/SwordShield/Animations/SourceSequences/A_EN_SRC_CA_M_EmpireSwordShield_DamageGrapple_Atk_B_02,EquivalentSourceTimeline,,2.5,2.5,"[30, 1]",0
SwordShield,/Game/_Art/Enemies/HeinMach/Humanoids/SwordShield/Animations/PlaybackClips/A_EN_PLAY_AC_Empire_SwordShield_DamageNormal_D_B,/Game/_Art/Enemies/HeinMach/Humanoids/SwordShield/Animations/SourceSequences/A_EN_SRC_CA_M_EmpireSwordShield_DamageNormal_D_B,ChangedTimeline,dilation_time_warp,0.7,1.006191,"[2882733, 48343]",0.3061910000000001
SwordShield,/Game/_Art/Enemies/HeinMach/Humanoids/SwordShield/Animations/PlaybackClips/A_EN_PLAY_AC_Empire_SwordShield_DamageNormal_D_F,/Game/_Art/Enemies/HeinMach/Humanoids/SwordShield/Animations/SourceSequences/A_EN_SRC_CA_M_EmpireSwordShield_DamageNormal_D_F,EquivalentSourceTimeline,,0.7,0.7,"[30, 1]",0
SwordShield,/Game/_Art/Enemies/HeinMach/Humanoids/SwordShield/Animations/PlaybackClips/A_EN_PLAY_AC_Empire_SwordShield_DamageNormal_L_F,/Game/_Art/Enemies/HeinMach/Humanoids/SwordShield/Animations/SourceSequences/A_EN_SRC_CA_M_EmpireSwordShield_DamageNormal_L_F,EquivalentSourceTimeline,,0.7,0.7,"[30, 1]",0
SwordShield,/Game/_Art/Enemies/HeinMach/Humanoids/SwordShield/Animations/PlaybackClips/A_EN_PLAY_AC_Empire_SwordShield_DamageNormal_R_F,/Game/_Art/Enemies/HeinMach/Humanoids/SwordShield/Animations/SourceSequences/A_EN_SRC_CA_M_EmpireSwordShield_DamageNormal_R_F,EquivalentSourceTimeline,,0.7,0.7,"[30, 1]",0
SwordShield,/Game/_Art/Enemies/HeinMach/Humanoids/SwordShield/Animations/PlaybackClips/A_EN_PLAY_AC_Empire_SwordShield_DamageNormal_U_B,/Game/_Art/Enemies/HeinMach/Humanoids/SwordShield/Animations/SourceSequences/A_EN_SRC_CA_M_EmpireSwordShield_DamageNormal_U_B,ChangedTimeline,dilation_time_warp,0.7,1.0132997,"[2527651, 41988]",0.31329969999999996
SwordShield,/Game/_Art/Enemies/HeinMach/Humanoids/SwordShield/Animations/PlaybackClips/A_EN_PLAY_AC_Empire_SwordShield_DamageNormal_U_F,/Game/_Art/Enemies/HeinMach/Humanoids/SwordShield/Animations/SourceSequences/A_EN_SRC_CA_M_EmpireSwordShield_DamageNormal_U_F,EquivalentSourceTimeline,,0.7,0.7,"[30, 1]",0
SwordShield,/Game/_Art/Enemies/HeinMach/Humanoids/SwordShield/Animations/PlaybackClips/A_EN_PLAY_AC_Empire_SwordShield_DamageStrong_D_F,/Game/_Art/Enemies/HeinMach/Humanoids/SwordShield/Animations/SourceSequences/A_EN_SRC_CA_M_EmpireSwordShield_DamageStrong_D_F,EquivalentSourceTimeline,,1.1,1.1,"[30, 1]",0
SwordShield,/Game/_Art/Enemies/HeinMach/Humanoids/SwordShield/Animations/PlaybackClips/A_EN_PLAY_AC_Empire_SwordShield_DamageStrong_D_F_2,/Game/_Art/Enemies/HeinMach/Humanoids/SwordShield/Animations/SourceSequences/A_EN_SRC_CA_M_EmpireSwordShield_DamageStrong_D_F2,EquivalentSourceTimeline,,1.1,1.1,"[30, 1]",0
SwordShield,/Game/_Art/Enemies/HeinMach/Humanoids/SwordShield/Animations/PlaybackClips/A_EN_PLAY_AC_Empire_SwordShield_DamageStrong_L_F,/Game/_Art/Enemies/HeinMach/Humanoids/SwordShield/Animations/SourceSequences/A_EN_SRC_CA_M_EmpireSwordShield_DamageStrong_L_F,EquivalentSourceTimeline,,1.1,1.1,"[30, 1]",0
SwordShield,/Game/_Art/Enemies/HeinMach/Humanoids/SwordShield/Animations/PlaybackClips/A_EN_PLAY_AC_Empire_SwordShield_DamageStrong_R_F,/Game/_Art/Enemies/HeinMach/Humanoids/SwordShield/Animations/SourceSequences/A_EN_SRC_CA_M_EmpireSwordShield_DamageStrong_R_F,EquivalentSourceTimeline,,1.1,1.1,"[30, 1]",0
SwordShield,/Game/_Art/Enemies/HeinMach/Humanoids/SwordShield/Animations/PlaybackClips/A_EN_PLAY_AC_Empire_SwordShield_DamageStrong_U_F,/Game/_Art/Enemies/HeinMach/Humanoids/SwordShield/Animations/SourceSequences/A_EN_SRC_CA_M_EmpireSwordShield_DamageStrong_U_F,EquivalentSourceTimeline,,1.1,1.1,"[30, 1]",0
SwordShield,/Game/_Art/Enemies/HeinMach/Humanoids/SwordShield/Animations/PlaybackClips/A_EN_PLAY_AC_Empire_SwordShield_DamageWeak_D_F,/Game/_Art/Enemies/HeinMach/Humanoids/SwordShield/Animations/SourceSequences/A_EN_SRC_CA_M_EmpireSwordShield_DamageWeak_D_F,EquivalentSourceTimeline,,0.4,0.4,"[30, 1]",0
SwordShield,/Game/_Art/Enemies/HeinMach/Humanoids/SwordShield/Animations/PlaybackClips/A_EN_PLAY_AC_Empire_SwordShield_DamageWeak_L_F,/Game/_Art/Enemies/HeinMach/Humanoids/SwordShield/Animations/SourceSequences/A_EN_SRC_CA_M_EmpireSwordShield_DamageWeak_L_F,EquivalentSourceTimeline,,0.4,0.4,"[30, 1]",0
SwordShield,/Game/_Art/Enemies/HeinMach/Humanoids/SwordShield/Animations/PlaybackClips/A_EN_PLAY_AC_Empire_SwordShield_DamageWeak_R_F,/Game/_Art/Enemies/HeinMach/Humanoids/SwordShield/Animations/SourceSequences/A_EN_SRC_CA_M_EmpireSwordShield_DamageWeak_R_F,EquivalentSourceTimeline,,0.4,0.4,"[30, 1]",0
SwordShield,/Game/_Art/Enemies/HeinMach/Humanoids/SwordShield/Animations/PlaybackClips/A_EN_PLAY_AC_Empire_SwordShield_DamageWeak_U_F,/Game/_Art/Enemies/HeinMach/Humanoids/SwordShield/Animations/SourceSequences/A_EN_SRC_CA_M_EmpireSwordShield_DamageWeak_U_F,EquivalentSourceTimeline,,0.4,0.4,"[30, 1]",0
SwordShield,/Game/_Art/Enemies/HeinMach/Humanoids/SwordShield/Animations/PlaybackClips/A_EN_PLAY_AC_Empire_SwordShield_Down_Die_B,/Game/_Art/Enemies/HeinMach/Humanoids/SwordShield/Animations/SourceSequences/A_EN_SRC_CA_M_EmpireSwordShield_Down_B_Loop,ChangedTimeline,source_trim,11.0,11.0,"[30, 1]",0
SwordShield,/Game/_Art/Enemies/HeinMach/Humanoids/SwordShield/Animations/PlaybackClips/A_EN_PLAY_AC_Empire_SwordShield_Down_Die_F,/Game/_Art/Enemies/HeinMach/Humanoids/SwordShield/Animations/SourceSequences/A_EN_SRC_CA_M_EmpireSwordShield_Down_F_Loop,ChangedTimeline,source_trim,11.0,11.0,"[30, 1]",0
SwordShield,/Game/_Art/Enemies/HeinMach/Humanoids/SwordShield/Animations/PlaybackClips/A_EN_PLAY_AC_Empire_SwordShield_Down_Loop_B,/Game/_Art/Enemies/HeinMach/Humanoids/SwordShield/Animations/SourceSequences/A_EN_SRC_CA_M_EmpireSwordShield_Down_B_Loop,EquivalentSourceTimeline,,1.6,1.6,"[30, 1]",0
SwordShield,/Game/_Art/Enemies/HeinMach/Humanoids/SwordShield/Animations/PlaybackClips/A_EN_PLAY_AC_Empire_SwordShield_Down_Loop_F,/Game/_Art/Enemies/HeinMach/Humanoids/SwordShield/Animations/SourceSequences/A_EN_SRC_CA_M_EmpireSwordShield_Down_F_Loop,EquivalentSourceTimeline,,1.6,1.6,"[30, 1]",0
SwordShield,/Game/_Art/Enemies/HeinMach/Humanoids/SwordShield/Animations/PlaybackClips/A_EN_PLAY_AC_Empire_SwordShield_Getup_B,/Game/_Art/Enemies/HeinMach/Humanoids/SwordShield/Animations/SourceSequences/A_EN_SRC_CA_M_EmpireSwordShield_Getup_B,EquivalentSourceTimeline,,2.0,2.0,"[30, 1]",0
SwordShield,/Game/_Art/Enemies/HeinMach/Humanoids/SwordShield/Animations/PlaybackClips/A_EN_PLAY_AC_Empire_SwordShield_Getup_F,/Game/_Art/Enemies/HeinMach/Humanoids/SwordShield/Animations/SourceSequences/A_EN_SRC_CA_M_EmpireSwordShield_Getup_F,EquivalentSourceTimeline,,1.6666666,1.6666666,"[30, 1]",0
SwordShield,/Game/_Art/Enemies/HeinMach/Humanoids/SwordShield/Animations/PlaybackClips/A_EN_PLAY_AC_Empire_SwordShield_Groggy_End,/Game/_Art/Enemies/HeinMach/Humanoids/SwordShield/Animations/SourceSequences/A_EN_SRC_CA_M_EmpireSwordShield_Groggy_F_End,EquivalentSourceTimeline,,0.76666665,0.76666665,"[30, 1]",0
SwordShield,/Game/_Art/Enemies/HeinMach/Humanoids/SwordShield/Animations/PlaybackClips/A_EN_PLAY_AC_Empire_SwordShield_Groggy_Loop,/Game/_Art/Enemies/HeinMach/Humanoids/SwordShield/Animations/SourceSequences/A_EN_SRC_CA_M_EmpireSwordShield_Groggy_F_Loop,EquivalentSourceTimeline,,1.5,1.5,"[30, 1]",0
SwordShield,/Game/_Art/Enemies/HeinMach/Humanoids/SwordShield/Animations/PlaybackClips/A_EN_PLAY_AC_Empire_SwordShield_Groggy_Start,/Game/_Art/Enemies/HeinMach/Humanoids/SwordShield/Animations/SourceSequences/A_EN_SRC_CA_M_EmpireSwordShield_Groggy_F_Start,EquivalentSourceTimeline,,0.6666667,0.6666667,"[30, 1]",0
SwordShield,/Game/_Art/Enemies/HeinMach/Humanoids/SwordShield/Animations/PlaybackClips/A_EN_PLAY_AC_Empire_SwordShield_Ground_Die_F,/Game/_Art/Enemies/HeinMach/Humanoids/SwordShield/Animations/SourceSequences/A_EN_SRC_CA_M_EmpireSwordShield_Die_F,ChangedTimeline,source_trim,11.0,11.0,"[30, 1]",0
SwordShield,/Game/_Art/Enemies/HeinMach/Humanoids/SwordShield/Animations/PlaybackClips/A_EN_PLAY_AC_Empire_SwordShield_LockOnWalk_B,/Game/_Art/Enemies/HeinMach/Humanoids/SwordShield/Animations/SourceSequences/A_EN_SRC_CA_M_EmpireSwordShield_LockOnWalk_B,EquivalentSourceTimeline,,1.0,1.0,"[30, 1]",0
SwordShield,/Game/_Art/Enemies/HeinMach/Humanoids/SwordShield/Animations/PlaybackClips/A_EN_PLAY_AC_Empire_SwordShield_LockOnWalk_F,/Game/_Art/Enemies/HeinMach/Humanoids/SwordShield/Animations/SourceSequences/A_EN_SRC_CA_M_EmpireSwordShield_LockOnWalk_F,EquivalentSourceTimeline,,1.0,1.0,"[30, 1]",0
SwordShield,/Game/_Art/Enemies/HeinMach/Humanoids/SwordShield/Animations/PlaybackClips/A_EN_PLAY_AC_Empire_SwordShield_LockOnWalk_L,/Game/_Art/Enemies/HeinMach/Humanoids/SwordShield/Animations/SourceSequences/A_EN_SRC_CA_M_EmpireSwordShield_LockOnWalk_L,EquivalentSourceTimeline,,1.0,1.0,"[30, 1]",0
SwordShield,/Game/_Art/Enemies/HeinMach/Humanoids/SwordShield/Animations/PlaybackClips/A_EN_PLAY_AC_Empire_SwordShield_LockOnWalk_R,/Game/_Art/Enemies/HeinMach/Humanoids/SwordShield/Animations/SourceSequences/A_EN_SRC_CA_M_EmpireSwordShield_LockOnWalk_R,EquivalentSourceTimeline,,1.0,1.0,"[30, 1]",0
SwordShield,/Game/_Art/Enemies/HeinMach/Humanoids/SwordShield/Animations/PlaybackClips/A_EN_PLAY_AC_Empire_SwordShield_Run_F,/Game/_Art/Enemies/HeinMach/Humanoids/SwordShield/Animations/SourceSequences/A_EN_SRC_CA_M_EmpireSwordShield_Run_F,EquivalentSourceTimeline,,0.76666665,0.76666665,"[30, 1]",0
SwordShield,/Game/_Art/Enemies/HeinMach/Humanoids/SwordShield/Animations/PlaybackClips/A_EN_PLAY_AC_Empire_SwordShield_Stand_F,/Game/_Art/Enemies/HeinMach/Humanoids/SwordShield/Animations/SourceSequences/A_EN_SRC_CA_M_EmpireSwordShield_Stand_F,EquivalentSourceTimeline,,1.6666666,1.6666666,"[30, 1]",0
SwordShield,/Game/_Art/Enemies/HeinMach/Humanoids/SwordShield/Animations/PlaybackClips/A_EN_PLAY_AC_Empire_SwordShield_Turn_L,/Game/_Art/Enemies/HeinMach/Humanoids/SwordShield/Animations/SourceSequences/A_EN_SRC_CA_M_EmpireSwordShield_Turn_L,EquivalentSourceTimeline,,1.0333333,1.0333333,"[30, 1]",0
SwordShield,/Game/_Art/Enemies/HeinMach/Humanoids/SwordShield/Animations/PlaybackClips/A_EN_PLAY_AC_Empire_SwordShield_Turn_L_180,/Game/_Art/Enemies/HeinMach/Humanoids/SwordShield/Animations/SourceSequences/A_EN_SRC_CA_M_EmpireSwordShield_Turn_L_180,EquivalentSourceTimeline,,1.4333333,1.4333333,"[30, 1]",0
SwordShield,/Game/_Art/Enemies/HeinMach/Humanoids/SwordShield/Animations/PlaybackClips/A_EN_PLAY_AC_Empire_SwordShield_Turn_R,/Game/_Art/Enemies/HeinMach/Humanoids/SwordShield/Animations/SourceSequences/A_EN_SRC_CA_M_EmpireSwordShield_Turn_R,EquivalentSourceTimeline,,1.0333333,1.0333333,"[30, 1]",0
SwordShield,/Game/_Art/Enemies/HeinMach/Humanoids/SwordShield/Animations/PlaybackClips/A_EN_PLAY_AC_Empire_SwordShield_Turn_R_180,/Game/_Art/Enemies/HeinMach/Humanoids/SwordShield/Animations/SourceSequences/A_EN_SRC_CA_M_EmpireSwordShield_Turn_R_180,EquivalentSourceTimeline,,1.3333334,1.3333334,"[30, 1]",0
SwordShield,/Game/_Art/Enemies/HeinMach/Humanoids/SwordShield/Animations/PlaybackClips/A_EN_PLAY_AC_Empire_SwordShield_Walk_F,/Game/_Art/Enemies/HeinMach/Humanoids/SwordShield/Animations/SourceSequences/A_EN_SRC_CA_M_EmpireSwordShield_Walk_F,EquivalentSourceTimeline,,1.0,1.0,"[30, 1]",0
SwordShield,/Game/_Art/Enemies/HeinMach/Humanoids/SwordShield/Animations/PlaybackClips/A_EN_PLAY_AC_M_Empire_SwordShield_DamageParry_F,/Game/_Art/Enemies/HeinMach/Humanoids/SwordShield/Animations/SourceSequences/A_EN_SRC_CA_M_EmpireSwordShield_DamageParry_F,EquivalentSourceTimeline,,1.5,1.5,"[30, 1]",0
SwordShield,/Game/_Art/Enemies/HeinMach/Humanoids/SwordShield/Animations/PlaybackClips/A_EN_PLAY_AC_Empire_SwordShield_Guard_Broken,/Game/_Art/Enemies/HeinMach/Humanoids/SwordShield/Animations/SourceSequences/A_EN_SRC_CA_M_EmpireSwordShield_Guard_Broken,ChangedTimeline,source_trim,0.45,0.45,"[260, 9]",0
SwordShield,/Game/_Art/Enemies/HeinMach/Humanoids/SwordShield/Animations/PlaybackClips/A_EN_PLAY_AC_Empire_SwordShield_Guard_Broken_Full,/Game/_Art/Enemies/HeinMach/Humanoids/SwordShield/Animations/SourceSequences/A_EN_SRC_CA_M_EmpireSwordShield_Guard_Broken,ChangedTimeline,source_trim,2.3333333,2.3333333,"[30, 1]",0
SwordShield,/Game/_Art/Enemies/HeinMach/Humanoids/SwordShield/Animations/PlaybackClips/A_EN_PLAY_AC_Empire_SwordShield_Guard_Broken_Full_New,/Game/_Art/Enemies/HeinMach/Humanoids/SwordShield/Animations/SourceSequences/A_EN_SRC_CA_M_EmpireSwordShield_Guard_Broken,ChangedTimeline,dilation_time_warp,2.2,2.2157505,"[3907495, 65098]",0.06319060999999998
SwordShield,/Game/_Art/Enemies/HeinMach/Humanoids/SwordShield/Animations/PlaybackClips/A_EN_PLAY_AC_Empire_SwordShield_Guard_End,/Game/_Art/Enemies/HeinMach/Humanoids/SwordShield/Animations/SourceSequences/A_EN_SRC_CA_M_EmpireSwordShield_Guard_End,EquivalentSourceTimeline,,0.43333334,0.43333334,"[30, 1]",0
SwordShield,/Game/_Art/Enemies/HeinMach/Humanoids/SwordShield/Animations/PlaybackClips/A_EN_PLAY_AC_Empire_SwordShield_Guard_Hit,/Game/_Art/Enemies/HeinMach/Humanoids/SwordShield/Animations/SourceSequences/A_EN_SRC_CA_M_EmpireSwordShield_Guard_Hit,EquivalentSourceTimeline,,0.6666667,0.6666667,"[30, 1]",0
SwordShield,/Game/_Art/Enemies/HeinMach/Humanoids/SwordShield/Animations/PlaybackClips/A_EN_PLAY_AC_Empire_SwordShield_Guard_Loop,/Game/_Art/Enemies/HeinMach/Humanoids/SwordShield/Animations/SourceSequences/A_EN_SRC_CA_M_EmpireSwordShield_Guard_Loop,EquivalentSourceTimeline,,2.0,2.0,"[30, 1]",0
SwordShield,/Game/_Art/Enemies/HeinMach/Humanoids/SwordShield/Animations/PlaybackClips/A_EN_PLAY_AC_Empire_SwordShield_Guard_Start,/Game/_Art/Enemies/HeinMach/Humanoids/SwordShield/Animations/SourceSequences/A_EN_SRC_CA_M_EmpireSwordShield_Guard_Start,ChangedTimeline,source_trim,0.2,0.2,"[30, 1]",0
SwordShield,/Game/_Art/Enemies/HeinMach/Humanoids/SwordShield/Animations/PlaybackClips/A_EN_PLAY_AC_Empire_SwordShield_GuardReaction_Broken,/Game/_Art/Enemies/HeinMach/Humanoids/SwordShield/Animations/SourceSequences/A_EN_SRC_CA_M_EmpireSwordShield_Guard_Broken,ChangedTimeline,dilation_time_warp,2.2,2.2171152,"[1042769, 17383]",0.0630638
SwordShield,/Game/_Art/Enemies/HeinMach/Humanoids/SwordShield/Animations/PlaybackClips/A_EN_PLAY_AC_Empire_SwordShield_GuardReaction_Broken_Full,/Game/_Art/Enemies/HeinMach/Humanoids/SwordShield/Animations/SourceSequences/A_EN_SRC_CA_M_EmpireSwordShield_Guard_Broken,ChangedTimeline,source_trim,2.3333333,2.3333333,"[30, 1]",0
SwordShield,/Game/_Art/Enemies/HeinMach/Humanoids/SwordShield/Animations/PlaybackClips/A_EN_PLAY_AC_Empire_SwordShield_GuardReaction_End,/Game/_Art/Enemies/HeinMach/Humanoids/SwordShield/Animations/SourceSequences/A_EN_SRC_CA_M_EmpireSwordShield_Guard_End,EquivalentSourceTimeline,,0.43333334,0.43333334,"[30, 1]",0
SwordShield,/Game/_Art/Enemies/HeinMach/Humanoids/SwordShield/Animations/PlaybackClips/A_EN_PLAY_AC_Empire_SwordShield_GuardReaction_Hit,/Game/_Art/Enemies/HeinMach/Humanoids/SwordShield/Animations/SourceSequences/A_EN_SRC_CA_M_EmpireSwordShield_Guard_Hit,EquivalentSourceTimeline,,0.6666667,0.6666667,"[30, 1]",0
SwordShield,/Game/_Art/Enemies/HeinMach/Humanoids/SwordShield/Animations/PlaybackClips/A_EN_PLAY_AC_Empire_SwordShield_Pierce,/Game/_Art/Enemies/HeinMach/Humanoids/SwordShield/Animations/SourceSequences/A_EN_SRC_CA_M_EmpireSwordShield_Pierce,ChangedTimeline,dilation_time_warp,1.8333334,2.2295198,"[1630404, 27127]",0.39618679999999995
SwordShield,/Game/_Art/Enemies/HeinMach/Humanoids/SwordShield/Animations/PlaybackClips/A_EN_PLAY_AC_Empire_SwordShield_ShieldCrash,/Game/_Art/Enemies/HeinMach/Humanoids/SwordShield/Animations/SourceSequences/A_EN_SRC_CA_M_EmpireSwordShield_ShieldCrash,ChangedTimeline,dilation_time_warp,2.0,1.7900287,"[576655, 9647]",0.20997130000000008
SwordShield,/Game/_Art/Enemies/HeinMach/Humanoids/SwordShield/Animations/PlaybackClips/A_EN_PLAY_AC_Empire_SwordShield_SwordCombo_01,/Game/_Art/Enemies/HeinMach/Humanoids/SwordShield/Animations/SourceSequences/A_EN_SRC_CA_M_EmpireSwordShield_SwordCombo_Step01,ChangedTimeline,dilation_time_warp,2.2333333,2.1909626,"[890588, 14895]",0.10666427
SwordShield,/Game/_Art/Enemies/HeinMach/Humanoids/SwordShield/Animations/PlaybackClips/A_EN_PLAY_AC_Empire_SwordShield_SwordCombo_02,/Game/_Art/Enemies/HeinMach/Humanoids/SwordShield/Animations/SourceSequences/A_EN_SRC_CA_M_EmpireSwordShield_SwordCombo_Step02,ChangedTimeline,dilation_time_warp,1.3333334,1.3854868,"[3795152, 63351]",0.06961192999999999
SwordShield,/Game/_Art/Enemies/HeinMach/Humanoids/SwordShield/Animations/PlaybackClips/A_EN_PLAY_AC_Empire_SwordShield_Vigilant_FreakOut_Armed,/Game/_Art/Enemies/HeinMach/Humanoids/SwordShield/Animations/SourceSequences/A_EN_SRC_CA_M_Human_Adult_M_EmpireSwordShield_Vigilant_FreakOut,EquivalentSourceTimeline,,1.8666667,1.8666667,"[30, 1]",0
SwordShield,/Game/_Art/Enemies/HeinMach/Humanoids/SwordShield/Animations/PlaybackClips/A_EN_PLAY_AC_Empire_SwordShield_Vigilant_LookAround,/Game/_Art/Enemies/HeinMach/Humanoids/SwordShield/Animations/SourceSequences/A_EN_SRC_CA_M_Human_Adult_M_EmpireSwordShield_Vigilant_LookAround,EquivalentSourceTimeline,,9.5,9.5,"[30, 1]",0
EliteShield_SourceReferences,/Game/_Art/Enemies/OtherRegions/Humanoids/EliteShield_SourceReferences/Animations/PlaybackClips/A_EN_PLAY_AC_EmpireSwordShield_Sword_Disease,/Game/_Art/Enemies/OtherRegions/Humanoids/EliteShield_SourceReferences/Animations/SourceSequences/A_EN_SRC_CA_EmpireSword,ChangedTimeline,source_trim,2.4,2.4,"[30, 1]",0
EliteShield_SourceReferences,/Game/_Art/Enemies/OtherRegions/Humanoids/EliteShield_SourceReferences/Animations/PlaybackClips/A_EN_PLAY_AC_ESpearShield_DamageDown_B,/Game/_Art/Enemies/HeinMach/Humanoids/SharedSourceReferences/Animations/SourceSequences/A_EN_SRC_CA_ESpearShield_DamageDown_B,EquivalentSourceTimeline,,0.7,0.7,"[30, 1]",0
EliteShield_SourceReferences,/Game/_Art/Enemies/OtherRegions/Humanoids/EliteShield_SourceReferences/Animations/PlaybackClips/A_EN_PLAY_AC_ESwordShield_DamageDown_F,/Game/_Art/Enemies/OtherRegions/Humanoids/EliteShield_SourceReferences/Animations/SourceSequences/A_EN_SRC_CA_ESwordShield_DamageDown_F,EquivalentSourceTimeline,,0.7,0.7,"[30, 1]",0
EliteShield_SourceReferences,/Game/_Art/Enemies/OtherRegions/Humanoids/EliteShield_SourceReferences/Animations/PlaybackClips/A_EN_PLAY_AC_ESwordShield_DamageFinalBlow,/Game/_Art/Enemies/OtherRegions/Humanoids/EliteShield_SourceReferences/Animations/SourceSequences/A_EN_SRC_CA_ESwordShield_DamFinalblow,ChangedTimeline,source_trim,3.5,3.5,"[30, 1]",0
EliteShield_SourceReferences,/Game/_Art/Enemies/OtherRegions/Humanoids/EliteShield_SourceReferences/Animations/PlaybackClips/A_EN_PLAY_AC_ESwordShield_DamageFinalBlow_Wraith,/Game/_Art/Enemies/OtherRegions/Humanoids/EliteShield_SourceReferences/Animations/SourceSequences/A_EN_SRC_CA_ESwordShield_DamFinalblow,ChangedTimeline,source_trim,3.5,3.5,"[30, 1]",0
EliteShield_SourceReferences,/Game/_Art/Enemies/OtherRegions/Humanoids/EliteShield_SourceReferences/Animations/PlaybackClips/A_EN_PLAY_AC_ESwordShield_DamageGrapple_Atk_01,/Game/_Art/Enemies/OtherRegions/Humanoids/EliteShield_SourceReferences/Animations/SourceSequences/A_EN_SRC_CA_ESwordShield_DamageGrapple_Atk_01,EquivalentSourceTimeline,,1.6,1.6,"[30, 1]",0
EliteShield_SourceReferences,/Game/_Art/Enemies/OtherRegions/Humanoids/EliteShield_SourceReferences/Animations/PlaybackClips/A_EN_PLAY_AC_ESwordShield_DamageGrapple_Atk_02,/Game/_Art/Enemies/OtherRegions/Humanoids/EliteShield_SourceReferences/Animations/SourceSequences/A_EN_SRC_CA_ESwordShield_DamageGrapple_Atk_02,EquivalentSourceTimeline,,1.1,1.1,"[30, 1]",0
EliteShield_SourceReferences,/Game/_Art/Enemies/OtherRegions/Humanoids/EliteShield_SourceReferences/Animations/PlaybackClips/A_EN_PLAY_AC_ESwordShield_DamageGrapple_Atk_B_01,/Game/_Art/Enemies/OtherRegions/Humanoids/EliteShield_SourceReferences/Animations/SourceSequences/A_EN_SRC_CA_ESwordShield_DamageGrapple_Atk_B_01,EquivalentSourceTimeline,,1.3333334,1.3333334,"[30, 1]",0
EliteShield_SourceReferences,/Game/_Art/Enemies/OtherRegions/Humanoids/EliteShield_SourceReferences/Animations/PlaybackClips/A_EN_PLAY_AC_ESwordShield_DamageGrapple_Atk_B_02,/Game/_Art/Enemies/OtherRegions/Humanoids/EliteShield_SourceReferences/Animations/SourceSequences/A_EN_SRC_CA_ESwordShield_DamageGrapple_Atk_B_02,EquivalentSourceTimeline,,2.5,2.5,"[30, 1]",0
EliteShield_SourceReferences,/Game/_Art/Enemies/OtherRegions/Humanoids/EliteShield_SourceReferences/Animations/PlaybackClips/A_EN_PLAY_AC_ESwordShield_DamageNormal_D_B,/Game/_Art/Enemies/OtherRegions/Humanoids/EliteShield_SourceReferences/Animations/SourceSequences/A_EN_SRC_CA_ESwordShield_DamageNormal_D_B,ChangedTimeline,dilation_time_warp,0.7,1.0132996,"[4853755, 80628]",0.3132996000000001
EliteShield_SourceReferences,/Game/_Art/Enemies/OtherRegions/Humanoids/EliteShield_SourceReferences/Animations/PlaybackClips/A_EN_PLAY_AC_ESwordShield_DamageNormal_D_F,/Game/_Art/Enemies/OtherRegions/Humanoids/EliteShield_SourceReferences/Animations/SourceSequences/A_EN_SRC_CA_ESwordShield_DamageNormal_D_F,EquivalentSourceTimeline,,0.7,0.7,"[30, 1]",0
EliteShield_SourceReferences,/Game/_Art/Enemies/OtherRegions/Humanoids/EliteShield_SourceReferences/Animations/PlaybackClips/A_EN_PLAY_AC_ESwordShield_DamageNormal_L_F,/Game/_Art/Enemies/OtherRegions/Humanoids/EliteShield_SourceReferences/Animations/SourceSequences/A_EN_SRC_CA_ESwordShield_DamageNormal_L_F,EquivalentSourceTimeline,,0.7,0.7,"[30, 1]",0
EliteShield_SourceReferences,/Game/_Art/Enemies/OtherRegions/Humanoids/EliteShield_SourceReferences/Animations/PlaybackClips/A_EN_PLAY_AC_ESwordShield_DamageNormal_R_F,/Game/_Art/Enemies/OtherRegions/Humanoids/EliteShield_SourceReferences/Animations/SourceSequences/A_EN_SRC_CA_ESwordShield_DamageNormal_R_F,EquivalentSourceTimeline,,0.7,0.7,"[30, 1]",0
EliteShield_SourceReferences,/Game/_Art/Enemies/OtherRegions/Humanoids/EliteShield_SourceReferences/Animations/PlaybackClips/A_EN_PLAY_AC_ESwordShield_DamageNormal_U_B,/Game/_Art/Enemies/OtherRegions/Humanoids/EliteShield_SourceReferences/Animations/SourceSequences/A_EN_SRC_CA_ESwordShield_DamageNormal_U_B,ChangedTimeline,dilation_time_warp,0.7,1.0132997,"[2527651, 41988]",0.31329969999999996
EliteShield_SourceReferences,/Game/_Art/Enemies/OtherRegions/Humanoids/EliteShield_SourceReferences/Animations/PlaybackClips/A_EN_PLAY_AC_ESwordShield_DamageNormal_U_F,/Game/_Art/Enemies/OtherRegions/Humanoids/EliteShield_SourceReferences/Animations/SourceSequences/A_EN_SRC_CA_ESwordShield_DamageNormal_U_F,EquivalentSourceTimeline,,0.7,0.7,"[30, 1]",0
EliteShield_SourceReferences,/Game/_Art/Enemies/OtherRegions/Humanoids/EliteShield_SourceReferences/Animations/PlaybackClips/A_EN_PLAY_AC_ESwordShield_DamageParry_F,/Game/_Art/Enemies/OtherRegions/Humanoids/EliteShield_SourceReferences/Animations/SourceSequences/A_EN_SRC_CA_ESwordShield_DamageParry_F,EquivalentSourceTimeline,,1.5,1.5,"[30, 1]",0
EliteShield_SourceReferences,/Game/_Art/Enemies/OtherRegions/Humanoids/EliteShield_SourceReferences/Animations/PlaybackClips/A_EN_PLAY_AC_ESwordShield_DamageStrong_D_F,/Game/_Art/Enemies/OtherRegions/Humanoids/EliteShield_SourceReferences/Animations/SourceSequences/A_EN_SRC_CA_ESwordShield_DamageStrong_D_F,EquivalentSourceTimeline,,1.1,1.1,"[30, 1]",0
EliteShield_SourceReferences,/Game/_Art/Enemies/OtherRegions/Humanoids/EliteShield_SourceReferences/Animations/PlaybackClips/A_EN_PLAY_AC_ESwordShield_DamageStrong_D_F_2,/Game/_Art/Enemies/OtherRegions/Humanoids/EliteShield_SourceReferences/Animations/SourceSequences/A_EN_SRC_CA_ESwordShield_DamageStrong_D_F2,EquivalentSourceTimeline,,1.1,1.1,"[30, 1]",0
EliteShield_SourceReferences,/Game/_Art/Enemies/OtherRegions/Humanoids/EliteShield_SourceReferences/Animations/PlaybackClips/A_EN_PLAY_AC_ESwordShield_DamageStrong_L_F,/Game/_Art/Enemies/OtherRegions/Humanoids/EliteShield_SourceReferences/Animations/SourceSequences/A_EN_SRC_CA_ESwordShield_DamageStrong_L_F,EquivalentSourceTimeline,,1.1,1.1,"[30, 1]",0
EliteShield_SourceReferences,/Game/_Art/Enemies/OtherRegions/Humanoids/EliteShield_SourceReferences/Animations/PlaybackClips/A_EN_PLAY_AC_ESwordShield_DamageStrong_R_F,/Game/_Art/Enemies/OtherRegions/Humanoids/EliteShield_SourceReferences/Animations/SourceSequences/A_EN_SRC_CA_ESwordShield_DamageStrong_R_F,EquivalentSourceTimeline,,1.1,1.1,"[30, 1]",0
EliteShield_SourceReferences,/Game/_Art/Enemies/OtherRegions/Humanoids/EliteShield_SourceReferences/Animations/PlaybackClips/A_EN_PLAY_AC_ESwordShield_DamageStrong_U_F,/Game/_Art/Enemies/OtherRegions/Humanoids/EliteShield_SourceReferences/Animations/SourceSequences/A_EN_SRC_CA_ESwordShield_DamageStrong_U_F,EquivalentSourceTimeline,,1.0,1.0,"[30, 1]",0
EliteShield_SourceReferences,/Game/_Art/Enemies/OtherRegions/Humanoids/EliteShield_SourceReferences/Animations/PlaybackClips/A_EN_PLAY_AC_ESwordShield_DamageWeak_D_F,/Game/_Art/Enemies/OtherRegions/Humanoids/EliteShield_SourceReferences/Animations/SourceSequences/A_EN_SRC_CA_ESwordShield_DamageWeak_D_F,EquivalentSourceTimeline,,0.4,0.4,"[30, 1]",0
EliteShield_SourceReferences,/Game/_Art/Enemies/OtherRegions/Humanoids/EliteShield_SourceReferences/Animations/PlaybackClips/A_EN_PLAY_AC_ESwordShield_DamageWeak_L_F,/Game/_Art/Enemies/OtherRegions/Humanoids/EliteShield_SourceReferences/Animations/SourceSequences/A_EN_SRC_CA_ESwordShield_DamageWeak_L_F,EquivalentSourceTimeline,,0.4,0.4,"[30, 1]",0
EliteShield_SourceReferences,/Game/_Art/Enemies/OtherRegions/Humanoids/EliteShield_SourceReferences/Animations/PlaybackClips/A_EN_PLAY_AC_ESwordShield_DamageWeak_R_F,/Game/_Art/Enemies/OtherRegions/Humanoids/EliteShield_SourceReferences/Animations/SourceSequences/A_EN_SRC_CA_ESwordShield_DamageWeak_R_F,EquivalentSourceTimeline,,0.4,0.4,"[30, 1]",0
EliteShield_SourceReferences,/Game/_Art/Enemies/OtherRegions/Humanoids/EliteShield_SourceReferences/Animations/PlaybackClips/A_EN_PLAY_AC_ESwordShield_DamageWeak_U_F,/Game/_Art/Enemies/OtherRegions/Humanoids/EliteShield_SourceReferences/Animations/SourceSequences/A_EN_SRC_CA_ESwordShield_DamageWeak_U_F,EquivalentSourceTimeline,,0.4,0.4,"[30, 1]",0
EliteShield_SourceReferences,/Game/_Art/Enemies/OtherRegions/Humanoids/EliteShield_SourceReferences/Animations/PlaybackClips/A_EN_PLAY_AC_ESwordShield_Defence_Loop,/Game/_Art/Enemies/OtherRegions/Humanoids/EliteShield_SourceReferences/Animations/SourceSequences/A_EN_SRC_CA_ESwordShield_Defence_Loop,EquivalentSourceTimeline,,2.0,2.0,"[30, 1]",0
EliteShield_SourceReferences,/Game/_Art/Enemies/OtherRegions/Humanoids/EliteShield_SourceReferences/Animations/PlaybackClips/A_EN_PLAY_AC_ESwordShield_Die_F,/Game/_Art/Enemies/OtherRegions/Humanoids/EliteShield_SourceReferences/Animations/SourceSequences/A_EN_SRC_CA_ESwordShield_Die_F,ChangedTimeline,source_trim,6.0,6.0,"[30, 1]",0
EliteShield_SourceReferences,/Game/_Art/Enemies/OtherRegions/Humanoids/EliteShield_SourceReferences/Animations/PlaybackClips/A_EN_PLAY_AC_ESwordShield_Die_F_Wraith,/Game/_Art/Enemies/OtherRegions/Humanoids/EliteShield_SourceReferences/Animations/SourceSequences/A_EN_SRC_CA_ESwordShield_Die_F,ChangedTimeline,source_trim,6.0,6.0,"[30, 1]",0
EliteShield_SourceReferences,/Game/_Art/Enemies/OtherRegions/Humanoids/EliteShield_SourceReferences/Animations/PlaybackClips/A_EN_PLAY_AC_ESwordShield_Down_B_Loop,/Game/_Art/Enemies/OtherRegions/Humanoids/EliteShield_SourceReferences/Animations/SourceSequences/A_EN_SRC_CA_ESwordShield_Down_B_Loop,EquivalentSourceTimeline,,1.6,1.6,"[30, 1]",0
EliteShield_SourceReferences,/Game/_Art/Enemies/OtherRegions/Humanoids/EliteShield_SourceReferences/Animations/PlaybackClips/A_EN_PLAY_AC_ESwordShield_Down_F_Loop,/Game/_Art/Enemies/OtherRegions/Humanoids/EliteShield_SourceReferences/Animations/SourceSequences/A_EN_SRC_CA_ESwordShield_Down_F_Loop,EquivalentSourceTimeline,,1.6,1.6,"[30, 1]",0
EliteShield_SourceReferences,/Game/_Art/Enemies/OtherRegions/Humanoids/EliteShield_SourceReferences/Animations/PlaybackClips/A_EN_PLAY_AC_ESwordShield_Falling,/Game/_Art/Enemies/OtherRegions/Humanoids/EliteShield_SourceReferences/Animations/SourceSequences/A_EN_SRC_CA_ESwordShield_Stand_F,ChangedTimeline,source_trim,0.1,0.1,"[30, 1]",0
EliteShield_SourceReferences,/Game/_Art/Enemies/OtherRegions/Humanoids/EliteShield_SourceReferences/Animations/PlaybackClips/A_EN_PLAY_AC_ESwordShield_Getup_B,/Game/_Art/Enemies/OtherRegions/Humanoids/EliteShield_SourceReferences/Animations/SourceSequences/A_EN_SRC_CA_ESwordShield_Getup_B,EquivalentSourceTimeline,,1.8666667,1.8666667,"[30, 1]",0
EliteShield_SourceReferences,/Game/_Art/Enemies/OtherRegions/Humanoids/EliteShield_SourceReferences/Animations/PlaybackClips/A_EN_PLAY_AC_ESwordShield_Getup_F,/Game/_Art/Enemies/OtherRegions/Humanoids/EliteShield_SourceReferences/Animations/SourceSequences/A_EN_SRC_CA_ESwordShield_Getup_F,EquivalentSourceTimeline,,1.6666666,1.6666666,"[30, 1]",0
EliteShield_SourceReferences,/Game/_Art/Enemies/OtherRegions/Humanoids/EliteShield_SourceReferences/Animations/PlaybackClips/A_EN_PLAY_AC_ESwordShield_Groggy_F_End,/Game/_Art/Enemies/OtherRegions/Humanoids/EliteShield_SourceReferences/Animations/SourceSequences/A_EN_SRC_CA_ESwordShield_Groggy_F_End,EquivalentSourceTimeline,,1.3333334,1.3333334,"[30, 1]",0
EliteShield_SourceReferences,/Game/_Art/Enemies/OtherRegions/Humanoids/EliteShield_SourceReferences/Animations/PlaybackClips/A_EN_PLAY_AC_ESwordShield_Groggy_F_Loop,/Game/_Art/Enemies/OtherRegions/Humanoids/EliteShield_SourceReferences/Animations/SourceSequences/A_EN_SRC_CA_ESwordShield_Groggy_F_Loop,EquivalentSourceTimeline,,2.6666667,2.6666667,"[30, 1]",0
EliteShield_SourceReferences,/Game/_Art/Enemies/OtherRegions/Humanoids/EliteShield_SourceReferences/Animations/PlaybackClips/A_EN_PLAY_AC_ESwordShield_Groggy_F_Start,/Game/_Art/Enemies/OtherRegions/Humanoids/EliteShield_SourceReferences/Animations/SourceSequences/A_EN_SRC_CA_ESwordShield_Groggy_F_Start,EquivalentSourceTimeline,,1.1666666,1.1666666,"[30, 1]",0
EliteShield_SourceReferences,/Game/_Art/Enemies/OtherRegions/Humanoids/EliteShield_SourceReferences/Animations/PlaybackClips/A_EN_PLAY_AC_ESwordShield_Guard_Broken,/Game/_Art/Enemies/OtherRegions/Humanoids/EliteShield_SourceReferences/Animations/SourceSequences/A_EN_SRC_CA_ESwordShield_Guard_Broken,EquivalentSourceTimeline,,2.3333333,2.3333333,"[30, 1]",0
EliteShield_SourceReferences,/Game/_Art/Enemies/OtherRegions/Humanoids/EliteShield_SourceReferences/Animations/PlaybackClips/A_EN_PLAY_AC_ESwordShield_Guard_Counter,/Game/_Art/Enemies/OtherRegions/Humanoids/EliteShield_SourceReferences/Animations/SourceSequences/A_EN_SRC_CA_ESwordShield_Guard_Counter,EquivalentSourceTimeline,,3.1666667,3.1666667,"[30, 1]",0
EliteShield_SourceReferences,/Game/_Art/Enemies/OtherRegions/Humanoids/EliteShield_SourceReferences/Animations/PlaybackClips/A_EN_PLAY_AC_ESwordShield_Guard_End,/Game/_Art/Enemies/OtherRegions/Humanoids/EliteShield_SourceReferences/Animations/SourceSequences/A_EN_SRC_CA_ESwordShield_Guard_End,EquivalentSourceTimeline,,0.3,0.3,"[30, 1]",0
EliteShield_SourceReferences,/Game/_Art/Enemies/OtherRegions/Humanoids/EliteShield_SourceReferences/Animations/PlaybackClips/A_EN_PLAY_AC_ESwordShield_Guard_Hit,/Game/_Art/Enemies/OtherRegions/Humanoids/EliteShield_SourceReferences/Animations/SourceSequences/A_EN_SRC_CA_ESwordShield_Guard_Hit,EquivalentSourceTimeline,,0.6666667,0.6666667,"[30, 1]",0
EliteShield_SourceReferences,/Game/_Art/Enemies/OtherRegions/Humanoids/EliteShield_SourceReferences/Animations/PlaybackClips/A_EN_PLAY_AC_ESwordShield_Run_F,/Game/_Art/Enemies/OtherRegions/Humanoids/EliteShield_SourceReferences/Animations/SourceSequences/A_EN_SRC_CA_ESwordShield_Run_F,EquivalentSourceTimeline,,0.6666667,0.6666667,"[30, 1]",0
EliteShield_SourceReferences,/Game/_Art/Enemies/OtherRegions/Humanoids/EliteShield_SourceReferences/Animations/PlaybackClips/A_EN_PLAY_AC_ESwordShield_Stand_F,/Game/_Art/Enemies/OtherRegions/Humanoids/EliteShield_SourceReferences/Animations/SourceSequences/A_EN_SRC_CA_ESwordShield_Stand_F,EquivalentSourceTimeline,,2.0,2.0,"[30, 1]",0
EliteShield_SourceReferences,/Game/_Art/Enemies/OtherRegions/Humanoids/EliteShield_SourceReferences/Animations/PlaybackClips/A_EN_PLAY_AC_ESwordShield_Turn_L,/Game/_Art/Enemies/OtherRegions/Humanoids/EliteShield_SourceReferences/Animations/SourceSequences/A_EN_SRC_CA_ESwordShield_Turn_L,ChangedTimeline,dilation_time_warp | segment_play_rate,0.96000004,0.8727267,"[4825419, 80986]",0.08727334000000009
EliteShield_SourceReferences,/Game/_Art/Enemies/OtherRegions/Humanoids/EliteShield_SourceReferences/Animations/PlaybackClips/A_EN_PLAY_AC_ESwordShield_Turn_L_180,/Game/_Art/Enemies/OtherRegions/Humanoids/EliteShield_SourceReferences/Animations/SourceSequences/A_EN_SRC_CA_ESwordShield_Turn_L_180,ChangedTimeline,dilation_time_warp | segment_play_rate,1.5384616,1.1623874,"[821714, 13645]",0.3760741999999999
EliteShield_SourceReferences,/Game/_Art/Enemies/OtherRegions/Humanoids/EliteShield_SourceReferences/Animations/PlaybackClips/A_EN_PLAY_AC_ESwordShield_Turn_R,/Game/_Art/Enemies/OtherRegions/Humanoids/EliteShield_SourceReferences/Animations/SourceSequences/A_EN_SRC_CA_ESwordShield_Turn_R,ChangedTimeline,dilation_time_warp | segment_play_rate,0.96000004,0.8727267,"[4825419, 80986]",0.08727334000000009
EliteShield_SourceReferences,/Game/_Art/Enemies/OtherRegions/Humanoids/EliteShield_SourceReferences/Animations/PlaybackClips/A_EN_PLAY_AC_ESwordShield_Turn_R_180,/Game/_Art/Enemies/OtherRegions/Humanoids/EliteShield_SourceReferences/Animations/SourceSequences/A_EN_SRC_CA_ESwordShield_Turn_R_180,ChangedTimeline,dilation_time_warp | segment_play_rate,1.5384616,1.1623874,"[821714, 13645]",0.3760741999999999
EliteShield_SourceReferences,/Game/_Art/Enemies/OtherRegions/Humanoids/EliteShield_SourceReferences/Animations/PlaybackClips/A_EN_PLAY_AC_ESwordShield_Walk_F,/Game/_Art/Enemies/OtherRegions/Humanoids/EliteShield_SourceReferences/Animations/SourceSequences/A_EN_SRC_CA_ESwordShield_Walk_F,EquivalentSourceTimeline,,1.3333334,1.3333334,"[30, 1]",0
EliteShield_SourceReferences,/Game/_Art/Enemies/OtherRegions/Humanoids/EliteShield_SourceReferences/Animations/PlaybackClips/A_EN_PLAY_AC_EmpireSwordShield_E_Basic_End_01,/Game/_Art/Enemies/OtherRegions/Humanoids/EliteShield_SourceReferences/Animations/SourceSequences/A_EN_SRC_CA_ESwordShield_NoBattle_Basic_LoopEnd_01,EquivalentSourceTimeline,,1.0,1.0,"[30, 1]",0
EliteShield_SourceReferences,/Game/_Art/Enemies/OtherRegions/Humanoids/EliteShield_SourceReferences/Animations/PlaybackClips/A_EN_PLAY_AC_EmpireSwordShield_E_Basic_End_02,/Game/_Art/Enemies/OtherRegions/Humanoids/EliteShield_SourceReferences/Animations/SourceSequences/A_EN_SRC_CA_ESwordShield_Basic_End_02,EquivalentSourceTimeline,,1.5,1.5,"[30, 1]",0
EliteShield_SourceReferences,/Game/_Art/Enemies/OtherRegions/Humanoids/EliteShield_SourceReferences/Animations/PlaybackClips/A_EN_PLAY_AC_EmpireSwordShield_E_Basic_End_03,/Game/_Art/Enemies/OtherRegions/Humanoids/EliteShield_SourceReferences/Animations/SourceSequences/A_EN_SRC_CA_ESwordShield_Basic_End_03,EquivalentSourceTimeline,,2.5,2.5,"[30, 1]",0
EliteShield_SourceReferences,/Game/_Art/Enemies/OtherRegions/Humanoids/EliteShield_SourceReferences/Animations/PlaybackClips/A_EN_PLAY_AC_EmpireSwordShield_E_Basic_Loop_01,/Game/_Art/Enemies/OtherRegions/Humanoids/EliteShield_SourceReferences/Animations/SourceSequences/A_EN_SRC_CA_ESwordShield_NoBattle_Basic_Loop_01,EquivalentSourceTimeline,,13.133333,13.133333,"[30, 1]",0
EliteShield_SourceReferences,/Game/_Art/Enemies/OtherRegions/Humanoids/EliteShield_SourceReferences/Animations/PlaybackClips/A_EN_PLAY_AC_EmpireSwordShield_E_Basic_Loop_02,/Game/_Art/Enemies/OtherRegions/Humanoids/EliteShield_SourceReferences/Animations/SourceSequences/A_EN_SRC_CA_ESwordShield_Basic_Loop_02,EquivalentSourceTimeline,,9.0,9.0,"[30, 1]",0
EliteShield_SourceReferences,/Game/_Art/Enemies/OtherRegions/Humanoids/EliteShield_SourceReferences/Animations/PlaybackClips/A_EN_PLAY_AC_EmpireSwordShield_E_Basic_Loop_03,/Game/_Art/Enemies/OtherRegions/Humanoids/EliteShield_SourceReferences/Animations/SourceSequences/A_EN_SRC_CA_ESwordShield_Basic_Loop_03,EquivalentSourceTimeline,,4.6666665,4.6666665,"[30, 1]",0
EliteShield_SourceReferences,/Game/_Art/Enemies/OtherRegions/Humanoids/EliteShield_SourceReferences/Animations/PlaybackClips/A_EN_PLAY_AC_EmpireSwordShield_E_Basic_Talk_End_01,/Game/_Art/Enemies/OtherRegions/Humanoids/EliteShield_SourceReferences/Animations/SourceSequences/A_EN_SRC_CA_ESwordShield_NoBattle_Basic_Talk_End_01,EquivalentSourceTimeline,,0.8,0.8,"[30, 1]",0
EliteShield_SourceReferences,/Game/_Art/Enemies/OtherRegions/Humanoids/EliteShield_SourceReferences/Animations/PlaybackClips/A_EN_PLAY_AC_EmpireSwordShield_E_Basic_Talk_Loop_01,/Game/_Art/Enemies/OtherRegions/Humanoids/EliteShield_SourceReferences/Animations/SourceSequences/A_EN_SRC_CA_ESwordShield_NoBattle_Basic_Talk_01,EquivalentSourceTimeline,,12.4,12.4,"[30, 1]",0
EliteShield_SourceReferences,/Game/_Art/Enemies/OtherRegions/Humanoids/EliteShield_SourceReferences/Animations/PlaybackClips/A_EN_PLAY_AC_M_Human_Elite_M_PicaClub_DamageFinalBlow,/Game/_Art/Enemies/HeinMach/Humanoids/SharedSourceReferences/Animations/SourceSequences/A_EN_SRC_CA_M_Human_Elite_M_PicaClub_DamageFinalBlow,EquivalentSourceTimeline,,5.5,5.5,"[30, 1]",0
EliteShield_SourceReferences,/Game/_Art/Enemies/OtherRegions/Humanoids/EliteShield_SourceReferences/Animations/PlaybackClips/A_EN_PLAY_AC_EmpireSwordShield_GuardCounter_Broken_Full,/Game/_Art/Enemies/OtherRegions/Humanoids/EliteShield_SourceReferences/Animations/SourceSequences/A_EN_SRC_CA_ESwordShield_Guard_Broken,ChangedTimeline,dilation_time_warp | source_trim,2.33,2.6724622,"[1072090, 17907]",0.3424627
EliteShield_SourceReferences,/Game/_Art/Enemies/OtherRegions/Humanoids/EliteShield_SourceReferences/Animations/PlaybackClips/A_EN_PLAY_AC_EmpireSwordShield_Guard_Broken,/Game/_Art/Enemies/OtherRegions/Humanoids/EliteShield_SourceReferences/Animations/SourceSequences/A_EN_SRC_CA_ESwordShield_Guard_Broken,ChangedTimeline,source_trim,0.450627,0.450627,"[2211563, 71185]",0
EliteShield_SourceReferences,/Game/_Art/Enemies/OtherRegions/Humanoids/EliteShield_SourceReferences/Animations/PlaybackClips/A_EN_PLAY_AC_EmpireSwordShield_Guard_Broken_Full,/Game/_Art/Enemies/OtherRegions/Humanoids/EliteShield_SourceReferences/Animations/SourceSequences/A_EN_SRC_CA_ESwordShield_Guard_Broken,ChangedTimeline,dilation_time_warp | source_trim,2.33,3.2999535,"[5464517, 91074]",0.9699534999999999
EliteShield_SourceReferences,/Game/_Art/Enemies/OtherRegions/Humanoids/EliteShield_SourceReferences/Animations/PlaybackClips/A_EN_PLAY_AC_EmpireSwordShield_Guard_End,/Game/_Art/Enemies/OtherRegions/Humanoids/EliteShield_SourceReferences/Animations/SourceSequences/A_EN_SRC_CA_ESwordShield_Guard_End,EquivalentSourceTimeline,,0.3,0.3,"[30, 1]",0
EliteShield_SourceReferences,/Game/_Art/Enemies/OtherRegions/Humanoids/EliteShield_SourceReferences/Animations/PlaybackClips/A_EN_PLAY_AC_EmpireSwordShield_Guard_Hit,/Game/_Art/Enemies/OtherRegions/Humanoids/EliteShield_SourceReferences/Animations/SourceSequences/A_EN_SRC_CA_ESwordShield_Guard_Hit,EquivalentSourceTimeline,,0.6666667,0.6666667,"[30, 1]",0
EliteShield_SourceReferences,/Game/_Art/Enemies/OtherRegions/Humanoids/EliteShield_SourceReferences/Animations/PlaybackClips/A_EN_PLAY_AC_EmpireSwordShield_Guard_Loop,/Game/_Art/Enemies/OtherRegions/Humanoids/EliteShield_SourceReferences/Animations/SourceSequences/A_EN_SRC_CA_ESwordShield_Guard_Loop,EquivalentSourceTimeline,,2.0,2.0,"[30, 1]",0
EliteShield_SourceReferences,/Game/_Art/Enemies/OtherRegions/Humanoids/EliteShield_SourceReferences/Animations/PlaybackClips/A_EN_PLAY_AC_EmpireSwordShield_Guard_Start,/Game/_Art/Enemies/OtherRegions/Humanoids/EliteShield_SourceReferences/Animations/SourceSequences/A_EN_SRC_CA_ESwordShield_Guard_Start,EquivalentSourceTimeline,,0.16666667,0.16666667,"[30, 1]",0
EliteShield_SourceReferences,/Game/_Art/Enemies/OtherRegions/Humanoids/EliteShield_SourceReferences/Animations/PlaybackClips/A_EN_PLAY_AC_EmpireSwordShield_E_Walk_F,/Game/_Art/Enemies/OtherRegions/Humanoids/EliteShield_SourceReferences/Animations/SourceSequences/A_EN_SRC_CA_ESwordShield_Walk_F | /Game/_Art/Enemies/OtherRegions/Humanoids/EliteShield_SourceReferences/Animations/SourceSequences/A_EN_SRC_CA_ESwordShield_Walk_F | /Game/_Art/Enemies/OtherRegions/Humanoids/EliteShield_SourceReferences/Animations/SourceSequences/A_EN_SRC_CA_ESwordShield_Walk_F,ChangedTimeline,multiple_segments | segment_start_offset,4.0,4.0,"[30, 1]",0
EliteShield_SourceReferences,/Game/_Art/Enemies/OtherRegions/Humanoids/EliteShield_SourceReferences/Animations/PlaybackClips/A_EN_PLAY_AC_EmpireSwordShield_GuardCounter_Burst_Start,/Game/_Art/Enemies/OtherRegions/Humanoids/EliteShield_SourceReferences/Animations/SourceSequences/A_EN_SRC_CA_ESwordShield_Guard_Counter,ChangedTimeline,dilation_time_warp | source_trim,0.42563,0.798932,"[4282397, 71278]",0.37330199999999997
EliteShield_SourceReferences,/Game/_Art/Enemies/OtherRegions/Humanoids/EliteShield_SourceReferences/Animations/PlaybackClips/A_EN_PLAY_AC_EmpireSwordShield_GuardCounter_Burst_Step2_New,/Game/_Art/Enemies/OtherRegions/Humanoids/EliteShield_SourceReferences/Animations/SourceSequences/A_EN_SRC_CA_ESwordShield_SwordSting_Step2,ChangedTimeline,source_trim,0.84000003,0.84000003,"[1333244, 44797]",0
EliteShield_SourceReferences,/Game/_Art/Enemies/OtherRegions/Humanoids/EliteShield_SourceReferences/Animations/PlaybackClips/A_EN_PLAY_AC_EmpireSwordShield_GuardCounter_Burst_Step3,/Game/_Art/Enemies/OtherRegions/Humanoids/EliteShield_SourceReferences/Animations/SourceSequences/A_EN_SRC_CA_ESwordShield_SwordSting_Step3_2,ChangedTimeline,dilation_time_warp,1.7666667,2.0358443,"[5567245, 92902]",0.2691790599999999
EliteShield_SourceReferences,/Game/_Art/Enemies/OtherRegions/Humanoids/EliteShield_SourceReferences/Animations/PlaybackClips/A_EN_PLAY_AC_EmpireSwordShield_GuardCounter_Burst_Step4,/Game/_Art/Enemies/OtherRegions/Humanoids/EliteShield_SourceReferences/Animations/SourceSequences/A_EN_SRC_CA_ESwordShield_SwordSwing_03_Step3,ChangedTimeline,dilation_time_warp | source_trim,2.07,2.2000818,"[5594132, 93239]",0.15377042
EliteShield_SourceReferences,/Game/_Art/Enemies/OtherRegions/Humanoids/EliteShield_SourceReferences/Animations/PlaybackClips/A_EN_PLAY_AC_EmpireSwordShield_GuardCounter_Burst_Turn_L,/Game/_Art/Enemies/OtherRegions/Humanoids/EliteShield_SourceReferences/Animations/SourceSequences/A_EN_SRC_CA_ESwordShield_SwordSwing_Turn_L,ChangedTimeline,dilation_time_warp | source_trim,2.5133333,2.5185947,"[5877777, 98038]",0.16959035
EliteShield_SourceReferences,/Game/_Art/Enemies/OtherRegions/Humanoids/EliteShield_SourceReferences/Animations/PlaybackClips/A_EN_PLAY_AC_EmpireSwordShield_GuardCounter_Level_Loop,/Game/_Art/Enemies/OtherRegions/Humanoids/EliteShield_SourceReferences/Animations/SourceSequences/A_EN_SRC_CA_ESwordShield_Guard_Loop,EquivalentSourceTimeline,,2.0,2.0,"[30, 1]",0
EliteShield_SourceReferences,/Game/_Art/Enemies/OtherRegions/Humanoids/EliteShield_SourceReferences/Animations/PlaybackClips/A_EN_PLAY_AC_EmpireSwordShield_GuardCounter_Level_Start,/Game/_Art/Enemies/OtherRegions/Humanoids/EliteShield_SourceReferences/Animations/SourceSequences/A_EN_SRC_CA_ESwordShield_Guard_Counter,ChangedTimeline,source_trim,0.42563,0.42563,"[1300000, 42563]",0
EliteShield_SourceReferences,/Game/_Art/Enemies/OtherRegions/Humanoids/EliteShield_SourceReferences/Animations/PlaybackClips/A_EN_PLAY_AC_EmpireSwordShield_GuardCounter_Smash,/Game/_Art/Enemies/OtherRegions/Humanoids/EliteShield_SourceReferences/Animations/SourceSequences/A_EN_SRC_CA_ESwordShield_Guard_Counter,ChangedTimeline,dilation_time_warp | source_trim,2.1111116,2.2952318,"[5481083, 91162]",0.23206546999999988
EliteShield_SourceReferences,/Game/_Art/Enemies/OtherRegions/Humanoids/EliteShield_SourceReferences/Animations/PlaybackClips/A_EN_PLAY_AC_EmpireSwordShield_GuardCounter_Start,/Game/_Art/Enemies/OtherRegions/Humanoids/EliteShield_SourceReferences/Animations/SourceSequences/A_EN_SRC_CA_ESwordShield_Guard_Counter,ChangedTimeline,dilation_time_warp | source_trim,0.42563,0.65898216,"[2118722, 34905]",0.23335215999999998
EliteShield_SourceReferences,/Game/_Art/Enemies/OtherRegions/Humanoids/EliteShield_SourceReferences/Animations/PlaybackClips/A_EN_PLAY_AC_EmpireSwordShield_GuardCounter_Step,/Game/_Art/Enemies/OtherRegions/Humanoids/EliteShield_SourceReferences/Animations/SourceSequences/A_EN_SRC_CA_ESwordShield_Guard_Counter,ChangedTimeline,source_trim,0.326029,0.32602903,"[1427971, 23278]",4.000000003445692e-08
EliteShield_SourceReferences,/Game/_Art/Enemies/OtherRegions/Humanoids/EliteShield_SourceReferences/Animations/PlaybackClips/A_EN_PLAY_AC_EmpireSwordShield_JustGuardCounter_Combo2_Step1,/Game/_Art/Enemies/OtherRegions/Humanoids/EliteShield_SourceReferences/Animations/SourceSequences/A_EN_SRC_CA_ESwordShield_SwordSwing_01_Step3,ChangedTimeline,dilation_time_warp,2.0333333,2.1330476,"[3755483, 62583]",0.09971583
EliteShield_SourceReferences,/Game/_Art/Enemies/OtherRegions/Humanoids/EliteShield_SourceReferences/Animations/PlaybackClips/A_EN_PLAY_AC_EmpireSwordShield_JustGuardCounter_Combo2_Step2,/Game/_Art/Enemies/OtherRegions/Humanoids/EliteShield_SourceReferences/Animations/SourceSequences/A_EN_SRC_CA_ESwordShield_SwordSwing_03_Step3,EquivalentSourceTimeline,,2.6,2.6,"[30, 1]",0
EliteShield_SourceReferences,/Game/_Art/Enemies/OtherRegions/Humanoids/EliteShield_SourceReferences/Animations/PlaybackClips/A_EN_PLAY_AC_EmpireSwordShield_JustGuardCounter_Combo_Step1,/Game/_Art/Enemies/OtherRegions/Humanoids/EliteShield_SourceReferences/Animations/SourceSequences/A_EN_SRC_CA_ESwordShield_SwordSwing_01_Step4,ChangedTimeline,dilation_time_warp,2.9666667,2.8689816,"[5562608, 92785]",0.09768519999999992
EliteShield_SourceReferences,/Game/_Art/Enemies/OtherRegions/Humanoids/EliteShield_SourceReferences/Animations/PlaybackClips/A_EN_PLAY_AC_EmpireSwordShield_JustGuardCounter_Combo_Step2,/Game/_Art/Enemies/OtherRegions/Humanoids/EliteShield_SourceReferences/Animations/SourceSequences/A_EN_SRC_CA_ESwordShield_SwordSwing_01_Step2,ChangedTimeline,dilation_time_warp | source_trim,1.6733334,1.732573,"[5268391, 87768]",0.05924078000000005
EliteShield_SourceReferences,/Game/_Art/Enemies/OtherRegions/Humanoids/EliteShield_SourceReferences/Animations/PlaybackClips/A_EN_PLAY_AC_EmpireSwordShield_JustGuardCounter_Combo_Step3,/Game/_Art/Enemies/OtherRegions/Humanoids/EliteShield_SourceReferences/Animations/SourceSequences/A_EN_SRC_CA_ESwordShield_SwordSwing_01_Step3,ChangedTimeline,dilation_time_warp,2.0333333,2.0832615,"[5713457, 95221]",0.049929800000000024
EliteShield_SourceReferences,/Game/_Art/Enemies/OtherRegions/Humanoids/EliteShield_SourceReferences/Animations/PlaybackClips/A_EN_PLAY_AC_EmpireSwordShield_JustGuardCounter_Execution,/Game/_Art/Enemies/OtherRegions/Humanoids/EliteShield_SourceReferences/Animations/SourceSequences/A_EN_SRC_CA_ESwordShield_Execution_Success,ChangedTimeline,dilation_time_warp,1.7,1.852343,"[2492723, 41598]",0.15234440500000002
EliteShield_SourceReferences,/Game/_Art/Enemies/OtherRegions/Humanoids/EliteShield_SourceReferences/Animations/PlaybackClips/A_EN_PLAY_AC_EmpireSwordShield_JustGuardCounter_Smash,/Game/_Art/Enemies/OtherRegions/Humanoids/EliteShield_SourceReferences/Animations/SourceSequences/A_EN_SRC_CA_ESwordShield_Guard_Counter,ChangedTimeline,dilation_time_warp | source_trim,2.1111116,2.3440375,"[2028587, 33724]",0.2808712699999999
EliteShield_SourceReferences,/Game/_Art/Enemies/OtherRegions/Humanoids/EliteShield_SourceReferences/Animations/PlaybackClips/A_EN_PLAY_AC_EmpireSwordShield_JustGuardCounter_Start_New,/Game/_Art/Enemies/OtherRegions/Humanoids/EliteShield_SourceReferences/Animations/SourceSequences/A_EN_SRC_CA_ESwordShield_Guard_Counter,ChangedTimeline,dilation_time_warp | source_trim,0.42563,0.5397008,"[2082754, 35127]",0.11407079999999997
EliteShield_SourceReferences,/Game/_Art/Enemies/OtherRegions/Humanoids/EliteShield_SourceReferences/Animations/PlaybackClips/A_EN_PLAY_AC_EmpireSwordShield_JustGuardCounter_Step,/Game/_Art/Enemies/OtherRegions/Humanoids/EliteShield_SourceReferences/Animations/SourceSequences/A_EN_SRC_CA_ESwordShield_Guard_Counter,ChangedTimeline,dilation_time_warp | source_trim,0.326029,0.34820774,"[4325349, 71720]",0.022178750000000025
EliteShield_SourceReferences,/Game/_Art/Enemies/OtherRegions/Humanoids/EliteShield_SourceReferences/Animations/PlaybackClips/A_EN_PLAY_AC_EmpireSwordShield_JustGuardCounter_Thrust,/Game/_Art/Enemies/OtherRegions/Humanoids/EliteShield_SourceReferences/Animations/SourceSequences/A_EN_SRC_CA_ESwordShield_SwordSting_Step3_2,ChangedTimeline,dilation_time_warp,1.7666667,1.9035871,"[2014357, 33636]",0.15146579999999998
EliteShield_SourceReferences,/Game/_Art/Enemies/OtherRegions/Humanoids/EliteShield_SourceReferences/Animations/PlaybackClips/A_EN_PLAY_AC_EmpireSwordShield_ShieldStamp,/Game/_Art/Enemies/OtherRegions/Humanoids/EliteShield_SourceReferences/Animations/SourceSequences/A_EN_SRC_CA_ESwordShield_ShieldStamp,ChangedTimeline,dilation_time_warp | source_trim,2.0,1.7407687,"[5392767, 90265]",0.3014155999999999
EliteShield_SourceReferences,/Game/_Art/Enemies/OtherRegions/Humanoids/EliteShield_SourceReferences/Animations/PlaybackClips/A_EN_PLAY_AC_EmpireSwordShield_ShieldSmash,/Game/_Art/Enemies/OtherRegions/Humanoids/EliteShield_SourceReferences/Animations/SourceSequences/A_EN_SRC_CA_ESwordShield_ShieldSmash,ChangedTimeline,dilation_time_warp,1.7666667,2.3291569,"[5955640, 99083]",0.5624902
EliteShield_SourceReferences,/Game/_Art/Enemies/OtherRegions/Humanoids/EliteShield_SourceReferences/Animations/PlaybackClips/A_EN_PLAY_AC_EmpireSwordShield_ShieldSmash_2,/Game/_Art/Enemies/OtherRegions/Humanoids/EliteShield_SourceReferences/Animations/SourceSequences/A_EN_SRC_CA_ESwordShield_ShieldSmash,ChangedTimeline,dilation_time_warp,1.7666667,2.3291569,"[5955640, 99083]",0.5624902
EliteShield_SourceReferences,/Game/_Art/Enemies/OtherRegions/Humanoids/EliteShield_SourceReferences/Animations/PlaybackClips/A_EN_PLAY_AC_EmpireSwordShield_ShieldCrash,/Game/_Art/Enemies/OtherRegions/Humanoids/EliteShield_SourceReferences/Animations/SourceSequences/A_EN_SRC_CA_ESwordShield_ShiledCrash,ChangedTimeline,dilation_time_warp,2.2333333,2.1194484,"[5082161, 84814]",0.11388489999999996
EliteShield_SourceReferences,/Game/_Art/Enemies/OtherRegions/Humanoids/EliteShield_SourceReferences/Animations/PlaybackClips/A_EN_PLAY_AC_EmpireSwordShield_ChargeSmash,/Game/_Art/Enemies/OtherRegions/Humanoids/EliteShield_SourceReferences/Animations/SourceSequences/A_EN_SRC_CA_ESwordShield_Guard_Counter,ChangedTimeline,dilation_time_warp | source_trim,2.1111116,2.2952318,"[5481083, 91162]",0.23206546999999988
EliteShield_SourceReferences,/Game/_Art/Enemies/OtherRegions/Humanoids/EliteShield_SourceReferences/Animations/PlaybackClips/A_EN_PLAY_AC_EmpireSwordShield_ChargeSmash_Step,/Game/_Art/Enemies/OtherRegions/Humanoids/EliteShield_SourceReferences/Animations/SourceSequences/A_EN_SRC_CA_ESwordShield_Guard_Counter,ChangedTimeline,dilation_time_warp | source_trim,0.326029,0.3482076,"[1726763, 28632]",0.022178599999999993
EliteShield_SourceReferences,/Game/_Art/Enemies/OtherRegions/Humanoids/EliteShield_SourceReferences/Animations/PlaybackClips/A_EN_PLAY_AC_EmpireSwordShield_SwordSwing_Combo1_Step1,/Game/_Art/Enemies/OtherRegions/Humanoids/EliteShield_SourceReferences/Animations/SourceSequences/A_EN_SRC_CA_ESwordShield_SwordSwing_01_Step1,ChangedTimeline,dilation_time_warp,2.0666666,2.1666298,"[5406872, 90113]",0.09996480000000002
EliteShield_SourceReferences,/Game/_Art/Enemies/OtherRegions/Humanoids/EliteShield_SourceReferences/Animations/PlaybackClips/A_EN_PLAY_AC_EmpireSwordShield_SwordSwing_Combo1_Step2,/Game/_Art/Enemies/OtherRegions/Humanoids/EliteShield_SourceReferences/Animations/SourceSequences/A_EN_SRC_CA_ESwordShield_SwordSwing_01_Step2,ChangedTimeline,dilation_time_warp,1.8333334,1.9332968,"[4921533, 82024]",0.09996480000000002
EliteShield_SourceReferences,/Game/_Art/Enemies/OtherRegions/Humanoids/EliteShield_SourceReferences/Animations/PlaybackClips/A_EN_PLAY_AC_EmpireSwordShield_SwordSwing_Combo1_Step3,/Game/_Art/Enemies/OtherRegions/Humanoids/EliteShield_SourceReferences/Animations/SourceSequences/A_EN_SRC_CA_ESwordShield_SwordSwing_01_Step3,ChangedTimeline,dilation_time_warp,2.0333333,2.0832615,"[5713457, 95221]",0.049929800000000024
EliteShield_SourceReferences,/Game/_Art/Enemies/OtherRegions/Humanoids/EliteShield_SourceReferences/Animations/PlaybackClips/A_EN_PLAY_AC_EmpireSwordShield_SwordSwing_Combo1_Step4,/Game/_Art/Enemies/OtherRegions/Humanoids/EliteShield_SourceReferences/Animations/SourceSequences/A_EN_SRC_CA_ESwordShield_SwordSwing_01_Step4,EquivalentSourceTimeline,,2.9666667,2.9666667,"[30, 1]",0
EliteShield_SourceReferences,/Game/_Art/Enemies/OtherRegions/Humanoids/EliteShield_SourceReferences/Animations/PlaybackClips/A_EN_PLAY_AC_EmpireSwordShield_SwordSwing_Combo2_Step1,/Game/_Art/Enemies/OtherRegions/Humanoids/EliteShield_SourceReferences/Animations/SourceSequences/A_EN_SRC_CA_ESwordShield_SwordSwing_02_Step1,ChangedTimeline,dilation_time_warp,2.0333333,2.0686967,"[5504573, 91833]",0.03536505000000001
EliteShield_SourceReferences,/Game/_Art/Enemies/OtherRegions/Humanoids/EliteShield_SourceReferences/Animations/PlaybackClips/A_EN_PLAY_AC_EmpireSwordShield_SwordSwing_Combo2_Step2,/Game/_Art/Enemies/OtherRegions/Humanoids/EliteShield_SourceReferences/Animations/SourceSequences/A_EN_SRC_CA_ESwordShield_SwordSwing_02_Step2,EquivalentSourceTimeline,,1.9,1.9,"[30, 1]",0
EliteShield_SourceReferences,/Game/_Art/Enemies/OtherRegions/Humanoids/EliteShield_SourceReferences/Animations/PlaybackClips/A_EN_PLAY_AC_EmpireSwordShield_SwordSwing_Combo3_Step1,/Game/_Art/Enemies/OtherRegions/Humanoids/EliteShield_SourceReferences/Animations/SourceSequences/A_EN_SRC_CA_ESwordShield_SwordSwing_03_Step1,ChangedTimeline,dilation_time_warp,2.5,2.4402332,"[5243053, 87632]",0.05976690000000007
EliteShield_SourceReferences,/Game/_Art/Enemies/OtherRegions/Humanoids/EliteShield_SourceReferences/Animations/PlaybackClips/A_EN_PLAY_AC_EmpireSwordShield_SwordSwing_Combo3_Step2,/Game/_Art/Enemies/OtherRegions/Humanoids/EliteShield_SourceReferences/Animations/SourceSequences/A_EN_SRC_CA_ESwordShield_SwordSwing_03_Step2,ChangedTimeline,dilation_time_warp,3.1666667,2.9614472,"[1297623, 21589]",0.20521959999999995
EliteShield_SourceReferences,/Game/_Art/Enemies/OtherRegions/Humanoids/EliteShield_SourceReferences/Animations/PlaybackClips/A_EN_PLAY_AC_EmpireSwordShield_SwordSwing_Combo3_Step3,/Game/_Art/Enemies/OtherRegions/Humanoids/EliteShield_SourceReferences/Animations/SourceSequences/A_EN_SRC_CA_ESwordShield_SwordSwing_03_Step3,EquivalentSourceTimeline,,2.6,2.6,"[30, 1]",0
EliteShield_SourceReferences,/Game/_Art/Enemies/OtherRegions/Humanoids/EliteShield_SourceReferences/Animations/PlaybackClips/A_EN_PLAY_AC_EmpireSwordShield_SwordSting_Step1,/Game/_Art/Enemies/OtherRegions/Humanoids/EliteShield_SourceReferences/Animations/SourceSequences/A_EN_SRC_CA_ESwordShield_SwordSting_Step1,ChangedTimeline,dilation_time_warp,0.73333335,0.8752571,"[4876021, 80524]",0.16699811999999997
EliteShield_SourceReferences,/Game/_Art/Enemies/OtherRegions/Humanoids/EliteShield_SourceReferences/Animations/PlaybackClips/A_EN_PLAY_AC_EmpireSwordShield_SwordSting_Step2,/Game/_Art/Enemies/OtherRegions/Humanoids/EliteShield_SourceReferences/Animations/SourceSequences/A_EN_SRC_CA_ESwordShield_SwordSting_Step2,EquivalentSourceTimeline,,1.0,1.0,"[30, 1]",0
EliteShield_SourceReferences,/Game/_Art/Enemies/OtherRegions/Humanoids/EliteShield_SourceReferences/Animations/PlaybackClips/A_EN_PLAY_AC_EmpireSwordShield_SwordSting_Step3_1,/Game/_Art/Enemies/OtherRegions/Humanoids/EliteShield_SourceReferences/Animations/SourceSequences/A_EN_SRC_CA_ESwordShield_SwordSting_Step3_1,EquivalentSourceTimeline,,2.5666666,2.5666666,"[30, 1]",0
EliteShield_SourceReferences,/Game/_Art/Enemies/OtherRegions/Humanoids/EliteShield_SourceReferences/Animations/PlaybackClips/A_EN_PLAY_AC_EmpireSwordShield_SwordSting_Step3_2,/Game/_Art/Enemies/OtherRegions/Humanoids/EliteShield_SourceReferences/Animations/SourceSequences/A_EN_SRC_CA_ESwordShield_SwordSting_Step3_2,ChangedTimeline,dilation_time_warp,1.7666667,1.8947554,"[5241067, 87110]",0.14562774
EliteShield_SourceReferences,/Game/_Art/Enemies/OtherRegions/Humanoids/EliteShield_SourceReferences/Animations/PlaybackClips/A_EN_PLAY_AC_EmpireSwordShield_SwordSting_Step3_3,/Game/_Art/Enemies/OtherRegions/Humanoids/EliteShield_SourceReferences/Animations/SourceSequences/A_EN_SRC_CA_ESwordShield_SwordSting_Step3_3,EquivalentSourceTimeline,,2.0333333,2.0333333,"[30, 1]",0
EliteShield_SourceReferences,/Game/_Art/Enemies/OtherRegions/Humanoids/EliteShield_SourceReferences/Animations/PlaybackClips/A_EN_PLAY_AC_EmpireSwordShield_SwordSting_Stop,/Game/_Art/Enemies/OtherRegions/Humanoids/EliteShield_SourceReferences/Animations/SourceSequences/A_EN_SRC_CA_ESwordShield_SwordSting_Stop,EquivalentSourceTimeline,,1.0,1.0,"[30, 1]",0
EliteShield_SourceReferences,/Game/_Art/Enemies/OtherRegions/Humanoids/EliteShield_SourceReferences/Animations/PlaybackClips/A_EN_PLAY_AC_EmpireSwordShield_JustGuardCounter_empty_proto,/Game/_Art/Enemies/OtherRegions/Humanoids/EliteShield_SourceReferences/Animations/SourceSequences/A_EN_SRC_CA_ESwordShield_Guard_Counter | /Game/_Art/Enemies/OtherRegions/Humanoids/EliteShield_SourceReferences/Animations/SourceSequences/A_EN_SRC_CA_ESwordShield_SwordSwing_01_Step4 | /Game/_Art/Enemies/OtherRegions/Humanoids/EliteShield_SourceReferences/Animations/SourceSequences/A_EN_SRC_CA_ESwordShield_SwordSwing_01_Step2 | /Game/_Art/Enemies/OtherRegions/Humanoids/EliteShield_SourceReferences/Animations/SourceSequences/A_EN_SRC_CA_ESwordShield_SwordSwing_01_Step3 | /Game/_Art/Enemies/OtherRegions/Humanoids/EliteShield_SourceReferences/Animations/SourceSequences/A_EN_SRC_CA_ESwordShield_Guard_Counter | /Game/_Art/Enemies/OtherRegions/Humanoids/EliteShield_SourceReferences/Animations/SourceSequences/A_EN_SRC_CA_ESwordShield_SwordSwing_02_Step2 | /Game/_Art/Enemies/OtherRegions/Humanoids/EliteShield_SourceReferences/Animations/SourceSequences/A_EN_SRC_CA_ESwordShield_SwordSwing_03_Step3 | /Game/_Art/Enemies/OtherRegions/Humanoids/EliteShield_SourceReferences/Animations/SourceSequences/A_EN_SRC_CA_ESwordShield_SwordSting_Step3_2 | /Game/_Art/Enemies/OtherRegions/Humanoids/EliteShield_SourceReferences/Animations/SourceSequences/A_EN_SRC_CA_ESwordShield_SwordSwing_01_Step1 | /Game/_Art/Enemies/OtherRegions/Humanoids/EliteShield_SourceReferences/Animations/SourceSequences/A_EN_SRC_CA_ESwordShield_SwordSwing_02_Step1,ChangedTimeline,multiple_segments | segment_start_offset | source_trim,11.914476,11.914476,"[2991441, 99836]",0
EliteShield_SourceReferences,/Game/_Art/Enemies/OtherRegions/Humanoids/EliteShield_SourceReferences/Animations/PlaybackClips/A_EN_PLAY_AC_EmpireSwordShield_ChargeCrash_End_ShieldSmash,/Game/_Art/Enemies/OtherRegions/Humanoids/EliteShield_SourceReferences/Animations/SourceSequences/A_EN_SRC_CA_ESwordShield_ChargeCrash_ShiledSmash,ChangedTimeline,source_trim,1.889742,1.889742,"[2562907, 84969]",0
EliteShield_SourceReferences,/Game/_Art/Enemies/OtherRegions/Humanoids/EliteShield_SourceReferences/Animations/PlaybackClips/A_EN_PLAY_AC_EmpireSwordShield_ChargeCrash_End_Thrust,/Game/_Art/Enemies/OtherRegions/Humanoids/EliteShield_SourceReferences/Animations/SourceSequences/A_EN_SRC_CA_ESwordShield_ChargeCrash_Thrust,ChangedTimeline,dilation_time_warp,2.0333333,1.9981575,"[3821981, 63641]",0.09267165999999999
EliteShield_SourceReferences,/Game/_Art/Enemies/OtherRegions/Humanoids/EliteShield_SourceReferences/Animations/PlaybackClips/A_EN_PLAY_AC_EmpireSwordShield_ChargeCrash_GuardStart,/Game/_Art/Enemies/OtherRegions/Humanoids/EliteShield_SourceReferences/Animations/SourceSequences/A_EN_SRC_CA_ESwordShield_ChargeCrash_Start,ChangedTimeline,source_trim,0.9733333,0.9733333,"[2000285, 67136]",0
EliteShield_SourceReferences,/Game/_Art/Enemies/OtherRegions/Humanoids/EliteShield_SourceReferences/Animations/PlaybackClips/A_EN_PLAY_AC_EmpireSwordShield_ChargeCrash_Loop,/Game/_Art/Enemies/OtherRegions/Humanoids/EliteShield_SourceReferences/Animations/SourceSequences/A_EN_SRC_CA_ESwordShield_ChargeCrash_Loop | /Game/_Art/Enemies/OtherRegions/Humanoids/EliteShield_SourceReferences/Animations/SourceSequences/A_EN_SRC_CA_ESwordShield_ChargeCrash_Loop,ChangedTimeline,multiple_segments | segment_start_offset,1.0666667,1.0666664,"[4000021, 66667]",4.0000000001150227e-07
EliteShield_SourceReferences,/Game/_Art/Enemies/OtherRegions/Humanoids/EliteShield_SourceReferences/Animations/PlaybackClips/A_EN_PLAY_AC_EmpireSwordShield_ChargeCrash_Start,/Game/_Art/Enemies/OtherRegions/Humanoids/EliteShield_SourceReferences/Animations/SourceSequences/A_EN_SRC_CA_ESwordShield_ChargeCrash_Start,EquivalentSourceTimeline,,1.6333333,1.6333333,"[30, 1]",0
EliteShield_SourceReferences,/Game/_Art/Enemies/OtherRegions/Humanoids/EliteShield_SourceReferences/Animations/PlaybackClips/A_EN_PLAY_AC_EmpireSwordShield_ChargeCrash_Thrust,/Game/_Art/Enemies/OtherRegions/Humanoids/EliteShield_SourceReferences/Animations/SourceSequences/A_EN_SRC_CA_ESwordShield_SwordSting_Step3_2,ChangedTimeline,dilation_time_warp,1.7666667,2.0358443,"[5567245, 92902]",0.2691790599999999
EliteShield_SourceReferences,/Game/_Art/Enemies/OtherRegions/Humanoids/EliteShield_SourceReferences/Animations/PlaybackClips/A_EN_PLAY_AC_EmpireSwordShield_SwordSwing_Turn_L,/Game/_Art/Enemies/OtherRegions/Humanoids/EliteShield_SourceReferences/Animations/SourceSequences/A_EN_SRC_CA_ESwordShield_SwordSwing_Turn_L,ChangedTimeline,dilation_time_warp,2.7333333,2.748026,"[4389691, 73109]",0.17900040000000006
EliteShield_SourceReferences,/Game/_Art/Enemies/OtherRegions/Humanoids/EliteShield_SourceReferences/Animations/PlaybackClips/A_EN_PLAY_AC_EmpireSwordShield_SwordSwing_Turn_R,/Game/_Art/Enemies/OtherRegions/Humanoids/EliteShield_SourceReferences/Animations/SourceSequences/A_EN_SRC_CA_ESwordShield_SwordSwing_Turn_R,ChangedTimeline,dilation_time_warp,2.2333333,2.216775,"[5320000, 88671]",0.09774840000000007
EliteShield_SourceReferences,/Game/_Art/Enemies/OtherRegions/Humanoids/EliteShield_SourceReferences/Animations/PlaybackClips/A_EN_PLAY_AC_EmpireSwordShield_BackCounter,/Game/_Art/Enemies/OtherRegions/Humanoids/EliteShield_SourceReferences/Animations/SourceSequences/A_EN_SRC_CA_ESwordShield_BackCounter,EquivalentSourceTimeline,,2.1333334,2.1333334,"[30, 1]",0
EliteShield_SourceReferences,/Game/_Art/Enemies/OtherRegions/Humanoids/EliteShield_SourceReferences/Animations/PlaybackClips/A_EN_PLAY_AC_EmpireSwordShield_BurstStrike,/Game/_Art/Enemies/OtherRegions/Humanoids/EliteShield_SourceReferences/Animations/SourceSequences/A_EN_SRC_CA_ESwordShield_SwordSwing_03_Step3,ChangedTimeline,dilation_time_warp | source_trim,2.07,2.2000818,"[5594132, 93239]",0.15377042
EliteShield_SourceReferences,/Game/_Art/Enemies/OtherRegions/Humanoids/EliteShield_SourceReferences/Animations/PlaybackClips/A_EN_PLAY_AC_EmpireSwordShield_BurstStrike_Turn_F,/Game/_Art/Enemies/OtherRegions/Humanoids/EliteShield_SourceReferences/Animations/SourceSequences/A_EN_SRC_CA_ESwordShield_SwordSwing_Turn_L,ChangedTimeline,dilation_time_warp,2.7333333,2.7461805,"[5087446, 84673]",0.17715495999999997
EliteShield_SourceReferences,/Game/_Art/Enemies/OtherRegions/Humanoids/EliteShield_SourceReferences/Animations/PlaybackClips/A_EN_PLAY_AC_EmpireSwordShield_E_StormPass_InnerTrial_Spawn_End,/Game/_Art/Enemies/OtherRegions/Humanoids/EliteShield_SourceReferences/Animations/SourceSequences/A_EN_SRC_CA_ESwordShield_Stand_F,ChangedTimeline,loop_count,4.0,4.0,"[30, 1]",0
EliteShield_SourceReferences,/Game/_Art/Enemies/OtherRegions/Humanoids/EliteShield_SourceReferences/Animations/PlaybackClips/A_EN_PLAY_AC_EmpireSwordShield_E_StormPass_InnerTrial_Spawn_End_Loop,/Game/_Art/Enemies/OtherRegions/Humanoids/EliteShield_SourceReferences/Animations/SourceSequences/A_EN_SRC_CA_ESwordShield_Stand_F,ChangedTimeline,source_trim,1.0,1.0,"[30, 1]",0
EliteShield_SourceReferences,/Game/_Art/Enemies/OtherRegions/Humanoids/EliteShield_SourceReferences/Animations/PlaybackClips/A_EN_PLAY_AC_EmpireSwordShield_E_StormPass_InnerTrial_Spawn_Start,/Game/_Art/Enemies/HeinMach/Humanoids/SharedSourceReferences/Animations/SourceSequences/A_EN_SRC_CA_M_SkeletonSword_Hiding_F_Loop,ChangedTimeline,loop_count | source_trim,6.0,6.0,"[30, 1]",0
EliteShield_SourceReferences,/Game/_Art/Enemies/OtherRegions/Humanoids/EliteShield_SourceReferences/Animations/PlaybackClips/A_EN_PLAY_AC_EmpireSwordShield_E_Vigilant_FreakOut_Armed,/Game/_Art/Enemies/OtherRegions/Humanoids/EliteShield_SourceReferences/Animations/SourceSequences/A_EN_SRC_CA_M_Human_Elite_M_ESwordShield_Vigilant_FreakOut,EquivalentSourceTimeline,,1.8333334,1.8333334,"[30, 1]",0
EliteShield_SourceReferences,/Game/_Art/Enemies/OtherRegions/Humanoids/EliteShield_SourceReferences/Animations/PlaybackClips/A_EN_PLAY_AC_EmpireSwordShield_E_Vigilant_LookAround,/Game/_Art/Enemies/OtherRegions/Humanoids/EliteShield_SourceReferences/Animations/SourceSequences/A_EN_SRC_CA_M_Human_Elite_M_ESwordShield_Vigilant_LookAround,EquivalentSourceTimeline,,8.433333,8.433333,"[30, 1]",0
