Family,Kind,UnrealAsset,OriginalPackage,DurationSeconds,SampleCount,FrameRateNumerator,FrameRateDenominator,PlayRate,TimingContract
SharedSourceReferences,SourceSequence,/Game/_Art/Enemies/HeinMach/Humanoids/SharedSourceReferences/Animations/SourceSequences/A_EN_SRC_C_I_Empire_Q1Staff001_Stand,BBQ/Content/_Kazan_/Art/Character/CHA_Model/Item/Staff/Animation/C_I_Empire_Q1Staff001_Stand,1.0,31,30,1,1.0,Original sequence time
SharedSourceReferences,SourceSequence,/Game/_Art/Enemies/HeinMach/Humanoids/SharedSourceReferences/Animations/SourceSequences/A_EN_SRC_CA_M_Human_Adult_M_Die_Sick_B,BBQ/Content/_Kazan_/Art/Character/CHA_Model/Monster_Human/Adult/Adult_M/Animation/CA_M_Human_Adult_M_Die_Sick_B,3.5,106,30,1,1.0,Original sequence time
SharedSourceReferences,SourceSequence,/Game/_Art/Enemies/HeinMach/Humanoids/SharedSourceReferences/Animations/SourceSequences/A_EN_SRC_CA_M_Human_Adult_M_Die_Sick_F,BBQ/Content/_Kazan_/Art/Character/CHA_Model/Monster_Human/Adult/Adult_M/Animation/CA_M_Human_Adult_M_Die_Sick_F,4.8,145,30,1,1.0,Original sequence time
SharedSourceReferences,SourceSequence,/Game/_Art/Enemies/HeinMach/Humanoids/SharedSourceReferences/Animations/SourceSequences/A_EN_SRC_CA_M_Human_Adult_M_Down_Sick_B_Loop,BBQ/Content/_Kazan_/Art/Character/CHA_Model/Monster_Human/Adult/Adult_M/Animation/CA_M_Human_Adult_M_Down_Sick_B_Loop,6.3333335,191,30,1,1.0,Original sequence time
SharedSourceReferences,SourceSequence,/Game/_Art/Enemies/HeinMach/Humanoids/SharedSourceReferences/Animations/SourceSequences/A_EN_SRC_CA_M_Human_Adult_M_Down_Sick_B_Loop_Idle,BBQ/Content/_Kazan_/Art/Character/CHA_Model/Monster_Human/Adult/Adult_M/Animation/CA_M_Human_Adult_M_Down_Sick_B_Loop_Idle,0.5,16,30,1,1.0,Original sequence time
SharedSourceReferences,SourceSequence,/Game/_Art/Enemies/HeinMach/Humanoids/SharedSourceReferences/Animations/SourceSequences/A_EN_SRC_CA_M_Human_Adult_M_Down_Sick_F_Loop,BBQ/Content/_Kazan_/Art/Character/CHA_Model/Monster_Human/Adult/Adult_M/Animation/CA_M_Human_Adult_M_Down_Sick_F_Loop,11.4,343,30,1,1.0,Original sequence time
SharedSourceReferences,SourceSequence,/Game/_Art/Enemies/HeinMach/Humanoids/SharedSourceReferences/Animations/SourceSequences/A_EN_SRC_CA_M_Human_Adult_M_Down_Sick_F_Loop_Idle,BBQ/Content/_Kazan_/Art/Character/CHA_Model/Monster_Human/Adult/Adult_M/Animation/CA_M_Human_Adult_M_Down_Sick_F_Loop_Idle,0.33333334,11,30,1,1.0,Original sequence time
SharedSourceReferences,SourceSequence,/Game/_Art/Enemies/HeinMach/Humanoids/SharedSourceReferences/Animations/SourceSequences/A_EN_SRC_CA_M_Human_Adult_M_Stand_Sick_F,BBQ/Content/_Kazan_/Art/Character/CHA_Model/Monster_Human/Adult/Adult_M/Animation/CA_M_Human_Adult_M_Stand_Sick_F,14.933333,449,30,1,1.0,Original sequence time
Archer,SourceSequence,/Game/_Art/Enemies/HeinMach/Humanoids/Archer/Animations/SourceSequences/A_EN_SRC_CA_M_EmpBow_BackShoot,BBQ/Content/_Kazan_/Art/Character/CHA_Model/Monster_Human/Adult/Adult_M/Animation/EmpireBow/CA_M_EmpBow_BackShoot,1.6666666,51,30,1,1.0,Original sequence time
Archer,SourceSequence,/Game/_Art/Enemies/HeinMach/Humanoids/Archer/Animations/SourceSequences/A_EN_SRC_CA_M_EmpBow_BasicShoot_End,BBQ/Content/_Kazan_/Art/Character/CHA_Model/Monster_Human/Adult/Adult_M/Animation/EmpireBow/CA_M_EmpBow_BasicShoot_End,0.8666667,27,30,1,1.0,Original sequence time
Archer,SourceSequence,/Game/_Art/Enemies/HeinMach/Humanoids/Archer/Animations/SourceSequences/A_EN_SRC_CA_M_EmpBow_BasicShoot_Fail,BBQ/Content/_Kazan_/Art/Character/CHA_Model/Monster_Human/Adult/Adult_M/Animation/EmpireBow/CA_M_EmpBow_BasicShoot_Fail,0.6,19,30,1,1.0,Original sequence time
Archer,SourceSequence,/Game/_Art/Enemies/HeinMach/Humanoids/Archer/Animations/SourceSequences/A_EN_SRC_CA_M_EmpBow_BasicShoot_Loop,BBQ/Content/_Kazan_/Art/Character/CHA_Model/Monster_Human/Adult/Adult_M/Animation/EmpireBow/CA_M_EmpBow_BasicShoot_Loop,1.2,37,30,1,1.0,Original sequence time
Archer,SourceSequence,/Game/_Art/Enemies/HeinMach/Humanoids/Archer/Animations/SourceSequences/A_EN_SRC_CA_M_EmpBow_BasicShoot_Start,BBQ/Content/_Kazan_/Art/Character/CHA_Model/Monster_Human/Adult/Adult_M/Animation/EmpireBow/CA_M_EmpBow_BasicShoot_Start,1.0,31,30,1,1.0,Original sequence time
Archer,SourceSequence,/Game/_Art/Enemies/HeinMach/Humanoids/Archer/Animations/SourceSequences/A_EN_SRC_CA_M_EmpBow_CarryASword,BBQ/Content/_Kazan_/Art/Character/CHA_Model/Monster_Human/Adult/Adult_M/Animation/EmpireBow/CA_M_EmpBow_CarryASword,1.0,31,30,1,1.0,Original sequence time
Archer,SourceSequence,/Game/_Art/Enemies/HeinMach/Humanoids/Archer/Animations/SourceSequences/A_EN_SRC_CA_M_EmpBow_CarryASword_Turn_L,BBQ/Content/_Kazan_/Art/Character/CHA_Model/Monster_Human/Adult/Adult_M/Animation/EmpireBow/CA_M_EmpBow_CarryASword_Turn_L,1.1666666,36,30,1,1.0,Original sequence time
Archer,SourceSequence,/Game/_Art/Enemies/HeinMach/Humanoids/Archer/Animations/SourceSequences/A_EN_SRC_CA_M_EmpBow_CarryASword_Turn_R,BBQ/Content/_Kazan_/Art/Character/CHA_Model/Monster_Human/Adult/Adult_M/Animation/EmpireBow/CA_M_EmpBow_CarryASword_Turn_R,1.3666667,42,30,1,1.0,Original sequence time
Archer,SourceSequence,/Game/_Art/Enemies/HeinMach/Humanoids/Archer/Animations/SourceSequences/A_EN_SRC_CA_M_EmpBow_ClimbingWall_Down_End,BBQ/Content/_Kazan_/Art/Character/CHA_Model/Monster_Human/Adult/Adult_M/Animation/EmpireBow/CA_M_EmpBow_ClimbingWall_Down_End,1.1,34,30,1,1.0,Original sequence time
Archer,SourceSequence,/Game/_Art/Enemies/HeinMach/Humanoids/Archer/Animations/SourceSequences/A_EN_SRC_CA_M_EmpBow_ClimbingWall_Down_L,BBQ/Content/_Kazan_/Art/Character/CHA_Model/Monster_Human/Adult/Adult_M/Animation/EmpireBow/CA_M_EmpBow_ClimbingWall_Down_L,0.6,19,30,1,1.0,Original sequence time
Archer,SourceSequence,/Game/_Art/Enemies/HeinMach/Humanoids/Archer/Animations/SourceSequences/A_EN_SRC_CA_M_EmpBow_ClimbingWall_Down_R,BBQ/Content/_Kazan_/Art/Character/CHA_Model/Monster_Human/Adult/Adult_M/Animation/EmpireBow/CA_M_EmpBow_ClimbingWall_Down_R,0.6,19,30,1,1.0,Original sequence time
Archer,SourceSequence,/Game/_Art/Enemies/HeinMach/Humanoids/Archer/Animations/SourceSequences/A_EN_SRC_CA_M_EmpBow_ClimbingWall_Down_Start,BBQ/Content/_Kazan_/Art/Character/CHA_Model/Monster_Human/Adult/Adult_M/Animation/EmpireBow/CA_M_EmpBow_ClimbingWall_Down_Start,1.1333333,35,30,1,1.0,Original sequence time
Archer,SourceSequence,/Game/_Art/Enemies/HeinMach/Humanoids/Archer/Animations/SourceSequences/A_EN_SRC_CA_M_EmpBow_ClimbingWall_Loop_L_Idle,BBQ/Content/_Kazan_/Art/Character/CHA_Model/Monster_Human/Adult/Adult_M/Animation/EmpireBow/CA_M_EmpBow_ClimbingWall_Loop_L_Idle,1.6666666,51,30,1,1.0,Original sequence time
Archer,SourceSequence,/Game/_Art/Enemies/HeinMach/Humanoids/Archer/Animations/SourceSequences/A_EN_SRC_CA_M_EmpBow_ClimbingWall_Loop_R_Idle,BBQ/Content/_Kazan_/Art/Character/CHA_Model/Monster_Human/Adult/Adult_M/Animation/EmpireBow/CA_M_EmpBow_ClimbingWall_Loop_R_Idle,1.6666666,51,30,1,1.0,Original sequence time
Archer,SourceSequence,/Game/_Art/Enemies/HeinMach/Humanoids/Archer/Animations/SourceSequences/A_EN_SRC_CA_M_EmpBow_ClimbingWall_Up_End,BBQ/Content/_Kazan_/Art/Character/CHA_Model/Monster_Human/Adult/Adult_M/Animation/EmpireBow/CA_M_EmpBow_ClimbingWall_Up_End,1.6666666,51,30,1,1.0,Original sequence time
Archer,SourceSequence,/Game/_Art/Enemies/HeinMach/Humanoids/Archer/Animations/SourceSequences/A_EN_SRC_CA_M_EmpBow_ClimbingWall_Up_L,BBQ/Content/_Kazan_/Art/Character/CHA_Model/Monster_Human/Adult/Adult_M/Animation/EmpireBow/CA_M_EmpBow_ClimbingWall_Up_L,0.6,19,30,1,1.0,Original sequence time
Archer,SourceSequence,/Game/_Art/Enemies/HeinMach/Humanoids/Archer/Animations/SourceSequences/A_EN_SRC_CA_M_EmpBow_ClimbingWall_Up_R,BBQ/Content/_Kazan_/Art/Character/CHA_Model/Monster_Human/Adult/Adult_M/Animation/EmpireBow/CA_M_EmpBow_ClimbingWall_Up_R,0.6,19,30,1,1.0,Original sequence time
Archer,SourceSequence,/Game/_Art/Enemies/HeinMach/Humanoids/Archer/Animations/SourceSequences/A_EN_SRC_CA_M_EmpBow_ClimbingWall_Up_Start,BBQ/Content/_Kazan_/Art/Character/CHA_Model/Monster_Human/Adult/Adult_M/Animation/EmpireBow/CA_M_EmpBow_ClimbingWall_Up_Start,1.1666666,36,30,1,1.0,Original sequence time
Archer,SourceSequence,/Game/_Art/Enemies/HeinMach/Humanoids/Archer/Animations/SourceSequences/A_EN_SRC_CA_M_EmpBow_DamageAir_B,BBQ/Content/_Kazan_/Art/Character/CHA_Model/Monster_Human/Adult/Adult_M/Animation/EmpireBow/CA_M_EmpBow_DamageAir_B,1.3333334,41,30,1,1.0,Original sequence time
Archer,SourceSequence,/Game/_Art/Enemies/HeinMach/Humanoids/Archer/Animations/SourceSequences/A_EN_SRC_CA_M_EmpBow_DamageAir_F,BBQ/Content/_Kazan_/Art/Character/CHA_Model/Monster_Human/Adult/Adult_M/Animation/EmpireBow/CA_M_EmpBow_DamageAir_F,1.3333334,41,30,1,1.0,Original sequence time
Archer,SourceSequence,/Game/_Art/Enemies/HeinMach/Humanoids/Archer/Animations/SourceSequences/A_EN_SRC_CA_M_EmpBow_DamageDown_B,BBQ/Content/_Kazan_/Art/Character/CHA_Model/Monster_Human/Adult/Adult_M/Animation/EmpireBow/CA_M_EmpBow_DamageDown_B,0.6666667,21,30,1,1.0,Original sequence time
Archer,SourceSequence,/Game/_Art/Enemies/HeinMach/Humanoids/Archer/Animations/SourceSequences/A_EN_SRC_CA_M_EmpBow_DamageDown_F,BBQ/Content/_Kazan_/Art/Character/CHA_Model/Monster_Human/Adult/Adult_M/Animation/EmpireBow/CA_M_EmpBow_DamageDown_F,0.6666667,21,30,1,1.0,Original sequence time
Archer,SourceSequence,/Game/_Art/Enemies/HeinMach/Humanoids/Archer/Animations/SourceSequences/A_EN_SRC_CA_M_EmpBow_DamageGrapple_Atk_B_01,BBQ/Content/_Kazan_/Art/Character/CHA_Model/Monster_Human/Adult/Adult_M/Animation/EmpireBow/CA_M_EmpBow_DamageGrapple_Atk_B_01,1.3333334,41,30,1,1.0,Original sequence time
Archer,SourceSequence,/Game/_Art/Enemies/HeinMach/Humanoids/Archer/Animations/SourceSequences/A_EN_SRC_CA_M_EmpBow_DamageGrapple_Atk_B_02,BBQ/Content/_Kazan_/Art/Character/CHA_Model/Monster_Human/Adult/Adult_M/Animation/EmpireBow/CA_M_EmpBow_DamageGrapple_Atk_B_02,2.5,76,30,1,1.0,Original sequence time
Archer,SourceSequence,/Game/_Art/Enemies/HeinMach/Humanoids/Archer/Animations/SourceSequences/A_EN_SRC_CA_M_EmpBow_DamageGrapple_DualAxeSword_Atk_01,BBQ/Content/_Kazan_/Art/Character/CHA_Model/Monster_Human/Adult/Adult_M/Animation/EmpireBow/CA_M_EmpBow_DamageGrapple_DualAxeSword_Atk_01,1.5,46,30,1,1.0,Original sequence time
Archer,SourceSequence,/Game/_Art/Enemies/HeinMach/Humanoids/Archer/Animations/SourceSequences/A_EN_SRC_CA_M_EmpBow_DamageGrapple_DualAxeSword_Atk_02,BBQ/Content/_Kazan_/Art/Character/CHA_Model/Monster_Human/Adult/Adult_M/Animation/EmpireBow/CA_M_EmpBow_DamageGrapple_DualAxeSword_Atk_02,1.2,37,30,1,1.0,Original sequence time
Archer,SourceSequence,/Game/_Art/Enemies/HeinMach/Humanoids/Archer/Animations/SourceSequences/A_EN_SRC_CA_M_EmpBow_DamageNormal_D_B,BBQ/Content/_Kazan_/Art/Character/CHA_Model/Monster_Human/Adult/Adult_M/Animation/EmpireBow/CA_M_EmpBow_DamageNormal_D_B,0.7,22,30,1,1.0,Original sequence time
Archer,SourceSequence,/Game/_Art/Enemies/HeinMach/Humanoids/Archer/Animations/SourceSequences/A_EN_SRC_CA_M_EmpBow_DamageNormal_D_F,BBQ/Content/_Kazan_/Art/Character/CHA_Model/Monster_Human/Adult/Adult_M/Animation/EmpireBow/CA_M_EmpBow_DamageNormal_D_F,0.7,22,30,1,1.0,Original sequence time
Archer,SourceSequence,/Game/_Art/Enemies/HeinMach/Humanoids/Archer/Animations/SourceSequences/A_EN_SRC_CA_M_EmpBow_DamageNormal_L_F,BBQ/Content/_Kazan_/Art/Character/CHA_Model/Monster_Human/Adult/Adult_M/Animation/EmpireBow/CA_M_EmpBow_DamageNormal_L_F,0.7,22,30,1,1.0,Original sequence time
Archer,SourceSequence,/Game/_Art/Enemies/HeinMach/Humanoids/Archer/Animations/SourceSequences/A_EN_SRC_CA_M_EmpBow_DamageNormal_R_F,BBQ/Content/_Kazan_/Art/Character/CHA_Model/Monster_Human/Adult/Adult_M/Animation/EmpireBow/CA_M_EmpBow_DamageNormal_R_F,0.73333335,23,30,1,1.0,Original sequence time
Archer,SourceSequence,/Game/_Art/Enemies/HeinMach/Humanoids/Archer/Animations/SourceSequences/A_EN_SRC_CA_M_EmpBow_DamageNormal_U_B,BBQ/Content/_Kazan_/Art/Character/CHA_Model/Monster_Human/Adult/Adult_M/Animation/EmpireBow/CA_M_EmpBow_DamageNormal_U_B,0.7,22,30,1,1.0,Original sequence time
Archer,SourceSequence,/Game/_Art/Enemies/HeinMach/Humanoids/Archer/Animations/SourceSequences/A_EN_SRC_CA_M_EmpBow_DamageNormal_U_F,BBQ/Content/_Kazan_/Art/Character/CHA_Model/Monster_Human/Adult/Adult_M/Animation/EmpireBow/CA_M_EmpBow_DamageNormal_U_F,0.7,22,30,1,1.0,Original sequence time
Archer,SourceSequence,/Game/_Art/Enemies/HeinMach/Humanoids/Archer/Animations/SourceSequences/A_EN_SRC_CA_M_EmpBow_DamageParry_F,BBQ/Content/_Kazan_/Art/Character/CHA_Model/Monster_Human/Adult/Adult_M/Animation/EmpireBow/CA_M_EmpBow_DamageParry_F,1.5,46,30,1,1.0,Original sequence time
Archer,SourceSequence,/Game/_Art/Enemies/HeinMach/Humanoids/Archer/Animations/SourceSequences/A_EN_SRC_CA_M_EmpBow_DamageStrong_D_F,BBQ/Content/_Kazan_/Art/Character/CHA_Model/Monster_Human/Adult/Adult_M/Animation/EmpireBow/CA_M_EmpBow_DamageStrong_D_F,1.1,34,30,1,1.0,Original sequence time
Archer,SourceSequence,/Game/_Art/Enemies/HeinMach/Humanoids/Archer/Animations/SourceSequences/A_EN_SRC_CA_M_EmpBow_DamageStrong_D_F2,BBQ/Content/_Kazan_/Art/Character/CHA_Model/Monster_Human/Adult/Adult_M/Animation/EmpireBow/CA_M_EmpBow_DamageStrong_D_F2,1.1,34,30,1,1.0,Original sequence time
Archer,SourceSequence,/Game/_Art/Enemies/HeinMach/Humanoids/Archer/Animations/SourceSequences/A_EN_SRC_CA_M_EmpBow_DamageStrong_L_F,BBQ/Content/_Kazan_/Art/Character/CHA_Model/Monster_Human/Adult/Adult_M/Animation/EmpireBow/CA_M_EmpBow_DamageStrong_L_F,1.1,34,30,1,1.0,Original sequence time
Archer,SourceSequence,/Game/_Art/Enemies/HeinMach/Humanoids/Archer/Animations/SourceSequences/A_EN_SRC_CA_M_EmpBow_DamageStrong_R_F,BBQ/Content/_Kazan_/Art/Character/CHA_Model/Monster_Human/Adult/Adult_M/Animation/EmpireBow/CA_M_EmpBow_DamageStrong_R_F,1.1,34,30,1,1.0,Original sequence time
Archer,SourceSequence,/Game/_Art/Enemies/HeinMach/Humanoids/Archer/Animations/SourceSequences/A_EN_SRC_CA_M_EmpBow_DamageStrong_U_F,BBQ/Content/_Kazan_/Art/Character/CHA_Model/Monster_Human/Adult/Adult_M/Animation/EmpireBow/CA_M_EmpBow_DamageStrong_U_F,1.1,34,30,1,1.0,Original sequence time
Archer,SourceSequence,/Game/_Art/Enemies/HeinMach/Humanoids/Archer/Animations/SourceSequences/A_EN_SRC_CA_M_EmpBow_DamageWeak_D_F,BBQ/Content/_Kazan_/Art/Character/CHA_Model/Monster_Human/Adult/Adult_M/Animation/EmpireBow/CA_M_EmpBow_DamageWeak_D_F,0.4,13,30,1,1.0,Original sequence time
Archer,SourceSequence,/Game/_Art/Enemies/HeinMach/Humanoids/Archer/Animations/SourceSequences/A_EN_SRC_CA_M_EmpBow_DamageWeak_L_F,BBQ/Content/_Kazan_/Art/Character/CHA_Model/Monster_Human/Adult/Adult_M/Animation/EmpireBow/CA_M_EmpBow_DamageWeak_L_F,0.4,13,30,1,1.0,Original sequence time
Archer,SourceSequence,/Game/_Art/Enemies/HeinMach/Humanoids/Archer/Animations/SourceSequences/A_EN_SRC_CA_M_EmpBow_DamageWeak_R_F,BBQ/Content/_Kazan_/Art/Character/CHA_Model/Monster_Human/Adult/Adult_M/Animation/EmpireBow/CA_M_EmpBow_DamageWeak_R_F,0.4,13,30,1,1.0,Original sequence time
Archer,SourceSequence,/Game/_Art/Enemies/HeinMach/Humanoids/Archer/Animations/SourceSequences/A_EN_SRC_CA_M_EmpBow_DamageWeak_U_F,BBQ/Content/_Kazan_/Art/Character/CHA_Model/Monster_Human/Adult/Adult_M/Animation/EmpireBow/CA_M_EmpBow_DamageWeak_U_F,0.4,13,30,1,1.0,Original sequence time
Archer,SourceSequence,/Game/_Art/Enemies/HeinMach/Humanoids/Archer/Animations/SourceSequences/A_EN_SRC_CA_M_EmpBow_Die_F,BBQ/Content/_Kazan_/Art/Character/CHA_Model/Monster_Human/Adult/Adult_M/Animation/EmpireBow/CA_M_EmpBow_Die_F,3.3333333,101,30,1,1.0,Original sequence time
Archer,SourceSequence,/Game/_Art/Enemies/HeinMach/Humanoids/Archer/Animations/SourceSequences/A_EN_SRC_CA_M_EmpBow_Down_B_Loop,BBQ/Content/_Kazan_/Art/Character/CHA_Model/Monster_Human/Adult/Adult_M/Animation/EmpireBow/CA_M_EmpBow_Down_B_Loop,1.6,49,30,1,1.0,Original sequence time
Archer,SourceSequence,/Game/_Art/Enemies/HeinMach/Humanoids/Archer/Animations/SourceSequences/A_EN_SRC_CA_M_EmpBow_Down_F_Loop,BBQ/Content/_Kazan_/Art/Character/CHA_Model/Monster_Human/Adult/Adult_M/Animation/EmpireBow/CA_M_EmpBow_Down_F_Loop,1.6,49,30,1,1.0,Original sequence time
Archer,SourceSequence,/Game/_Art/Enemies/HeinMach/Humanoids/Archer/Animations/SourceSequences/A_EN_SRC_CA_M_EmpBow_FallDown_Loop,BBQ/Content/_Kazan_/Art/Character/CHA_Model/Monster_Human/Adult/Adult_M/Animation/EmpireBow/CA_M_EmpBow_FallDown_Loop,1.0,31,30,1,1.0,Original sequence time
Archer,SourceSequence,/Game/_Art/Enemies/HeinMach/Humanoids/Archer/Animations/SourceSequences/A_EN_SRC_CA_M_EmpBow_FallDown_Start,BBQ/Content/_Kazan_/Art/Character/CHA_Model/Monster_Human/Adult/Adult_M/Animation/EmpireBow/CA_M_EmpBow_FallDown_Start,1.9666667,60,30,1,1.0,Original sequence time
Archer,SourceSequence,/Game/_Art/Enemies/HeinMach/Humanoids/Archer/Animations/SourceSequences/A_EN_SRC_CA_M_EmpBow_FastShoot_Dodge_B,BBQ/Content/_Kazan_/Art/Character/CHA_Model/Monster_Human/Adult/Adult_M/Animation/EmpireBow/CA_M_EmpBow_FastShoot_Dodge_B,1.0666667,33,30,1,1.0,Original sequence time
Archer,SourceSequence,/Game/_Art/Enemies/HeinMach/Humanoids/Archer/Animations/SourceSequences/A_EN_SRC_CA_M_EmpBow_FastShoot_Dodge_L,BBQ/Content/_Kazan_/Art/Character/CHA_Model/Monster_Human/Adult/Adult_M/Animation/EmpireBow/CA_M_EmpBow_FastShoot_Dodge_L,1.0666667,33,30,1,1.0,Original sequence time
Archer,SourceSequence,/Game/_Art/Enemies/HeinMach/Humanoids/Archer/Animations/SourceSequences/A_EN_SRC_CA_M_EmpBow_FastShoot_Dodge_R,BBQ/Content/_Kazan_/Art/Character/CHA_Model/Monster_Human/Adult/Adult_M/Animation/EmpireBow/CA_M_EmpBow_FastShoot_Dodge_R,1.3333334,41,30,1,1.0,Original sequence time
Archer,SourceSequence,/Game/_Art/Enemies/HeinMach/Humanoids/Archer/Animations/SourceSequences/A_EN_SRC_CA_M_EmpBow_FastShoot_Fail,BBQ/Content/_Kazan_/Art/Character/CHA_Model/Monster_Human/Adult/Adult_M/Animation/EmpireBow/CA_M_EmpBow_FastShoot_Fail,0.6,19,30,1,1.0,Original sequence time
Archer,SourceSequence,/Game/_Art/Enemies/HeinMach/Humanoids/Archer/Animations/SourceSequences/A_EN_SRC_CA_M_EmpBow_FastShoot_Shoot,BBQ/Content/_Kazan_/Art/Character/CHA_Model/Monster_Human/Adult/Adult_M/Animation/EmpireBow/CA_M_EmpBow_FastShoot_Shoot,2.5,76,30,1,1.0,Original sequence time
Archer,SourceSequence,/Game/_Art/Enemies/HeinMach/Humanoids/Archer/Animations/SourceSequences/A_EN_SRC_CA_M_EmpBow_FootSword,BBQ/Content/_Kazan_/Art/Character/CHA_Model/Monster_Human/Adult/Adult_M/Animation/EmpireBow/CA_M_EmpBow_FootSword,1.0,31,30,1,1.0,Original sequence time
Archer,SourceSequence,/Game/_Art/Enemies/HeinMach/Humanoids/Archer/Animations/SourceSequences/A_EN_SRC_CA_M_EmpBow_Getup_B,BBQ/Content/_Kazan_/Art/Character/CHA_Model/Monster_Human/Adult/Adult_M/Animation/EmpireBow/CA_M_EmpBow_Getup_B,1.2333333,38,30,1,1.0,Original sequence time
Archer,SourceSequence,/Game/_Art/Enemies/HeinMach/Humanoids/Archer/Animations/SourceSequences/A_EN_SRC_CA_M_EmpBow_Getup_F,BBQ/Content/_Kazan_/Art/Character/CHA_Model/Monster_Human/Adult/Adult_M/Animation/EmpireBow/CA_M_EmpBow_Getup_F,1.3,40,30,1,1.0,Original sequence time
Archer,SourceSequence,/Game/_Art/Enemies/HeinMach/Humanoids/Archer/Animations/SourceSequences/A_EN_SRC_CA_M_EmpBow_Groggy_F_End,BBQ/Content/_Kazan_/Art/Character/CHA_Model/Monster_Human/Adult/Adult_M/Animation/EmpireBow/CA_M_EmpBow_Groggy_F_End,1.0666667,33,30,1,1.0,Original sequence time
Archer,SourceSequence,/Game/_Art/Enemies/HeinMach/Humanoids/Archer/Animations/SourceSequences/A_EN_SRC_CA_M_EmpBow_Groggy_F_Loop,BBQ/Content/_Kazan_/Art/Character/CHA_Model/Monster_Human/Adult/Adult_M/Animation/EmpireBow/CA_M_EmpBow_Groggy_F_Loop,1.5,46,30,1,1.0,Original sequence time
Archer,SourceSequence,/Game/_Art/Enemies/HeinMach/Humanoids/Archer/Animations/SourceSequences/A_EN_SRC_CA_M_EmpBow_Groggy_F_Start,BBQ/Content/_Kazan_/Art/Character/CHA_Model/Monster_Human/Adult/Adult_M/Animation/EmpireBow/CA_M_EmpBow_Groggy_F_Start,0.8333333,26,30,1,1.0,Original sequence time
Archer,SourceSequence,/Game/_Art/Enemies/HeinMach/Humanoids/Archer/Animations/SourceSequences/A_EN_SRC_CA_M_EmpBow_LockOnWalk_B,BBQ/Content/_Kazan_/Art/Character/CHA_Model/Monster_Human/Adult/Adult_M/Animation/EmpireBow/CA_M_EmpBow_LockOnWalk_B,1.0,31,30,1,1.0,Original sequence time
Archer,SourceSequence,/Game/_Art/Enemies/HeinMach/Humanoids/Archer/Animations/SourceSequences/A_EN_SRC_CA_M_EmpBow_LockOnWalk_B_Bellerian,BBQ/Content/_Kazan_/Art/Character/CHA_Model/Monster_Human/Adult/Adult_M/Animation/EmpireBow/CA_M_EmpBow_LockOnWalk_B_Bellerian,1.0,31,30,1,1.0,Original sequence time
Archer,SourceSequence,/Game/_Art/Enemies/HeinMach/Humanoids/Archer/Animations/SourceSequences/A_EN_SRC_CA_M_EmpBow_LockOnWalk_F,BBQ/Content/_Kazan_/Art/Character/CHA_Model/Monster_Human/Adult/Adult_M/Animation/EmpireBow/CA_M_EmpBow_LockOnWalk_F,1.0,31,30,1,1.0,Original sequence time
Archer,SourceSequence,/Game/_Art/Enemies/HeinMach/Humanoids/Archer/Animations/SourceSequences/A_EN_SRC_CA_M_EmpBow_LockOnWalk_F_Bellerian,BBQ/Content/_Kazan_/Art/Character/CHA_Model/Monster_Human/Adult/Adult_M/Animation/EmpireBow/CA_M_EmpBow_LockOnWalk_F_Bellerian,1.0,31,30,1,1.0,Original sequence time
Archer,SourceSequence,/Game/_Art/Enemies/HeinMach/Humanoids/Archer/Animations/SourceSequences/A_EN_SRC_CA_M_EmpBow_LockOnWalk_L,BBQ/Content/_Kazan_/Art/Character/CHA_Model/Monster_Human/Adult/Adult_M/Animation/EmpireBow/CA_M_EmpBow_LockOnWalk_L,1.0,31,30,1,1.0,Original sequence time
Archer,SourceSequence,/Game/_Art/Enemies/HeinMach/Humanoids/Archer/Animations/SourceSequences/A_EN_SRC_CA_M_EmpBow_LockOnWalk_L_Bellerian,BBQ/Content/_Kazan_/Art/Character/CHA_Model/Monster_Human/Adult/Adult_M/Animation/EmpireBow/CA_M_EmpBow_LockOnWalk_L_Bellerian,1.0,31,30,1,1.0,Original sequence time
Archer,SourceSequence,/Game/_Art/Enemies/HeinMach/Humanoids/Archer/Animations/SourceSequences/A_EN_SRC_CA_M_EmpBow_LockOnWalk_R,BBQ/Content/_Kazan_/Art/Character/CHA_Model/Monster_Human/Adult/Adult_M/Animation/EmpireBow/CA_M_EmpBow_LockOnWalk_R,1.0,31,30,1,1.0,Original sequence time
Archer,SourceSequence,/Game/_Art/Enemies/HeinMach/Humanoids/Archer/Animations/SourceSequences/A_EN_SRC_CA_M_EmpBow_LockOnWalk_R_Bellerian,BBQ/Content/_Kazan_/Art/Character/CHA_Model/Monster_Human/Adult/Adult_M/Animation/EmpireBow/CA_M_EmpBow_LockOnWalk_R_Bellerian,1.0,31,30,1,1.0,Original sequence time
Archer,SourceSequence,/Game/_Art/Enemies/HeinMach/Humanoids/Archer/Animations/SourceSequences/A_EN_SRC_CA_M_EmpBow_NoBattleChairSit_End_01,BBQ/Content/_Kazan_/Art/Character/CHA_Model/Monster_Human/Adult/Adult_M/Animation/EmpireBow/CA_M_EmpBow_NoBattleChairSit_End_01,2.0,61,30,1,1.0,Original sequence time
Archer,SourceSequence,/Game/_Art/Enemies/HeinMach/Humanoids/Archer/Animations/SourceSequences/A_EN_SRC_CA_M_EmpBow_NoBattleChairSit_Loop_01,BBQ/Content/_Kazan_/Art/Character/CHA_Model/Monster_Human/Adult/Adult_M/Animation/EmpireBow/CA_M_EmpBow_NoBattleChairSit_Loop_01,7.5333333,227,30,1,1.0,Original sequence time
Archer,SourceSequence,/Game/_Art/Enemies/HeinMach/Humanoids/Archer/Animations/SourceSequences/A_EN_SRC_CA_M_EmpBow_NoBattleGuard_End_01,BBQ/Content/_Kazan_/Art/Character/CHA_Model/Monster_Human/Adult/Adult_M/Animation/EmpireBow/CA_M_EmpBow_NoBattleGuard_End_01,1.1666666,36,30,1,1.0,Original sequence time
Archer,SourceSequence,/Game/_Art/Enemies/HeinMach/Humanoids/Archer/Animations/SourceSequences/A_EN_SRC_CA_M_EmpBow_NoBattleGuard_Loop_01,BBQ/Content/_Kazan_/Art/Character/CHA_Model/Monster_Human/Adult/Adult_M/Animation/EmpireBow/CA_M_EmpBow_NoBattleGuard_Loop_01,14.1,424,30,1,1.0,Original sequence time
Archer,SourceSequence,/Game/_Art/Enemies/HeinMach/Humanoids/Archer/Animations/SourceSequences/A_EN_SRC_CA_M_EmpBow_NoBattleSearch_End_02,BBQ/Content/_Kazan_/Art/Character/CHA_Model/Monster_Human/Adult/Adult_M/Animation/EmpireBow/CA_M_EmpBow_NoBattleSearch_End_02,1.6,49,30,1,1.0,Original sequence time
Archer,SourceSequence,/Game/_Art/Enemies/HeinMach/Humanoids/Archer/Animations/SourceSequences/A_EN_SRC_CA_M_EmpBow_NoBattleSearch_Loop_02,BBQ/Content/_Kazan_/Art/Character/CHA_Model/Monster_Human/Adult/Adult_M/Animation/EmpireBow/CA_M_EmpBow_NoBattleSearch_Loop_02,12.0,361,30,1,1.0,Original sequence time
Archer,SourceSequence,/Game/_Art/Enemies/HeinMach/Humanoids/Archer/Animations/SourceSequences/A_EN_SRC_CA_M_EmpBow_NoBattleSit_End_01,BBQ/Content/_Kazan_/Art/Character/CHA_Model/Monster_Human/Adult/Adult_M/Animation/EmpireBow/CA_M_EmpBow_NoBattleSit_End_01,2.5,76,30,1,1.0,Original sequence time
Archer,SourceSequence,/Game/_Art/Enemies/HeinMach/Humanoids/Archer/Animations/SourceSequences/A_EN_SRC_CA_M_EmpBow_NoBattleSit_Loop_01,BBQ/Content/_Kazan_/Art/Character/CHA_Model/Monster_Human/Adult/Adult_M/Animation/EmpireBow/CA_M_EmpBow_NoBattleSit_Loop_01,15.7,472,30,1,1.0,Original sequence time
Archer,SourceSequence,/Game/_Art/Enemies/HeinMach/Humanoids/Archer/Animations/SourceSequences/A_EN_SRC_CA_M_EmpBow_NoBattleTalk_End_01,BBQ/Content/_Kazan_/Art/Character/CHA_Model/Monster_Human/Adult/Adult_M/Animation/EmpireBow/CA_M_EmpBow_NoBattleTalk_End_01,2.2666667,69,30,1,1.0,Original sequence time
Archer,SourceSequence,/Game/_Art/Enemies/HeinMach/Humanoids/Archer/Animations/SourceSequences/A_EN_SRC_CA_M_EmpBow_NoBattleTalk_Loop_01,BBQ/Content/_Kazan_/Art/Character/CHA_Model/Monster_Human/Adult/Adult_M/Animation/EmpireBow/CA_M_EmpBow_NoBattleTalk_Loop_01,9.833333,296,30,1,1.0,Original sequence time
Archer,SourceSequence,/Game/_Art/Enemies/HeinMach/Humanoids/Archer/Animations/SourceSequences/A_EN_SRC_CA_M_EmpBow_NoBattle_Basic_End_01,BBQ/Content/_Kazan_/Art/Character/CHA_Model/Monster_Human/Adult/Adult_M/Animation/EmpireBow/CA_M_EmpBow_NoBattle_Basic_End_01,1.4,43,30,1,1.0,Original sequence time
Archer,SourceSequence,/Game/_Art/Enemies/HeinMach/Humanoids/Archer/Animations/SourceSequences/A_EN_SRC_CA_M_EmpBow_NoBattle_Basic_Loop_01,BBQ/Content/_Kazan_/Art/Character/CHA_Model/Monster_Human/Adult/Adult_M/Animation/EmpireBow/CA_M_EmpBow_NoBattle_Basic_Loop_01,16.666666,501,30,1,1.0,Original sequence time
Archer,SourceSequence,/Game/_Art/Enemies/HeinMach/Humanoids/Archer/Animations/SourceSequences/A_EN_SRC_CA_M_EmpBow_Run_F,BBQ/Content/_Kazan_/Art/Character/CHA_Model/Monster_Human/Adult/Adult_M/Animation/EmpireBow/CA_M_EmpBow_Run_F,0.73333335,23,30,1,1.0,Original sequence time
Archer,SourceSequence,/Game/_Art/Enemies/HeinMach/Humanoids/Archer/Animations/SourceSequences/A_EN_SRC_CA_M_EmpBow_Run_F_Bellerian,BBQ/Content/_Kazan_/Art/Character/CHA_Model/Monster_Human/Adult/Adult_M/Animation/EmpireBow/CA_M_EmpBow_Run_F_Bellerian,0.73333335,23,30,1,1.0,Original sequence time
Archer,SourceSequence,/Game/_Art/Enemies/HeinMach/Humanoids/Archer/Animations/SourceSequences/A_EN_SRC_CA_M_EmpBow_Run_Peace_F,BBQ/Content/_Kazan_/Art/Character/CHA_Model/Monster_Human/Adult/Adult_M/Animation/EmpireBow/CA_M_EmpBow_Run_Peace_F,0.6666667,21,30,1,1.0,Original sequence time
Archer,SourceSequence,/Game/_Art/Enemies/HeinMach/Humanoids/Archer/Animations/SourceSequences/A_EN_SRC_CA_M_EmpBow_Stand_F,BBQ/Content/_Kazan_/Art/Character/CHA_Model/Monster_Human/Adult/Adult_M/Animation/EmpireBow/CA_M_EmpBow_Stand_F,1.6,49,30,1,1.0,Original sequence time
Archer,SourceSequence,/Game/_Art/Enemies/HeinMach/Humanoids/Archer/Animations/SourceSequences/A_EN_SRC_CA_M_EmpBow_Stand_Peace_F,BBQ/Content/_Kazan_/Art/Character/CHA_Model/Monster_Human/Adult/Adult_M/Animation/EmpireBow/CA_M_EmpBow_Stand_Peace_F,2.3333333,71,30,1,1.0,Original sequence time
Archer,SourceSequence,/Game/_Art/Enemies/HeinMach/Humanoids/Archer/Animations/SourceSequences/A_EN_SRC_CA_M_EmpBow_TurnKick_Attack,BBQ/Content/_Kazan_/Art/Character/CHA_Model/Monster_Human/Adult/Adult_M/Animation/EmpireBow/CA_M_EmpBow_TurnKick_Attack,1.2,37,30,1,1.0,Original sequence time
Archer,SourceSequence,/Game/_Art/Enemies/HeinMach/Humanoids/Archer/Animations/SourceSequences/A_EN_SRC_CA_M_EmpBow_TurnKick_Move,BBQ/Content/_Kazan_/Art/Character/CHA_Model/Monster_Human/Adult/Adult_M/Animation/EmpireBow/CA_M_EmpBow_TurnKick_Move,0.53333336,17,30,1,1.0,Original sequence time
Archer,SourceSequence,/Game/_Art/Enemies/HeinMach/Humanoids/Archer/Animations/SourceSequences/A_EN_SRC_CA_M_EmpBow_Turn_L,BBQ/Content/_Kazan_/Art/Character/CHA_Model/Monster_Human/Adult/Adult_M/Animation/EmpireBow/CA_M_EmpBow_Turn_L,1.0,31,30,1,1.0,Original sequence time
Archer,SourceSequence,/Game/_Art/Enemies/HeinMach/Humanoids/Archer/Animations/SourceSequences/A_EN_SRC_CA_M_EmpBow_Turn_L_180,BBQ/Content/_Kazan_/Art/Character/CHA_Model/Monster_Human/Adult/Adult_M/Animation/EmpireBow/CA_M_EmpBow_Turn_L_180,1.5333333,47,30,1,1.0,Original sequence time
Archer,SourceSequence,/Game/_Art/Enemies/HeinMach/Humanoids/Archer/Animations/SourceSequences/A_EN_SRC_CA_M_EmpBow_Turn_Peace_L,BBQ/Content/_Kazan_/Art/Character/CHA_Model/Monster_Human/Adult/Adult_M/Animation/EmpireBow/CA_M_EmpBow_Turn_Peace_L,1.0,31,30,1,1.0,Original sequence time
Archer,SourceSequence,/Game/_Art/Enemies/HeinMach/Humanoids/Archer/Animations/SourceSequences/A_EN_SRC_CA_M_EmpBow_Turn_Peace_L_180,BBQ/Content/_Kazan_/Art/Character/CHA_Model/Monster_Human/Adult/Adult_M/Animation/EmpireBow/CA_M_EmpBow_Turn_Peace_L_180,2.1,64,30,1,1.0,Original sequence time
Archer,SourceSequence,/Game/_Art/Enemies/HeinMach/Humanoids/Archer/Animations/SourceSequences/A_EN_SRC_CA_M_EmpBow_Turn_Peace_R,BBQ/Content/_Kazan_/Art/Character/CHA_Model/Monster_Human/Adult/Adult_M/Animation/EmpireBow/CA_M_EmpBow_Turn_Peace_R,1.0,31,30,1,1.0,Original sequence time
Archer,SourceSequence,/Game/_Art/Enemies/HeinMach/Humanoids/Archer/Animations/SourceSequences/A_EN_SRC_CA_M_EmpBow_Turn_Peace_R_180,BBQ/Content/_Kazan_/Art/Character/CHA_Model/Monster_Human/Adult/Adult_M/Animation/EmpireBow/CA_M_EmpBow_Turn_Peace_R_180,2.1,64,30,1,1.0,Original sequence time
Archer,SourceSequence,/Game/_Art/Enemies/HeinMach/Humanoids/Archer/Animations/SourceSequences/A_EN_SRC_CA_M_EmpBow_Turn_R,BBQ/Content/_Kazan_/Art/Character/CHA_Model/Monster_Human/Adult/Adult_M/Animation/EmpireBow/CA_M_EmpBow_Turn_R,1.0,31,30,1,1.0,Original sequence time
Archer,SourceSequence,/Game/_Art/Enemies/HeinMach/Humanoids/Archer/Animations/SourceSequences/A_EN_SRC_CA_M_EmpBow_Turn_R_180,BBQ/Content/_Kazan_/Art/Character/CHA_Model/Monster_Human/Adult/Adult_M/Animation/EmpireBow/CA_M_EmpBow_Turn_R_180,1.5333333,47,30,1,1.0,Original sequence time
Archer,SourceSequence,/Game/_Art/Enemies/HeinMach/Humanoids/Archer/Animations/SourceSequences/A_EN_SRC_CA_M_EmpBow_Walk_F,BBQ/Content/_Kazan_/Art/Character/CHA_Model/Monster_Human/Adult/Adult_M/Animation/EmpireBow/CA_M_EmpBow_Walk_F,1.0,31,30,1,1.0,Original sequence time
Archer,SourceSequence,/Game/_Art/Enemies/HeinMach/Humanoids/Archer/Animations/SourceSequences/A_EN_SRC_CA_M_EmpBow_Walk_F_Bellerian,BBQ/Content/_Kazan_/Art/Character/CHA_Model/Monster_Human/Adult/Adult_M/Animation/EmpireBow/CA_M_EmpBow_Walk_F_Bellerian,1.0,31,30,1,1.0,Original sequence time
Archer,SourceSequence,/Game/_Art/Enemies/HeinMach/Humanoids/Archer/Animations/SourceSequences/A_EN_SRC_CA_M_EmpBow_Walk_Peace_F,BBQ/Content/_Kazan_/Art/Character/CHA_Model/Monster_Human/Adult/Adult_M/Animation/EmpireBow/CA_M_EmpBow_Walk_Peace_F,1.0666667,33,30,1,1.0,Original sequence time
Archer,SourceSequence,/Game/_Art/Enemies/HeinMach/Humanoids/Archer/Animations/SourceSequences/A_EN_SRC_CA_M_Human_Adult_M_EmpireBow_Vigilant_FreakOut_Equip,BBQ/Content/_Kazan_/Art/Character/CHA_Model/Monster_Human/Adult/Adult_M/Animation/EmpireBow/CA_M_Human_Adult_M_EmpireBow_Vigilant_FreakOut_Equip,1.5,46,30,1,1.0,Original sequence time
Archer,SourceSequence,/Game/_Art/Enemies/HeinMach/Humanoids/Archer/Animations/SourceSequences/A_EN_SRC_CA_M_Human_Adult_M_EmpireBow_Vigilant_FreakOut_UnEquip,BBQ/Content/_Kazan_/Art/Character/CHA_Model/Monster_Human/Adult/Adult_M/Animation/EmpireBow/CA_M_Human_Adult_M_EmpireBow_Vigilant_FreakOut_UnEquip,1.9666667,60,30,1,1.0,Original sequence time
Archer,SourceSequence,/Game/_Art/Enemies/HeinMach/Humanoids/Archer/Animations/SourceSequences/A_EN_SRC_CA_M_Human_Adult_M_EmpireBow_Vigilant_LookAround,BBQ/Content/_Kazan_/Art/Character/CHA_Model/Monster_Human/Adult/Adult_M/Animation/EmpireBow/CA_M_Human_Adult_M_EmpireBow_Vigilant_LookAround,8.5,256,30,1,1.0,Original sequence time
Archer,SourceSequence,/Game/_Art/Enemies/HeinMach/Humanoids/Archer/Animations/SourceSequences/A_EN_SRC_CA_M_EmpBow_BackShoot_1f625cc7,BBQ/Content/_Kazan_/Art/Character/CHA_Model/Monster_Human/Adult/Adult_M/Animation/EmpireBow/Weapon/CA_M_EmpBow_BackShoot,1.6666666,51,30,1,1.0,Original sequence time
Archer,SourceSequence,/Game/_Art/Enemies/HeinMach/Humanoids/Archer/Animations/SourceSequences/A_EN_SRC_CA_M_EmpBow_BasicShoot_End_33ccd390,BBQ/Content/_Kazan_/Art/Character/CHA_Model/Monster_Human/Adult/Adult_M/Animation/EmpireBow/Weapon/CA_M_EmpBow_BasicShoot_End,0.8666667,27,30,1,1.0,Original sequence time
Archer,SourceSequence,/Game/_Art/Enemies/HeinMach/Humanoids/Archer/Animations/SourceSequences/A_EN_SRC_CA_M_EmpBow_BasicShoot_Fail_86fade44,BBQ/Content/_Kazan_/Art/Character/CHA_Model/Monster_Human/Adult/Adult_M/Animation/EmpireBow/Weapon/CA_M_EmpBow_BasicShoot_Fail,0.6,19,30,1,1.0,Original sequence time
Archer,SourceSequence,/Game/_Art/Enemies/HeinMach/Humanoids/Archer/Animations/SourceSequences/A_EN_SRC_CA_M_EmpBow_BasicShoot_Loop_8bb22b86,BBQ/Content/_Kazan_/Art/Character/CHA_Model/Monster_Human/Adult/Adult_M/Animation/EmpireBow/Weapon/CA_M_EmpBow_BasicShoot_Loop,1.2,37,30,1,1.0,Original sequence time
Archer,SourceSequence,/Game/_Art/Enemies/HeinMach/Humanoids/Archer/Animations/SourceSequences/A_EN_SRC_CA_M_EmpBow_BasicShoot_Start_b426c792,BBQ/Content/_Kazan_/Art/Character/CHA_Model/Monster_Human/Adult/Adult_M/Animation/EmpireBow/Weapon/CA_M_EmpBow_BasicShoot_Start,1.0,31,30,1,1.0,Original sequence time
Archer,SourceSequence,/Game/_Art/Enemies/HeinMach/Humanoids/Archer/Animations/SourceSequences/A_EN_SRC_CA_M_EmpBow_CarryASword_9fcea314,BBQ/Content/_Kazan_/Art/Character/CHA_Model/Monster_Human/Adult/Adult_M/Animation/EmpireBow/Weapon/CA_M_EmpBow_CarryASword,1.0,31,30,1,1.0,Original sequence time
Archer,SourceSequence,/Game/_Art/Enemies/HeinMach/Humanoids/Archer/Animations/SourceSequences/A_EN_SRC_CA_M_EmpBow_CarryASword_Turn_L_41f192a1,BBQ/Content/_Kazan_/Art/Character/CHA_Model/Monster_Human/Adult/Adult_M/Animation/EmpireBow/Weapon/CA_M_EmpBow_CarryASword_Turn_L,1.1666666,36,30,1,1.0,Original sequence time
Archer,SourceSequence,/Game/_Art/Enemies/HeinMach/Humanoids/Archer/Animations/SourceSequences/A_EN_SRC_CA_M_EmpBow_CarryASword_Turn_R_3aba0c23,BBQ/Content/_Kazan_/Art/Character/CHA_Model/Monster_Human/Adult/Adult_M/Animation/EmpireBow/Weapon/CA_M_EmpBow_CarryASword_Turn_R,1.3666667,42,30,1,1.0,Original sequence time
Archer,SourceSequence,/Game/_Art/Enemies/HeinMach/Humanoids/Archer/Animations/SourceSequences/A_EN_SRC_CA_M_EmpBow_Die_F_c3121f23,BBQ/Content/_Kazan_/Art/Character/CHA_Model/Monster_Human/Adult/Adult_M/Animation/EmpireBow/Weapon/CA_M_EmpBow_Die_F,3.3333333,101,30,1,1.0,Original sequence time
Archer,SourceSequence,/Game/_Art/Enemies/HeinMach/Humanoids/Archer/Animations/SourceSequences/A_EN_SRC_CA_M_EmpBow_Down_B_Loop_92a9c1b9,BBQ/Content/_Kazan_/Art/Character/CHA_Model/Monster_Human/Adult/Adult_M/Animation/EmpireBow/Weapon/CA_M_EmpBow_Down_B_Loop,1.6,49,30,1,1.0,Original sequence time
Archer,SourceSequence,/Game/_Art/Enemies/HeinMach/Humanoids/Archer/Animations/SourceSequences/A_EN_SRC_CA_M_EmpBow_Down_F_Loop_489d380f,BBQ/Content/_Kazan_/Art/Character/CHA_Model/Monster_Human/Adult/Adult_M/Animation/EmpireBow/Weapon/CA_M_EmpBow_Down_F_Loop,1.6,49,30,1,1.0,Original sequence time
Archer,SourceSequence,/Game/_Art/Enemies/HeinMach/Humanoids/Archer/Animations/SourceSequences/A_EN_SRC_CA_M_EmpBow_FastShoot_Dodge_B_4f281d3a,BBQ/Content/_Kazan_/Art/Character/CHA_Model/Monster_Human/Adult/Adult_M/Animation/EmpireBow/Weapon/CA_M_EmpBow_FastShoot_Dodge_B,1.0666667,33,30,1,1.0,Original sequence time
Archer,SourceSequence,/Game/_Art/Enemies/HeinMach/Humanoids/Archer/Animations/SourceSequences/A_EN_SRC_CA_M_EmpBow_FastShoot_Dodge_L_61aa0a9e,BBQ/Content/_Kazan_/Art/Character/CHA_Model/Monster_Human/Adult/Adult_M/Animation/EmpireBow/Weapon/CA_M_EmpBow_FastShoot_Dodge_L,1.0666667,33,30,1,1.0,Original sequence time
Archer,SourceSequence,/Game/_Art/Enemies/HeinMach/Humanoids/Archer/Animations/SourceSequences/A_EN_SRC_CA_M_EmpBow_FastShoot_Dodge_R_e9139283,BBQ/Content/_Kazan_/Art/Character/CHA_Model/Monster_Human/Adult/Adult_M/Animation/EmpireBow/Weapon/CA_M_EmpBow_FastShoot_Dodge_R,1.3333334,41,30,1,1.0,Original sequence time
Archer,SourceSequence,/Game/_Art/Enemies/HeinMach/Humanoids/Archer/Animations/SourceSequences/A_EN_SRC_CA_M_EmpBow_FastShoot_Fail_19324cfe,BBQ/Content/_Kazan_/Art/Character/CHA_Model/Monster_Human/Adult/Adult_M/Animation/EmpireBow/Weapon/CA_M_EmpBow_FastShoot_Fail,0.6,19,30,1,1.0,Original sequence time
Archer,SourceSequence,/Game/_Art/Enemies/HeinMach/Humanoids/Archer/Animations/SourceSequences/A_EN_SRC_CA_M_EmpBow_FastShoot_Shoot_be60adab,BBQ/Content/_Kazan_/Art/Character/CHA_Model/Monster_Human/Adult/Adult_M/Animation/EmpireBow/Weapon/CA_M_EmpBow_FastShoot_Shoot,2.5,76,30,1,1.0,Original sequence time
Archer,SourceSequence,/Game/_Art/Enemies/HeinMach/Humanoids/Archer/Animations/SourceSequences/A_EN_SRC_CA_M_EmpBow_FootSword_9ef9fa34,BBQ/Content/_Kazan_/Art/Character/CHA_Model/Monster_Human/Adult/Adult_M/Animation/EmpireBow/Weapon/CA_M_EmpBow_FootSword,1.0,31,30,1,1.0,Original sequence time
Archer,SourceSequence,/Game/_Art/Enemies/HeinMach/Humanoids/Archer/Animations/SourceSequences/A_EN_SRC_CA_M_EmpBow_Getup_B_3c363008,BBQ/Content/_Kazan_/Art/Character/CHA_Model/Monster_Human/Adult/Adult_M/Animation/EmpireBow/Weapon/CA_M_EmpBow_Getup_B,1.2333333,38,30,1,1.0,Original sequence time
Archer,SourceSequence,/Game/_Art/Enemies/HeinMach/Humanoids/Archer/Animations/SourceSequences/A_EN_SRC_CA_M_EmpBow_Getup_F_c6f6729e,BBQ/Content/_Kazan_/Art/Character/CHA_Model/Monster_Human/Adult/Adult_M/Animation/EmpireBow/Weapon/CA_M_EmpBow_Getup_F,1.3,40,30,1,1.0,Original sequence time
Archer,SourceSequence,/Game/_Art/Enemies/HeinMach/Humanoids/Archer/Animations/SourceSequences/A_EN_SRC_CA_M_EmpBow_NoBattleChairSit_End_01_ca08d3cc,BBQ/Content/_Kazan_/Art/Character/CHA_Model/Monster_Human/Adult/Adult_M/Animation/EmpireBow/Weapon/CA_M_EmpBow_NoBattleChairSit_End_01,2.0,61,30,1,1.0,Original sequence time
Archer,SourceSequence,/Game/_Art/Enemies/HeinMach/Humanoids/Archer/Animations/SourceSequences/A_EN_SRC_CA_M_EmpBow_NoBattleGuard_End_01_20c24284,BBQ/Content/_Kazan_/Art/Character/CHA_Model/Monster_Human/Adult/Adult_M/Animation/EmpireBow/Weapon/CA_M_EmpBow_NoBattleGuard_End_01,1.1666666,36,30,1,1.0,Original sequence time
Archer,SourceSequence,/Game/_Art/Enemies/HeinMach/Humanoids/Archer/Animations/SourceSequences/A_EN_SRC_CA_M_EmpBow_NoBattleGuard_Loop_01_c2faf1c2,BBQ/Content/_Kazan_/Art/Character/CHA_Model/Monster_Human/Adult/Adult_M/Animation/EmpireBow/Weapon/CA_M_EmpBow_NoBattleGuard_Loop_01,14.1,424,30,1,1.0,Original sequence time
Archer,SourceSequence,/Game/_Art/Enemies/HeinMach/Humanoids/Archer/Animations/SourceSequences/A_EN_SRC_CA_M_EmpBow_NoBattleSearch_End_02_f8cbe71d,BBQ/Content/_Kazan_/Art/Character/CHA_Model/Monster_Human/Adult/Adult_M/Animation/EmpireBow/Weapon/CA_M_EmpBow_NoBattleSearch_End_02,1.6,49,30,1,1.0,Original sequence time
Archer,SourceSequence,/Game/_Art/Enemies/HeinMach/Humanoids/Archer/Animations/SourceSequences/A_EN_SRC_CA_M_EmpBow_NoBattleSit_End_01_7d6cda73,BBQ/Content/_Kazan_/Art/Character/CHA_Model/Monster_Human/Adult/Adult_M/Animation/EmpireBow/Weapon/CA_M_EmpBow_NoBattleSit_End_01,2.5,76,30,1,1.0,Original sequence time
Archer,SourceSequence,/Game/_Art/Enemies/HeinMach/Humanoids/Archer/Animations/SourceSequences/A_EN_SRC_CA_M_EmpBow_NoBattleTalk_End_01_bcb959f4,BBQ/Content/_Kazan_/Art/Character/CHA_Model/Monster_Human/Adult/Adult_M/Animation/EmpireBow/Weapon/CA_M_EmpBow_NoBattleTalk_End_01,2.2666667,69,30,1,1.0,Original sequence time
Archer,SourceSequence,/Game/_Art/Enemies/HeinMach/Humanoids/Archer/Animations/SourceSequences/A_EN_SRC_CA_M_EmpBow_NoBattle_Basic_End_01_6d8a70f5,BBQ/Content/_Kazan_/Art/Character/CHA_Model/Monster_Human/Adult/Adult_M/Animation/EmpireBow/Weapon/CA_M_EmpBow_NoBattle_Basic_End_01,1.4,43,30,1,1.0,Original sequence time
Archer,SourceSequence,/Game/_Art/Enemies/HeinMach/Humanoids/Archer/Animations/SourceSequences/A_EN_SRC_CA_M_EmpBow_NoBattle_Basic_Loop_01_72e4aa0f,BBQ/Content/_Kazan_/Art/Character/CHA_Model/Monster_Human/Adult/Adult_M/Animation/EmpireBow/Weapon/CA_M_EmpBow_NoBattle_Basic_Loop_01,16.666666,501,30,1,1.0,Original sequence time
Archer,SourceSequence,/Game/_Art/Enemies/HeinMach/Humanoids/Archer/Animations/SourceSequences/A_EN_SRC_CA_M_EmpBow_Stand_F_b1c41e36,BBQ/Content/_Kazan_/Art/Character/CHA_Model/Monster_Human/Adult/Adult_M/Animation/EmpireBow/Weapon/CA_M_EmpBow_Stand_F,3.0,91,30,1,1.0,Original sequence time
Archer,SourceSequence,/Game/_Art/Enemies/HeinMach/Humanoids/Archer/Animations/SourceSequences/A_EN_SRC_CA_M_EmpBow_Stand_Peace_F_dc5a01d8,BBQ/Content/_Kazan_/Art/Character/CHA_Model/Monster_Human/Adult/Adult_M/Animation/EmpireBow/Weapon/CA_M_EmpBow_Stand_Peace_F,2.3333333,71,30,1,1.0,Original sequence time
Archer,SourceSequence,/Game/_Art/Enemies/HeinMach/Humanoids/Archer/Animations/SourceSequences/A_EN_SRC_CA_M_EmpBow_TurnKick_Attack_70cda1c4,BBQ/Content/_Kazan_/Art/Character/CHA_Model/Monster_Human/Adult/Adult_M/Animation/EmpireBow/Weapon/CA_M_EmpBow_TurnKick_Attack,1.2,37,30,1,1.0,Original sequence time
Archer,SourceSequence,/Game/_Art/Enemies/HeinMach/Humanoids/Archer/Animations/SourceSequences/A_EN_SRC_CA_M_EmpBow_TurnKick_Move_c54401a0,BBQ/Content/_Kazan_/Art/Character/CHA_Model/Monster_Human/Adult/Adult_M/Animation/EmpireBow/Weapon/CA_M_EmpBow_TurnKick_Move,0.53333336,17,30,1,1.0,Original sequence time
Mage,SourceSequence,/Game/_Art/Enemies/OtherRegions/Humanoids/Mage/Animations/SourceSequences/A_EN_SRC_CA_M_EMagic_Basic_End_01,BBQ/Content/_Kazan_/Art/Character/CHA_Model/Monster_Human/Adult/Adult_M/Animation/EmpireMagic/CA_M_EMagic_Basic_End_01,1.6666666,51,30,1,1.0,Original sequence time
Mage,SourceSequence,/Game/_Art/Enemies/OtherRegions/Humanoids/Mage/Animations/SourceSequences/A_EN_SRC_CA_M_EMagic_Basic_Loop_01,BBQ/Content/_Kazan_/Art/Character/CHA_Model/Monster_Human/Adult/Adult_M/Animation/EmpireMagic/CA_M_EMagic_Basic_Loop_01,7.0,211,30,1,1.0,Original sequence time
Mage,SourceSequence,/Game/_Art/Enemies/OtherRegions/Humanoids/Mage/Animations/SourceSequences/A_EN_SRC_CA_M_EMagic_Basic_Search_End_02,BBQ/Content/_Kazan_/Art/Character/CHA_Model/Monster_Human/Adult/Adult_M/Animation/EmpireMagic/CA_M_EMagic_Basic_Search_End_02,1.6666666,51,30,1,1.0,Original sequence time
Mage,SourceSequence,/Game/_Art/Enemies/OtherRegions/Humanoids/Mage/Animations/SourceSequences/A_EN_SRC_CA_M_EMagic_Basic_Search_Loop_02,BBQ/Content/_Kazan_/Art/Character/CHA_Model/Monster_Human/Adult/Adult_M/Animation/EmpireMagic/CA_M_EMagic_Basic_Search_Loop_02,8.666667,261,30,1,1.0,Original sequence time
Mage,SourceSequence,/Game/_Art/Enemies/OtherRegions/Humanoids/Mage/Animations/SourceSequences/A_EN_SRC_CA_M_EMagic_CarryASword,BBQ/Content/_Kazan_/Art/Character/CHA_Model/Monster_Human/Adult/Adult_M/Animation/EmpireMagic/CA_M_EMagic_CarryASword,1.0,31,30,1,1.0,Original sequence time
Mage,SourceSequence,/Game/_Art/Enemies/OtherRegions/Humanoids/Mage/Animations/SourceSequences/A_EN_SRC_CA_M_EMagic_CarryASword_Turn_L,BBQ/Content/_Kazan_/Art/Character/CHA_Model/Monster_Human/Adult/Adult_M/Animation/EmpireMagic/CA_M_EMagic_CarryASword_Turn_L,1.1666666,36,30,1,1.0,Original sequence time
Mage,SourceSequence,/Game/_Art/Enemies/OtherRegions/Humanoids/Mage/Animations/SourceSequences/A_EN_SRC_CA_M_EMagic_CarryASword_Turn_R,BBQ/Content/_Kazan_/Art/Character/CHA_Model/Monster_Human/Adult/Adult_M/Animation/EmpireMagic/CA_M_EMagic_CarryASword_Turn_R,1.1666666,36,30,1,1.0,Original sequence time
Mage,SourceSequence,/Game/_Art/Enemies/OtherRegions/Humanoids/Mage/Animations/SourceSequences/A_EN_SRC_CA_M_EMagic_ClimbingWall_Down_End,BBQ/Content/_Kazan_/Art/Character/CHA_Model/Monster_Human/Adult/Adult_M/Animation/EmpireMagic/CA_M_EMagic_ClimbingWall_Down_End,1.0,31,30,1,1.0,Original sequence time
Mage,SourceSequence,/Game/_Art/Enemies/OtherRegions/Humanoids/Mage/Animations/SourceSequences/A_EN_SRC_CA_M_EMagic_ClimbingWall_Down_L,BBQ/Content/_Kazan_/Art/Character/CHA_Model/Monster_Human/Adult/Adult_M/Animation/EmpireMagic/CA_M_EMagic_ClimbingWall_Down_L,0.6,19,30,1,1.0,Original sequence time
Mage,SourceSequence,/Game/_Art/Enemies/OtherRegions/Humanoids/Mage/Animations/SourceSequences/A_EN_SRC_CA_M_EMagic_ClimbingWall_Down_R,BBQ/Content/_Kazan_/Art/Character/CHA_Model/Monster_Human/Adult/Adult_M/Animation/EmpireMagic/CA_M_EMagic_ClimbingWall_Down_R,0.6,19,30,1,1.0,Original sequence time
Mage,SourceSequence,/Game/_Art/Enemies/OtherRegions/Humanoids/Mage/Animations/SourceSequences/A_EN_SRC_CA_M_EMagic_ClimbingWall_Down_Start,BBQ/Content/_Kazan_/Art/Character/CHA_Model/Monster_Human/Adult/Adult_M/Animation/EmpireMagic/CA_M_EMagic_ClimbingWall_Down_Start,1.1333333,35,30,1,1.0,Original sequence time
Mage,SourceSequence,/Game/_Art/Enemies/OtherRegions/Humanoids/Mage/Animations/SourceSequences/A_EN_SRC_CA_M_EMagic_ClimbingWall_Loop_L_Idle,BBQ/Content/_Kazan_/Art/Character/CHA_Model/Monster_Human/Adult/Adult_M/Animation/EmpireMagic/CA_M_EMagic_ClimbingWall_Loop_L_Idle,1.6666666,51,30,1,1.0,Original sequence time
Mage,SourceSequence,/Game/_Art/Enemies/OtherRegions/Humanoids/Mage/Animations/SourceSequences/A_EN_SRC_CA_M_EMagic_ClimbingWall_Loop_R_Idle,BBQ/Content/_Kazan_/Art/Character/CHA_Model/Monster_Human/Adult/Adult_M/Animation/EmpireMagic/CA_M_EMagic_ClimbingWall_Loop_R_Idle,1.6666666,51,30,1,1.0,Original sequence time
Mage,SourceSequence,/Game/_Art/Enemies/OtherRegions/Humanoids/Mage/Animations/SourceSequences/A_EN_SRC_CA_M_EMagic_ClimbingWall_Up_End,BBQ/Content/_Kazan_/Art/Character/CHA_Model/Monster_Human/Adult/Adult_M/Animation/EmpireMagic/CA_M_EMagic_ClimbingWall_Up_End,1.6666666,51,30,1,1.0,Original sequence time
Mage,SourceSequence,/Game/_Art/Enemies/OtherRegions/Humanoids/Mage/Animations/SourceSequences/A_EN_SRC_CA_M_EMagic_ClimbingWall_Up_L,BBQ/Content/_Kazan_/Art/Character/CHA_Model/Monster_Human/Adult/Adult_M/Animation/EmpireMagic/CA_M_EMagic_ClimbingWall_Up_L,0.6,19,30,1,1.0,Original sequence time
Mage,SourceSequence,/Game/_Art/Enemies/OtherRegions/Humanoids/Mage/Animations/SourceSequences/A_EN_SRC_CA_M_EMagic_ClimbingWall_Up_R,BBQ/Content/_Kazan_/Art/Character/CHA_Model/Monster_Human/Adult/Adult_M/Animation/EmpireMagic/CA_M_EMagic_ClimbingWall_Up_R,0.6,19,30,1,1.0,Original sequence time
Mage,SourceSequence,/Game/_Art/Enemies/OtherRegions/Humanoids/Mage/Animations/SourceSequences/A_EN_SRC_CA_M_EMagic_ClimbingWall_Up_Start,BBQ/Content/_Kazan_/Art/Character/CHA_Model/Monster_Human/Adult/Adult_M/Animation/EmpireMagic/CA_M_EMagic_ClimbingWall_Up_Start,1.0,31,30,1,1.0,Original sequence time
Mage,SourceSequence,/Game/_Art/Enemies/OtherRegions/Humanoids/Mage/Animations/SourceSequences/A_EN_SRC_CA_M_EMagic_DamageAir_B,BBQ/Content/_Kazan_/Art/Character/CHA_Model/Monster_Human/Adult/Adult_M/Animation/EmpireMagic/CA_M_EMagic_DamageAir_B,1.3333334,41,30,1,1.0,Original sequence time
Mage,SourceSequence,/Game/_Art/Enemies/OtherRegions/Humanoids/Mage/Animations/SourceSequences/A_EN_SRC_CA_M_EMagic_DamageAir_F,BBQ/Content/_Kazan_/Art/Character/CHA_Model/Monster_Human/Adult/Adult_M/Animation/EmpireMagic/CA_M_EMagic_DamageAir_F,1.3333334,41,30,1,1.0,Original sequence time
Mage,SourceSequence,/Game/_Art/Enemies/OtherRegions/Humanoids/Mage/Animations/SourceSequences/A_EN_SRC_CA_M_EMagic_DamageDown_B,BBQ/Content/_Kazan_/Art/Character/CHA_Model/Monster_Human/Adult/Adult_M/Animation/EmpireMagic/CA_M_EMagic_DamageDown_B,0.7,22,30,1,1.0,Original sequence time
Mage,SourceSequence,/Game/_Art/Enemies/OtherRegions/Humanoids/Mage/Animations/SourceSequences/A_EN_SRC_CA_M_EMagic_DamageDown_F,BBQ/Content/_Kazan_/Art/Character/CHA_Model/Monster_Human/Adult/Adult_M/Animation/EmpireMagic/CA_M_EMagic_DamageDown_F,0.7,22,30,1,1.0,Original sequence time
Mage,SourceSequence,/Game/_Art/Enemies/OtherRegions/Humanoids/Mage/Animations/SourceSequences/A_EN_SRC_CA_M_EMagic_DamageGrapple_Atk_01,BBQ/Content/_Kazan_/Art/Character/CHA_Model/Monster_Human/Adult/Adult_M/Animation/EmpireMagic/CA_M_EMagic_DamageGrapple_Atk_01,1.3333334,41,30,1,1.0,Original sequence time
Mage,SourceSequence,/Game/_Art/Enemies/OtherRegions/Humanoids/Mage/Animations/SourceSequences/A_EN_SRC_CA_M_EMagic_DamageGrapple_Atk_02,BBQ/Content/_Kazan_/Art/Character/CHA_Model/Monster_Human/Adult/Adult_M/Animation/EmpireMagic/CA_M_EMagic_DamageGrapple_Atk_02,1.1,34,30,1,1.0,Original sequence time
Mage,SourceSequence,/Game/_Art/Enemies/OtherRegions/Humanoids/Mage/Animations/SourceSequences/A_EN_SRC_CA_M_EMagic_DamageGrapple_Atk_B_01,BBQ/Content/_Kazan_/Art/Character/CHA_Model/Monster_Human/Adult/Adult_M/Animation/EmpireMagic/CA_M_EMagic_DamageGrapple_Atk_B_01,1.3333334,41,30,1,1.0,Original sequence time
Mage,SourceSequence,/Game/_Art/Enemies/OtherRegions/Humanoids/Mage/Animations/SourceSequences/A_EN_SRC_CA_M_EMagic_DamageGrapple_Atk_B_02,BBQ/Content/_Kazan_/Art/Character/CHA_Model/Monster_Human/Adult/Adult_M/Animation/EmpireMagic/CA_M_EMagic_DamageGrapple_Atk_B_02,2.5,76,30,1,1.0,Original sequence time
Mage,SourceSequence,/Game/_Art/Enemies/OtherRegions/Humanoids/Mage/Animations/SourceSequences/A_EN_SRC_CA_M_EMagic_DamageNormal_D_B,BBQ/Content/_Kazan_/Art/Character/CHA_Model/Monster_Human/Adult/Adult_M/Animation/EmpireMagic/CA_M_EMagic_DamageNormal_D_B,0.7,22,30,1,1.0,Original sequence time
Mage,SourceSequence,/Game/_Art/Enemies/OtherRegions/Humanoids/Mage/Animations/SourceSequences/A_EN_SRC_CA_M_EMagic_DamageNormal_D_F,BBQ/Content/_Kazan_/Art/Character/CHA_Model/Monster_Human/Adult/Adult_M/Animation/EmpireMagic/CA_M_EMagic_DamageNormal_D_F,0.7,22,30,1,1.0,Original sequence time
Mage,SourceSequence,/Game/_Art/Enemies/OtherRegions/Humanoids/Mage/Animations/SourceSequences/A_EN_SRC_CA_M_EMagic_DamageNormal_L_F,BBQ/Content/_Kazan_/Art/Character/CHA_Model/Monster_Human/Adult/Adult_M/Animation/EmpireMagic/CA_M_EMagic_DamageNormal_L_F,0.7,22,30,1,1.0,Original sequence time
Mage,SourceSequence,/Game/_Art/Enemies/OtherRegions/Humanoids/Mage/Animations/SourceSequences/A_EN_SRC_CA_M_EMagic_DamageNormal_R_F,BBQ/Content/_Kazan_/Art/Character/CHA_Model/Monster_Human/Adult/Adult_M/Animation/EmpireMagic/CA_M_EMagic_DamageNormal_R_F,0.7,22,30,1,1.0,Original sequence time
Mage,SourceSequence,/Game/_Art/Enemies/OtherRegions/Humanoids/Mage/Animations/SourceSequences/A_EN_SRC_CA_M_EMagic_DamageNormal_U_B,BBQ/Content/_Kazan_/Art/Character/CHA_Model/Monster_Human/Adult/Adult_M/Animation/EmpireMagic/CA_M_EMagic_DamageNormal_U_B,0.7,22,30,1,1.0,Original sequence time
Mage,SourceSequence,/Game/_Art/Enemies/OtherRegions/Humanoids/Mage/Animations/SourceSequences/A_EN_SRC_CA_M_EMagic_DamageNormal_U_F,BBQ/Content/_Kazan_/Art/Character/CHA_Model/Monster_Human/Adult/Adult_M/Animation/EmpireMagic/CA_M_EMagic_DamageNormal_U_F,0.7,22,30,1,1.0,Original sequence time
Mage,SourceSequence,/Game/_Art/Enemies/OtherRegions/Humanoids/Mage/Animations/SourceSequences/A_EN_SRC_CA_M_EMagic_DamageParry_F,BBQ/Content/_Kazan_/Art/Character/CHA_Model/Monster_Human/Adult/Adult_M/Animation/EmpireMagic/CA_M_EMagic_DamageParry_F,1.5,46,30,1,1.0,Original sequence time
Mage,SourceSequence,/Game/_Art/Enemies/OtherRegions/Humanoids/Mage/Animations/SourceSequences/A_EN_SRC_CA_M_EMagic_DamageStrong_D_F,BBQ/Content/_Kazan_/Art/Character/CHA_Model/Monster_Human/Adult/Adult_M/Animation/EmpireMagic/CA_M_EMagic_DamageStrong_D_F,1.1,34,30,1,1.0,Original sequence time
Mage,SourceSequence,/Game/_Art/Enemies/OtherRegions/Humanoids/Mage/Animations/SourceSequences/A_EN_SRC_CA_M_EMagic_DamageStrong_D_F2,BBQ/Content/_Kazan_/Art/Character/CHA_Model/Monster_Human/Adult/Adult_M/Animation/EmpireMagic/CA_M_EMagic_DamageStrong_D_F2,1.1,34,30,1,1.0,Original sequence time
Mage,SourceSequence,/Game/_Art/Enemies/OtherRegions/Humanoids/Mage/Animations/SourceSequences/A_EN_SRC_CA_M_EMagic_DamageStrong_L_F,BBQ/Content/_Kazan_/Art/Character/CHA_Model/Monster_Human/Adult/Adult_M/Animation/EmpireMagic/CA_M_EMagic_DamageStrong_L_F,1.1,34,30,1,1.0,Original sequence time
Mage,SourceSequence,/Game/_Art/Enemies/OtherRegions/Humanoids/Mage/Animations/SourceSequences/A_EN_SRC_CA_M_EMagic_DamageStrong_R_F,BBQ/Content/_Kazan_/Art/Character/CHA_Model/Monster_Human/Adult/Adult_M/Animation/EmpireMagic/CA_M_EMagic_DamageStrong_R_F,1.1,34,30,1,1.0,Original sequence time
Mage,SourceSequence,/Game/_Art/Enemies/OtherRegions/Humanoids/Mage/Animations/SourceSequences/A_EN_SRC_CA_M_EMagic_DamageStrong_U_F,BBQ/Content/_Kazan_/Art/Character/CHA_Model/Monster_Human/Adult/Adult_M/Animation/EmpireMagic/CA_M_EMagic_DamageStrong_U_F,1.1,34,30,1,1.0,Original sequence time
Mage,SourceSequence,/Game/_Art/Enemies/OtherRegions/Humanoids/Mage/Animations/SourceSequences/A_EN_SRC_CA_M_EMagic_DamageWeak_D_F,BBQ/Content/_Kazan_/Art/Character/CHA_Model/Monster_Human/Adult/Adult_M/Animation/EmpireMagic/CA_M_EMagic_DamageWeak_D_F,0.4,13,30,1,1.0,Original sequence time
Mage,SourceSequence,/Game/_Art/Enemies/OtherRegions/Humanoids/Mage/Animations/SourceSequences/A_EN_SRC_CA_M_EMagic_DamageWeak_L_F,BBQ/Content/_Kazan_/Art/Character/CHA_Model/Monster_Human/Adult/Adult_M/Animation/EmpireMagic/CA_M_EMagic_DamageWeak_L_F,0.4,13,30,1,1.0,Original sequence time
Mage,SourceSequence,/Game/_Art/Enemies/OtherRegions/Humanoids/Mage/Animations/SourceSequences/A_EN_SRC_CA_M_EMagic_DamageWeak_R_F,BBQ/Content/_Kazan_/Art/Character/CHA_Model/Monster_Human/Adult/Adult_M/Animation/EmpireMagic/CA_M_EMagic_DamageWeak_R_F,0.4,13,30,1,1.0,Original sequence time
Mage,SourceSequence,/Game/_Art/Enemies/OtherRegions/Humanoids/Mage/Animations/SourceSequences/A_EN_SRC_CA_M_EMagic_DamageWeak_U_F,BBQ/Content/_Kazan_/Art/Character/CHA_Model/Monster_Human/Adult/Adult_M/Animation/EmpireMagic/CA_M_EMagic_DamageWeak_U_F,0.4,13,30,1,1.0,Original sequence time
Mage,SourceSequence,/Game/_Art/Enemies/OtherRegions/Humanoids/Mage/Animations/SourceSequences/A_EN_SRC_CA_M_EMagic_Die_F,BBQ/Content/_Kazan_/Art/Character/CHA_Model/Monster_Human/Adult/Adult_M/Animation/EmpireMagic/CA_M_EMagic_Die_F,2.6333334,80,30,1,1.0,Original sequence time
Mage,SourceSequence,/Game/_Art/Enemies/OtherRegions/Humanoids/Mage/Animations/SourceSequences/A_EN_SRC_CA_M_EMagic_Down_B_Loop,BBQ/Content/_Kazan_/Art/Character/CHA_Model/Monster_Human/Adult/Adult_M/Animation/EmpireMagic/CA_M_EMagic_Down_B_Loop,1.6,49,30,1,1.0,Original sequence time
Mage,SourceSequence,/Game/_Art/Enemies/OtherRegions/Humanoids/Mage/Animations/SourceSequences/A_EN_SRC_CA_M_EMagic_Down_F_Loop,BBQ/Content/_Kazan_/Art/Character/CHA_Model/Monster_Human/Adult/Adult_M/Animation/EmpireMagic/CA_M_EMagic_Down_F_Loop,1.6,49,30,1,1.0,Original sequence time
Mage,SourceSequence,/Game/_Art/Enemies/OtherRegions/Humanoids/Mage/Animations/SourceSequences/A_EN_SRC_CA_M_EMagic_FallDown_Loop,BBQ/Content/_Kazan_/Art/Character/CHA_Model/Monster_Human/Adult/Adult_M/Animation/EmpireMagic/CA_M_EMagic_FallDown_Loop,1.0,31,30,1,1.0,Original sequence time
Mage,SourceSequence,/Game/_Art/Enemies/OtherRegions/Humanoids/Mage/Animations/SourceSequences/A_EN_SRC_CA_M_EMagic_FallDown_Start,BBQ/Content/_Kazan_/Art/Character/CHA_Model/Monster_Human/Adult/Adult_M/Animation/EmpireMagic/CA_M_EMagic_FallDown_Start,2.0,61,30,1,1.0,Original sequence time
Mage,SourceSequence,/Game/_Art/Enemies/OtherRegions/Humanoids/Mage/Animations/SourceSequences/A_EN_SRC_CA_M_EMagic_FireBall_End,BBQ/Content/_Kazan_/Art/Character/CHA_Model/Monster_Human/Adult/Adult_M/Animation/EmpireMagic/CA_M_EMagic_FireBall_End,3.1666667,96,30,1,1.0,Original sequence time
Mage,SourceSequence,/Game/_Art/Enemies/OtherRegions/Humanoids/Mage/Animations/SourceSequences/A_EN_SRC_CA_M_EMagic_FireBall_Loop,BBQ/Content/_Kazan_/Art/Character/CHA_Model/Monster_Human/Adult/Adult_M/Animation/EmpireMagic/CA_M_EMagic_FireBall_Loop,3.6666667,111,30,1,1.0,Original sequence time
Mage,SourceSequence,/Game/_Art/Enemies/OtherRegions/Humanoids/Mage/Animations/SourceSequences/A_EN_SRC_CA_M_EMagic_FireBall_Start,BBQ/Content/_Kazan_/Art/Character/CHA_Model/Monster_Human/Adult/Adult_M/Animation/EmpireMagic/CA_M_EMagic_FireBall_Start,3.6,109,30,1,1.0,Original sequence time
Mage,SourceSequence,/Game/_Art/Enemies/OtherRegions/Humanoids/Mage/Animations/SourceSequences/A_EN_SRC_CA_M_EMagic_FireLine,BBQ/Content/_Kazan_/Art/Character/CHA_Model/Monster_Human/Adult/Adult_M/Animation/EmpireMagic/CA_M_EMagic_FireLine,2.8333333,86,30,1,1.0,Original sequence time
Mage,SourceSequence,/Game/_Art/Enemies/OtherRegions/Humanoids/Mage/Animations/SourceSequences/A_EN_SRC_CA_M_EMagic_FireLine_Dodge_B,BBQ/Content/_Kazan_/Art/Character/CHA_Model/Monster_Human/Adult/Adult_M/Animation/EmpireMagic/CA_M_EMagic_FireLine_Dodge_B,1.3333334,41,30,1,1.0,Original sequence time
Mage,SourceSequence,/Game/_Art/Enemies/OtherRegions/Humanoids/Mage/Animations/SourceSequences/A_EN_SRC_CA_M_EMagic_FireRandom_End,BBQ/Content/_Kazan_/Art/Character/CHA_Model/Monster_Human/Adult/Adult_M/Animation/EmpireMagic/CA_M_EMagic_FireRandom_End,1.9333333,59,30,1,1.0,Original sequence time
Mage,SourceSequence,/Game/_Art/Enemies/OtherRegions/Humanoids/Mage/Animations/SourceSequences/A_EN_SRC_CA_M_EMagic_FireRandom_Loop,BBQ/Content/_Kazan_/Art/Character/CHA_Model/Monster_Human/Adult/Adult_M/Animation/EmpireMagic/CA_M_EMagic_FireRandom_Loop,1.2,37,30,1,1.0,Original sequence time
Mage,SourceSequence,/Game/_Art/Enemies/OtherRegions/Humanoids/Mage/Animations/SourceSequences/A_EN_SRC_CA_M_EMagic_FireRandom_Start,BBQ/Content/_Kazan_/Art/Character/CHA_Model/Monster_Human/Adult/Adult_M/Animation/EmpireMagic/CA_M_EMagic_FireRandom_Start,2.3,70,30,1,1.0,Original sequence time
Mage,SourceSequence,/Game/_Art/Enemies/OtherRegions/Humanoids/Mage/Animations/SourceSequences/A_EN_SRC_CA_M_EMagic_FootSword,BBQ/Content/_Kazan_/Art/Character/CHA_Model/Monster_Human/Adult/Adult_M/Animation/EmpireMagic/CA_M_EMagic_FootSword,1.0,31,30,1,1.0,Original sequence time
Mage,SourceSequence,/Game/_Art/Enemies/OtherRegions/Humanoids/Mage/Animations/SourceSequences/A_EN_SRC_CA_M_EMagic_Getup_B,BBQ/Content/_Kazan_/Art/Character/CHA_Model/Monster_Human/Adult/Adult_M/Animation/EmpireMagic/CA_M_EMagic_Getup_B,1.8666667,57,30,1,1.0,Original sequence time
Mage,SourceSequence,/Game/_Art/Enemies/OtherRegions/Humanoids/Mage/Animations/SourceSequences/A_EN_SRC_CA_M_EMagic_Getup_F,BBQ/Content/_Kazan_/Art/Character/CHA_Model/Monster_Human/Adult/Adult_M/Animation/EmpireMagic/CA_M_EMagic_Getup_F,1.3,40,30,1,1.0,Original sequence time
Mage,SourceSequence,/Game/_Art/Enemies/OtherRegions/Humanoids/Mage/Animations/SourceSequences/A_EN_SRC_CA_M_EMagic_Groggy_F_End,BBQ/Content/_Kazan_/Art/Character/CHA_Model/Monster_Human/Adult/Adult_M/Animation/EmpireMagic/CA_M_EMagic_Groggy_F_End,1.3333334,41,30,1,1.0,Original sequence time
Mage,SourceSequence,/Game/_Art/Enemies/OtherRegions/Humanoids/Mage/Animations/SourceSequences/A_EN_SRC_CA_M_EMagic_Groggy_F_Loop,BBQ/Content/_Kazan_/Art/Character/CHA_Model/Monster_Human/Adult/Adult_M/Animation/EmpireMagic/CA_M_EMagic_Groggy_F_Loop,2.0,61,30,1,1.0,Original sequence time
Mage,SourceSequence,/Game/_Art/Enemies/OtherRegions/Humanoids/Mage/Animations/SourceSequences/A_EN_SRC_CA_M_EMagic_Groggy_F_Start,BBQ/Content/_Kazan_/Art/Character/CHA_Model/Monster_Human/Adult/Adult_M/Animation/EmpireMagic/CA_M_EMagic_Groggy_F_Start,1.1666666,36,30,1,1.0,Original sequence time
Mage,SourceSequence,/Game/_Art/Enemies/OtherRegions/Humanoids/Mage/Animations/SourceSequences/A_EN_SRC_CA_M_EMagic_LockOnWalk_B,BBQ/Content/_Kazan_/Art/Character/CHA_Model/Monster_Human/Adult/Adult_M/Animation/EmpireMagic/CA_M_EMagic_LockOnWalk_B,1.0666667,33,30,1,1.0,Original sequence time
Mage,SourceSequence,/Game/_Art/Enemies/OtherRegions/Humanoids/Mage/Animations/SourceSequences/A_EN_SRC_CA_M_EMagic_LockOnWalk_F,BBQ/Content/_Kazan_/Art/Character/CHA_Model/Monster_Human/Adult/Adult_M/Animation/EmpireMagic/CA_M_EMagic_LockOnWalk_F,1.0666667,33,30,1,1.0,Original sequence time
Mage,SourceSequence,/Game/_Art/Enemies/OtherRegions/Humanoids/Mage/Animations/SourceSequences/A_EN_SRC_CA_M_EMagic_LockOnWalk_L,BBQ/Content/_Kazan_/Art/Character/CHA_Model/Monster_Human/Adult/Adult_M/Animation/EmpireMagic/CA_M_EMagic_LockOnWalk_L,1.0,31,30,1,1.0,Original sequence time
Mage,SourceSequence,/Game/_Art/Enemies/OtherRegions/Humanoids/Mage/Animations/SourceSequences/A_EN_SRC_CA_M_EMagic_LockOnWalk_R,BBQ/Content/_Kazan_/Art/Character/CHA_Model/Monster_Human/Adult/Adult_M/Animation/EmpireMagic/CA_M_EMagic_LockOnWalk_R,1.0,31,30,1,1.0,Original sequence time
Mage,SourceSequence,/Game/_Art/Enemies/OtherRegions/Humanoids/Mage/Animations/SourceSequences/A_EN_SRC_CA_M_EMagic_NoBattleChairSit_End_01,BBQ/Content/_Kazan_/Art/Character/CHA_Model/Monster_Human/Adult/Adult_M/Animation/EmpireMagic/CA_M_EMagic_NoBattleChairSit_End_01,1.8,55,30,1,1.0,Original sequence time
Mage,SourceSequence,/Game/_Art/Enemies/OtherRegions/Humanoids/Mage/Animations/SourceSequences/A_EN_SRC_CA_M_EMagic_NoBattleChairSit_Loop_01,BBQ/Content/_Kazan_/Art/Character/CHA_Model/Monster_Human/Adult/Adult_M/Animation/EmpireMagic/CA_M_EMagic_NoBattleChairSit_Loop_01,11.0,331,30,1,1.0,Original sequence time
Mage,SourceSequence,/Game/_Art/Enemies/OtherRegions/Humanoids/Mage/Animations/SourceSequences/A_EN_SRC_CA_M_EMagic_NoBattleSearch_End_01,BBQ/Content/_Kazan_/Art/Character/CHA_Model/Monster_Human/Adult/Adult_M/Animation/EmpireMagic/CA_M_EMagic_NoBattleSearch_End_01,1.0,31,30,1,1.0,Original sequence time
Mage,SourceSequence,/Game/_Art/Enemies/OtherRegions/Humanoids/Mage/Animations/SourceSequences/A_EN_SRC_CA_M_EMagic_NoBattleSearch_Loop_01,BBQ/Content/_Kazan_/Art/Character/CHA_Model/Monster_Human/Adult/Adult_M/Animation/EmpireMagic/CA_M_EMagic_NoBattleSearch_Loop_01,15.0,451,30,1,1.0,Original sequence time
Mage,SourceSequence,/Game/_Art/Enemies/OtherRegions/Humanoids/Mage/Animations/SourceSequences/A_EN_SRC_CA_M_EMagic_NoBattleSit_End_01,BBQ/Content/_Kazan_/Art/Character/CHA_Model/Monster_Human/Adult/Adult_M/Animation/EmpireMagic/CA_M_EMagic_NoBattleSit_End_01,2.6666667,81,30,1,1.0,Original sequence time
Mage,SourceSequence,/Game/_Art/Enemies/OtherRegions/Humanoids/Mage/Animations/SourceSequences/A_EN_SRC_CA_M_EMagic_NoBattleSit_Loop_01,BBQ/Content/_Kazan_/Art/Character/CHA_Model/Monster_Human/Adult/Adult_M/Animation/EmpireMagic/CA_M_EMagic_NoBattleSit_Loop_01,8.833333,266,30,1,1.0,Original sequence time
Mage,SourceSequence,/Game/_Art/Enemies/OtherRegions/Humanoids/Mage/Animations/SourceSequences/A_EN_SRC_CA_M_EMagic_NoBattleTalk_End_01,BBQ/Content/_Kazan_/Art/Character/CHA_Model/Monster_Human/Adult/Adult_M/Animation/EmpireMagic/CA_M_EMagic_NoBattleTalk_End_01,1.0,31,30,1,1.0,Original sequence time
Mage,SourceSequence,/Game/_Art/Enemies/OtherRegions/Humanoids/Mage/Animations/SourceSequences/A_EN_SRC_CA_M_EMagic_NoBattleTalk_Loop_01,BBQ/Content/_Kazan_/Art/Character/CHA_Model/Monster_Human/Adult/Adult_M/Animation/EmpireMagic/CA_M_EMagic_NoBattleTalk_Loop_01,10.9,328,30,1,1.0,Original sequence time
Mage,SourceSequence,/Game/_Art/Enemies/OtherRegions/Humanoids/Mage/Animations/SourceSequences/A_EN_SRC_CA_M_EMagic_Run_F,BBQ/Content/_Kazan_/Art/Character/CHA_Model/Monster_Human/Adult/Adult_M/Animation/EmpireMagic/CA_M_EMagic_Run_F,0.8666667,27,30,1,1.0,Original sequence time
Mage,SourceSequence,/Game/_Art/Enemies/OtherRegions/Humanoids/Mage/Animations/SourceSequences/A_EN_SRC_CA_M_EMagic_Run_Peace_F,BBQ/Content/_Kazan_/Art/Character/CHA_Model/Monster_Human/Adult/Adult_M/Animation/EmpireMagic/CA_M_EMagic_Run_Peace_F,0.6666667,21,30,1,1.0,Original sequence time
Mage,SourceSequence,/Game/_Art/Enemies/OtherRegions/Humanoids/Mage/Animations/SourceSequences/A_EN_SRC_CA_M_EMagic_Stand_F,BBQ/Content/_Kazan_/Art/Character/CHA_Model/Monster_Human/Adult/Adult_M/Animation/EmpireMagic/CA_M_EMagic_Stand_F,3.3333333,101,30,1,1.0,Original sequence time
Mage,SourceSequence,/Game/_Art/Enemies/OtherRegions/Humanoids/Mage/Animations/SourceSequences/A_EN_SRC_CA_M_EMagic_Stand_Peace_F,BBQ/Content/_Kazan_/Art/Character/CHA_Model/Monster_Human/Adult/Adult_M/Animation/EmpireMagic/CA_M_EMagic_Stand_Peace_F,8.0,241,30,1,1.0,Original sequence time
Mage,SourceSequence,/Game/_Art/Enemies/OtherRegions/Humanoids/Mage/Animations/SourceSequences/A_EN_SRC_CA_M_EMagic_Turn_L,BBQ/Content/_Kazan_/Art/Character/CHA_Model/Monster_Human/Adult/Adult_M/Animation/EmpireMagic/CA_M_EMagic_Turn_L,1.0,31,30,1,1.0,Original sequence time
Mage,SourceSequence,/Game/_Art/Enemies/OtherRegions/Humanoids/Mage/Animations/SourceSequences/A_EN_SRC_CA_M_EMagic_Turn_L_180,BBQ/Content/_Kazan_/Art/Character/CHA_Model/Monster_Human/Adult/Adult_M/Animation/EmpireMagic/CA_M_EMagic_Turn_L_180,1.5333333,47,30,1,1.0,Original sequence time
Mage,SourceSequence,/Game/_Art/Enemies/OtherRegions/Humanoids/Mage/Animations/SourceSequences/A_EN_SRC_CA_M_EMagic_Turn_Peace_L,BBQ/Content/_Kazan_/Art/Character/CHA_Model/Monster_Human/Adult/Adult_M/Animation/EmpireMagic/CA_M_EMagic_Turn_Peace_L,1.0,31,30,1,1.0,Original sequence time
Mage,SourceSequence,/Game/_Art/Enemies/OtherRegions/Humanoids/Mage/Animations/SourceSequences/A_EN_SRC_CA_M_EMagic_Turn_Peace_R,BBQ/Content/_Kazan_/Art/Character/CHA_Model/Monster_Human/Adult/Adult_M/Animation/EmpireMagic/CA_M_EMagic_Turn_Peace_R,1.0,31,30,1,1.0,Original sequence time
Mage,SourceSequence,/Game/_Art/Enemies/OtherRegions/Humanoids/Mage/Animations/SourceSequences/A_EN_SRC_CA_M_EMagic_Turn_R,BBQ/Content/_Kazan_/Art/Character/CHA_Model/Monster_Human/Adult/Adult_M/Animation/EmpireMagic/CA_M_EMagic_Turn_R,1.0,31,30,1,1.0,Original sequence time
Mage,SourceSequence,/Game/_Art/Enemies/OtherRegions/Humanoids/Mage/Animations/SourceSequences/A_EN_SRC_CA_M_EMagic_Turn_R_180,BBQ/Content/_Kazan_/Art/Character/CHA_Model/Monster_Human/Adult/Adult_M/Animation/EmpireMagic/CA_M_EMagic_Turn_R_180,1.5333333,47,30,1,1.0,Original sequence time
Mage,SourceSequence,/Game/_Art/Enemies/OtherRegions/Humanoids/Mage/Animations/SourceSequences/A_EN_SRC_CA_M_EMagic_Walk_F,BBQ/Content/_Kazan_/Art/Character/CHA_Model/Monster_Human/Adult/Adult_M/Animation/EmpireMagic/CA_M_EMagic_Walk_F,1.0666667,33,30,1,1.0,Original sequence time
Mage,SourceSequence,/Game/_Art/Enemies/OtherRegions/Humanoids/Mage/Animations/SourceSequences/A_EN_SRC_CA_M_EMagic_Walk_Peace_F,BBQ/Content/_Kazan_/Art/Character/CHA_Model/Monster_Human/Adult/Adult_M/Animation/EmpireMagic/CA_M_EMagic_Walk_Peace_F,1.2,37,30,1,1.0,Original sequence time
Mage,SourceSequence,/Game/_Art/Enemies/OtherRegions/Humanoids/Mage/Animations/SourceSequences/A_EN_SRC_CA_M_Human_Adult_M_EmpireMagic_Vigilant_FreakOut_Equip,BBQ/Content/_Kazan_/Art/Character/CHA_Model/Monster_Human/Adult/Adult_M/Animation/EmpireMagic/CA_M_Human_Adult_M_EmpireMagic_Vigilant_FreakOut_Equip,1.9333333,59,30,1,1.0,Original sequence time
Mage,SourceSequence,/Game/_Art/Enemies/OtherRegions/Humanoids/Mage/Animations/SourceSequences/A_EN_SRC_CA_M_Human_Adult_M_EmpireMagic_Vigilant_FreakOut_UnEquip,BBQ/Content/_Kazan_/Art/Character/CHA_Model/Monster_Human/Adult/Adult_M/Animation/EmpireMagic/CA_M_Human_Adult_M_EmpireMagic_Vigilant_FreakOut_UnEquip,2.0333333,62,30,1,1.0,Original sequence time
Mage,SourceSequence,/Game/_Art/Enemies/OtherRegions/Humanoids/Mage/Animations/SourceSequences/A_EN_SRC_CA_M_Human_Adult_M_EmpireMagic_Vigilant_LookAround,BBQ/Content/_Kazan_/Art/Character/CHA_Model/Monster_Human/Adult/Adult_M/Animation/EmpireMagic/CA_M_Human_Adult_M_EmpireMagic_Vigilant_LookAround,9.533334,287,30,1,1.0,Original sequence time
Swordsman,SourceSequence,/Game/_Art/Enemies/HeinMach/Humanoids/Swordsman/Animations/SourceSequences/A_EN_SRC_CA_M_EmpSwd_Ballista_Ballista_Hand_End,BBQ/Content/_Kazan_/Art/Character/CHA_Model/Monster_Human/Adult/Adult_M/Animation/EmpireSword3/CA_M_EmpSwd_Ballista_Ballista_Hand_End,4.1,124,30,1,1.0,Original sequence time
Swordsman,SourceSequence,/Game/_Art/Enemies/HeinMach/Humanoids/Swordsman/Animations/SourceSequences/A_EN_SRC_CA_M_EmpSwd_Ballista_Hand_Battle,BBQ/Content/_Kazan_/Art/Character/CHA_Model/Monster_Human/Adult/Adult_M/Animation/EmpireSword3/CA_M_EmpSwd_Ballista_Hand_Battle,2.3333333,71,30,1,1.0,Original sequence time
Swordsman,SourceSequence,/Game/_Art/Enemies/HeinMach/Humanoids/Swordsman/Animations/SourceSequences/A_EN_SRC_CA_M_EmpSwd_Ballista_Hand_Idle,BBQ/Content/_Kazan_/Art/Character/CHA_Model/Monster_Human/Adult/Adult_M/Animation/EmpireSword3/CA_M_EmpSwd_Ballista_Hand_Idle,1.8333334,56,30,1,1.0,Original sequence time
Swordsman,SourceSequence,/Game/_Art/Enemies/HeinMach/Humanoids/Swordsman/Animations/SourceSequences/A_EN_SRC_CA_M_EmpSwd_Ballista_Hand_Start,BBQ/Content/_Kazan_/Art/Character/CHA_Model/Monster_Human/Adult/Adult_M/Animation/EmpireSword3/CA_M_EmpSwd_Ballista_Hand_Start,3.6666667,111,30,1,1.0,Original sequence time
Swordsman,SourceSequence,/Game/_Art/Enemies/HeinMach/Humanoids/Swordsman/Animations/SourceSequences/A_EN_SRC_CA_M_EmpSwd_CarryASword,BBQ/Content/_Kazan_/Art/Character/CHA_Model/Monster_Human/Adult/Adult_M/Animation/EmpireSword3/CA_M_EmpSwd_CarryASword,1.5666667,48,30,1,1.0,Original sequence time
Swordsman,SourceSequence,/Game/_Art/Enemies/HeinMach/Humanoids/Swordsman/Animations/SourceSequences/A_EN_SRC_CA_M_EmpSwd_CarryASword02,BBQ/Content/_Kazan_/Art/Character/CHA_Model/Monster_Human/Adult/Adult_M/Animation/EmpireSword3/CA_M_EmpSwd_CarryASword02,1.5666667,48,30,1,1.0,Original sequence time
Swordsman,SourceSequence,/Game/_Art/Enemies/HeinMach/Humanoids/Swordsman/Animations/SourceSequences/A_EN_SRC_CA_M_EmpSwd_CarryASword_Turn_L,BBQ/Content/_Kazan_/Art/Character/CHA_Model/Monster_Human/Adult/Adult_M/Animation/EmpireSword3/CA_M_EmpSwd_CarryASword_Turn_L,1.1333333,35,30,1,1.0,Original sequence time
Swordsman,SourceSequence,/Game/_Art/Enemies/HeinMach/Humanoids/Swordsman/Animations/SourceSequences/A_EN_SRC_CA_M_EmpSwd_CarryASword_Turn_R,BBQ/Content/_Kazan_/Art/Character/CHA_Model/Monster_Human/Adult/Adult_M/Animation/EmpireSword3/CA_M_EmpSwd_CarryASword_Turn_R,1.6666666,51,30,1,1.0,Original sequence time
Swordsman,SourceSequence,/Game/_Art/Enemies/HeinMach/Humanoids/Swordsman/Animations/SourceSequences/A_EN_SRC_CA_M_EmpSwd_ClimbingWall_Down_End,BBQ/Content/_Kazan_/Art/Character/CHA_Model/Monster_Human/Adult/Adult_M/Animation/EmpireSword3/CA_M_EmpSwd_ClimbingWall_Down_End,1.0,31,30,1,1.0,Original sequence time
Swordsman,SourceSequence,/Game/_Art/Enemies/HeinMach/Humanoids/Swordsman/Animations/SourceSequences/A_EN_SRC_CA_M_EmpSwd_ClimbingWall_Down_L,BBQ/Content/_Kazan_/Art/Character/CHA_Model/Monster_Human/Adult/Adult_M/Animation/EmpireSword3/CA_M_EmpSwd_ClimbingWall_Down_L,0.6,19,30,1,1.0,Original sequence time
Swordsman,SourceSequence,/Game/_Art/Enemies/HeinMach/Humanoids/Swordsman/Animations/SourceSequences/A_EN_SRC_CA_M_EmpSwd_ClimbingWall_Down_R,BBQ/Content/_Kazan_/Art/Character/CHA_Model/Monster_Human/Adult/Adult_M/Animation/EmpireSword3/CA_M_EmpSwd_ClimbingWall_Down_R,0.6,19,30,1,1.0,Original sequence time
Swordsman,SourceSequence,/Game/_Art/Enemies/HeinMach/Humanoids/Swordsman/Animations/SourceSequences/A_EN_SRC_CA_M_EmpSwd_ClimbingWall_Down_Start,BBQ/Content/_Kazan_/Art/Character/CHA_Model/Monster_Human/Adult/Adult_M/Animation/EmpireSword3/CA_M_EmpSwd_ClimbingWall_Down_Start,1.1333333,35,30,1,1.0,Original sequence time
Swordsman,SourceSequence,/Game/_Art/Enemies/HeinMach/Humanoids/Swordsman/Animations/SourceSequences/A_EN_SRC_CA_M_EmpSwd_ClimbingWall_Loop_L_Idle,BBQ/Content/_Kazan_/Art/Character/CHA_Model/Monster_Human/Adult/Adult_M/Animation/EmpireSword3/CA_M_EmpSwd_ClimbingWall_Loop_L_Idle,1.6666666,51,30,1,1.0,Original sequence time
Swordsman,SourceSequence,/Game/_Art/Enemies/HeinMach/Humanoids/Swordsman/Animations/SourceSequences/A_EN_SRC_CA_M_EmpSwd_ClimbingWall_Loop_R_Idle,BBQ/Content/_Kazan_/Art/Character/CHA_Model/Monster_Human/Adult/Adult_M/Animation/EmpireSword3/CA_M_EmpSwd_ClimbingWall_Loop_R_Idle,1.6666666,51,30,1,1.0,Original sequence time
Swordsman,SourceSequence,/Game/_Art/Enemies/HeinMach/Humanoids/Swordsman/Animations/SourceSequences/A_EN_SRC_CA_M_EmpSwd_ClimbingWall_Up_End,BBQ/Content/_Kazan_/Art/Character/CHA_Model/Monster_Human/Adult/Adult_M/Animation/EmpireSword3/CA_M_EmpSwd_ClimbingWall_Up_End,1.7,52,30,1,1.0,Original sequence time
Swordsman,SourceSequence,/Game/_Art/Enemies/HeinMach/Humanoids/Swordsman/Animations/SourceSequences/A_EN_SRC_CA_M_EmpSwd_ClimbingWall_Up_L,BBQ/Content/_Kazan_/Art/Character/CHA_Model/Monster_Human/Adult/Adult_M/Animation/EmpireSword3/CA_M_EmpSwd_ClimbingWall_Up_L,0.6,19,30,1,1.0,Original sequence time
Swordsman,SourceSequence,/Game/_Art/Enemies/HeinMach/Humanoids/Swordsman/Animations/SourceSequences/A_EN_SRC_CA_M_EmpSwd_ClimbingWall_Up_R,BBQ/Content/_Kazan_/Art/Character/CHA_Model/Monster_Human/Adult/Adult_M/Animation/EmpireSword3/CA_M_EmpSwd_ClimbingWall_Up_R,0.6,19,30,1,1.0,Original sequence time
Swordsman,SourceSequence,/Game/_Art/Enemies/HeinMach/Humanoids/Swordsman/Animations/SourceSequences/A_EN_SRC_CA_M_EmpSwd_ClimbingWall_Up_Start,BBQ/Content/_Kazan_/Art/Character/CHA_Model/Monster_Human/Adult/Adult_M/Animation/EmpireSword3/CA_M_EmpSwd_ClimbingWall_Up_Start,1.0,31,30,1,1.0,Original sequence time
Swordsman,SourceSequence,/Game/_Art/Enemies/HeinMach/Humanoids/Swordsman/Animations/SourceSequences/A_EN_SRC_CA_M_EmpSwd_DamageAir_B,BBQ/Content/_Kazan_/Art/Character/CHA_Model/Monster_Human/Adult/Adult_M/Animation/EmpireSword3/CA_M_EmpSwd_DamageAir_B,1.3333334,41,30,1,1.0,Original sequence time
Swordsman,SourceSequence,/Game/_Art/Enemies/HeinMach/Humanoids/Swordsman/Animations/SourceSequences/A_EN_SRC_CA_M_EmpSwd_DamageAir_F,BBQ/Content/_Kazan_/Art/Character/CHA_Model/Monster_Human/Adult/Adult_M/Animation/EmpireSword3/CA_M_EmpSwd_DamageAir_F,1.3333334,41,30,1,1.0,Original sequence time
Swordsman,SourceSequence,/Game/_Art/Enemies/HeinMach/Humanoids/Swordsman/Animations/SourceSequences/A_EN_SRC_CA_M_EmpSwd_DamageDown_B,BBQ/Content/_Kazan_/Art/Character/CHA_Model/Monster_Human/Adult/Adult_M/Animation/EmpireSword3/CA_M_EmpSwd_DamageDown_B,0.6666667,21,30,1,1.0,Original sequence time
Swordsman,SourceSequence,/Game/_Art/Enemies/HeinMach/Humanoids/Swordsman/Animations/SourceSequences/A_EN_SRC_CA_M_EmpSwd_DamageDown_F,BBQ/Content/_Kazan_/Art/Character/CHA_Model/Monster_Human/Adult/Adult_M/Animation/EmpireSword3/CA_M_EmpSwd_DamageDown_F,0.6666667,21,30,1,1.0,Original sequence time
Swordsman,SourceSequence,/Game/_Art/Enemies/HeinMach/Humanoids/Swordsman/Animations/SourceSequences/A_EN_SRC_CA_M_EmpSwd_DamageGrapple_Atk_01,BBQ/Content/_Kazan_/Art/Character/CHA_Model/Monster_Human/Adult/Adult_M/Animation/EmpireSword3/CA_M_EmpSwd_DamageGrapple_Atk_01,1.3666667,42,30,1,1.0,Original sequence time
Swordsman,SourceSequence,/Game/_Art/Enemies/HeinMach/Humanoids/Swordsman/Animations/SourceSequences/A_EN_SRC_CA_M_EmpSwd_DamageGrapple_Atk_02,BBQ/Content/_Kazan_/Art/Character/CHA_Model/Monster_Human/Adult/Adult_M/Animation/EmpireSword3/CA_M_EmpSwd_DamageGrapple_Atk_02,1.1,34,30,1,1.0,Original sequence time
Swordsman,SourceSequence,/Game/_Art/Enemies/HeinMach/Humanoids/Swordsman/Animations/SourceSequences/A_EN_SRC_CA_M_EmpSwd_DamageGrapple_Atk_B_01,BBQ/Content/_Kazan_/Art/Character/CHA_Model/Monster_Human/Adult/Adult_M/Animation/EmpireSword3/CA_M_EmpSwd_DamageGrapple_Atk_B_01,1.3333334,41,30,1,1.0,Original sequence time
Swordsman,SourceSequence,/Game/_Art/Enemies/HeinMach/Humanoids/Swordsman/Animations/SourceSequences/A_EN_SRC_CA_M_EmpSwd_DamageGrapple_Atk_B_02,BBQ/Content/_Kazan_/Art/Character/CHA_Model/Monster_Human/Adult/Adult_M/Animation/EmpireSword3/CA_M_EmpSwd_DamageGrapple_Atk_B_02,2.5,76,30,1,1.0,Original sequence time
Swordsman,SourceSequence,/Game/_Art/Enemies/HeinMach/Humanoids/Swordsman/Animations/SourceSequences/A_EN_SRC_CA_M_EmpSwd_DamageNormal_D_B,BBQ/Content/_Kazan_/Art/Character/CHA_Model/Monster_Human/Adult/Adult_M/Animation/EmpireSword3/CA_M_EmpSwd_DamageNormal_D_B,0.7,22,30,1,1.0,Original sequence time
Swordsman,SourceSequence,/Game/_Art/Enemies/HeinMach/Humanoids/Swordsman/Animations/SourceSequences/A_EN_SRC_CA_M_EmpSwd_DamageNormal_D_F,BBQ/Content/_Kazan_/Art/Character/CHA_Model/Monster_Human/Adult/Adult_M/Animation/EmpireSword3/CA_M_EmpSwd_DamageNormal_D_F,0.7,22,30,1,1.0,Original sequence time
Swordsman,SourceSequence,/Game/_Art/Enemies/HeinMach/Humanoids/Swordsman/Animations/SourceSequences/A_EN_SRC_CA_M_EmpSwd_DamageNormal_D_F2,BBQ/Content/_Kazan_/Art/Character/CHA_Model/Monster_Human/Adult/Adult_M/Animation/EmpireSword3/CA_M_EmpSwd_DamageNormal_D_F2,0.7,22,30,1,1.0,Original sequence time
Swordsman,SourceSequence,/Game/_Art/Enemies/HeinMach/Humanoids/Swordsman/Animations/SourceSequences/A_EN_SRC_CA_M_EmpSwd_DamageNormal_L_F,BBQ/Content/_Kazan_/Art/Character/CHA_Model/Monster_Human/Adult/Adult_M/Animation/EmpireSword3/CA_M_EmpSwd_DamageNormal_L_F,0.7,22,30,1,1.0,Original sequence time
Swordsman,SourceSequence,/Game/_Art/Enemies/HeinMach/Humanoids/Swordsman/Animations/SourceSequences/A_EN_SRC_CA_M_EmpSwd_DamageNormal_L_F2,BBQ/Content/_Kazan_/Art/Character/CHA_Model/Monster_Human/Adult/Adult_M/Animation/EmpireSword3/CA_M_EmpSwd_DamageNormal_L_F2,0.7,22,30,1,1.0,Original sequence time
Swordsman,SourceSequence,/Game/_Art/Enemies/HeinMach/Humanoids/Swordsman/Animations/SourceSequences/A_EN_SRC_CA_M_EmpSwd_DamageNormal_R_F,BBQ/Content/_Kazan_/Art/Character/CHA_Model/Monster_Human/Adult/Adult_M/Animation/EmpireSword3/CA_M_EmpSwd_DamageNormal_R_F,0.7,22,30,1,1.0,Original sequence time
Swordsman,SourceSequence,/Game/_Art/Enemies/HeinMach/Humanoids/Swordsman/Animations/SourceSequences/A_EN_SRC_CA_M_EmpSwd_DamageNormal_R_F2,BBQ/Content/_Kazan_/Art/Character/CHA_Model/Monster_Human/Adult/Adult_M/Animation/EmpireSword3/CA_M_EmpSwd_DamageNormal_R_F2,0.7,22,30,1,1.0,Original sequence time
Swordsman,SourceSequence,/Game/_Art/Enemies/HeinMach/Humanoids/Swordsman/Animations/SourceSequences/A_EN_SRC_CA_M_EmpSwd_DamageNormal_U_B,BBQ/Content/_Kazan_/Art/Character/CHA_Model/Monster_Human/Adult/Adult_M/Animation/EmpireSword3/CA_M_EmpSwd_DamageNormal_U_B,0.7,22,30,1,1.0,Original sequence time
Swordsman,SourceSequence,/Game/_Art/Enemies/HeinMach/Humanoids/Swordsman/Animations/SourceSequences/A_EN_SRC_CA_M_EmpSwd_DamageNormal_U_F,BBQ/Content/_Kazan_/Art/Character/CHA_Model/Monster_Human/Adult/Adult_M/Animation/EmpireSword3/CA_M_EmpSwd_DamageNormal_U_F,0.7,22,30,1,1.0,Original sequence time
Swordsman,SourceSequence,/Game/_Art/Enemies/HeinMach/Humanoids/Swordsman/Animations/SourceSequences/A_EN_SRC_CA_M_EmpSwd_DamageNormal_U_F2,BBQ/Content/_Kazan_/Art/Character/CHA_Model/Monster_Human/Adult/Adult_M/Animation/EmpireSword3/CA_M_EmpSwd_DamageNormal_U_F2,0.7,22,30,1,1.0,Original sequence time
Swordsman,SourceSequence,/Game/_Art/Enemies/HeinMach/Humanoids/Swordsman/Animations/SourceSequences/A_EN_SRC_CA_M_EmpSwd_DamageParry_F,BBQ/Content/_Kazan_/Art/Character/CHA_Model/Monster_Human/Adult/Adult_M/Animation/EmpireSword3/CA_M_EmpSwd_DamageParry_F,1.5,46,30,1,1.0,Original sequence time
Swordsman,SourceSequence,/Game/_Art/Enemies/HeinMach/Humanoids/Swordsman/Animations/SourceSequences/A_EN_SRC_CA_M_EmpSwd_DamageStrong_D_F,BBQ/Content/_Kazan_/Art/Character/CHA_Model/Monster_Human/Adult/Adult_M/Animation/EmpireSword3/CA_M_EmpSwd_DamageStrong_D_F,1.1,34,30,1,1.0,Original sequence time
Swordsman,SourceSequence,/Game/_Art/Enemies/HeinMach/Humanoids/Swordsman/Animations/SourceSequences/A_EN_SRC_CA_M_EmpSwd_DamageStrong_D_F2,BBQ/Content/_Kazan_/Art/Character/CHA_Model/Monster_Human/Adult/Adult_M/Animation/EmpireSword3/CA_M_EmpSwd_DamageStrong_D_F2,1.1,34,30,1,1.0,Original sequence time
Swordsman,SourceSequence,/Game/_Art/Enemies/HeinMach/Humanoids/Swordsman/Animations/SourceSequences/A_EN_SRC_CA_M_EmpSwd_DamageStrong_L_F,BBQ/Content/_Kazan_/Art/Character/CHA_Model/Monster_Human/Adult/Adult_M/Animation/EmpireSword3/CA_M_EmpSwd_DamageStrong_L_F,1.1,34,30,1,1.0,Original sequence time
Swordsman,SourceSequence,/Game/_Art/Enemies/HeinMach/Humanoids/Swordsman/Animations/SourceSequences/A_EN_SRC_CA_M_EmpSwd_DamageStrong_L_F2,BBQ/Content/_Kazan_/Art/Character/CHA_Model/Monster_Human/Adult/Adult_M/Animation/EmpireSword3/CA_M_EmpSwd_DamageStrong_L_F2,1.1,34,30,1,1.0,Original sequence time
Swordsman,SourceSequence,/Game/_Art/Enemies/HeinMach/Humanoids/Swordsman/Animations/SourceSequences/A_EN_SRC_CA_M_EmpSwd_DamageStrong_R_F,BBQ/Content/_Kazan_/Art/Character/CHA_Model/Monster_Human/Adult/Adult_M/Animation/EmpireSword3/CA_M_EmpSwd_DamageStrong_R_F,1.1,34,30,1,1.0,Original sequence time
Swordsman,SourceSequence,/Game/_Art/Enemies/HeinMach/Humanoids/Swordsman/Animations/SourceSequences/A_EN_SRC_CA_M_EmpSwd_DamageStrong_R_F2,BBQ/Content/_Kazan_/Art/Character/CHA_Model/Monster_Human/Adult/Adult_M/Animation/EmpireSword3/CA_M_EmpSwd_DamageStrong_R_F2,1.1,34,30,1,1.0,Original sequence time
Swordsman,SourceSequence,/Game/_Art/Enemies/HeinMach/Humanoids/Swordsman/Animations/SourceSequences/A_EN_SRC_CA_M_EmpSwd_DamageStrong_U_F,BBQ/Content/_Kazan_/Art/Character/CHA_Model/Monster_Human/Adult/Adult_M/Animation/EmpireSword3/CA_M_EmpSwd_DamageStrong_U_F,1.1,34,30,1,1.0,Original sequence time
Swordsman,SourceSequence,/Game/_Art/Enemies/HeinMach/Humanoids/Swordsman/Animations/SourceSequences/A_EN_SRC_CA_M_EmpSwd_DamageStrong_U_F2,BBQ/Content/_Kazan_/Art/Character/CHA_Model/Monster_Human/Adult/Adult_M/Animation/EmpireSword3/CA_M_EmpSwd_DamageStrong_U_F2,1.1,34,30,1,1.0,Original sequence time
Swordsman,SourceSequence,/Game/_Art/Enemies/HeinMach/Humanoids/Swordsman/Animations/SourceSequences/A_EN_SRC_CA_M_EmpSwd_DamageWeak_D_F,BBQ/Content/_Kazan_/Art/Character/CHA_Model/Monster_Human/Adult/Adult_M/Animation/EmpireSword3/CA_M_EmpSwd_DamageWeak_D_F,0.4,13,30,1,1.0,Original sequence time
Swordsman,SourceSequence,/Game/_Art/Enemies/HeinMach/Humanoids/Swordsman/Animations/SourceSequences/A_EN_SRC_CA_M_EmpSwd_DamageWeak_L_F,BBQ/Content/_Kazan_/Art/Character/CHA_Model/Monster_Human/Adult/Adult_M/Animation/EmpireSword3/CA_M_EmpSwd_DamageWeak_L_F,0.4,13,30,1,1.0,Original sequence time
Swordsman,SourceSequence,/Game/_Art/Enemies/HeinMach/Humanoids/Swordsman/Animations/SourceSequences/A_EN_SRC_CA_M_EmpSwd_DamageWeak_R_F,BBQ/Content/_Kazan_/Art/Character/CHA_Model/Monster_Human/Adult/Adult_M/Animation/EmpireSword3/CA_M_EmpSwd_DamageWeak_R_F,0.4,13,30,1,1.0,Original sequence time
Swordsman,SourceSequence,/Game/_Art/Enemies/HeinMach/Humanoids/Swordsman/Animations/SourceSequences/A_EN_SRC_CA_M_EmpSwd_DamageWeak_U_F,BBQ/Content/_Kazan_/Art/Character/CHA_Model/Monster_Human/Adult/Adult_M/Animation/EmpireSword3/CA_M_EmpSwd_DamageWeak_U_F,0.4,13,30,1,1.0,Original sequence time
Swordsman,SourceSequence,/Game/_Art/Enemies/HeinMach/Humanoids/Swordsman/Animations/SourceSequences/A_EN_SRC_CA_M_EmpSwd_Die_F,BBQ/Content/_Kazan_/Art/Character/CHA_Model/Monster_Human/Adult/Adult_M/Animation/EmpireSword3/CA_M_EmpSwd_Die_F,3.3,100,30,1,1.0,Original sequence time
Swordsman,SourceSequence,/Game/_Art/Enemies/HeinMach/Humanoids/Swordsman/Animations/SourceSequences/A_EN_SRC_CA_M_EmpSwd_Die_F2,BBQ/Content/_Kazan_/Art/Character/CHA_Model/Monster_Human/Adult/Adult_M/Animation/EmpireSword3/CA_M_EmpSwd_Die_F2,1.7333333,53,30,1,1.0,Original sequence time
Swordsman,SourceSequence,/Game/_Art/Enemies/HeinMach/Humanoids/Swordsman/Animations/SourceSequences/A_EN_SRC_CA_M_EmpSwd_Down_Loop_B,BBQ/Content/_Kazan_/Art/Character/CHA_Model/Monster_Human/Adult/Adult_M/Animation/EmpireSword3/CA_M_EmpSwd_Down_Loop_B,1.6,49,30,1,1.0,Original sequence time
Swordsman,SourceSequence,/Game/_Art/Enemies/HeinMach/Humanoids/Swordsman/Animations/SourceSequences/A_EN_SRC_CA_M_EmpSwd_Down_Loop_F,BBQ/Content/_Kazan_/Art/Character/CHA_Model/Monster_Human/Adult/Adult_M/Animation/EmpireSword3/CA_M_EmpSwd_Down_Loop_F,1.6,49,30,1,1.0,Original sequence time
Swordsman,SourceSequence,/Game/_Art/Enemies/HeinMach/Humanoids/Swordsman/Animations/SourceSequences/A_EN_SRC_CA_M_EmpSwd_FallDown_Loop,BBQ/Content/_Kazan_/Art/Character/CHA_Model/Monster_Human/Adult/Adult_M/Animation/EmpireSword3/CA_M_EmpSwd_FallDown_Loop,1.0,31,30,1,1.0,Original sequence time
Swordsman,SourceSequence,/Game/_Art/Enemies/HeinMach/Humanoids/Swordsman/Animations/SourceSequences/A_EN_SRC_CA_M_EmpSwd_FallDown_Start,BBQ/Content/_Kazan_/Art/Character/CHA_Model/Monster_Human/Adult/Adult_M/Animation/EmpireSword3/CA_M_EmpSwd_FallDown_Start,1.9666667,60,30,1,1.0,Original sequence time
Swordsman,SourceSequence,/Game/_Art/Enemies/HeinMach/Humanoids/Swordsman/Animations/SourceSequences/A_EN_SRC_CA_M_EmpSwd_FootSword,BBQ/Content/_Kazan_/Art/Character/CHA_Model/Monster_Human/Adult/Adult_M/Animation/EmpireSword3/CA_M_EmpSwd_FootSword,0.73333335,23,30,1,1.0,Original sequence time
Swordsman,SourceSequence,/Game/_Art/Enemies/HeinMach/Humanoids/Swordsman/Animations/SourceSequences/A_EN_SRC_CA_M_EmpSwd_FootSword02,BBQ/Content/_Kazan_/Art/Character/CHA_Model/Monster_Human/Adult/Adult_M/Animation/EmpireSword3/CA_M_EmpSwd_FootSword02,0.73333335,23,30,1,1.0,Original sequence time
Swordsman,SourceSequence,/Game/_Art/Enemies/HeinMach/Humanoids/Swordsman/Animations/SourceSequences/A_EN_SRC_CA_M_EmpSwd_FreakOutWithNoWeapon,BBQ/Content/_Kazan_/Art/Character/CHA_Model/Monster_Human/Adult/Adult_M/Animation/EmpireSword3/CA_M_EmpSwd_FreakOutWithNoWeapon,2.4666667,75,30,1,1.0,Original sequence time
Swordsman,SourceSequence,/Game/_Art/Enemies/HeinMach/Humanoids/Swordsman/Animations/SourceSequences/A_EN_SRC_CA_M_EmpSwd_FreakOutWithWeapon,BBQ/Content/_Kazan_/Art/Character/CHA_Model/Monster_Human/Adult/Adult_M/Animation/EmpireSword3/CA_M_EmpSwd_FreakOutWithWeapon,1.1666666,36,30,1,1.0,Original sequence time
Swordsman,SourceSequence,/Game/_Art/Enemies/HeinMach/Humanoids/Swordsman/Animations/SourceSequences/A_EN_SRC_CA_M_EmpSwd_Getup_B,BBQ/Content/_Kazan_/Art/Character/CHA_Model/Monster_Human/Adult/Adult_M/Animation/EmpireSword3/CA_M_EmpSwd_Getup_B,2.0,61,30,1,1.0,Original sequence time
Swordsman,SourceSequence,/Game/_Art/Enemies/HeinMach/Humanoids/Swordsman/Animations/SourceSequences/A_EN_SRC_CA_M_EmpSwd_Getup_F,BBQ/Content/_Kazan_/Art/Character/CHA_Model/Monster_Human/Adult/Adult_M/Animation/EmpireSword3/CA_M_EmpSwd_Getup_F,1.6666666,51,30,1,1.0,Original sequence time
Swordsman,SourceSequence,/Game/_Art/Enemies/HeinMach/Humanoids/Swordsman/Animations/SourceSequences/A_EN_SRC_CA_M_EmpSwd_Groggy_F_End,BBQ/Content/_Kazan_/Art/Character/CHA_Model/Monster_Human/Adult/Adult_M/Animation/EmpireSword3/CA_M_EmpSwd_Groggy_F_End,0.76666665,24,30,1,1.0,Original sequence time
Swordsman,SourceSequence,/Game/_Art/Enemies/HeinMach/Humanoids/Swordsman/Animations/SourceSequences/A_EN_SRC_CA_M_EmpSwd_Groggy_F_Loop,BBQ/Content/_Kazan_/Art/Character/CHA_Model/Monster_Human/Adult/Adult_M/Animation/EmpireSword3/CA_M_EmpSwd_Groggy_F_Loop,1.5,46,30,1,1.0,Original sequence time
Swordsman,SourceSequence,/Game/_Art/Enemies/HeinMach/Humanoids/Swordsman/Animations/SourceSequences/A_EN_SRC_CA_M_EmpSwd_Groggy_F_Start,BBQ/Content/_Kazan_/Art/Character/CHA_Model/Monster_Human/Adult/Adult_M/Animation/EmpireSword3/CA_M_EmpSwd_Groggy_F_Start,0.6666667,21,30,1,1.0,Original sequence time
Swordsman,SourceSequence,/Game/_Art/Enemies/HeinMach/Humanoids/Swordsman/Animations/SourceSequences/A_EN_SRC_CA_M_EmpSwd_LockOnWalk_B,BBQ/Content/_Kazan_/Art/Character/CHA_Model/Monster_Human/Adult/Adult_M/Animation/EmpireSword3/CA_M_EmpSwd_LockOnWalk_B,1.0,31,30,1,1.0,Original sequence time
Swordsman,SourceSequence,/Game/_Art/Enemies/HeinMach/Humanoids/Swordsman/Animations/SourceSequences/A_EN_SRC_CA_M_EmpSwd_LockOnWalk_F,BBQ/Content/_Kazan_/Art/Character/CHA_Model/Monster_Human/Adult/Adult_M/Animation/EmpireSword3/CA_M_EmpSwd_LockOnWalk_F,1.0,31,30,1,1.0,Original sequence time
Swordsman,SourceSequence,/Game/_Art/Enemies/HeinMach/Humanoids/Swordsman/Animations/SourceSequences/A_EN_SRC_CA_M_EmpSwd_LockOnWalk_L,BBQ/Content/_Kazan_/Art/Character/CHA_Model/Monster_Human/Adult/Adult_M/Animation/EmpireSword3/CA_M_EmpSwd_LockOnWalk_L,1.0,31,30,1,1.0,Original sequence time
Swordsman,SourceSequence,/Game/_Art/Enemies/HeinMach/Humanoids/Swordsman/Animations/SourceSequences/A_EN_SRC_CA_M_EmpSwd_LockOnWalk_R,BBQ/Content/_Kazan_/Art/Character/CHA_Model/Monster_Human/Adult/Adult_M/Animation/EmpireSword3/CA_M_EmpSwd_LockOnWalk_R,1.0,31,30,1,1.0,Original sequence time
Swordsman,SourceSequence,/Game/_Art/Enemies/HeinMach/Humanoids/Swordsman/Animations/SourceSequences/A_EN_SRC_CA_M_EmpSwd_NoBattleChairSit_End_01,BBQ/Content/_Kazan_/Art/Character/CHA_Model/Monster_Human/Adult/Adult_M/Animation/EmpireSword3/CA_M_EmpSwd_NoBattleChairSit_End_01,4.633333,140,30,1,1.0,Original sequence time
Swordsman,SourceSequence,/Game/_Art/Enemies/HeinMach/Humanoids/Swordsman/Animations/SourceSequences/A_EN_SRC_CA_M_EmpSwd_NoBattleChairSit_End_02,BBQ/Content/_Kazan_/Art/Character/CHA_Model/Monster_Human/Adult/Adult_M/Animation/EmpireSword3/CA_M_EmpSwd_NoBattleChairSit_End_02,2.7333333,83,30,1,1.0,Original sequence time
Swordsman,SourceSequence,/Game/_Art/Enemies/HeinMach/Humanoids/Swordsman/Animations/SourceSequences/A_EN_SRC_CA_M_EmpSwd_NoBattleChairSit_Loop_01,BBQ/Content/_Kazan_/Art/Character/CHA_Model/Monster_Human/Adult/Adult_M/Animation/EmpireSword3/CA_M_EmpSwd_NoBattleChairSit_Loop_01,8.7,262,30,1,1.0,Original sequence time
Swordsman,SourceSequence,/Game/_Art/Enemies/HeinMach/Humanoids/Swordsman/Animations/SourceSequences/A_EN_SRC_CA_M_EmpSwd_NoBattleChairSit_Loop_02,BBQ/Content/_Kazan_/Art/Character/CHA_Model/Monster_Human/Adult/Adult_M/Animation/EmpireSword3/CA_M_EmpSwd_NoBattleChairSit_Loop_02,6.6666665,201,30,1,1.0,Original sequence time
Swordsman,SourceSequence,/Game/_Art/Enemies/HeinMach/Humanoids/Swordsman/Animations/SourceSequences/A_EN_SRC_CA_M_EmpSwd_NoBattleGuard_End_02,BBQ/Content/_Kazan_/Art/Character/CHA_Model/Monster_Human/Adult/Adult_M/Animation/EmpireSword3/CA_M_EmpSwd_NoBattleGuard_End_02,3.0333333,92,30,1,1.0,Original sequence time
Swordsman,SourceSequence,/Game/_Art/Enemies/HeinMach/Humanoids/Swordsman/Animations/SourceSequences/A_EN_SRC_CA_M_EmpSwd_NoBattleGuard_Loop_02,BBQ/Content/_Kazan_/Art/Character/CHA_Model/Monster_Human/Adult/Adult_M/Animation/EmpireSword3/CA_M_EmpSwd_NoBattleGuard_Loop_02,16.1,484,30,1,1.0,Original sequence time
Swordsman,SourceSequence,/Game/_Art/Enemies/HeinMach/Humanoids/Swordsman/Animations/SourceSequences/A_EN_SRC_CA_M_EmpSwd_NoBattlePain_End_01,BBQ/Content/_Kazan_/Art/Character/CHA_Model/Monster_Human/Adult/Adult_M/Animation/EmpireSword3/CA_M_EmpSwd_NoBattlePain_End_01,7.133333,215,30,1,1.0,Original sequence time
Swordsman,SourceSequence,/Game/_Art/Enemies/HeinMach/Humanoids/Swordsman/Animations/SourceSequences/A_EN_SRC_CA_M_EmpSwd_NoBattlePain_End_02,BBQ/Content/_Kazan_/Art/Character/CHA_Model/Monster_Human/Adult/Adult_M/Animation/EmpireSword3/CA_M_EmpSwd_NoBattlePain_End_02,6.266667,189,30,1,1.0,Original sequence time
Swordsman,SourceSequence,/Game/_Art/Enemies/HeinMach/Humanoids/Swordsman/Animations/SourceSequences/A_EN_SRC_CA_M_EmpSwd_NoBattlePain_End_03,BBQ/Content/_Kazan_/Art/Character/CHA_Model/Monster_Human/Adult/Adult_M/Animation/EmpireSword3/CA_M_EmpSwd_NoBattlePain_End_03,5.5666666,168,30,1,1.0,Original sequence time
Swordsman,SourceSequence,/Game/_Art/Enemies/HeinMach/Humanoids/Swordsman/Animations/SourceSequences/A_EN_SRC_CA_M_EmpSwd_NoBattlePain_End_04,BBQ/Content/_Kazan_/Art/Character/CHA_Model/Monster_Human/Adult/Adult_M/Animation/EmpireSword3/CA_M_EmpSwd_NoBattlePain_End_04,3.0333333,92,30,1,1.0,Original sequence time
Swordsman,SourceSequence,/Game/_Art/Enemies/HeinMach/Humanoids/Swordsman/Animations/SourceSequences/A_EN_SRC_CA_M_EmpSwd_NoBattlePain_Loop_01,BBQ/Content/_Kazan_/Art/Character/CHA_Model/Monster_Human/Adult/Adult_M/Animation/EmpireSword3/CA_M_EmpSwd_NoBattlePain_Loop_01,10.666667,321,30,1,1.0,Original sequence time
Swordsman,SourceSequence,/Game/_Art/Enemies/HeinMach/Humanoids/Swordsman/Animations/SourceSequences/A_EN_SRC_CA_M_EmpSwd_NoBattlePain_Loop_02,BBQ/Content/_Kazan_/Art/Character/CHA_Model/Monster_Human/Adult/Adult_M/Animation/EmpireSword3/CA_M_EmpSwd_NoBattlePain_Loop_02,14.2,427,30,1,1.0,Original sequence time
Swordsman,SourceSequence,/Game/_Art/Enemies/HeinMach/Humanoids/Swordsman/Animations/SourceSequences/A_EN_SRC_CA_M_EmpSwd_NoBattlePain_Loop_03,BBQ/Content/_Kazan_/Art/Character/CHA_Model/Monster_Human/Adult/Adult_M/Animation/EmpireSword3/CA_M_EmpSwd_NoBattlePain_Loop_03,11.066667,333,30,1,1.0,Original sequence time
Swordsman,SourceSequence,/Game/_Art/Enemies/HeinMach/Humanoids/Swordsman/Animations/SourceSequences/A_EN_SRC_CA_M_EmpSwd_NoBattlePain_Loop_04,BBQ/Content/_Kazan_/Art/Character/CHA_Model/Monster_Human/Adult/Adult_M/Animation/EmpireSword3/CA_M_EmpSwd_NoBattlePain_Loop_04,9.633333,290,30,1,1.0,Original sequence time
Swordsman,SourceSequence,/Game/_Art/Enemies/HeinMach/Humanoids/Swordsman/Animations/SourceSequences/A_EN_SRC_CA_M_EmpSwd_NoBattleSearch_End_01,BBQ/Content/_Kazan_/Art/Character/CHA_Model/Monster_Human/Adult/Adult_M/Animation/EmpireSword3/CA_M_EmpSwd_NoBattleSearch_End_01,3.9,118,30,1,1.0,Original sequence time
Swordsman,SourceSequence,/Game/_Art/Enemies/HeinMach/Humanoids/Swordsman/Animations/SourceSequences/A_EN_SRC_CA_M_EmpSwd_NoBattleSearch_Loop_01,BBQ/Content/_Kazan_/Art/Character/CHA_Model/Monster_Human/Adult/Adult_M/Animation/EmpireSword3/CA_M_EmpSwd_NoBattleSearch_Loop_01,10.4,313,30,1,1.0,Original sequence time
Swordsman,SourceSequence,/Game/_Art/Enemies/HeinMach/Humanoids/Swordsman/Animations/SourceSequences/A_EN_SRC_CA_M_EmpSwd_NoBattleSit_End_01,BBQ/Content/_Kazan_/Art/Character/CHA_Model/Monster_Human/Adult/Adult_M/Animation/EmpireSword3/CA_M_EmpSwd_NoBattleSit_End_01,2.9333334,89,30,1,1.0,Original sequence time
Swordsman,SourceSequence,/Game/_Art/Enemies/HeinMach/Humanoids/Swordsman/Animations/SourceSequences/A_EN_SRC_CA_M_EmpSwd_NoBattleSit_End_02,BBQ/Content/_Kazan_/Art/Character/CHA_Model/Monster_Human/Adult/Adult_M/Animation/EmpireSword3/CA_M_EmpSwd_NoBattleSit_End_02,2.9333334,89,30,1,1.0,Original sequence time
Swordsman,SourceSequence,/Game/_Art/Enemies/HeinMach/Humanoids/Swordsman/Animations/SourceSequences/A_EN_SRC_CA_M_EmpSwd_NoBattleSit_End_03,BBQ/Content/_Kazan_/Art/Character/CHA_Model/Monster_Human/Adult/Adult_M/Animation/EmpireSword3/CA_M_EmpSwd_NoBattleSit_End_03,2.8666666,87,30,1,1.0,Original sequence time
Swordsman,SourceSequence,/Game/_Art/Enemies/HeinMach/Humanoids/Swordsman/Animations/SourceSequences/A_EN_SRC_CA_M_EmpSwd_NoBattleSit_End_03-1,BBQ/Content/_Kazan_/Art/Character/CHA_Model/Monster_Human/Adult/Adult_M/Animation/EmpireSword3/CA_M_EmpSwd_NoBattleSit_End_03-1,2.1333334,65,30,1,1.0,Original sequence time
Swordsman,SourceSequence,/Game/_Art/Enemies/HeinMach/Humanoids/Swordsman/Animations/SourceSequences/A_EN_SRC_CA_M_EmpSwd_NoBattleSit_Loop_01,BBQ/Content/_Kazan_/Art/Character/CHA_Model/Monster_Human/Adult/Adult_M/Animation/EmpireSword3/CA_M_EmpSwd_NoBattleSit_Loop_01,8.433333,254,30,1,1.0,Original sequence time
Swordsman,SourceSequence,/Game/_Art/Enemies/HeinMach/Humanoids/Swordsman/Animations/SourceSequences/A_EN_SRC_CA_M_EmpSwd_NoBattleSit_Loop_02,BBQ/Content/_Kazan_/Art/Character/CHA_Model/Monster_Human/Adult/Adult_M/Animation/EmpireSword3/CA_M_EmpSwd_NoBattleSit_Loop_02,5.866667,177,30,1,1.0,Original sequence time
Swordsman,SourceSequence,/Game/_Art/Enemies/HeinMach/Humanoids/Swordsman/Animations/SourceSequences/A_EN_SRC_CA_M_EmpSwd_NoBattleSit_Loop_03,BBQ/Content/_Kazan_/Art/Character/CHA_Model/Monster_Human/Adult/Adult_M/Animation/EmpireSword3/CA_M_EmpSwd_NoBattleSit_Loop_03,10.8,325,30,1,1.0,Original sequence time
Swordsman,SourceSequence,/Game/_Art/Enemies/HeinMach/Humanoids/Swordsman/Animations/SourceSequences/A_EN_SRC_CA_M_EmpSwd_NoBattleSit_Loop_03-1,BBQ/Content/_Kazan_/Art/Character/CHA_Model/Monster_Human/Adult/Adult_M/Animation/EmpireSword3/CA_M_EmpSwd_NoBattleSit_Loop_03-1,10.2,307,30,1,1.0,Original sequence time
Swordsman,SourceSequence,/Game/_Art/Enemies/HeinMach/Humanoids/Swordsman/Animations/SourceSequences/A_EN_SRC_CA_M_EmpSwd_NoBattleTalk_End_01,BBQ/Content/_Kazan_/Art/Character/CHA_Model/Monster_Human/Adult/Adult_M/Animation/EmpireSword3/CA_M_EmpSwd_NoBattleTalk_End_01,3.0333333,92,30,1,1.0,Original sequence time
Swordsman,SourceSequence,/Game/_Art/Enemies/HeinMach/Humanoids/Swordsman/Animations/SourceSequences/A_EN_SRC_CA_M_EmpSwd_NoBattleTalk_End_02,BBQ/Content/_Kazan_/Art/Character/CHA_Model/Monster_Human/Adult/Adult_M/Animation/EmpireSword3/CA_M_EmpSwd_NoBattleTalk_End_02,3.0333333,92,30,1,1.0,Original sequence time
Swordsman,SourceSequence,/Game/_Art/Enemies/HeinMach/Humanoids/Swordsman/Animations/SourceSequences/A_EN_SRC_CA_M_EmpSwd_NoBattleTalk_Loop_01,BBQ/Content/_Kazan_/Art/Character/CHA_Model/Monster_Human/Adult/Adult_M/Animation/EmpireSword3/CA_M_EmpSwd_NoBattleTalk_Loop_01,13.966666,420,30,1,1.0,Original sequence time
Swordsman,SourceSequence,/Game/_Art/Enemies/HeinMach/Humanoids/Swordsman/Animations/SourceSequences/A_EN_SRC_CA_M_EmpSwd_NoBattleTalk_Loop_02,BBQ/Content/_Kazan_/Art/Character/CHA_Model/Monster_Human/Adult/Adult_M/Animation/EmpireSword3/CA_M_EmpSwd_NoBattleTalk_Loop_02,9.066667,273,30,1,1.0,Original sequence time
Swordsman,SourceSequence,/Game/_Art/Enemies/HeinMach/Humanoids/Swordsman/Animations/SourceSequences/A_EN_SRC_CA_M_EmpSwd_NoBattleTraining_End_01,BBQ/Content/_Kazan_/Art/Character/CHA_Model/Monster_Human/Adult/Adult_M/Animation/EmpireSword3/CA_M_EmpSwd_NoBattleTraining_End_01,2.5,76,30,1,1.0,Original sequence time
Swordsman,SourceSequence,/Game/_Art/Enemies/HeinMach/Humanoids/Swordsman/Animations/SourceSequences/A_EN_SRC_CA_M_EmpSwd_NoBattleTraining_End_02,BBQ/Content/_Kazan_/Art/Character/CHA_Model/Monster_Human/Adult/Adult_M/Animation/EmpireSword3/CA_M_EmpSwd_NoBattleTraining_End_02,2.5333333,77,30,1,1.0,Original sequence time
Swordsman,SourceSequence,/Game/_Art/Enemies/HeinMach/Humanoids/Swordsman/Animations/SourceSequences/A_EN_SRC_CA_M_EmpSwd_NoBattleTraining_Loop_01,BBQ/Content/_Kazan_/Art/Character/CHA_Model/Monster_Human/Adult/Adult_M/Animation/EmpireSword3/CA_M_EmpSwd_NoBattleTraining_Loop_01,13.2,397,30,1,1.0,Original sequence time
Swordsman,SourceSequence,/Game/_Art/Enemies/HeinMach/Humanoids/Swordsman/Animations/SourceSequences/A_EN_SRC_CA_M_EmpSwd_NoBattleTraining_Loop_02,BBQ/Content/_Kazan_/Art/Character/CHA_Model/Monster_Human/Adult/Adult_M/Animation/EmpireSword3/CA_M_EmpSwd_NoBattleTraining_Loop_02,12.466666,375,30,1,1.0,Original sequence time
Swordsman,SourceSequence,/Game/_Art/Enemies/HeinMach/Humanoids/Swordsman/Animations/SourceSequences/A_EN_SRC_CA_M_EmpSwd_NoBattle_Basic_End_01,BBQ/Content/_Kazan_/Art/Character/CHA_Model/Monster_Human/Adult/Adult_M/Animation/EmpireSword3/CA_M_EmpSwd_NoBattle_Basic_End_01,3.0333333,92,30,1,1.0,Original sequence time
Swordsman,SourceSequence,/Game/_Art/Enemies/HeinMach/Humanoids/Swordsman/Animations/SourceSequences/A_EN_SRC_CA_M_EmpSwd_NoBattle_Basic_End_02,BBQ/Content/_Kazan_/Art/Character/CHA_Model/Monster_Human/Adult/Adult_M/Animation/EmpireSword3/CA_M_EmpSwd_NoBattle_Basic_End_02,3.0333333,92,30,1,1.0,Original sequence time
Swordsman,SourceSequence,/Game/_Art/Enemies/HeinMach/Humanoids/Swordsman/Animations/SourceSequences/A_EN_SRC_CA_M_EmpSwd_NoBattle_Basic_End_03,BBQ/Content/_Kazan_/Art/Character/CHA_Model/Monster_Human/Adult/Adult_M/Animation/EmpireSword3/CA_M_EmpSwd_NoBattle_Basic_End_03,3.3,100,30,1,1.0,Original sequence time
Swordsman,SourceSequence,/Game/_Art/Enemies/HeinMach/Humanoids/Swordsman/Animations/SourceSequences/A_EN_SRC_CA_M_EmpSwd_NoBattle_Basic_End_04,BBQ/Content/_Kazan_/Art/Character/CHA_Model/Monster_Human/Adult/Adult_M/Animation/EmpireSword3/CA_M_EmpSwd_NoBattle_Basic_End_04,3.0333333,92,30,1,1.0,Original sequence time
Swordsman,SourceSequence,/Game/_Art/Enemies/HeinMach/Humanoids/Swordsman/Animations/SourceSequences/A_EN_SRC_CA_M_EmpSwd_NoBattle_Basic_End_05,BBQ/Content/_Kazan_/Art/Character/CHA_Model/Monster_Human/Adult/Adult_M/Animation/EmpireSword3/CA_M_EmpSwd_NoBattle_Basic_End_05,3.0333333,92,30,1,1.0,Original sequence time
Swordsman,SourceSequence,/Game/_Art/Enemies/HeinMach/Humanoids/Swordsman/Animations/SourceSequences/A_EN_SRC_CA_M_EmpSwd_NoBattle_Basic_End_06,BBQ/Content/_Kazan_/Art/Character/CHA_Model/Monster_Human/Adult/Adult_M/Animation/EmpireSword3/CA_M_EmpSwd_NoBattle_Basic_End_06,3.4666667,105,30,1,1.0,Original sequence time
Swordsman,SourceSequence,/Game/_Art/Enemies/HeinMach/Humanoids/Swordsman/Animations/SourceSequences/A_EN_SRC_CA_M_EmpSwd_NoBattle_Basic_Loop_01,BBQ/Content/_Kazan_/Art/Character/CHA_Model/Monster_Human/Adult/Adult_M/Animation/EmpireSword3/CA_M_EmpSwd_NoBattle_Basic_Loop_01,12.166667,366,30,1,1.0,Original sequence time
Swordsman,SourceSequence,/Game/_Art/Enemies/HeinMach/Humanoids/Swordsman/Animations/SourceSequences/A_EN_SRC_CA_M_EmpSwd_NoBattle_Basic_Loop_02,BBQ/Content/_Kazan_/Art/Character/CHA_Model/Monster_Human/Adult/Adult_M/Animation/EmpireSword3/CA_M_EmpSwd_NoBattle_Basic_Loop_02,13.533334,407,30,1,1.0,Original sequence time
Swordsman,SourceSequence,/Game/_Art/Enemies/HeinMach/Humanoids/Swordsman/Animations/SourceSequences/A_EN_SRC_CA_M_EmpSwd_NoBattle_Basic_Loop_03,BBQ/Content/_Kazan_/Art/Character/CHA_Model/Monster_Human/Adult/Adult_M/Animation/EmpireSword3/CA_M_EmpSwd_NoBattle_Basic_Loop_03,15.266666,459,30,1,1.0,Original sequence time
Swordsman,SourceSequence,/Game/_Art/Enemies/HeinMach/Humanoids/Swordsman/Animations/SourceSequences/A_EN_SRC_CA_M_EmpSwd_NoBattle_Basic_Loop_04,BBQ/Content/_Kazan_/Art/Character/CHA_Model/Monster_Human/Adult/Adult_M/Animation/EmpireSword3/CA_M_EmpSwd_NoBattle_Basic_Loop_04,9.633333,290,30,1,1.0,Original sequence time
Swordsman,SourceSequence,/Game/_Art/Enemies/HeinMach/Humanoids/Swordsman/Animations/SourceSequences/A_EN_SRC_CA_M_EmpSwd_NoBattle_Basic_Loop_05,BBQ/Content/_Kazan_/Art/Character/CHA_Model/Monster_Human/Adult/Adult_M/Animation/EmpireSword3/CA_M_EmpSwd_NoBattle_Basic_Loop_05,15.033334,452,30,1,1.0,Original sequence time
Swordsman,SourceSequence,/Game/_Art/Enemies/HeinMach/Humanoids/Swordsman/Animations/SourceSequences/A_EN_SRC_CA_M_EmpSwd_NoBattle_Basic_Loop_06,BBQ/Content/_Kazan_/Art/Character/CHA_Model/Monster_Human/Adult/Adult_M/Animation/EmpireSword3/CA_M_EmpSwd_NoBattle_Basic_Loop_06,11.566667,348,30,1,1.0,Original sequence time
Swordsman,SourceSequence,/Game/_Art/Enemies/HeinMach/Humanoids/Swordsman/Animations/SourceSequences/A_EN_SRC_CA_M_EmpSwd_NoBattle_Coward_Loop_01,BBQ/Content/_Kazan_/Art/Character/CHA_Model/Monster_Human/Adult/Adult_M/Animation/EmpireSword3/CA_M_EmpSwd_NoBattle_Coward_Loop_01,15.766666,474,30,1,1.0,Original sequence time
Swordsman,SourceSequence,/Game/_Art/Enemies/HeinMach/Humanoids/Swordsman/Animations/SourceSequences/A_EN_SRC_CA_M_EmpSwd_Pierce_Step1,BBQ/Content/_Kazan_/Art/Character/CHA_Model/Monster_Human/Adult/Adult_M/Animation/EmpireSword3/CA_M_EmpSwd_Pierce_Step1,2.1666667,66,30,1,1.0,Original sequence time
Swordsman,SourceSequence,/Game/_Art/Enemies/HeinMach/Humanoids/Swordsman/Animations/SourceSequences/A_EN_SRC_CA_M_EmpSwd_Pierce_Step2,BBQ/Content/_Kazan_/Art/Character/CHA_Model/Monster_Human/Adult/Adult_M/Animation/EmpireSword3/CA_M_EmpSwd_Pierce_Step2,2.0,61,30,1,1.0,Original sequence time
Swordsman,SourceSequence,/Game/_Art/Enemies/HeinMach/Humanoids/Swordsman/Animations/SourceSequences/A_EN_SRC_CA_M_EmpSwd_Push_Kick,BBQ/Content/_Kazan_/Art/Character/CHA_Model/Monster_Human/Adult/Adult_M/Animation/EmpireSword3/CA_M_EmpSwd_Push_Kick,2.8,85,30,1,1.0,Original sequence time
Swordsman,SourceSequence,/Game/_Art/Enemies/HeinMach/Humanoids/Swordsman/Animations/SourceSequences/A_EN_SRC_CA_M_EmpSwd_Run_F,BBQ/Content/_Kazan_/Art/Character/CHA_Model/Monster_Human/Adult/Adult_M/Animation/EmpireSword3/CA_M_EmpSwd_Run_F,0.76666665,24,30,1,1.0,Original sequence time
Swordsman,SourceSequence,/Game/_Art/Enemies/HeinMach/Humanoids/Swordsman/Animations/SourceSequences/A_EN_SRC_CA_M_EmpSwd_Run_F_02,BBQ/Content/_Kazan_/Art/Character/CHA_Model/Monster_Human/Adult/Adult_M/Animation/EmpireSword3/CA_M_EmpSwd_Run_F_02,0.76666665,24,30,1,1.0,Original sequence time
Swordsman,SourceSequence,/Game/_Art/Enemies/HeinMach/Humanoids/Swordsman/Animations/SourceSequences/A_EN_SRC_CA_M_EmpSwd_Run_Peace_F,BBQ/Content/_Kazan_/Art/Character/CHA_Model/Monster_Human/Adult/Adult_M/Animation/EmpireSword3/CA_M_EmpSwd_Run_Peace_F,0.8333333,26,30,1,1.0,Original sequence time
Swordsman,SourceSequence,/Game/_Art/Enemies/HeinMach/Humanoids/Swordsman/Animations/SourceSequences/A_EN_SRC_CA_M_EmpSwd_RushAttack_End,BBQ/Content/_Kazan_/Art/Character/CHA_Model/Monster_Human/Adult/Adult_M/Animation/EmpireSword3/CA_M_EmpSwd_RushAttack_End,0.9,28,30,1,1.0,Original sequence time
Swordsman,SourceSequence,/Game/_Art/Enemies/HeinMach/Humanoids/Swordsman/Animations/SourceSequences/A_EN_SRC_CA_M_EmpSwd_RushAttack_Hit,BBQ/Content/_Kazan_/Art/Character/CHA_Model/Monster_Human/Adult/Adult_M/Animation/EmpireSword3/CA_M_EmpSwd_RushAttack_Hit,2.0333333,62,30,1,1.0,Original sequence time
Swordsman,SourceSequence,/Game/_Art/Enemies/HeinMach/Humanoids/Swordsman/Animations/SourceSequences/A_EN_SRC_CA_M_EmpSwd_RushAttack_Loop,BBQ/Content/_Kazan_/Art/Character/CHA_Model/Monster_Human/Adult/Adult_M/Animation/EmpireSword3/CA_M_EmpSwd_RushAttack_Loop,0.8,25,30,1,1.0,Original sequence time
Swordsman,SourceSequence,/Game/_Art/Enemies/HeinMach/Humanoids/Swordsman/Animations/SourceSequences/A_EN_SRC_CA_M_EmpSwd_RushAttack_Start,BBQ/Content/_Kazan_/Art/Character/CHA_Model/Monster_Human/Adult/Adult_M/Animation/EmpireSword3/CA_M_EmpSwd_RushAttack_Start,0.6666667,21,30,1,1.0,Original sequence time
Swordsman,SourceSequence,/Game/_Art/Enemies/HeinMach/Humanoids/Swordsman/Animations/SourceSequences/A_EN_SRC_CA_M_EmpSwd_Slash_Step1,BBQ/Content/_Kazan_/Art/Character/CHA_Model/Monster_Human/Adult/Adult_M/Animation/EmpireSword3/CA_M_EmpSwd_Slash_Step1,2.6666667,81,30,1,1.0,Original sequence time
Swordsman,SourceSequence,/Game/_Art/Enemies/HeinMach/Humanoids/Swordsman/Animations/SourceSequences/A_EN_SRC_CA_M_EmpSwd_Slash_Step2,BBQ/Content/_Kazan_/Art/Character/CHA_Model/Monster_Human/Adult/Adult_M/Animation/EmpireSword3/CA_M_EmpSwd_Slash_Step2,1.0666667,33,30,1,1.0,Original sequence time
Swordsman,SourceSequence,/Game/_Art/Enemies/HeinMach/Humanoids/Swordsman/Animations/SourceSequences/A_EN_SRC_CA_M_EmpSwd_Smash,BBQ/Content/_Kazan_/Art/Character/CHA_Model/Monster_Human/Adult/Adult_M/Animation/EmpireSword3/CA_M_EmpSwd_Smash,1.7,52,30,1,1.0,Original sequence time
Swordsman,SourceSequence,/Game/_Art/Enemies/HeinMach/Humanoids/Swordsman/Animations/SourceSequences/A_EN_SRC_CA_M_EmpSwd_Stand_F,BBQ/Content/_Kazan_/Art/Character/CHA_Model/Monster_Human/Adult/Adult_M/Animation/EmpireSword3/CA_M_EmpSwd_Stand_F,7.0,211,30,1,1.0,Original sequence time
Swordsman,SourceSequence,/Game/_Art/Enemies/HeinMach/Humanoids/Swordsman/Animations/SourceSequences/A_EN_SRC_CA_M_EmpSwd_Stand_Peace02_F,BBQ/Content/_Kazan_/Art/Character/CHA_Model/Monster_Human/Adult/Adult_M/Animation/EmpireSword3/CA_M_EmpSwd_Stand_Peace02_F,9.233334,278,30,1,1.0,Original sequence time
Swordsman,SourceSequence,/Game/_Art/Enemies/HeinMach/Humanoids/Swordsman/Animations/SourceSequences/A_EN_SRC_CA_M_EmpSwd_Stand_Peace_F,BBQ/Content/_Kazan_/Art/Character/CHA_Model/Monster_Human/Adult/Adult_M/Animation/EmpireSword3/CA_M_EmpSwd_Stand_Peace_F,9.233334,278,30,1,1.0,Original sequence time
Swordsman,SourceSequence,/Game/_Art/Enemies/HeinMach/Humanoids/Swordsman/Animations/SourceSequences/A_EN_SRC_CA_M_EmpSwd_Turn_L,BBQ/Content/_Kazan_/Art/Character/CHA_Model/Monster_Human/Adult/Adult_M/Animation/EmpireSword3/CA_M_EmpSwd_Turn_L,1.0333333,32,30,1,1.0,Original sequence time
Swordsman,SourceSequence,/Game/_Art/Enemies/HeinMach/Humanoids/Swordsman/Animations/SourceSequences/A_EN_SRC_CA_M_EmpSwd_Turn_L_180,BBQ/Content/_Kazan_/Art/Character/CHA_Model/Monster_Human/Adult/Adult_M/Animation/EmpireSword3/CA_M_EmpSwd_Turn_L_180,1.4333333,44,30,1,1.0,Original sequence time
Swordsman,SourceSequence,/Game/_Art/Enemies/HeinMach/Humanoids/Swordsman/Animations/SourceSequences/A_EN_SRC_CA_M_EmpSwd_Turn_Peace02_L,BBQ/Content/_Kazan_/Art/Character/CHA_Model/Monster_Human/Adult/Adult_M/Animation/EmpireSword3/CA_M_EmpSwd_Turn_Peace02_L,1.2666667,39,30,1,1.0,Original sequence time
Swordsman,SourceSequence,/Game/_Art/Enemies/HeinMach/Humanoids/Swordsman/Animations/SourceSequences/A_EN_SRC_CA_M_EmpSwd_Turn_Peace02_R,BBQ/Content/_Kazan_/Art/Character/CHA_Model/Monster_Human/Adult/Adult_M/Animation/EmpireSword3/CA_M_EmpSwd_Turn_Peace02_R,1.4333333,44,30,1,1.0,Original sequence time
Swordsman,SourceSequence,/Game/_Art/Enemies/HeinMach/Humanoids/Swordsman/Animations/SourceSequences/A_EN_SRC_CA_M_EmpSwd_Turn_Peace_L,BBQ/Content/_Kazan_/Art/Character/CHA_Model/Monster_Human/Adult/Adult_M/Animation/EmpireSword3/CA_M_EmpSwd_Turn_Peace_L,1.2666667,39,30,1,1.0,Original sequence time
Swordsman,SourceSequence,/Game/_Art/Enemies/HeinMach/Humanoids/Swordsman/Animations/SourceSequences/A_EN_SRC_CA_M_EmpSwd_Turn_Peace_L_180,BBQ/Content/_Kazan_/Art/Character/CHA_Model/Monster_Human/Adult/Adult_M/Animation/EmpireSword3/CA_M_EmpSwd_Turn_Peace_L_180,2.1,64,30,1,1.0,Original sequence time
Swordsman,SourceSequence,/Game/_Art/Enemies/HeinMach/Humanoids/Swordsman/Animations/SourceSequences/A_EN_SRC_CA_M_EmpSwd_Turn_Peace_R,BBQ/Content/_Kazan_/Art/Character/CHA_Model/Monster_Human/Adult/Adult_M/Animation/EmpireSword3/CA_M_EmpSwd_Turn_Peace_R,1.4333333,44,30,1,1.0,Original sequence time
Swordsman,SourceSequence,/Game/_Art/Enemies/HeinMach/Humanoids/Swordsman/Animations/SourceSequences/A_EN_SRC_CA_M_EmpSwd_Turn_Peace_R_180,BBQ/Content/_Kazan_/Art/Character/CHA_Model/Monster_Human/Adult/Adult_M/Animation/EmpireSword3/CA_M_EmpSwd_Turn_Peace_R_180,2.1,64,30,1,1.0,Original sequence time
Swordsman,SourceSequence,/Game/_Art/Enemies/HeinMach/Humanoids/Swordsman/Animations/SourceSequences/A_EN_SRC_CA_M_EmpSwd_Turn_R,BBQ/Content/_Kazan_/Art/Character/CHA_Model/Monster_Human/Adult/Adult_M/Animation/EmpireSword3/CA_M_EmpSwd_Turn_R,1.0333333,32,30,1,1.0,Original sequence time
Swordsman,SourceSequence,/Game/_Art/Enemies/HeinMach/Humanoids/Swordsman/Animations/SourceSequences/A_EN_SRC_CA_M_EmpSwd_Turn_R_180,BBQ/Content/_Kazan_/Art/Character/CHA_Model/Monster_Human/Adult/Adult_M/Animation/EmpireSword3/CA_M_EmpSwd_Turn_R_180,1.3333334,41,30,1,1.0,Original sequence time
Swordsman,SourceSequence,/Game/_Art/Enemies/HeinMach/Humanoids/Swordsman/Animations/SourceSequences/A_EN_SRC_CA_M_EmpSwd_Walk_F,BBQ/Content/_Kazan_/Art/Character/CHA_Model/Monster_Human/Adult/Adult_M/Animation/EmpireSword3/CA_M_EmpSwd_Walk_F,1.0,31,30,1,1.0,Original sequence time
Swordsman,SourceSequence,/Game/_Art/Enemies/HeinMach/Humanoids/Swordsman/Animations/SourceSequences/A_EN_SRC_CA_M_EmpSwd_Walk_F_02,BBQ/Content/_Kazan_/Art/Character/CHA_Model/Monster_Human/Adult/Adult_M/Animation/EmpireSword3/CA_M_EmpSwd_Walk_F_02,1.0,31,30,1,1.0,Original sequence time
Swordsman,SourceSequence,/Game/_Art/Enemies/HeinMach/Humanoids/Swordsman/Animations/SourceSequences/A_EN_SRC_CA_M_EmpSwd_Walk_Peace02_F,BBQ/Content/_Kazan_/Art/Character/CHA_Model/Monster_Human/Adult/Adult_M/Animation/EmpireSword3/CA_M_EmpSwd_Walk_Peace02_F,1.2,37,30,1,1.0,Original sequence time
Swordsman,SourceSequence,/Game/_Art/Enemies/HeinMach/Humanoids/Swordsman/Animations/SourceSequences/A_EN_SRC_CA_M_EmpSwd_Walk_Peace_F,BBQ/Content/_Kazan_/Art/Character/CHA_Model/Monster_Human/Adult/Adult_M/Animation/EmpireSword3/CA_M_EmpSwd_Walk_Peace_F,1.2,37,30,1,1.0,Original sequence time
Swordsman,SourceSequence,/Game/_Art/Enemies/HeinMach/Humanoids/Swordsman/Animations/SourceSequences/A_EN_SRC_CA_M_EmpSwd_WatchOut,BBQ/Content/_Kazan_/Art/Character/CHA_Model/Monster_Human/Adult/Adult_M/Animation/EmpireSword3/CA_M_EmpSwd_WatchOut,10.266666,309,30,1,1.0,Original sequence time
Swordsman,SourceSequence,/Game/_Art/Enemies/HeinMach/Humanoids/Swordsman/Animations/SourceSequences/A_EN_SRC_CA_M_Human_Adult_M_EmpireSword_Vigilant_FreakOut_Equip,BBQ/Content/_Kazan_/Art/Character/CHA_Model/Monster_Human/Adult/Adult_M/Animation/EmpireSword3/CA_M_Human_Adult_M_EmpireSword_Vigilant_FreakOut_Equip,1.8666667,57,30,1,1.0,Original sequence time
Swordsman,SourceSequence,/Game/_Art/Enemies/HeinMach/Humanoids/Swordsman/Animations/SourceSequences/A_EN_SRC_CA_M_Human_Adult_M_EmpireSword_Vigilant_FreakOut_UnEquip,BBQ/Content/_Kazan_/Art/Character/CHA_Model/Monster_Human/Adult/Adult_M/Animation/EmpireSword3/CA_M_Human_Adult_M_EmpireSword_Vigilant_FreakOut_UnEquip,2.0333333,62,30,1,1.0,Original sequence time
Swordsman,SourceSequence,/Game/_Art/Enemies/HeinMach/Humanoids/Swordsman/Animations/SourceSequences/A_EN_SRC_CA_M_Human_Adult_M_EmpireSword_Vigilant_LookAround,BBQ/Content/_Kazan_/Art/Character/CHA_Model/Monster_Human/Adult/Adult_M/Animation/EmpireSword3/CA_M_Human_Adult_M_EmpireSword_Vigilant_LookAround,9.5,286,30,1,1.0,Original sequence time
SwordShield,SourceSequence,/Game/_Art/Enemies/HeinMach/Humanoids/SwordShield/Animations/SourceSequences/A_EN_SRC_CA_M_EmpireSwordShield_Basic_End_01,BBQ/Content/_Kazan_/Art/Character/CHA_Model/Monster_Human/Adult/Adult_M/Animation/EmpireSwordShield/CA_M_EmpireSwordShield_Basic_End_01,1.0,31,30,1,1.0,Original sequence time
SwordShield,SourceSequence,/Game/_Art/Enemies/HeinMach/Humanoids/SwordShield/Animations/SourceSequences/A_EN_SRC_CA_M_EmpireSwordShield_Basic_End_02,BBQ/Content/_Kazan_/Art/Character/CHA_Model/Monster_Human/Adult/Adult_M/Animation/EmpireSwordShield/CA_M_EmpireSwordShield_Basic_End_02,1.0,31,30,1,1.0,Original sequence time
SwordShield,SourceSequence,/Game/_Art/Enemies/HeinMach/Humanoids/SwordShield/Animations/SourceSequences/A_EN_SRC_CA_M_EmpireSwordShield_Basic_End_03,BBQ/Content/_Kazan_/Art/Character/CHA_Model/Monster_Human/Adult/Adult_M/Animation/EmpireSwordShield/CA_M_EmpireSwordShield_Basic_End_03,1.0,31,30,1,1.0,Original sequence time
SwordShield,SourceSequence,/Game/_Art/Enemies/HeinMach/Humanoids/SwordShield/Animations/SourceSequences/A_EN_SRC_CA_M_EmpireSwordShield_Basic_Loop_01,BBQ/Content/_Kazan_/Art/Character/CHA_Model/Monster_Human/Adult/Adult_M/Animation/EmpireSwordShield/CA_M_EmpireSwordShield_Basic_Loop_01,9.333333,281,30,1,1.0,Original sequence time
SwordShield,SourceSequence,/Game/_Art/Enemies/HeinMach/Humanoids/SwordShield/Animations/SourceSequences/A_EN_SRC_CA_M_EmpireSwordShield_Basic_Loop_02,BBQ/Content/_Kazan_/Art/Character/CHA_Model/Monster_Human/Adult/Adult_M/Animation/EmpireSwordShield/CA_M_EmpireSwordShield_Basic_Loop_02,7.3333335,221,30,1,1.0,Original sequence time
SwordShield,SourceSequence,/Game/_Art/Enemies/HeinMach/Humanoids/SwordShield/Animations/SourceSequences/A_EN_SRC_CA_M_EmpireSwordShield_Basic_Loop_03,BBQ/Content/_Kazan_/Art/Character/CHA_Model/Monster_Human/Adult/Adult_M/Animation/EmpireSwordShield/CA_M_EmpireSwordShield_Basic_Loop_03,11.133333,335,30,1,1.0,Original sequence time
SwordShield,SourceSequence,/Game/_Art/Enemies/HeinMach/Humanoids/SwordShield/Animations/SourceSequences/A_EN_SRC_CA_M_EmpireSwordShield_Basic_Sit_End_01,BBQ/Content/_Kazan_/Art/Character/CHA_Model/Monster_Human/Adult/Adult_M/Animation/EmpireSwordShield/CA_M_EmpireSwordShield_Basic_Sit_End_01,2.0,61,30,1,1.0,Original sequence time
SwordShield,SourceSequence,/Game/_Art/Enemies/HeinMach/Humanoids/SwordShield/Animations/SourceSequences/A_EN_SRC_CA_M_EmpireSwordShield_Basic_Sit_Loop_01,BBQ/Content/_Kazan_/Art/Character/CHA_Model/Monster_Human/Adult/Adult_M/Animation/EmpireSwordShield/CA_M_EmpireSwordShield_Basic_Sit_Loop_01,6.6666665,201,30,1,1.0,Original sequence time
SwordShield,SourceSequence,/Game/_Art/Enemies/HeinMach/Humanoids/SwordShield/Animations/SourceSequences/A_EN_SRC_CA_M_EmpireSwordShield_Basic_Talk_End_01,BBQ/Content/_Kazan_/Art/Character/CHA_Model/Monster_Human/Adult/Adult_M/Animation/EmpireSwordShield/CA_M_EmpireSwordShield_Basic_Talk_End_01,1.0,31,30,1,1.0,Original sequence time
SwordShield,SourceSequence,/Game/_Art/Enemies/HeinMach/Humanoids/SwordShield/Animations/SourceSequences/A_EN_SRC_CA_M_EmpireSwordShield_Basic_Talk_Loop_01,BBQ/Content/_Kazan_/Art/Character/CHA_Model/Monster_Human/Adult/Adult_M/Animation/EmpireSwordShield/CA_M_EmpireSwordShield_Basic_Talk_Loop_01,11.366667,342,30,1,1.0,Original sequence time
SwordShield,SourceSequence,/Game/_Art/Enemies/HeinMach/Humanoids/SwordShield/Animations/SourceSequences/A_EN_SRC_CA_M_EmpireSwordShield_DamageAir_B,BBQ/Content/_Kazan_/Art/Character/CHA_Model/Monster_Human/Adult/Adult_M/Animation/EmpireSwordShield/CA_M_EmpireSwordShield_DamageAir_B,1.3333334,41,30,1,1.0,Original sequence time
SwordShield,SourceSequence,/Game/_Art/Enemies/HeinMach/Humanoids/SwordShield/Animations/SourceSequences/A_EN_SRC_CA_M_EmpireSwordShield_DamageAir_F,BBQ/Content/_Kazan_/Art/Character/CHA_Model/Monster_Human/Adult/Adult_M/Animation/EmpireSwordShield/CA_M_EmpireSwordShield_DamageAir_F,1.3333334,41,30,1,1.0,Original sequence time
SwordShield,SourceSequence,/Game/_Art/Enemies/HeinMach/Humanoids/SwordShield/Animations/SourceSequences/A_EN_SRC_CA_M_EmpireSwordShield_DamageDown_B,BBQ/Content/_Kazan_/Art/Character/CHA_Model/Monster_Human/Adult/Adult_M/Animation/EmpireSwordShield/CA_M_EmpireSwordShield_DamageDown_B,0.6666667,21,30,1,1.0,Original sequence time
SwordShield,SourceSequence,/Game/_Art/Enemies/HeinMach/Humanoids/SwordShield/Animations/SourceSequences/A_EN_SRC_CA_M_EmpireSwordShield_DamageDown_F,BBQ/Content/_Kazan_/Art/Character/CHA_Model/Monster_Human/Adult/Adult_M/Animation/EmpireSwordShield/CA_M_EmpireSwordShield_DamageDown_F,0.6666667,21,30,1,1.0,Original sequence time
SwordShield,SourceSequence,/Game/_Art/Enemies/HeinMach/Humanoids/SwordShield/Animations/SourceSequences/A_EN_SRC_CA_M_EmpireSwordShield_DamageGrapple_Atk_01,BBQ/Content/_Kazan_/Art/Character/CHA_Model/Monster_Human/Adult/Adult_M/Animation/EmpireSwordShield/CA_M_EmpireSwordShield_DamageGrapple_Atk_01,1.3666667,42,30,1,1.0,Original sequence time
SwordShield,SourceSequence,/Game/_Art/Enemies/HeinMach/Humanoids/SwordShield/Animations/SourceSequences/A_EN_SRC_CA_M_EmpireSwordShield_DamageGrapple_Atk_02,BBQ/Content/_Kazan_/Art/Character/CHA_Model/Monster_Human/Adult/Adult_M/Animation/EmpireSwordShield/CA_M_EmpireSwordShield_DamageGrapple_Atk_02,1.1,34,30,1,1.0,Original sequence time
SwordShield,SourceSequence,/Game/_Art/Enemies/HeinMach/Humanoids/SwordShield/Animations/SourceSequences/A_EN_SRC_CA_M_EmpireSwordShield_DamageGrapple_Atk_B_01,BBQ/Content/_Kazan_/Art/Character/CHA_Model/Monster_Human/Adult/Adult_M/Animation/EmpireSwordShield/CA_M_EmpireSwordShield_DamageGrapple_Atk_B_01,1.3333334,41,30,1,1.0,Original sequence time
SwordShield,SourceSequence,/Game/_Art/Enemies/HeinMach/Humanoids/SwordShield/Animations/SourceSequences/A_EN_SRC_CA_M_EmpireSwordShield_DamageGrapple_Atk_B_02,BBQ/Content/_Kazan_/Art/Character/CHA_Model/Monster_Human/Adult/Adult_M/Animation/EmpireSwordShield/CA_M_EmpireSwordShield_DamageGrapple_Atk_B_02,2.5,76,30,1,1.0,Original sequence time
SwordShield,SourceSequence,/Game/_Art/Enemies/HeinMach/Humanoids/SwordShield/Animations/SourceSequences/A_EN_SRC_CA_M_EmpireSwordShield_DamageNormal_D_B,BBQ/Content/_Kazan_/Art/Character/CHA_Model/Monster_Human/Adult/Adult_M/Animation/EmpireSwordShield/CA_M_EmpireSwordShield_DamageNormal_D_B,0.7,22,30,1,1.0,Original sequence time
SwordShield,SourceSequence,/Game/_Art/Enemies/HeinMach/Humanoids/SwordShield/Animations/SourceSequences/A_EN_SRC_CA_M_EmpireSwordShield_DamageNormal_D_F,BBQ/Content/_Kazan_/Art/Character/CHA_Model/Monster_Human/Adult/Adult_M/Animation/EmpireSwordShield/CA_M_EmpireSwordShield_DamageNormal_D_F,0.7,22,30,1,1.0,Original sequence time
SwordShield,SourceSequence,/Game/_Art/Enemies/HeinMach/Humanoids/SwordShield/Animations/SourceSequences/A_EN_SRC_CA_M_EmpireSwordShield_DamageNormal_L_F,BBQ/Content/_Kazan_/Art/Character/CHA_Model/Monster_Human/Adult/Adult_M/Animation/EmpireSwordShield/CA_M_EmpireSwordShield_DamageNormal_L_F,0.7,22,30,1,1.0,Original sequence time
SwordShield,SourceSequence,/Game/_Art/Enemies/HeinMach/Humanoids/SwordShield/Animations/SourceSequences/A_EN_SRC_CA_M_EmpireSwordShield_DamageNormal_R_F,BBQ/Content/_Kazan_/Art/Character/CHA_Model/Monster_Human/Adult/Adult_M/Animation/EmpireSwordShield/CA_M_EmpireSwordShield_DamageNormal_R_F,0.7,22,30,1,1.0,Original sequence time
SwordShield,SourceSequence,/Game/_Art/Enemies/HeinMach/Humanoids/SwordShield/Animations/SourceSequences/A_EN_SRC_CA_M_EmpireSwordShield_DamageNormal_U_B,BBQ/Content/_Kazan_/Art/Character/CHA_Model/Monster_Human/Adult/Adult_M/Animation/EmpireSwordShield/CA_M_EmpireSwordShield_DamageNormal_U_B,0.7,22,30,1,1.0,Original sequence time
SwordShield,SourceSequence,/Game/_Art/Enemies/HeinMach/Humanoids/SwordShield/Animations/SourceSequences/A_EN_SRC_CA_M_EmpireSwordShield_DamageNormal_U_F,BBQ/Content/_Kazan_/Art/Character/CHA_Model/Monster_Human/Adult/Adult_M/Animation/EmpireSwordShield/CA_M_EmpireSwordShield_DamageNormal_U_F,0.7,22,30,1,1.0,Original sequence time
SwordShield,SourceSequence,/Game/_Art/Enemies/HeinMach/Humanoids/SwordShield/Animations/SourceSequences/A_EN_SRC_CA_M_EmpireSwordShield_DamageParry_F,BBQ/Content/_Kazan_/Art/Character/CHA_Model/Monster_Human/Adult/Adult_M/Animation/EmpireSwordShield/CA_M_EmpireSwordShield_DamageParry_F,1.5,46,30,1,1.0,Original sequence time
SwordShield,SourceSequence,/Game/_Art/Enemies/HeinMach/Humanoids/SwordShield/Animations/SourceSequences/A_EN_SRC_CA_M_EmpireSwordShield_DamageStrong_D_F,BBQ/Content/_Kazan_/Art/Character/CHA_Model/Monster_Human/Adult/Adult_M/Animation/EmpireSwordShield/CA_M_EmpireSwordShield_DamageStrong_D_F,1.1,34,30,1,1.0,Original sequence time
SwordShield,SourceSequence,/Game/_Art/Enemies/HeinMach/Humanoids/SwordShield/Animations/SourceSequences/A_EN_SRC_CA_M_EmpireSwordShield_DamageStrong_D_F2,BBQ/Content/_Kazan_/Art/Character/CHA_Model/Monster_Human/Adult/Adult_M/Animation/EmpireSwordShield/CA_M_EmpireSwordShield_DamageStrong_D_F2,1.1,34,30,1,1.0,Original sequence time
SwordShield,SourceSequence,/Game/_Art/Enemies/HeinMach/Humanoids/SwordShield/Animations/SourceSequences/A_EN_SRC_CA_M_EmpireSwordShield_DamageStrong_L_F,BBQ/Content/_Kazan_/Art/Character/CHA_Model/Monster_Human/Adult/Adult_M/Animation/EmpireSwordShield/CA_M_EmpireSwordShield_DamageStrong_L_F,1.1,34,30,1,1.0,Original sequence time
SwordShield,SourceSequence,/Game/_Art/Enemies/HeinMach/Humanoids/SwordShield/Animations/SourceSequences/A_EN_SRC_CA_M_EmpireSwordShield_DamageStrong_R_F,BBQ/Content/_Kazan_/Art/Character/CHA_Model/Monster_Human/Adult/Adult_M/Animation/EmpireSwordShield/CA_M_EmpireSwordShield_DamageStrong_R_F,1.1,34,30,1,1.0,Original sequence time
SwordShield,SourceSequence,/Game/_Art/Enemies/HeinMach/Humanoids/SwordShield/Animations/SourceSequences/A_EN_SRC_CA_M_EmpireSwordShield_DamageStrong_U_F,BBQ/Content/_Kazan_/Art/Character/CHA_Model/Monster_Human/Adult/Adult_M/Animation/EmpireSwordShield/CA_M_EmpireSwordShield_DamageStrong_U_F,1.1,34,30,1,1.0,Original sequence time
SwordShield,SourceSequence,/Game/_Art/Enemies/HeinMach/Humanoids/SwordShield/Animations/SourceSequences/A_EN_SRC_CA_M_EmpireSwordShield_DamageWeak_D_F,BBQ/Content/_Kazan_/Art/Character/CHA_Model/Monster_Human/Adult/Adult_M/Animation/EmpireSwordShield/CA_M_EmpireSwordShield_DamageWeak_D_F,0.4,13,30,1,1.0,Original sequence time
SwordShield,SourceSequence,/Game/_Art/Enemies/HeinMach/Humanoids/SwordShield/Animations/SourceSequences/A_EN_SRC_CA_M_EmpireSwordShield_DamageWeak_L_F,BBQ/Content/_Kazan_/Art/Character/CHA_Model/Monster_Human/Adult/Adult_M/Animation/EmpireSwordShield/CA_M_EmpireSwordShield_DamageWeak_L_F,0.4,13,30,1,1.0,Original sequence time
SwordShield,SourceSequence,/Game/_Art/Enemies/HeinMach/Humanoids/SwordShield/Animations/SourceSequences/A_EN_SRC_CA_M_EmpireSwordShield_DamageWeak_R_F,BBQ/Content/_Kazan_/Art/Character/CHA_Model/Monster_Human/Adult/Adult_M/Animation/EmpireSwordShield/CA_M_EmpireSwordShield_DamageWeak_R_F,0.4,13,30,1,1.0,Original sequence time
SwordShield,SourceSequence,/Game/_Art/Enemies/HeinMach/Humanoids/SwordShield/Animations/SourceSequences/A_EN_SRC_CA_M_EmpireSwordShield_DamageWeak_U_F,BBQ/Content/_Kazan_/Art/Character/CHA_Model/Monster_Human/Adult/Adult_M/Animation/EmpireSwordShield/CA_M_EmpireSwordShield_DamageWeak_U_F,0.4,13,30,1,1.0,Original sequence time
SwordShield,SourceSequence,/Game/_Art/Enemies/HeinMach/Humanoids/SwordShield/Animations/SourceSequences/A_EN_SRC_CA_M_EmpireSwordShield_Die_F,BBQ/Content/_Kazan_/Art/Character/CHA_Model/Monster_Human/Adult/Adult_M/Animation/EmpireSwordShield/CA_M_EmpireSwordShield_Die_F,3.3,100,30,1,1.0,Original sequence time
SwordShield,SourceSequence,/Game/_Art/Enemies/HeinMach/Humanoids/SwordShield/Animations/SourceSequences/A_EN_SRC_CA_M_EmpireSwordShield_Down_B_Loop,BBQ/Content/_Kazan_/Art/Character/CHA_Model/Monster_Human/Adult/Adult_M/Animation/EmpireSwordShield/CA_M_EmpireSwordShield_Down_B_Loop,1.6,49,30,1,1.0,Original sequence time
SwordShield,SourceSequence,/Game/_Art/Enemies/HeinMach/Humanoids/SwordShield/Animations/SourceSequences/A_EN_SRC_CA_M_EmpireSwordShield_Down_F_Loop,BBQ/Content/_Kazan_/Art/Character/CHA_Model/Monster_Human/Adult/Adult_M/Animation/EmpireSwordShield/CA_M_EmpireSwordShield_Down_F_Loop,1.6,49,30,1,1.0,Original sequence time
SwordShield,SourceSequence,/Game/_Art/Enemies/HeinMach/Humanoids/SwordShield/Animations/SourceSequences/A_EN_SRC_CA_M_EmpireSwordShield_FallDown_End,BBQ/Content/_Kazan_/Art/Character/CHA_Model/Monster_Human/Adult/Adult_M/Animation/EmpireSwordShield/CA_M_EmpireSwordShield_FallDown_End,0.9,28,30,1,1.0,Original sequence time
SwordShield,SourceSequence,/Game/_Art/Enemies/HeinMach/Humanoids/SwordShield/Animations/SourceSequences/A_EN_SRC_CA_M_EmpireSwordShield_FallDown_Loop,BBQ/Content/_Kazan_/Art/Character/CHA_Model/Monster_Human/Adult/Adult_M/Animation/EmpireSwordShield/CA_M_EmpireSwordShield_FallDown_Loop,1.0,31,30,1,1.0,Original sequence time
SwordShield,SourceSequence,/Game/_Art/Enemies/HeinMach/Humanoids/SwordShield/Animations/SourceSequences/A_EN_SRC_CA_M_EmpireSwordShield_FallDown_Start,BBQ/Content/_Kazan_/Art/Character/CHA_Model/Monster_Human/Adult/Adult_M/Animation/EmpireSwordShield/CA_M_EmpireSwordShield_FallDown_Start,1.9666667,60,30,1,1.0,Original sequence time
SwordShield,SourceSequence,/Game/_Art/Enemies/HeinMach/Humanoids/SwordShield/Animations/SourceSequences/A_EN_SRC_CA_M_EmpireSwordShield_Getup_B,BBQ/Content/_Kazan_/Art/Character/CHA_Model/Monster_Human/Adult/Adult_M/Animation/EmpireSwordShield/CA_M_EmpireSwordShield_Getup_B,2.0,61,30,1,1.0,Original sequence time
SwordShield,SourceSequence,/Game/_Art/Enemies/HeinMach/Humanoids/SwordShield/Animations/SourceSequences/A_EN_SRC_CA_M_EmpireSwordShield_Getup_F,BBQ/Content/_Kazan_/Art/Character/CHA_Model/Monster_Human/Adult/Adult_M/Animation/EmpireSwordShield/CA_M_EmpireSwordShield_Getup_F,1.6666666,51,30,1,1.0,Original sequence time
SwordShield,SourceSequence,/Game/_Art/Enemies/HeinMach/Humanoids/SwordShield/Animations/SourceSequences/A_EN_SRC_CA_M_EmpireSwordShield_Groggy_F_End,BBQ/Content/_Kazan_/Art/Character/CHA_Model/Monster_Human/Adult/Adult_M/Animation/EmpireSwordShield/CA_M_EmpireSwordShield_Groggy_F_End,0.76666665,24,30,1,1.0,Original sequence time
SwordShield,SourceSequence,/Game/_Art/Enemies/HeinMach/Humanoids/SwordShield/Animations/SourceSequences/A_EN_SRC_CA_M_EmpireSwordShield_Groggy_F_Loop,BBQ/Content/_Kazan_/Art/Character/CHA_Model/Monster_Human/Adult/Adult_M/Animation/EmpireSwordShield/CA_M_EmpireSwordShield_Groggy_F_Loop,1.5,46,30,1,1.0,Original sequence time
SwordShield,SourceSequence,/Game/_Art/Enemies/HeinMach/Humanoids/SwordShield/Animations/SourceSequences/A_EN_SRC_CA_M_EmpireSwordShield_Groggy_F_Start,BBQ/Content/_Kazan_/Art/Character/CHA_Model/Monster_Human/Adult/Adult_M/Animation/EmpireSwordShield/CA_M_EmpireSwordShield_Groggy_F_Start,0.6666667,21,30,1,1.0,Original sequence time
SwordShield,SourceSequence,/Game/_Art/Enemies/HeinMach/Humanoids/SwordShield/Animations/SourceSequences/A_EN_SRC_CA_M_EmpireSwordShield_Guard_Broken,BBQ/Content/_Kazan_/Art/Character/CHA_Model/Monster_Human/Adult/Adult_M/Animation/EmpireSwordShield/CA_M_EmpireSwordShield_Guard_Broken,2.2,67,30,1,1.0,Original sequence time
SwordShield,SourceSequence,/Game/_Art/Enemies/HeinMach/Humanoids/SwordShield/Animations/SourceSequences/A_EN_SRC_CA_M_EmpireSwordShield_Guard_End,BBQ/Content/_Kazan_/Art/Character/CHA_Model/Monster_Human/Adult/Adult_M/Animation/EmpireSwordShield/CA_M_EmpireSwordShield_Guard_End,0.43333334,14,30,1,1.0,Original sequence time
SwordShield,SourceSequence,/Game/_Art/Enemies/HeinMach/Humanoids/SwordShield/Animations/SourceSequences/A_EN_SRC_CA_M_EmpireSwordShield_Guard_Hit,BBQ/Content/_Kazan_/Art/Character/CHA_Model/Monster_Human/Adult/Adult_M/Animation/EmpireSwordShield/CA_M_EmpireSwordShield_Guard_Hit,0.6666667,21,30,1,1.0,Original sequence time
SwordShield,SourceSequence,/Game/_Art/Enemies/HeinMach/Humanoids/SwordShield/Animations/SourceSequences/A_EN_SRC_CA_M_EmpireSwordShield_Guard_Loop,BBQ/Content/_Kazan_/Art/Character/CHA_Model/Monster_Human/Adult/Adult_M/Animation/EmpireSwordShield/CA_M_EmpireSwordShield_Guard_Loop,2.0,61,30,1,1.0,Original sequence time
SwordShield,SourceSequence,/Game/_Art/Enemies/HeinMach/Humanoids/SwordShield/Animations/SourceSequences/A_EN_SRC_CA_M_EmpireSwordShield_Guard_Start,BBQ/Content/_Kazan_/Art/Character/CHA_Model/Monster_Human/Adult/Adult_M/Animation/EmpireSwordShield/CA_M_EmpireSwordShield_Guard_Start,0.33333334,11,30,1,1.0,Original sequence time
SwordShield,SourceSequence,/Game/_Art/Enemies/HeinMach/Humanoids/SwordShield/Animations/SourceSequences/A_EN_SRC_CA_M_EmpireSwordShield_LockOnWalk_B,BBQ/Content/_Kazan_/Art/Character/CHA_Model/Monster_Human/Adult/Adult_M/Animation/EmpireSwordShield/CA_M_EmpireSwordShield_LockOnWalk_B,1.0,31,30,1,1.0,Original sequence time
SwordShield,SourceSequence,/Game/_Art/Enemies/HeinMach/Humanoids/SwordShield/Animations/SourceSequences/A_EN_SRC_CA_M_EmpireSwordShield_LockOnWalk_F,BBQ/Content/_Kazan_/Art/Character/CHA_Model/Monster_Human/Adult/Adult_M/Animation/EmpireSwordShield/CA_M_EmpireSwordShield_LockOnWalk_F,1.0,31,30,1,1.0,Original sequence time
SwordShield,SourceSequence,/Game/_Art/Enemies/HeinMach/Humanoids/SwordShield/Animations/SourceSequences/A_EN_SRC_CA_M_EmpireSwordShield_LockOnWalk_L,BBQ/Content/_Kazan_/Art/Character/CHA_Model/Monster_Human/Adult/Adult_M/Animation/EmpireSwordShield/CA_M_EmpireSwordShield_LockOnWalk_L,1.0,31,30,1,1.0,Original sequence time
SwordShield,SourceSequence,/Game/_Art/Enemies/HeinMach/Humanoids/SwordShield/Animations/SourceSequences/A_EN_SRC_CA_M_EmpireSwordShield_LockOnWalk_R,BBQ/Content/_Kazan_/Art/Character/CHA_Model/Monster_Human/Adult/Adult_M/Animation/EmpireSwordShield/CA_M_EmpireSwordShield_LockOnWalk_R,1.0,31,30,1,1.0,Original sequence time
SwordShield,SourceSequence,/Game/_Art/Enemies/HeinMach/Humanoids/SwordShield/Animations/SourceSequences/A_EN_SRC_CA_M_EmpireSwordShield_Pierce,BBQ/Content/_Kazan_/Art/Character/CHA_Model/Monster_Human/Adult/Adult_M/Animation/EmpireSwordShield/CA_M_EmpireSwordShield_Pierce,1.8333334,56,30,1,1.0,Original sequence time
SwordShield,SourceSequence,/Game/_Art/Enemies/HeinMach/Humanoids/SwordShield/Animations/SourceSequences/A_EN_SRC_CA_M_EmpireSwordShield_Run_F,BBQ/Content/_Kazan_/Art/Character/CHA_Model/Monster_Human/Adult/Adult_M/Animation/EmpireSwordShield/CA_M_EmpireSwordShield_Run_F,0.76666665,24,30,1,1.0,Original sequence time
SwordShield,SourceSequence,/Game/_Art/Enemies/HeinMach/Humanoids/SwordShield/Animations/SourceSequences/A_EN_SRC_CA_M_EmpireSwordShield_Run_F_02,BBQ/Content/_Kazan_/Art/Character/CHA_Model/Monster_Human/Adult/Adult_M/Animation/EmpireSwordShield/CA_M_EmpireSwordShield_Run_F_02,0.6666667,21,30,1,1.0,Original sequence time
SwordShield,SourceSequence,/Game/_Art/Enemies/HeinMach/Humanoids/SwordShield/Animations/SourceSequences/A_EN_SRC_CA_M_EmpireSwordShield_ShieldCrash,BBQ/Content/_Kazan_/Art/Character/CHA_Model/Monster_Human/Adult/Adult_M/Animation/EmpireSwordShield/CA_M_EmpireSwordShield_ShieldCrash,2.0,61,30,1,1.0,Original sequence time
SwordShield,SourceSequence,/Game/_Art/Enemies/HeinMach/Humanoids/SwordShield/Animations/SourceSequences/A_EN_SRC_CA_M_EmpireSwordShield_Stand_F,BBQ/Content/_Kazan_/Art/Character/CHA_Model/Monster_Human/Adult/Adult_M/Animation/EmpireSwordShield/CA_M_EmpireSwordShield_Stand_F,1.6666666,51,30,1,1.0,Original sequence time
SwordShield,SourceSequence,/Game/_Art/Enemies/HeinMach/Humanoids/SwordShield/Animations/SourceSequences/A_EN_SRC_CA_M_EmpireSwordShield_SwordCombo_Step01,BBQ/Content/_Kazan_/Art/Character/CHA_Model/Monster_Human/Adult/Adult_M/Animation/EmpireSwordShield/CA_M_EmpireSwordShield_SwordCombo_Step01,2.2333333,68,30,1,1.0,Original sequence time
SwordShield,SourceSequence,/Game/_Art/Enemies/HeinMach/Humanoids/SwordShield/Animations/SourceSequences/A_EN_SRC_CA_M_EmpireSwordShield_SwordCombo_Step02,BBQ/Content/_Kazan_/Art/Character/CHA_Model/Monster_Human/Adult/Adult_M/Animation/EmpireSwordShield/CA_M_EmpireSwordShield_SwordCombo_Step02,1.3333334,41,30,1,1.0,Original sequence time
SwordShield,SourceSequence,/Game/_Art/Enemies/HeinMach/Humanoids/SwordShield/Animations/SourceSequences/A_EN_SRC_CA_M_EmpireSwordShield_Turn_L,BBQ/Content/_Kazan_/Art/Character/CHA_Model/Monster_Human/Adult/Adult_M/Animation/EmpireSwordShield/CA_M_EmpireSwordShield_Turn_L,1.0333333,32,30,1,1.0,Original sequence time
SwordShield,SourceSequence,/Game/_Art/Enemies/HeinMach/Humanoids/SwordShield/Animations/SourceSequences/A_EN_SRC_CA_M_EmpireSwordShield_Turn_L_180,BBQ/Content/_Kazan_/Art/Character/CHA_Model/Monster_Human/Adult/Adult_M/Animation/EmpireSwordShield/CA_M_EmpireSwordShield_Turn_L_180,1.4333333,44,30,1,1.0,Original sequence time
SwordShield,SourceSequence,/Game/_Art/Enemies/HeinMach/Humanoids/SwordShield/Animations/SourceSequences/A_EN_SRC_CA_M_EmpireSwordShield_Turn_R,BBQ/Content/_Kazan_/Art/Character/CHA_Model/Monster_Human/Adult/Adult_M/Animation/EmpireSwordShield/CA_M_EmpireSwordShield_Turn_R,1.0333333,32,30,1,1.0,Original sequence time
SwordShield,SourceSequence,/Game/_Art/Enemies/HeinMach/Humanoids/SwordShield/Animations/SourceSequences/A_EN_SRC_CA_M_EmpireSwordShield_Turn_R_180,BBQ/Content/_Kazan_/Art/Character/CHA_Model/Monster_Human/Adult/Adult_M/Animation/EmpireSwordShield/CA_M_EmpireSwordShield_Turn_R_180,1.3333334,41,30,1,1.0,Original sequence time
SwordShield,SourceSequence,/Game/_Art/Enemies/HeinMach/Humanoids/SwordShield/Animations/SourceSequences/A_EN_SRC_CA_M_EmpireSwordShield_Walk_F,BBQ/Content/_Kazan_/Art/Character/CHA_Model/Monster_Human/Adult/Adult_M/Animation/EmpireSwordShield/CA_M_EmpireSwordShield_Walk_F,1.0,31,30,1,1.0,Original sequence time
SwordShield,SourceSequence,/Game/_Art/Enemies/HeinMach/Humanoids/SwordShield/Animations/SourceSequences/A_EN_SRC_CA_M_EmpireSwordShield_Walk_F_02,BBQ/Content/_Kazan_/Art/Character/CHA_Model/Monster_Human/Adult/Adult_M/Animation/EmpireSwordShield/CA_M_EmpireSwordShield_Walk_F_02,1.1333333,35,30,1,1.0,Original sequence time
SwordShield,SourceSequence,/Game/_Art/Enemies/HeinMach/Humanoids/SwordShield/Animations/SourceSequences/A_EN_SRC_CA_M_Human_Adult_M_EmpireSwordShield_Vigilant_FreakOut,BBQ/Content/_Kazan_/Art/Character/CHA_Model/Monster_Human/Adult/Adult_M/Animation/EmpireSwordShield/CA_M_Human_Adult_M_EmpireSwordShield_Vigilant_FreakOut,1.8666667,57,30,1,1.0,Original sequence time
SwordShield,SourceSequence,/Game/_Art/Enemies/HeinMach/Humanoids/SwordShield/Animations/SourceSequences/A_EN_SRC_CA_M_Human_Adult_M_EmpireSwordShield_Vigilant_LookAround,BBQ/Content/_Kazan_/Art/Character/CHA_Model/Monster_Human/Adult/Adult_M/Animation/EmpireSwordShield/CA_M_Human_Adult_M_EmpireSwordShield_Vigilant_LookAround,9.5,286,30,1,1.0,Original sequence time
SharedSourceReferences,SourceSequence,/Game/_Art/Enemies/HeinMach/Humanoids/SharedSourceReferences/Animations/SourceSequences/A_EN_SRC_CA_M_Human_Adult_M_PicaAxe_DamFinalBlow_New,BBQ/Content/_Kazan_/Art/Character/CHA_Model/Monster_Human/Adult/Adult_M/Animation/PicaAxe/CA_M_Human_Adult_M_PicaAxe_DamFinalBlow_New,2.0333333,62,30,1,1.0,Original sequence time
SharedSourceReferences,SourceSequence,/Game/_Art/Enemies/HeinMach/Humanoids/SharedSourceReferences/Animations/SourceSequences/A_EN_SRC_CA_M_Human_Adult_M_PicaroonAxe_DamageParry_F2,BBQ/Content/_Kazan_/Art/Character/CHA_Model/Monster_Human/Adult/Adult_M/Animation/PicaAxe/CA_M_Human_Adult_M_PicaroonAxe_DamageParry_F2,0.8666667,27,30,1,1.0,Original sequence time
SharedSourceReferences,SourceSequence,/Game/_Art/Enemies/HeinMach/Humanoids/SharedSourceReferences/Animations/SourceSequences/A_EN_SRC_CA_M_Human_Adult_M_PicaBow_BowStand_F,BBQ/Content/_Kazan_/Art/Character/CHA_Model/Monster_Human/Adult/Adult_M/Animation/PicaBow/CA_M_Human_Adult_M_PicaBow_BowStand_F,1.6,49,30,1,1.0,Original sequence time
SharedSourceReferences,SourceSequence,/Game/_Art/Enemies/HeinMach/Humanoids/SharedSourceReferences/Animations/SourceSequences/A_EN_SRC_CA_M_PicaBow_ClimbingWall_Down_End,BBQ/Content/_Kazan_/Art/Character/CHA_Model/Monster_Human/Adult/Adult_M/Animation/PicaBow/CA_M_PicaBow_ClimbingWall_Down_End,1.0,31,30,1,1.0,Original sequence time
SharedSourceReferences,SourceSequence,/Game/_Art/Enemies/HeinMach/Humanoids/SharedSourceReferences/Animations/SourceSequences/A_EN_SRC_CA_M_PicaBow_ClimbingWall_Down_L,BBQ/Content/_Kazan_/Art/Character/CHA_Model/Monster_Human/Adult/Adult_M/Animation/PicaBow/CA_M_PicaBow_ClimbingWall_Down_L,0.6,19,30,1,1.0,Original sequence time
SharedSourceReferences,SourceSequence,/Game/_Art/Enemies/HeinMach/Humanoids/SharedSourceReferences/Animations/SourceSequences/A_EN_SRC_CA_M_PicaBow_ClimbingWall_Down_R,BBQ/Content/_Kazan_/Art/Character/CHA_Model/Monster_Human/Adult/Adult_M/Animation/PicaBow/CA_M_PicaBow_ClimbingWall_Down_R,0.6,19,30,1,1.0,Original sequence time
SharedSourceReferences,SourceSequence,/Game/_Art/Enemies/HeinMach/Humanoids/SharedSourceReferences/Animations/SourceSequences/A_EN_SRC_CA_M_PicaBow_ClimbingWall_Down_Start,BBQ/Content/_Kazan_/Art/Character/CHA_Model/Monster_Human/Adult/Adult_M/Animation/PicaBow/CA_M_PicaBow_ClimbingWall_Down_Start,1.1333333,35,30,1,1.0,Original sequence time
SharedSourceReferences,SourceSequence,/Game/_Art/Enemies/HeinMach/Humanoids/SharedSourceReferences/Animations/SourceSequences/A_EN_SRC_CA_M_PicaBow_ClimbingWall_Loop_L_Idle,BBQ/Content/_Kazan_/Art/Character/CHA_Model/Monster_Human/Adult/Adult_M/Animation/PicaBow/CA_M_PicaBow_ClimbingWall_Loop_L_Idle,1.6666666,51,30,1,1.0,Original sequence time
SharedSourceReferences,SourceSequence,/Game/_Art/Enemies/HeinMach/Humanoids/SharedSourceReferences/Animations/SourceSequences/A_EN_SRC_CA_M_PicaBow_ClimbingWall_Loop_R_Idle,BBQ/Content/_Kazan_/Art/Character/CHA_Model/Monster_Human/Adult/Adult_M/Animation/PicaBow/CA_M_PicaBow_ClimbingWall_Loop_R_Idle,1.6666666,51,30,1,1.0,Original sequence time
SharedSourceReferences,SourceSequence,/Game/_Art/Enemies/HeinMach/Humanoids/SharedSourceReferences/Animations/SourceSequences/A_EN_SRC_CA_M_PicaBow_ClimbingWall_Up_End,BBQ/Content/_Kazan_/Art/Character/CHA_Model/Monster_Human/Adult/Adult_M/Animation/PicaBow/CA_M_PicaBow_ClimbingWall_Up_End,1.6666666,51,30,1,1.0,Original sequence time
SharedSourceReferences,SourceSequence,/Game/_Art/Enemies/HeinMach/Humanoids/SharedSourceReferences/Animations/SourceSequences/A_EN_SRC_CA_M_PicaBow_ClimbingWall_Up_L,BBQ/Content/_Kazan_/Art/Character/CHA_Model/Monster_Human/Adult/Adult_M/Animation/PicaBow/CA_M_PicaBow_ClimbingWall_Up_L,0.6,19,30,1,1.0,Original sequence time
SharedSourceReferences,SourceSequence,/Game/_Art/Enemies/HeinMach/Humanoids/SharedSourceReferences/Animations/SourceSequences/A_EN_SRC_CA_M_PicaBow_ClimbingWall_Up_R,BBQ/Content/_Kazan_/Art/Character/CHA_Model/Monster_Human/Adult/Adult_M/Animation/PicaBow/CA_M_PicaBow_ClimbingWall_Up_R,0.6,19,30,1,1.0,Original sequence time
SharedSourceReferences,SourceSequence,/Game/_Art/Enemies/HeinMach/Humanoids/SharedSourceReferences/Animations/SourceSequences/A_EN_SRC_CA_M_PicaBow_ClimbingWall_Up_Start,BBQ/Content/_Kazan_/Art/Character/CHA_Model/Monster_Human/Adult/Adult_M/Animation/PicaBow/CA_M_PicaBow_ClimbingWall_Up_Start,1.0,31,30,1,1.0,Original sequence time
SharedSourceReferences,SourceSequence,/Game/_Art/Enemies/HeinMach/Humanoids/SharedSourceReferences/Animations/SourceSequences/A_EN_SRC_CA_M_Human_Adult_M_LOD_Pose,BBQ/Content/_Kazan_/Art/Character/CHA_Model/Monster_Human/Adult/Adult_M/Animation/PicaClub/CA_M_Human_Adult_M_LOD_Pose,0.033333335,2,30,1,1.0,Original sequence time
SharedSourceReferences,SourceSequence,/Game/_Art/Enemies/HeinMach/Humanoids/SharedSourceReferences/Animations/SourceSequences/A_EN_SRC_CA_M_Human_Adult_M_PicaClub_Run,BBQ/Content/_Kazan_/Art/Character/CHA_Model/Monster_Human/Adult/Adult_M/Animation/PicaClub/CA_M_Human_Adult_M_PicaClub_Run,0.8,25,30,1,1.0,Original sequence time
SharedSourceReferences,SourceSequence,/Game/_Art/Enemies/HeinMach/Humanoids/SharedSourceReferences/Animations/SourceSequences/A_EN_SRC_CA_M_Human_Adult_M_PicaClub_Stand_F,BBQ/Content/_Kazan_/Art/Character/CHA_Model/Monster_Human/Adult/Adult_M/Animation/PicaClub/CA_M_Human_Adult_M_PicaClub_Stand_F,2.0333333,62,30,1,1.0,Original sequence time
SharedSourceReferences,SourceSequence,/Game/_Art/Enemies/HeinMach/Humanoids/SharedSourceReferences/Animations/SourceSequences/A_EN_SRC_CA_M_Human_Adult_M_PicaClub_Walk_F,BBQ/Content/_Kazan_/Art/Character/CHA_Model/Monster_Human/Adult/Adult_M/Animation/PicaClub/CA_M_Human_Adult_M_PicaClub_Walk_F,1.0,31,30,1,1.0,Original sequence time
SharedSourceReferences,SourceSequence,/Game/_Art/Enemies/HeinMach/Humanoids/SharedSourceReferences/Animations/SourceSequences/A_EN_SRC_CA_M_PicaCoward_Run_F_Fear_Ty3,BBQ/Content/_Kazan_/Art/Character/CHA_Model/Monster_Human/Adult/Adult_M/Animation/PicaCoward/CA_M_PicaCoward_Run_F_Fear_Ty3,5.3333335,161,30,1,1.0,Original sequence time
SharedSourceReferences,SourceSequence,/Game/_Art/Enemies/HeinMach/Humanoids/SharedSourceReferences/Animations/SourceSequences/A_EN_SRC_CA_M_Human_Elite_M_LOD_Pose,BBQ/Content/_Kazan_/Art/Character/CHA_Model/Monster_Human/Elite/Elite_M/Animation/CA_M_Human_Elite_M_LOD_Pose,0.033333335,2,30,1,1.0,Original sequence time
SharedSourceReferences,SourceSequence,/Game/_Art/Enemies/HeinMach/Humanoids/SharedSourceReferences/Animations/SourceSequences/A_EN_SRC_CA_M_EmpireMagic_Basic_End_01,BBQ/Content/_Kazan_/Art/Character/CHA_Model/Monster_Human/Elite/Elite_M/Animation/EMace/CA_M_EmpireMagic_Basic_End_01,1.0,31,30,1,1.0,Original sequence time
SharedSourceReferences,SourceSequence,/Game/_Art/Enemies/HeinMach/Humanoids/SharedSourceReferences/Animations/SourceSequences/A_EN_SRC_CA_M_EmpireMagic_Basic_Loop_01,BBQ/Content/_Kazan_/Art/Character/CHA_Model/Monster_Human/Elite/Elite_M/Animation/EMace/CA_M_EmpireMagic_Basic_Loop_01,2.0,61,30,1,1.0,Original sequence time
SharedSourceReferences,SourceSequence,/Game/_Art/Enemies/HeinMach/Humanoids/SharedSourceReferences/Animations/SourceSequences/A_EN_SRC_CA_ESpearShield_DamageDown_B,BBQ/Content/_Kazan_/Art/Character/CHA_Model/Monster_Human/Elite/Elite_M/Animation/ESpearShield/ESpearShield_New/CA_ESpearShield_DamageDown_B,0.7,22,30,1,1.0,Original sequence time
HeavySwordsman,SourceSequence,/Game/_Art/Enemies/HeinMach/Humanoids/HeavySwordsman/Animations/SourceSequences/A_EN_SRC_CA_M_ESwordHArmor_DamageDown_B,BBQ/Content/_Kazan_/Art/Character/CHA_Model/Monster_Human/Elite/Elite_M/Animation/ESwordHArmor/CA_M_ESwordHArmor_DamageDown_B,0.7,22,30,1,1.0,Original sequence time
HeavySwordsman,SourceSequence,/Game/_Art/Enemies/HeinMach/Humanoids/HeavySwordsman/Animations/SourceSequences/A_EN_SRC_CA_M_ESwordHArmor_DamageDown_F,BBQ/Content/_Kazan_/Art/Character/CHA_Model/Monster_Human/Elite/Elite_M/Animation/ESwordHArmor/CA_M_ESwordHArmor_DamageDown_F,0.7,22,30,1,1.0,Original sequence time
HeavySwordsman,SourceSequence,/Game/_Art/Enemies/HeinMach/Humanoids/HeavySwordsman/Animations/SourceSequences/A_EN_SRC_CA_M_ESwordHArmor_DamageGrapple_Atk_01,BBQ/Content/_Kazan_/Art/Character/CHA_Model/Monster_Human/Elite/Elite_M/Animation/ESwordHArmor/CA_M_ESwordHArmor_DamageGrapple_Atk_01,1.6,49,30,1,1.0,Original sequence time
HeavySwordsman,SourceSequence,/Game/_Art/Enemies/HeinMach/Humanoids/HeavySwordsman/Animations/SourceSequences/A_EN_SRC_CA_M_ESwordHArmor_DamageGrapple_Atk_02,BBQ/Content/_Kazan_/Art/Character/CHA_Model/Monster_Human/Elite/Elite_M/Animation/ESwordHArmor/CA_M_ESwordHArmor_DamageGrapple_Atk_02,1.1,34,30,1,1.0,Original sequence time
HeavySwordsman,SourceSequence,/Game/_Art/Enemies/HeinMach/Humanoids/HeavySwordsman/Animations/SourceSequences/A_EN_SRC_CA_M_ESwordHArmor_DamageGrapple_Atk_B_01,BBQ/Content/_Kazan_/Art/Character/CHA_Model/Monster_Human/Elite/Elite_M/Animation/ESwordHArmor/CA_M_ESwordHArmor_DamageGrapple_Atk_B_01,1.3333334,41,30,1,1.0,Original sequence time
HeavySwordsman,SourceSequence,/Game/_Art/Enemies/HeinMach/Humanoids/HeavySwordsman/Animations/SourceSequences/A_EN_SRC_CA_M_ESwordHArmor_DamageGrapple_Atk_B_02,BBQ/Content/_Kazan_/Art/Character/CHA_Model/Monster_Human/Elite/Elite_M/Animation/ESwordHArmor/CA_M_ESwordHArmor_DamageGrapple_Atk_B_02,2.5,76,30,1,1.0,Original sequence time
HeavySwordsman,SourceSequence,/Game/_Art/Enemies/HeinMach/Humanoids/HeavySwordsman/Animations/SourceSequences/A_EN_SRC_CA_M_ESwordHArmor_DamageNormal_D_B,BBQ/Content/_Kazan_/Art/Character/CHA_Model/Monster_Human/Elite/Elite_M/Animation/ESwordHArmor/CA_M_ESwordHArmor_DamageNormal_D_B,0.7,22,30,1,1.0,Original sequence time
HeavySwordsman,SourceSequence,/Game/_Art/Enemies/HeinMach/Humanoids/HeavySwordsman/Animations/SourceSequences/A_EN_SRC_CA_M_ESwordHArmor_DamageNormal_D_F,BBQ/Content/_Kazan_/Art/Character/CHA_Model/Monster_Human/Elite/Elite_M/Animation/ESwordHArmor/CA_M_ESwordHArmor_DamageNormal_D_F,0.7,22,30,1,1.0,Original sequence time
HeavySwordsman,SourceSequence,/Game/_Art/Enemies/HeinMach/Humanoids/HeavySwordsman/Animations/SourceSequences/A_EN_SRC_CA_M_ESwordHArmor_DamageNormal_L_F,BBQ/Content/_Kazan_/Art/Character/CHA_Model/Monster_Human/Elite/Elite_M/Animation/ESwordHArmor/CA_M_ESwordHArmor_DamageNormal_L_F,0.7,22,30,1,1.0,Original sequence time
HeavySwordsman,SourceSequence,/Game/_Art/Enemies/HeinMach/Humanoids/HeavySwordsman/Animations/SourceSequences/A_EN_SRC_CA_M_ESwordHArmor_DamageNormal_R_F,BBQ/Content/_Kazan_/Art/Character/CHA_Model/Monster_Human/Elite/Elite_M/Animation/ESwordHArmor/CA_M_ESwordHArmor_DamageNormal_R_F,0.7,22,30,1,1.0,Original sequence time
HeavySwordsman,SourceSequence,/Game/_Art/Enemies/HeinMach/Humanoids/HeavySwordsman/Animations/SourceSequences/A_EN_SRC_CA_M_ESwordHArmor_DamageNormal_U_B,BBQ/Content/_Kazan_/Art/Character/CHA_Model/Monster_Human/Elite/Elite_M/Animation/ESwordHArmor/CA_M_ESwordHArmor_DamageNormal_U_B,0.7,22,30,1,1.0,Original sequence time
HeavySwordsman,SourceSequence,/Game/_Art/Enemies/HeinMach/Humanoids/HeavySwordsman/Animations/SourceSequences/A_EN_SRC_CA_M_ESwordHArmor_DamageNormal_U_F,BBQ/Content/_Kazan_/Art/Character/CHA_Model/Monster_Human/Elite/Elite_M/Animation/ESwordHArmor/CA_M_ESwordHArmor_DamageNormal_U_F,0.7,22,30,1,1.0,Original sequence time
HeavySwordsman,SourceSequence,/Game/_Art/Enemies/HeinMach/Humanoids/HeavySwordsman/Animations/SourceSequences/A_EN_SRC_CA_M_ESwordHArmor_DamageParry_F,BBQ/Content/_Kazan_/Art/Character/CHA_Model/Monster_Human/Elite/Elite_M/Animation/ESwordHArmor/CA_M_ESwordHArmor_DamageParry_F,1.5,46,30,1,1.0,Original sequence time
HeavySwordsman,SourceSequence,/Game/_Art/Enemies/HeinMach/Humanoids/HeavySwordsman/Animations/SourceSequences/A_EN_SRC_CA_M_ESwordHArmor_DamageStrong_D_F,BBQ/Content/_Kazan_/Art/Character/CHA_Model/Monster_Human/Elite/Elite_M/Animation/ESwordHArmor/CA_M_ESwordHArmor_DamageStrong_D_F,1.1,34,30,1,1.0,Original sequence time
HeavySwordsman,SourceSequence,/Game/_Art/Enemies/HeinMach/Humanoids/HeavySwordsman/Animations/SourceSequences/A_EN_SRC_CA_M_ESwordHArmor_DamageStrong_D_F2,BBQ/Content/_Kazan_/Art/Character/CHA_Model/Monster_Human/Elite/Elite_M/Animation/ESwordHArmor/CA_M_ESwordHArmor_DamageStrong_D_F2,1.1,34,30,1,1.0,Original sequence time
HeavySwordsman,SourceSequence,/Game/_Art/Enemies/HeinMach/Humanoids/HeavySwordsman/Animations/SourceSequences/A_EN_SRC_CA_M_ESwordHArmor_DamageStrong_L_F,BBQ/Content/_Kazan_/Art/Character/CHA_Model/Monster_Human/Elite/Elite_M/Animation/ESwordHArmor/CA_M_ESwordHArmor_DamageStrong_L_F,1.1,34,30,1,1.0,Original sequence time
HeavySwordsman,SourceSequence,/Game/_Art/Enemies/HeinMach/Humanoids/HeavySwordsman/Animations/SourceSequences/A_EN_SRC_CA_M_ESwordHArmor_DamageStrong_R_F,BBQ/Content/_Kazan_/Art/Character/CHA_Model/Monster_Human/Elite/Elite_M/Animation/ESwordHArmor/CA_M_ESwordHArmor_DamageStrong_R_F,1.1,34,30,1,1.0,Original sequence time
HeavySwordsman,SourceSequence,/Game/_Art/Enemies/HeinMach/Humanoids/HeavySwordsman/Animations/SourceSequences/A_EN_SRC_CA_M_ESwordHArmor_DamageStrong_U_F,BBQ/Content/_Kazan_/Art/Character/CHA_Model/Monster_Human/Elite/Elite_M/Animation/ESwordHArmor/CA_M_ESwordHArmor_DamageStrong_U_F,1.0,31,30,1,1.0,Original sequence time
HeavySwordsman,SourceSequence,/Game/_Art/Enemies/HeinMach/Humanoids/HeavySwordsman/Animations/SourceSequences/A_EN_SRC_CA_M_ESwordHArmor_DamageWeak_D_F,BBQ/Content/_Kazan_/Art/Character/CHA_Model/Monster_Human/Elite/Elite_M/Animation/ESwordHArmor/CA_M_ESwordHArmor_DamageWeak_D_F,0.4,13,30,1,1.0,Original sequence time
HeavySwordsman,SourceSequence,/Game/_Art/Enemies/HeinMach/Humanoids/HeavySwordsman/Animations/SourceSequences/A_EN_SRC_CA_M_ESwordHArmor_DamageWeak_L_F,BBQ/Content/_Kazan_/Art/Character/CHA_Model/Monster_Human/Elite/Elite_M/Animation/ESwordHArmor/CA_M_ESwordHArmor_DamageWeak_L_F,0.4,13,30,1,1.0,Original sequence time
HeavySwordsman,SourceSequence,/Game/_Art/Enemies/HeinMach/Humanoids/HeavySwordsman/Animations/SourceSequences/A_EN_SRC_CA_M_ESwordHArmor_DamageWeak_R_F,BBQ/Content/_Kazan_/Art/Character/CHA_Model/Monster_Human/Elite/Elite_M/Animation/ESwordHArmor/CA_M_ESwordHArmor_DamageWeak_R_F,0.4,13,30,1,1.0,Original sequence time
HeavySwordsman,SourceSequence,/Game/_Art/Enemies/HeinMach/Humanoids/HeavySwordsman/Animations/SourceSequences/A_EN_SRC_CA_M_ESwordHArmor_DamageWeak_U_F,BBQ/Content/_Kazan_/Art/Character/CHA_Model/Monster_Human/Elite/Elite_M/Animation/ESwordHArmor/CA_M_ESwordHArmor_DamageWeak_U_F,0.4,13,30,1,1.0,Original sequence time
HeavySwordsman,SourceSequence,/Game/_Art/Enemies/HeinMach/Humanoids/HeavySwordsman/Animations/SourceSequences/A_EN_SRC_CA_M_ESwordHArmor_Die_F,BBQ/Content/_Kazan_/Art/Character/CHA_Model/Monster_Human/Elite/Elite_M/Animation/ESwordHArmor/CA_M_ESwordHArmor_Die_F,3.0333333,92,30,1,1.0,Original sequence time
HeavySwordsman,SourceSequence,/Game/_Art/Enemies/HeinMach/Humanoids/HeavySwordsman/Animations/SourceSequences/A_EN_SRC_CA_M_ESwordHArmor_Down_B_Loop,BBQ/Content/_Kazan_/Art/Character/CHA_Model/Monster_Human/Elite/Elite_M/Animation/ESwordHArmor/CA_M_ESwordHArmor_Down_B_Loop,1.6,49,30,1,1.0,Original sequence time
HeavySwordsman,SourceSequence,/Game/_Art/Enemies/HeinMach/Humanoids/HeavySwordsman/Animations/SourceSequences/A_EN_SRC_CA_M_ESwordHArmor_Down_F_Loop,BBQ/Content/_Kazan_/Art/Character/CHA_Model/Monster_Human/Elite/Elite_M/Animation/ESwordHArmor/CA_M_ESwordHArmor_Down_F_Loop,1.6,49,30,1,1.0,Original sequence time
HeavySwordsman,SourceSequence,/Game/_Art/Enemies/HeinMach/Humanoids/HeavySwordsman/Animations/SourceSequences/A_EN_SRC_CA_M_ESwordHArmor_Down_Getup_B,BBQ/Content/_Kazan_/Art/Character/CHA_Model/Monster_Human/Elite/Elite_M/Animation/ESwordHArmor/CA_M_ESwordHArmor_Down_Getup_B,1.8666667,57,30,1,1.0,Original sequence time
HeavySwordsman,SourceSequence,/Game/_Art/Enemies/HeinMach/Humanoids/HeavySwordsman/Animations/SourceSequences/A_EN_SRC_CA_M_ESwordHArmor_Down_Getup_F,BBQ/Content/_Kazan_/Art/Character/CHA_Model/Monster_Human/Elite/Elite_M/Animation/ESwordHArmor/CA_M_ESwordHArmor_Down_Getup_F,1.6666666,51,30,1,1.0,Original sequence time
HeavySwordsman,SourceSequence,/Game/_Art/Enemies/HeinMach/Humanoids/HeavySwordsman/Animations/SourceSequences/A_EN_SRC_CA_M_ESwordHArmor_FallDown_Loop,BBQ/Content/_Kazan_/Art/Character/CHA_Model/Monster_Human/Elite/Elite_M/Animation/ESwordHArmor/CA_M_ESwordHArmor_FallDown_Loop,1.0,31,30,1,1.0,Original sequence time
HeavySwordsman,SourceSequence,/Game/_Art/Enemies/HeinMach/Humanoids/HeavySwordsman/Animations/SourceSequences/A_EN_SRC_CA_M_ESwordHArmor_FallDown_Start,BBQ/Content/_Kazan_/Art/Character/CHA_Model/Monster_Human/Elite/Elite_M/Animation/ESwordHArmor/CA_M_ESwordHArmor_FallDown_Start,2.0,61,30,1,1.0,Original sequence time
HeavySwordsman,SourceSequence,/Game/_Art/Enemies/HeinMach/Humanoids/HeavySwordsman/Animations/SourceSequences/A_EN_SRC_CA_M_ESwordHArmor_Groggy_F_End,BBQ/Content/_Kazan_/Art/Character/CHA_Model/Monster_Human/Elite/Elite_M/Animation/ESwordHArmor/CA_M_ESwordHArmor_Groggy_F_End,1.3333334,41,30,1,1.0,Original sequence time
HeavySwordsman,SourceSequence,/Game/_Art/Enemies/HeinMach/Humanoids/HeavySwordsman/Animations/SourceSequences/A_EN_SRC_CA_M_ESwordHArmor_Groggy_F_Loop,BBQ/Content/_Kazan_/Art/Character/CHA_Model/Monster_Human/Elite/Elite_M/Animation/ESwordHArmor/CA_M_ESwordHArmor_Groggy_F_Loop,2.6666667,81,30,1,1.0,Original sequence time
HeavySwordsman,SourceSequence,/Game/_Art/Enemies/HeinMach/Humanoids/HeavySwordsman/Animations/SourceSequences/A_EN_SRC_CA_M_ESwordHArmor_Groggy_F_Start,BBQ/Content/_Kazan_/Art/Character/CHA_Model/Monster_Human/Elite/Elite_M/Animation/ESwordHArmor/CA_M_ESwordHArmor_Groggy_F_Start,1.1666666,36,30,1,1.0,Original sequence time
HeavySwordsman,SourceSequence,/Game/_Art/Enemies/HeinMach/Humanoids/HeavySwordsman/Animations/SourceSequences/A_EN_SRC_CA_M_ESwordHArmor_LockOnWalk_B,BBQ/Content/_Kazan_/Art/Character/CHA_Model/Monster_Human/Elite/Elite_M/Animation/ESwordHArmor/CA_M_ESwordHArmor_LockOnWalk_B,1.3333334,41,30,1,1.0,Original sequence time
HeavySwordsman,SourceSequence,/Game/_Art/Enemies/HeinMach/Humanoids/HeavySwordsman/Animations/SourceSequences/A_EN_SRC_CA_M_ESwordHArmor_LockOnWalk_F,BBQ/Content/_Kazan_/Art/Character/CHA_Model/Monster_Human/Elite/Elite_M/Animation/ESwordHArmor/CA_M_ESwordHArmor_LockOnWalk_F,1.3333334,41,30,1,1.0,Original sequence time
HeavySwordsman,SourceSequence,/Game/_Art/Enemies/HeinMach/Humanoids/HeavySwordsman/Animations/SourceSequences/A_EN_SRC_CA_M_ESwordHArmor_LockOnWalk_L,BBQ/Content/_Kazan_/Art/Character/CHA_Model/Monster_Human/Elite/Elite_M/Animation/ESwordHArmor/CA_M_ESwordHArmor_LockOnWalk_L,1.3333334,41,30,1,1.0,Original sequence time
HeavySwordsman,SourceSequence,/Game/_Art/Enemies/HeinMach/Humanoids/HeavySwordsman/Animations/SourceSequences/A_EN_SRC_CA_M_ESwordHArmor_LockOnWalk_R,BBQ/Content/_Kazan_/Art/Character/CHA_Model/Monster_Human/Elite/Elite_M/Animation/ESwordHArmor/CA_M_ESwordHArmor_LockOnWalk_R,1.3333334,41,30,1,1.0,Original sequence time
HeavySwordsman,SourceSequence,/Game/_Art/Enemies/HeinMach/Humanoids/HeavySwordsman/Animations/SourceSequences/A_EN_SRC_CA_M_ESwordHArmor_Run_F,BBQ/Content/_Kazan_/Art/Character/CHA_Model/Monster_Human/Elite/Elite_M/Animation/ESwordHArmor/CA_M_ESwordHArmor_Run_F,0.6666667,21,30,1,1.0,Original sequence time
HeavySwordsman,SourceSequence,/Game/_Art/Enemies/HeinMach/Humanoids/HeavySwordsman/Animations/SourceSequences/A_EN_SRC_CA_M_ESwordHArmor_Stand,BBQ/Content/_Kazan_/Art/Character/CHA_Model/Monster_Human/Elite/Elite_M/Animation/ESwordHArmor/CA_M_ESwordHArmor_Stand,1.6,49,30,1,1.0,Original sequence time
HeavySwordsman,SourceSequence,/Game/_Art/Enemies/HeinMach/Humanoids/HeavySwordsman/Animations/SourceSequences/A_EN_SRC_CA_M_ESwordHArmor_SwordSting_Step1,BBQ/Content/_Kazan_/Art/Character/CHA_Model/Monster_Human/Elite/Elite_M/Animation/ESwordHArmor/CA_M_ESwordHArmor_SwordSting_Step1,0.73333335,23,30,1,1.0,Original sequence time
HeavySwordsman,SourceSequence,/Game/_Art/Enemies/HeinMach/Humanoids/HeavySwordsman/Animations/SourceSequences/A_EN_SRC_CA_M_ESwordHArmor_SwordSting_Step2,BBQ/Content/_Kazan_/Art/Character/CHA_Model/Monster_Human/Elite/Elite_M/Animation/ESwordHArmor/CA_M_ESwordHArmor_SwordSting_Step2,1.0,31,30,1,1.0,Original sequence time
HeavySwordsman,SourceSequence,/Game/_Art/Enemies/HeinMach/Humanoids/HeavySwordsman/Animations/SourceSequences/A_EN_SRC_CA_M_ESwordHArmor_SwordSting_Step3_2,BBQ/Content/_Kazan_/Art/Character/CHA_Model/Monster_Human/Elite/Elite_M/Animation/ESwordHArmor/CA_M_ESwordHArmor_SwordSting_Step3_2,1.7666667,54,30,1,1.0,Original sequence time
HeavySwordsman,SourceSequence,/Game/_Art/Enemies/HeinMach/Humanoids/HeavySwordsman/Animations/SourceSequences/A_EN_SRC_CA_M_ESwordHArmor_SwordSwing_01_Step1,BBQ/Content/_Kazan_/Art/Character/CHA_Model/Monster_Human/Elite/Elite_M/Animation/ESwordHArmor/CA_M_ESwordHArmor_SwordSwing_01_Step1,2.0666666,63,30,1,1.0,Original sequence time
HeavySwordsman,SourceSequence,/Game/_Art/Enemies/HeinMach/Humanoids/HeavySwordsman/Animations/SourceSequences/A_EN_SRC_CA_M_ESwordHArmor_SwordSwing_01_Step2,BBQ/Content/_Kazan_/Art/Character/CHA_Model/Monster_Human/Elite/Elite_M/Animation/ESwordHArmor/CA_M_ESwordHArmor_SwordSwing_01_Step2,1.8333334,56,30,1,1.0,Original sequence time
HeavySwordsman,SourceSequence,/Game/_Art/Enemies/HeinMach/Humanoids/HeavySwordsman/Animations/SourceSequences/A_EN_SRC_CA_M_ESwordHArmor_SwordSwing_01_Step3,BBQ/Content/_Kazan_/Art/Character/CHA_Model/Monster_Human/Elite/Elite_M/Animation/ESwordHArmor/CA_M_ESwordHArmor_SwordSwing_01_Step3,2.0333333,62,30,1,1.0,Original sequence time
HeavySwordsman,SourceSequence,/Game/_Art/Enemies/HeinMach/Humanoids/HeavySwordsman/Animations/SourceSequences/A_EN_SRC_CA_M_ESwordHArmor_SwordSwing_01_Step4,BBQ/Content/_Kazan_/Art/Character/CHA_Model/Monster_Human/Elite/Elite_M/Animation/ESwordHArmor/CA_M_ESwordHArmor_SwordSwing_01_Step4,2.9666667,90,30,1,1.0,Original sequence time
HeavySwordsman,SourceSequence,/Game/_Art/Enemies/HeinMach/Humanoids/HeavySwordsman/Animations/SourceSequences/A_EN_SRC_CA_M_ESwordHArmor_SwordSwing_02_Step1,BBQ/Content/_Kazan_/Art/Character/CHA_Model/Monster_Human/Elite/Elite_M/Animation/ESwordHArmor/CA_M_ESwordHArmor_SwordSwing_02_Step1,2.0333333,62,30,1,1.0,Original sequence time
HeavySwordsman,SourceSequence,/Game/_Art/Enemies/HeinMach/Humanoids/HeavySwordsman/Animations/SourceSequences/A_EN_SRC_CA_M_ESwordHArmor_SwordSwing_02_Step2,BBQ/Content/_Kazan_/Art/Character/CHA_Model/Monster_Human/Elite/Elite_M/Animation/ESwordHArmor/CA_M_ESwordHArmor_SwordSwing_02_Step2,1.9,58,30,1,1.0,Original sequence time
HeavySwordsman,SourceSequence,/Game/_Art/Enemies/HeinMach/Humanoids/HeavySwordsman/Animations/SourceSequences/A_EN_SRC_CA_M_ESwordHArmor_SwordSwing_03_Step1,BBQ/Content/_Kazan_/Art/Character/CHA_Model/Monster_Human/Elite/Elite_M/Animation/ESwordHArmor/CA_M_ESwordHArmor_SwordSwing_03_Step1,2.5,76,30,1,1.0,Original sequence time
HeavySwordsman,SourceSequence,/Game/_Art/Enemies/HeinMach/Humanoids/HeavySwordsman/Animations/SourceSequences/A_EN_SRC_CA_M_ESwordHArmor_SwordSwing_03_Step2,BBQ/Content/_Kazan_/Art/Character/CHA_Model/Monster_Human/Elite/Elite_M/Animation/ESwordHArmor/CA_M_ESwordHArmor_SwordSwing_03_Step2,3.1666667,96,30,1,1.0,Original sequence time
HeavySwordsman,SourceSequence,/Game/_Art/Enemies/HeinMach/Humanoids/HeavySwordsman/Animations/SourceSequences/A_EN_SRC_CA_M_ESwordHArmor_SwordSwing_03_Step3,BBQ/Content/_Kazan_/Art/Character/CHA_Model/Monster_Human/Elite/Elite_M/Animation/ESwordHArmor/CA_M_ESwordHArmor_SwordSwing_03_Step3,2.6,79,30,1,1.0,Original sequence time
HeavySwordsman,SourceSequence,/Game/_Art/Enemies/HeinMach/Humanoids/HeavySwordsman/Animations/SourceSequences/A_EN_SRC_CA_M_ESwordHArmor_SwordSwing_Turn_L,BBQ/Content/_Kazan_/Art/Character/CHA_Model/Monster_Human/Elite/Elite_M/Animation/ESwordHArmor/CA_M_ESwordHArmor_SwordSwing_Turn_L,2.7333333,83,30,1,1.0,Original sequence time
HeavySwordsman,SourceSequence,/Game/_Art/Enemies/HeinMach/Humanoids/HeavySwordsman/Animations/SourceSequences/A_EN_SRC_CA_M_ESwordHArmor_SwordSwing_Turn_R,BBQ/Content/_Kazan_/Art/Character/CHA_Model/Monster_Human/Elite/Elite_M/Animation/ESwordHArmor/CA_M_ESwordHArmor_SwordSwing_Turn_R,2.2333333,68,30,1,1.0,Original sequence time
HeavySwordsman,SourceSequence,/Game/_Art/Enemies/HeinMach/Humanoids/HeavySwordsman/Animations/SourceSequences/A_EN_SRC_CA_M_ESwordHArmor_Turn_L,BBQ/Content/_Kazan_/Art/Character/CHA_Model/Monster_Human/Elite/Elite_M/Animation/ESwordHArmor/CA_M_ESwordHArmor_Turn_L,1.2,37,30,1,1.0,Original sequence time
HeavySwordsman,SourceSequence,/Game/_Art/Enemies/HeinMach/Humanoids/HeavySwordsman/Animations/SourceSequences/A_EN_SRC_CA_M_ESwordHArmor_Turn_L_180,BBQ/Content/_Kazan_/Art/Character/CHA_Model/Monster_Human/Elite/Elite_M/Animation/ESwordHArmor/CA_M_ESwordHArmor_Turn_L_180,2.0,61,30,1,1.0,Original sequence time
HeavySwordsman,SourceSequence,/Game/_Art/Enemies/HeinMach/Humanoids/HeavySwordsman/Animations/SourceSequences/A_EN_SRC_CA_M_ESwordHArmor_Turn_R,BBQ/Content/_Kazan_/Art/Character/CHA_Model/Monster_Human/Elite/Elite_M/Animation/ESwordHArmor/CA_M_ESwordHArmor_Turn_R,1.2,37,30,1,1.0,Original sequence time
HeavySwordsman,SourceSequence,/Game/_Art/Enemies/HeinMach/Humanoids/HeavySwordsman/Animations/SourceSequences/A_EN_SRC_CA_M_ESwordHArmor_Turn_R_180,BBQ/Content/_Kazan_/Art/Character/CHA_Model/Monster_Human/Elite/Elite_M/Animation/ESwordHArmor/CA_M_ESwordHArmor_Turn_R_180,2.0,61,30,1,1.0,Original sequence time
HeavySwordsman,SourceSequence,/Game/_Art/Enemies/HeinMach/Humanoids/HeavySwordsman/Animations/SourceSequences/A_EN_SRC_CA_M_ESwordHArmor_Walk_F,BBQ/Content/_Kazan_/Art/Character/CHA_Model/Monster_Human/Elite/Elite_M/Animation/ESwordHArmor/CA_M_ESwordHArmor_Walk_F,1.3333334,41,30,1,1.0,Original sequence time
HeavySwordsman,SourceSequence,/Game/_Art/Enemies/HeinMach/Humanoids/HeavySwordsman/Animations/SourceSequences/A_EN_SRC_CA_M_EmpireSwordHArmor_Basic_End_01,BBQ/Content/_Kazan_/Art/Character/CHA_Model/Monster_Human/Elite/Elite_M/Animation/ESwordHArmor/CA_M_EmpireSwordHArmor_Basic_End_01,1.6666666,51,30,1,1.0,Original sequence time
HeavySwordsman,SourceSequence,/Game/_Art/Enemies/HeinMach/Humanoids/HeavySwordsman/Animations/SourceSequences/A_EN_SRC_CA_M_EmpireSwordHArmor_Basic_End_02,BBQ/Content/_Kazan_/Art/Character/CHA_Model/Monster_Human/Elite/Elite_M/Animation/ESwordHArmor/CA_M_EmpireSwordHArmor_Basic_End_02,1.0,31,30,1,1.0,Original sequence time
HeavySwordsman,SourceSequence,/Game/_Art/Enemies/HeinMach/Humanoids/HeavySwordsman/Animations/SourceSequences/A_EN_SRC_CA_M_EmpireSwordHArmor_Basic_End_03,BBQ/Content/_Kazan_/Art/Character/CHA_Model/Monster_Human/Elite/Elite_M/Animation/ESwordHArmor/CA_M_EmpireSwordHArmor_Basic_End_03,1.6666666,51,30,1,1.0,Original sequence time
HeavySwordsman,SourceSequence,/Game/_Art/Enemies/HeinMach/Humanoids/HeavySwordsman/Animations/SourceSequences/A_EN_SRC_CA_M_EmpireSwordHArmor_Basic_Loop_01,BBQ/Content/_Kazan_/Art/Character/CHA_Model/Monster_Human/Elite/Elite_M/Animation/ESwordHArmor/CA_M_EmpireSwordHArmor_Basic_Loop_01,10.166667,306,30,1,1.0,Original sequence time
HeavySwordsman,SourceSequence,/Game/_Art/Enemies/HeinMach/Humanoids/HeavySwordsman/Animations/SourceSequences/A_EN_SRC_CA_M_EmpireSwordHArmor_Basic_Loop_02,BBQ/Content/_Kazan_/Art/Character/CHA_Model/Monster_Human/Elite/Elite_M/Animation/ESwordHArmor/CA_M_EmpireSwordHArmor_Basic_Loop_02,11.0,331,30,1,1.0,Original sequence time
HeavySwordsman,SourceSequence,/Game/_Art/Enemies/HeinMach/Humanoids/HeavySwordsman/Animations/SourceSequences/A_EN_SRC_CA_M_EmpireSwordHArmor_Basic_Loop_03,BBQ/Content/_Kazan_/Art/Character/CHA_Model/Monster_Human/Elite/Elite_M/Animation/ESwordHArmor/CA_M_EmpireSwordHArmor_Basic_Loop_03,2.8333333,86,30,1,1.0,Original sequence time
HeavySwordsman,SourceSequence,/Game/_Art/Enemies/HeinMach/Humanoids/HeavySwordsman/Animations/SourceSequences/A_EN_SRC_CA_M_EmpireSwordHArmor_Basic_Search_End_01,BBQ/Content/_Kazan_/Art/Character/CHA_Model/Monster_Human/Elite/Elite_M/Animation/ESwordHArmor/CA_M_EmpireSwordHArmor_Basic_Search_End_01,1.1666666,36,30,1,1.0,Original sequence time
HeavySwordsman,SourceSequence,/Game/_Art/Enemies/HeinMach/Humanoids/HeavySwordsman/Animations/SourceSequences/A_EN_SRC_CA_M_EmpireSwordHArmor_Basic_Search_Loop_01,BBQ/Content/_Kazan_/Art/Character/CHA_Model/Monster_Human/Elite/Elite_M/Animation/ESwordHArmor/CA_M_EmpireSwordHArmor_Basic_Search_Loop_01,8.833333,266,30,1,1.0,Original sequence time
HeavySwordsman,SourceSequence,/Game/_Art/Enemies/HeinMach/Humanoids/HeavySwordsman/Animations/SourceSequences/A_EN_SRC_CA_M_EmpireSwordHArmor_Basic_Sit_End_01,BBQ/Content/_Kazan_/Art/Character/CHA_Model/Monster_Human/Elite/Elite_M/Animation/ESwordHArmor/CA_M_EmpireSwordHArmor_Basic_Sit_End_01,1.5,46,30,1,1.0,Original sequence time
HeavySwordsman,SourceSequence,/Game/_Art/Enemies/HeinMach/Humanoids/HeavySwordsman/Animations/SourceSequences/A_EN_SRC_CA_M_EmpireSwordHArmor_Basic_Sit_Loop_01,BBQ/Content/_Kazan_/Art/Character/CHA_Model/Monster_Human/Elite/Elite_M/Animation/ESwordHArmor/CA_M_EmpireSwordHArmor_Basic_Sit_Loop_01,7.6666665,231,30,1,1.0,Original sequence time
HeavySwordsman,SourceSequence,/Game/_Art/Enemies/HeinMach/Humanoids/HeavySwordsman/Animations/SourceSequences/A_EN_SRC_CA_M_EmpireSwordHArmor_Basic_Talk_End_01,BBQ/Content/_Kazan_/Art/Character/CHA_Model/Monster_Human/Elite/Elite_M/Animation/ESwordHArmor/CA_M_EmpireSwordHArmor_Basic_Talk_End_01,1.0,31,30,1,1.0,Original sequence time
HeavySwordsman,SourceSequence,/Game/_Art/Enemies/HeinMach/Humanoids/HeavySwordsman/Animations/SourceSequences/A_EN_SRC_CA_M_EmpireSwordHArmor_Basic_Talk_Loop_01,BBQ/Content/_Kazan_/Art/Character/CHA_Model/Monster_Human/Elite/Elite_M/Animation/ESwordHArmor/CA_M_EmpireSwordHArmor_Basic_Talk_Loop_01,8.0,241,30,1,1.0,Original sequence time
HeavySwordsman,SourceSequence,/Game/_Art/Enemies/HeinMach/Humanoids/HeavySwordsman/Animations/SourceSequences/A_EN_SRC_CA_M_Human_Elite_M_ESwordHArmor_Vigilant_FreakOut,BBQ/Content/_Kazan_/Art/Character/CHA_Model/Monster_Human/Elite/Elite_M/Animation/ESwordHArmor/CA_M_Human_Elite_M_ESwordHArmor_Vigilant_FreakOut,1.8333334,56,30,1,1.0,Original sequence time
HeavySwordsman,SourceSequence,/Game/_Art/Enemies/HeinMach/Humanoids/HeavySwordsman/Animations/SourceSequences/A_EN_SRC_CA_M_Human_Elite_M_ESwordHArmor_Vigilant_LookAround,BBQ/Content/_Kazan_/Art/Character/CHA_Model/Monster_Human/Elite/Elite_M/Animation/ESwordHArmor/CA_M_Human_Elite_M_ESwordHArmor_Vigilant_LookAround,7.9666667,240,30,1,1.0,Original sequence time
EliteShield_SourceReferences,SourceSequence,/Game/_Art/Enemies/OtherRegions/Humanoids/EliteShield_SourceReferences/Animations/SourceSequences/A_EN_SRC_CA_ESwordShield_DamageGrapple_Atk_B_01,BBQ/Content/_Kazan_/Art/Character/CHA_Model/Monster_Human/Elite/Elite_M/Animation/ESwordShield/CA_ESwordShield_DamageGrapple_Atk_B_01,1.3333334,41,30,1,1.0,Original sequence time
EliteShield_SourceReferences,SourceSequence,/Game/_Art/Enemies/OtherRegions/Humanoids/EliteShield_SourceReferences/Animations/SourceSequences/A_EN_SRC_CA_ESwordShield_DamageGrapple_Atk_B_02,BBQ/Content/_Kazan_/Art/Character/CHA_Model/Monster_Human/Elite/Elite_M/Animation/ESwordShield/CA_ESwordShield_DamageGrapple_Atk_B_02,2.5,76,30,1,1.0,Original sequence time
EliteShield_SourceReferences,SourceSequence,/Game/_Art/Enemies/OtherRegions/Humanoids/EliteShield_SourceReferences/Animations/SourceSequences/A_EN_SRC_CA_ESwordShield_BackCounter,BBQ/Content/_Kazan_/Art/Character/CHA_Model/Monster_Human/Elite/Elite_M/Animation/ESwordShield/ESwordShield_New/CA_ESwordShield_BackCounter,2.1333334,65,30,1,1.0,Original sequence time
EliteShield_SourceReferences,SourceSequence,/Game/_Art/Enemies/OtherRegions/Humanoids/EliteShield_SourceReferences/Animations/SourceSequences/A_EN_SRC_CA_ESwordShield_Basic_End_02,BBQ/Content/_Kazan_/Art/Character/CHA_Model/Monster_Human/Elite/Elite_M/Animation/ESwordShield/ESwordShield_New/CA_ESwordShield_Basic_End_02,1.5,46,30,1,1.0,Original sequence time
EliteShield_SourceReferences,SourceSequence,/Game/_Art/Enemies/OtherRegions/Humanoids/EliteShield_SourceReferences/Animations/SourceSequences/A_EN_SRC_CA_ESwordShield_Basic_End_03,BBQ/Content/_Kazan_/Art/Character/CHA_Model/Monster_Human/Elite/Elite_M/Animation/ESwordShield/ESwordShield_New/CA_ESwordShield_Basic_End_03,2.5,76,30,1,1.0,Original sequence time
EliteShield_SourceReferences,SourceSequence,/Game/_Art/Enemies/OtherRegions/Humanoids/EliteShield_SourceReferences/Animations/SourceSequences/A_EN_SRC_CA_ESwordShield_Basic_Loop_02,BBQ/Content/_Kazan_/Art/Character/CHA_Model/Monster_Human/Elite/Elite_M/Animation/ESwordShield/ESwordShield_New/CA_ESwordShield_Basic_Loop_02,9.0,271,30,1,1.0,Original sequence time
EliteShield_SourceReferences,SourceSequence,/Game/_Art/Enemies/OtherRegions/Humanoids/EliteShield_SourceReferences/Animations/SourceSequences/A_EN_SRC_CA_ESwordShield_Basic_Loop_03,BBQ/Content/_Kazan_/Art/Character/CHA_Model/Monster_Human/Elite/Elite_M/Animation/ESwordShield/ESwordShield_New/CA_ESwordShield_Basic_Loop_03,4.6666665,141,30,1,1.0,Original sequence time
EliteShield_SourceReferences,SourceSequence,/Game/_Art/Enemies/OtherRegions/Humanoids/EliteShield_SourceReferences/Animations/SourceSequences/A_EN_SRC_CA_ESwordShield_ChargeCrash_Loop,BBQ/Content/_Kazan_/Art/Character/CHA_Model/Monster_Human/Elite/Elite_M/Animation/ESwordShield/ESwordShield_New/CA_ESwordShield_ChargeCrash_Loop,0.53333336,17,30,1,1.0,Original sequence time
EliteShield_SourceReferences,SourceSequence,/Game/_Art/Enemies/OtherRegions/Humanoids/EliteShield_SourceReferences/Animations/SourceSequences/A_EN_SRC_CA_ESwordShield_ChargeCrash_ShiledSmash,BBQ/Content/_Kazan_/Art/Character/CHA_Model/Monster_Human/Elite/Elite_M/Animation/ESwordShield/ESwordShield_New/CA_ESwordShield_ChargeCrash_ShiledSmash,1.9,58,30,1,1.0,Original sequence time
EliteShield_SourceReferences,SourceSequence,/Game/_Art/Enemies/OtherRegions/Humanoids/EliteShield_SourceReferences/Animations/SourceSequences/A_EN_SRC_CA_ESwordShield_ChargeCrash_Start,BBQ/Content/_Kazan_/Art/Character/CHA_Model/Monster_Human/Elite/Elite_M/Animation/ESwordShield/ESwordShield_New/CA_ESwordShield_ChargeCrash_Start,1.6333333,50,30,1,1.0,Original sequence time
EliteShield_SourceReferences,SourceSequence,/Game/_Art/Enemies/OtherRegions/Humanoids/EliteShield_SourceReferences/Animations/SourceSequences/A_EN_SRC_CA_ESwordShield_ChargeCrash_Thrust,BBQ/Content/_Kazan_/Art/Character/CHA_Model/Monster_Human/Elite/Elite_M/Animation/ESwordShield/ESwordShield_New/CA_ESwordShield_ChargeCrash_Thrust,2.0333333,62,30,1,1.0,Original sequence time
EliteShield_SourceReferences,SourceSequence,/Game/_Art/Enemies/OtherRegions/Humanoids/EliteShield_SourceReferences/Animations/SourceSequences/A_EN_SRC_CA_ESwordShield_DamFinalblow,BBQ/Content/_Kazan_/Art/Character/CHA_Model/Monster_Human/Elite/Elite_M/Animation/ESwordShield/ESwordShield_New/CA_ESwordShield_DamFinalblow,2.6666667,81,30,1,1.0,Original sequence time
EliteShield_SourceReferences,SourceSequence,/Game/_Art/Enemies/OtherRegions/Humanoids/EliteShield_SourceReferences/Animations/SourceSequences/A_EN_SRC_CA_ESwordShield_DamageDown_F,BBQ/Content/_Kazan_/Art/Character/CHA_Model/Monster_Human/Elite/Elite_M/Animation/ESwordShield/ESwordShield_New/CA_ESwordShield_DamageDown_F,0.7,22,30,1,1.0,Original sequence time
EliteShield_SourceReferences,SourceSequence,/Game/_Art/Enemies/OtherRegions/Humanoids/EliteShield_SourceReferences/Animations/SourceSequences/A_EN_SRC_CA_ESwordShield_DamageGrapple_Atk_01,BBQ/Content/_Kazan_/Art/Character/CHA_Model/Monster_Human/Elite/Elite_M/Animation/ESwordShield/ESwordShield_New/CA_ESwordShield_DamageGrapple_Atk_01,1.6,49,30,1,1.0,Original sequence time
EliteShield_SourceReferences,SourceSequence,/Game/_Art/Enemies/OtherRegions/Humanoids/EliteShield_SourceReferences/Animations/SourceSequences/A_EN_SRC_CA_ESwordShield_DamageGrapple_Atk_02,BBQ/Content/_Kazan_/Art/Character/CHA_Model/Monster_Human/Elite/Elite_M/Animation/ESwordShield/ESwordShield_New/CA_ESwordShield_DamageGrapple_Atk_02,1.1,34,30,1,1.0,Original sequence time
EliteShield_SourceReferences,SourceSequence,/Game/_Art/Enemies/OtherRegions/Humanoids/EliteShield_SourceReferences/Animations/SourceSequences/A_EN_SRC_CA_ESwordShield_DamageNormal_D_B,BBQ/Content/_Kazan_/Art/Character/CHA_Model/Monster_Human/Elite/Elite_M/Animation/ESwordShield/ESwordShield_New/CA_ESwordShield_DamageNormal_D_B,0.7,22,30,1,1.0,Original sequence time
EliteShield_SourceReferences,SourceSequence,/Game/_Art/Enemies/OtherRegions/Humanoids/EliteShield_SourceReferences/Animations/SourceSequences/A_EN_SRC_CA_ESwordShield_DamageNormal_D_F,BBQ/Content/_Kazan_/Art/Character/CHA_Model/Monster_Human/Elite/Elite_M/Animation/ESwordShield/ESwordShield_New/CA_ESwordShield_DamageNormal_D_F,0.7,22,30,1,1.0,Original sequence time
EliteShield_SourceReferences,SourceSequence,/Game/_Art/Enemies/OtherRegions/Humanoids/EliteShield_SourceReferences/Animations/SourceSequences/A_EN_SRC_CA_ESwordShield_DamageNormal_L_F,BBQ/Content/_Kazan_/Art/Character/CHA_Model/Monster_Human/Elite/Elite_M/Animation/ESwordShield/ESwordShield_New/CA_ESwordShield_DamageNormal_L_F,0.7,22,30,1,1.0,Original sequence time
EliteShield_SourceReferences,SourceSequence,/Game/_Art/Enemies/OtherRegions/Humanoids/EliteShield_SourceReferences/Animations/SourceSequences/A_EN_SRC_CA_ESwordShield_DamageNormal_R_F,BBQ/Content/_Kazan_/Art/Character/CHA_Model/Monster_Human/Elite/Elite_M/Animation/ESwordShield/ESwordShield_New/CA_ESwordShield_DamageNormal_R_F,0.7,22,30,1,1.0,Original sequence time
EliteShield_SourceReferences,SourceSequence,/Game/_Art/Enemies/OtherRegions/Humanoids/EliteShield_SourceReferences/Animations/SourceSequences/A_EN_SRC_CA_ESwordShield_DamageNormal_U_B,BBQ/Content/_Kazan_/Art/Character/CHA_Model/Monster_Human/Elite/Elite_M/Animation/ESwordShield/ESwordShield_New/CA_ESwordShield_DamageNormal_U_B,0.7,22,30,1,1.0,Original sequence time
EliteShield_SourceReferences,SourceSequence,/Game/_Art/Enemies/OtherRegions/Humanoids/EliteShield_SourceReferences/Animations/SourceSequences/A_EN_SRC_CA_ESwordShield_DamageNormal_U_F,BBQ/Content/_Kazan_/Art/Character/CHA_Model/Monster_Human/Elite/Elite_M/Animation/ESwordShield/ESwordShield_New/CA_ESwordShield_DamageNormal_U_F,0.7,22,30,1,1.0,Original sequence time
EliteShield_SourceReferences,SourceSequence,/Game/_Art/Enemies/OtherRegions/Humanoids/EliteShield_SourceReferences/Animations/SourceSequences/A_EN_SRC_CA_ESwordShield_DamageParry_F,BBQ/Content/_Kazan_/Art/Character/CHA_Model/Monster_Human/Elite/Elite_M/Animation/ESwordShield/ESwordShield_New/CA_ESwordShield_DamageParry_F,1.5,46,30,1,1.0,Original sequence time
EliteShield_SourceReferences,SourceSequence,/Game/_Art/Enemies/OtherRegions/Humanoids/EliteShield_SourceReferences/Animations/SourceSequences/A_EN_SRC_CA_ESwordShield_DamageStrong_D_F,BBQ/Content/_Kazan_/Art/Character/CHA_Model/Monster_Human/Elite/Elite_M/Animation/ESwordShield/ESwordShield_New/CA_ESwordShield_DamageStrong_D_F,1.1,34,30,1,1.0,Original sequence time
EliteShield_SourceReferences,SourceSequence,/Game/_Art/Enemies/OtherRegions/Humanoids/EliteShield_SourceReferences/Animations/SourceSequences/A_EN_SRC_CA_ESwordShield_DamageStrong_D_F2,BBQ/Content/_Kazan_/Art/Character/CHA_Model/Monster_Human/Elite/Elite_M/Animation/ESwordShield/ESwordShield_New/CA_ESwordShield_DamageStrong_D_F2,1.1,34,30,1,1.0,Original sequence time
EliteShield_SourceReferences,SourceSequence,/Game/_Art/Enemies/OtherRegions/Humanoids/EliteShield_SourceReferences/Animations/SourceSequences/A_EN_SRC_CA_ESwordShield_DamageStrong_L_F,BBQ/Content/_Kazan_/Art/Character/CHA_Model/Monster_Human/Elite/Elite_M/Animation/ESwordShield/ESwordShield_New/CA_ESwordShield_DamageStrong_L_F,1.1,34,30,1,1.0,Original sequence time
EliteShield_SourceReferences,SourceSequence,/Game/_Art/Enemies/OtherRegions/Humanoids/EliteShield_SourceReferences/Animations/SourceSequences/A_EN_SRC_CA_ESwordShield_DamageStrong_R_F,BBQ/Content/_Kazan_/Art/Character/CHA_Model/Monster_Human/Elite/Elite_M/Animation/ESwordShield/ESwordShield_New/CA_ESwordShield_DamageStrong_R_F,1.1,34,30,1,1.0,Original sequence time
EliteShield_SourceReferences,SourceSequence,/Game/_Art/Enemies/OtherRegions/Humanoids/EliteShield_SourceReferences/Animations/SourceSequences/A_EN_SRC_CA_ESwordShield_DamageStrong_U_F,BBQ/Content/_Kazan_/Art/Character/CHA_Model/Monster_Human/Elite/Elite_M/Animation/ESwordShield/ESwordShield_New/CA_ESwordShield_DamageStrong_U_F,1.0,31,30,1,1.0,Original sequence time
EliteShield_SourceReferences,SourceSequence,/Game/_Art/Enemies/OtherRegions/Humanoids/EliteShield_SourceReferences/Animations/SourceSequences/A_EN_SRC_CA_ESwordShield_DamageWeak_D_F,BBQ/Content/_Kazan_/Art/Character/CHA_Model/Monster_Human/Elite/Elite_M/Animation/ESwordShield/ESwordShield_New/CA_ESwordShield_DamageWeak_D_F,0.4,13,30,1,1.0,Original sequence time
EliteShield_SourceReferences,SourceSequence,/Game/_Art/Enemies/OtherRegions/Humanoids/EliteShield_SourceReferences/Animations/SourceSequences/A_EN_SRC_CA_ESwordShield_DamageWeak_L_F,BBQ/Content/_Kazan_/Art/Character/CHA_Model/Monster_Human/Elite/Elite_M/Animation/ESwordShield/ESwordShield_New/CA_ESwordShield_DamageWeak_L_F,0.4,13,30,1,1.0,Original sequence time
EliteShield_SourceReferences,SourceSequence,/Game/_Art/Enemies/OtherRegions/Humanoids/EliteShield_SourceReferences/Animations/SourceSequences/A_EN_SRC_CA_ESwordShield_DamageWeak_R_F,BBQ/Content/_Kazan_/Art/Character/CHA_Model/Monster_Human/Elite/Elite_M/Animation/ESwordShield/ESwordShield_New/CA_ESwordShield_DamageWeak_R_F,0.4,13,30,1,1.0,Original sequence time
EliteShield_SourceReferences,SourceSequence,/Game/_Art/Enemies/OtherRegions/Humanoids/EliteShield_SourceReferences/Animations/SourceSequences/A_EN_SRC_CA_ESwordShield_DamageWeak_U_F,BBQ/Content/_Kazan_/Art/Character/CHA_Model/Monster_Human/Elite/Elite_M/Animation/ESwordShield/ESwordShield_New/CA_ESwordShield_DamageWeak_U_F,0.4,13,30,1,1.0,Original sequence time
EliteShield_SourceReferences,SourceSequence,/Game/_Art/Enemies/OtherRegions/Humanoids/EliteShield_SourceReferences/Animations/SourceSequences/A_EN_SRC_CA_ESwordShield_Defence_Loop,BBQ/Content/_Kazan_/Art/Character/CHA_Model/Monster_Human/Elite/Elite_M/Animation/ESwordShield/ESwordShield_New/CA_ESwordShield_Defence_Loop,2.0,61,30,1,1.0,Original sequence time
EliteShield_SourceReferences,SourceSequence,/Game/_Art/Enemies/OtherRegions/Humanoids/EliteShield_SourceReferences/Animations/SourceSequences/A_EN_SRC_CA_ESwordShield_Die_F,BBQ/Content/_Kazan_/Art/Character/CHA_Model/Monster_Human/Elite/Elite_M/Animation/ESwordShield/ESwordShield_New/CA_ESwordShield_Die_F,3.0,91,30,1,1.0,Original sequence time
EliteShield_SourceReferences,SourceSequence,/Game/_Art/Enemies/OtherRegions/Humanoids/EliteShield_SourceReferences/Animations/SourceSequences/A_EN_SRC_CA_ESwordShield_Down_B_Loop,BBQ/Content/_Kazan_/Art/Character/CHA_Model/Monster_Human/Elite/Elite_M/Animation/ESwordShield/ESwordShield_New/CA_ESwordShield_Down_B_Loop,1.6,49,30,1,1.0,Original sequence time
EliteShield_SourceReferences,SourceSequence,/Game/_Art/Enemies/OtherRegions/Humanoids/EliteShield_SourceReferences/Animations/SourceSequences/A_EN_SRC_CA_ESwordShield_Down_F_Loop,BBQ/Content/_Kazan_/Art/Character/CHA_Model/Monster_Human/Elite/Elite_M/Animation/ESwordShield/ESwordShield_New/CA_ESwordShield_Down_F_Loop,1.6,49,30,1,1.0,Original sequence time
EliteShield_SourceReferences,SourceSequence,/Game/_Art/Enemies/OtherRegions/Humanoids/EliteShield_SourceReferences/Animations/SourceSequences/A_EN_SRC_CA_ESwordShield_Execution_Success,BBQ/Content/_Kazan_/Art/Character/CHA_Model/Monster_Human/Elite/Elite_M/Animation/ESwordShield/ESwordShield_New/CA_ESwordShield_Execution_Success,1.7,52,30,1,1.0,Original sequence time
EliteShield_SourceReferences,SourceSequence,/Game/_Art/Enemies/OtherRegions/Humanoids/EliteShield_SourceReferences/Animations/SourceSequences/A_EN_SRC_CA_ESwordShield_Getup_B,BBQ/Content/_Kazan_/Art/Character/CHA_Model/Monster_Human/Elite/Elite_M/Animation/ESwordShield/ESwordShield_New/CA_ESwordShield_Getup_B,1.8666667,57,30,1,1.0,Original sequence time
EliteShield_SourceReferences,SourceSequence,/Game/_Art/Enemies/OtherRegions/Humanoids/EliteShield_SourceReferences/Animations/SourceSequences/A_EN_SRC_CA_ESwordShield_Getup_F,BBQ/Content/_Kazan_/Art/Character/CHA_Model/Monster_Human/Elite/Elite_M/Animation/ESwordShield/ESwordShield_New/CA_ESwordShield_Getup_F,1.6666666,51,30,1,1.0,Original sequence time
EliteShield_SourceReferences,SourceSequence,/Game/_Art/Enemies/OtherRegions/Humanoids/EliteShield_SourceReferences/Animations/SourceSequences/A_EN_SRC_CA_ESwordShield_Groggy_F_End,BBQ/Content/_Kazan_/Art/Character/CHA_Model/Monster_Human/Elite/Elite_M/Animation/ESwordShield/ESwordShield_New/CA_ESwordShield_Groggy_F_End,1.3333334,41,30,1,1.0,Original sequence time
EliteShield_SourceReferences,SourceSequence,/Game/_Art/Enemies/OtherRegions/Humanoids/EliteShield_SourceReferences/Animations/SourceSequences/A_EN_SRC_CA_ESwordShield_Groggy_F_Loop,BBQ/Content/_Kazan_/Art/Character/CHA_Model/Monster_Human/Elite/Elite_M/Animation/ESwordShield/ESwordShield_New/CA_ESwordShield_Groggy_F_Loop,2.6666667,81,30,1,1.0,Original sequence time
EliteShield_SourceReferences,SourceSequence,/Game/_Art/Enemies/OtherRegions/Humanoids/EliteShield_SourceReferences/Animations/SourceSequences/A_EN_SRC_CA_ESwordShield_Groggy_F_Start,BBQ/Content/_Kazan_/Art/Character/CHA_Model/Monster_Human/Elite/Elite_M/Animation/ESwordShield/ESwordShield_New/CA_ESwordShield_Groggy_F_Start,1.1666666,36,30,1,1.0,Original sequence time
EliteShield_SourceReferences,SourceSequence,/Game/_Art/Enemies/OtherRegions/Humanoids/EliteShield_SourceReferences/Animations/SourceSequences/A_EN_SRC_CA_ESwordShield_Guard_Broken,BBQ/Content/_Kazan_/Art/Character/CHA_Model/Monster_Human/Elite/Elite_M/Animation/ESwordShield/ESwordShield_New/CA_ESwordShield_Guard_Broken,2.3333333,71,30,1,1.0,Original sequence time
EliteShield_SourceReferences,SourceSequence,/Game/_Art/Enemies/OtherRegions/Humanoids/EliteShield_SourceReferences/Animations/SourceSequences/A_EN_SRC_CA_ESwordShield_Guard_Counter,BBQ/Content/_Kazan_/Art/Character/CHA_Model/Monster_Human/Elite/Elite_M/Animation/ESwordShield/ESwordShield_New/CA_ESwordShield_Guard_Counter,3.1666667,96,30,1,1.0,Original sequence time
EliteShield_SourceReferences,SourceSequence,/Game/_Art/Enemies/OtherRegions/Humanoids/EliteShield_SourceReferences/Animations/SourceSequences/A_EN_SRC_CA_ESwordShield_Guard_End,BBQ/Content/_Kazan_/Art/Character/CHA_Model/Monster_Human/Elite/Elite_M/Animation/ESwordShield/ESwordShield_New/CA_ESwordShield_Guard_End,0.3,10,30,1,1.0,Original sequence time
EliteShield_SourceReferences,SourceSequence,/Game/_Art/Enemies/OtherRegions/Humanoids/EliteShield_SourceReferences/Animations/SourceSequences/A_EN_SRC_CA_ESwordShield_Guard_Hit,BBQ/Content/_Kazan_/Art/Character/CHA_Model/Monster_Human/Elite/Elite_M/Animation/ESwordShield/ESwordShield_New/CA_ESwordShield_Guard_Hit,0.6666667,21,30,1,1.0,Original sequence time
EliteShield_SourceReferences,SourceSequence,/Game/_Art/Enemies/OtherRegions/Humanoids/EliteShield_SourceReferences/Animations/SourceSequences/A_EN_SRC_CA_ESwordShield_Guard_Loop,BBQ/Content/_Kazan_/Art/Character/CHA_Model/Monster_Human/Elite/Elite_M/Animation/ESwordShield/ESwordShield_New/CA_ESwordShield_Guard_Loop,2.0,61,30,1,1.0,Original sequence time
EliteShield_SourceReferences,SourceSequence,/Game/_Art/Enemies/OtherRegions/Humanoids/EliteShield_SourceReferences/Animations/SourceSequences/A_EN_SRC_CA_ESwordShield_Guard_Start,BBQ/Content/_Kazan_/Art/Character/CHA_Model/Monster_Human/Elite/Elite_M/Animation/ESwordShield/ESwordShield_New/CA_ESwordShield_Guard_Start,0.16666667,6,30,1,1.0,Original sequence time
EliteShield_SourceReferences,SourceSequence,/Game/_Art/Enemies/OtherRegions/Humanoids/EliteShield_SourceReferences/Animations/SourceSequences/A_EN_SRC_CA_ESwordShield_LockOnWalk_B,BBQ/Content/_Kazan_/Art/Character/CHA_Model/Monster_Human/Elite/Elite_M/Animation/ESwordShield/ESwordShield_New/CA_ESwordShield_LockOnWalk_B,1.3333334,41,30,1,1.0,Original sequence time
EliteShield_SourceReferences,SourceSequence,/Game/_Art/Enemies/OtherRegions/Humanoids/EliteShield_SourceReferences/Animations/SourceSequences/A_EN_SRC_CA_ESwordShield_LockOnWalk_F,BBQ/Content/_Kazan_/Art/Character/CHA_Model/Monster_Human/Elite/Elite_M/Animation/ESwordShield/ESwordShield_New/CA_ESwordShield_LockOnWalk_F,1.3333334,41,30,1,1.0,Original sequence time
EliteShield_SourceReferences,SourceSequence,/Game/_Art/Enemies/OtherRegions/Humanoids/EliteShield_SourceReferences/Animations/SourceSequences/A_EN_SRC_CA_ESwordShield_LockOnWalk_L,BBQ/Content/_Kazan_/Art/Character/CHA_Model/Monster_Human/Elite/Elite_M/Animation/ESwordShield/ESwordShield_New/CA_ESwordShield_LockOnWalk_L,1.3333334,41,30,1,1.0,Original sequence time
EliteShield_SourceReferences,SourceSequence,/Game/_Art/Enemies/OtherRegions/Humanoids/EliteShield_SourceReferences/Animations/SourceSequences/A_EN_SRC_CA_ESwordShield_LockOnWalk_R,BBQ/Content/_Kazan_/Art/Character/CHA_Model/Monster_Human/Elite/Elite_M/Animation/ESwordShield/ESwordShield_New/CA_ESwordShield_LockOnWalk_R,1.3333334,41,30,1,1.0,Original sequence time
EliteShield_SourceReferences,SourceSequence,/Game/_Art/Enemies/OtherRegions/Humanoids/EliteShield_SourceReferences/Animations/SourceSequences/A_EN_SRC_CA_ESwordShield_NoBattle_Basic_LoopEnd_01,BBQ/Content/_Kazan_/Art/Character/CHA_Model/Monster_Human/Elite/Elite_M/Animation/ESwordShield/ESwordShield_New/CA_ESwordShield_NoBattle_Basic_LoopEnd_01,1.0,31,30,1,1.0,Original sequence time
EliteShield_SourceReferences,SourceSequence,/Game/_Art/Enemies/OtherRegions/Humanoids/EliteShield_SourceReferences/Animations/SourceSequences/A_EN_SRC_CA_ESwordShield_NoBattle_Basic_Loop_01,BBQ/Content/_Kazan_/Art/Character/CHA_Model/Monster_Human/Elite/Elite_M/Animation/ESwordShield/ESwordShield_New/CA_ESwordShield_NoBattle_Basic_Loop_01,13.133333,395,30,1,1.0,Original sequence time
EliteShield_SourceReferences,SourceSequence,/Game/_Art/Enemies/OtherRegions/Humanoids/EliteShield_SourceReferences/Animations/SourceSequences/A_EN_SRC_CA_ESwordShield_NoBattle_Basic_Talk_01,BBQ/Content/_Kazan_/Art/Character/CHA_Model/Monster_Human/Elite/Elite_M/Animation/ESwordShield/ESwordShield_New/CA_ESwordShield_NoBattle_Basic_Talk_01,12.4,373,30,1,1.0,Original sequence time
EliteShield_SourceReferences,SourceSequence,/Game/_Art/Enemies/OtherRegions/Humanoids/EliteShield_SourceReferences/Animations/SourceSequences/A_EN_SRC_CA_ESwordShield_NoBattle_Basic_Talk_End_01,BBQ/Content/_Kazan_/Art/Character/CHA_Model/Monster_Human/Elite/Elite_M/Animation/ESwordShield/ESwordShield_New/CA_ESwordShield_NoBattle_Basic_Talk_End_01,0.8,25,30,1,1.0,Original sequence time
EliteShield_SourceReferences,SourceSequence,/Game/_Art/Enemies/OtherRegions/Humanoids/EliteShield_SourceReferences/Animations/SourceSequences/A_EN_SRC_CA_ESwordShield_Run_F,BBQ/Content/_Kazan_/Art/Character/CHA_Model/Monster_Human/Elite/Elite_M/Animation/ESwordShield/ESwordShield_New/CA_ESwordShield_Run_F,0.6666667,21,30,1,1.0,Original sequence time
EliteShield_SourceReferences,SourceSequence,/Game/_Art/Enemies/OtherRegions/Humanoids/EliteShield_SourceReferences/Animations/SourceSequences/A_EN_SRC_CA_ESwordShield_ShieldSmash,BBQ/Content/_Kazan_/Art/Character/CHA_Model/Monster_Human/Elite/Elite_M/Animation/ESwordShield/ESwordShield_New/CA_ESwordShield_ShieldSmash,1.7666667,54,30,1,1.0,Original sequence time
EliteShield_SourceReferences,SourceSequence,/Game/_Art/Enemies/OtherRegions/Humanoids/EliteShield_SourceReferences/Animations/SourceSequences/A_EN_SRC_CA_ESwordShield_ShieldStamp,BBQ/Content/_Kazan_/Art/Character/CHA_Model/Monster_Human/Elite/Elite_M/Animation/ESwordShield/ESwordShield_New/CA_ESwordShield_ShieldStamp,2.4,73,30,1,1.0,Original sequence time
EliteShield_SourceReferences,SourceSequence,/Game/_Art/Enemies/OtherRegions/Humanoids/EliteShield_SourceReferences/Animations/SourceSequences/A_EN_SRC_CA_ESwordShield_ShiledCrash,BBQ/Content/_Kazan_/Art/Character/CHA_Model/Monster_Human/Elite/Elite_M/Animation/ESwordShield/ESwordShield_New/CA_ESwordShield_ShiledCrash,2.2333333,68,30,1,1.0,Original sequence time
EliteShield_SourceReferences,SourceSequence,/Game/_Art/Enemies/OtherRegions/Humanoids/EliteShield_SourceReferences/Animations/SourceSequences/A_EN_SRC_CA_ESwordShield_Stand_F,BBQ/Content/_Kazan_/Art/Character/CHA_Model/Monster_Human/Elite/Elite_M/Animation/ESwordShield/ESwordShield_New/CA_ESwordShield_Stand_F,2.0,61,30,1,1.0,Original sequence time
EliteShield_SourceReferences,SourceSequence,/Game/_Art/Enemies/OtherRegions/Humanoids/EliteShield_SourceReferences/Animations/SourceSequences/A_EN_SRC_CA_ESwordShield_SwordSting_Step1,BBQ/Content/_Kazan_/Art/Character/CHA_Model/Monster_Human/Elite/Elite_M/Animation/ESwordShield/ESwordShield_New/CA_ESwordShield_SwordSting_Step1,0.73333335,23,30,1,1.0,Original sequence time
EliteShield_SourceReferences,SourceSequence,/Game/_Art/Enemies/OtherRegions/Humanoids/EliteShield_SourceReferences/Animations/SourceSequences/A_EN_SRC_CA_ESwordShield_SwordSting_Step2,BBQ/Content/_Kazan_/Art/Character/CHA_Model/Monster_Human/Elite/Elite_M/Animation/ESwordShield/ESwordShield_New/CA_ESwordShield_SwordSting_Step2,1.0,31,30,1,1.0,Original sequence time
EliteShield_SourceReferences,SourceSequence,/Game/_Art/Enemies/OtherRegions/Humanoids/EliteShield_SourceReferences/Animations/SourceSequences/A_EN_SRC_CA_ESwordShield_SwordSting_Step3_1,BBQ/Content/_Kazan_/Art/Character/CHA_Model/Monster_Human/Elite/Elite_M/Animation/ESwordShield/ESwordShield_New/CA_ESwordShield_SwordSting_Step3_1,2.5666666,78,30,1,1.0,Original sequence time
EliteShield_SourceReferences,SourceSequence,/Game/_Art/Enemies/OtherRegions/Humanoids/EliteShield_SourceReferences/Animations/SourceSequences/A_EN_SRC_CA_ESwordShield_SwordSting_Step3_2,BBQ/Content/_Kazan_/Art/Character/CHA_Model/Monster_Human/Elite/Elite_M/Animation/ESwordShield/ESwordShield_New/CA_ESwordShield_SwordSting_Step3_2,1.7666667,54,30,1,1.0,Original sequence time
EliteShield_SourceReferences,SourceSequence,/Game/_Art/Enemies/OtherRegions/Humanoids/EliteShield_SourceReferences/Animations/SourceSequences/A_EN_SRC_CA_ESwordShield_SwordSting_Step3_3,BBQ/Content/_Kazan_/Art/Character/CHA_Model/Monster_Human/Elite/Elite_M/Animation/ESwordShield/ESwordShield_New/CA_ESwordShield_SwordSting_Step3_3,2.0333333,62,30,1,1.0,Original sequence time
EliteShield_SourceReferences,SourceSequence,/Game/_Art/Enemies/OtherRegions/Humanoids/EliteShield_SourceReferences/Animations/SourceSequences/A_EN_SRC_CA_ESwordShield_SwordSting_Stop,BBQ/Content/_Kazan_/Art/Character/CHA_Model/Monster_Human/Elite/Elite_M/Animation/ESwordShield/ESwordShield_New/CA_ESwordShield_SwordSting_Stop,1.0,31,30,1,1.0,Original sequence time
EliteShield_SourceReferences,SourceSequence,/Game/_Art/Enemies/OtherRegions/Humanoids/EliteShield_SourceReferences/Animations/SourceSequences/A_EN_SRC_CA_ESwordShield_SwordSwing_01_Step1,BBQ/Content/_Kazan_/Art/Character/CHA_Model/Monster_Human/Elite/Elite_M/Animation/ESwordShield/ESwordShield_New/CA_ESwordShield_SwordSwing_01_Step1,2.0666666,63,30,1,1.0,Original sequence time
EliteShield_SourceReferences,SourceSequence,/Game/_Art/Enemies/OtherRegions/Humanoids/EliteShield_SourceReferences/Animations/SourceSequences/A_EN_SRC_CA_ESwordShield_SwordSwing_01_Step2,BBQ/Content/_Kazan_/Art/Character/CHA_Model/Monster_Human/Elite/Elite_M/Animation/ESwordShield/ESwordShield_New/CA_ESwordShield_SwordSwing_01_Step2,1.8333334,56,30,1,1.0,Original sequence time
EliteShield_SourceReferences,SourceSequence,/Game/_Art/Enemies/OtherRegions/Humanoids/EliteShield_SourceReferences/Animations/SourceSequences/A_EN_SRC_CA_ESwordShield_SwordSwing_01_Step3,BBQ/Content/_Kazan_/Art/Character/CHA_Model/Monster_Human/Elite/Elite_M/Animation/ESwordShield/ESwordShield_New/CA_ESwordShield_SwordSwing_01_Step3,2.0333333,62,30,1,1.0,Original sequence time
EliteShield_SourceReferences,SourceSequence,/Game/_Art/Enemies/OtherRegions/Humanoids/EliteShield_SourceReferences/Animations/SourceSequences/A_EN_SRC_CA_ESwordShield_SwordSwing_01_Step4,BBQ/Content/_Kazan_/Art/Character/CHA_Model/Monster_Human/Elite/Elite_M/Animation/ESwordShield/ESwordShield_New/CA_ESwordShield_SwordSwing_01_Step4,2.9666667,90,30,1,1.0,Original sequence time
EliteShield_SourceReferences,SourceSequence,/Game/_Art/Enemies/OtherRegions/Humanoids/EliteShield_SourceReferences/Animations/SourceSequences/A_EN_SRC_CA_ESwordShield_SwordSwing_02_Step1,BBQ/Content/_Kazan_/Art/Character/CHA_Model/Monster_Human/Elite/Elite_M/Animation/ESwordShield/ESwordShield_New/CA_ESwordShield_SwordSwing_02_Step1,2.0333333,62,30,1,1.0,Original sequence time
EliteShield_SourceReferences,SourceSequence,/Game/_Art/Enemies/OtherRegions/Humanoids/EliteShield_SourceReferences/Animations/SourceSequences/A_EN_SRC_CA_ESwordShield_SwordSwing_02_Step2,BBQ/Content/_Kazan_/Art/Character/CHA_Model/Monster_Human/Elite/Elite_M/Animation/ESwordShield/ESwordShield_New/CA_ESwordShield_SwordSwing_02_Step2,1.9,58,30,1,1.0,Original sequence time
EliteShield_SourceReferences,SourceSequence,/Game/_Art/Enemies/OtherRegions/Humanoids/EliteShield_SourceReferences/Animations/SourceSequences/A_EN_SRC_CA_ESwordShield_SwordSwing_03_Step1,BBQ/Content/_Kazan_/Art/Character/CHA_Model/Monster_Human/Elite/Elite_M/Animation/ESwordShield/ESwordShield_New/CA_ESwordShield_SwordSwing_03_Step1,2.5,76,30,1,1.0,Original sequence time
EliteShield_SourceReferences,SourceSequence,/Game/_Art/Enemies/OtherRegions/Humanoids/EliteShield_SourceReferences/Animations/SourceSequences/A_EN_SRC_CA_ESwordShield_SwordSwing_03_Step2,BBQ/Content/_Kazan_/Art/Character/CHA_Model/Monster_Human/Elite/Elite_M/Animation/ESwordShield/ESwordShield_New/CA_ESwordShield_SwordSwing_03_Step2,3.1666667,96,30,1,1.0,Original sequence time
EliteShield_SourceReferences,SourceSequence,/Game/_Art/Enemies/OtherRegions/Humanoids/EliteShield_SourceReferences/Animations/SourceSequences/A_EN_SRC_CA_ESwordShield_SwordSwing_03_Step3,BBQ/Content/_Kazan_/Art/Character/CHA_Model/Monster_Human/Elite/Elite_M/Animation/ESwordShield/ESwordShield_New/CA_ESwordShield_SwordSwing_03_Step3,2.6,79,30,1,1.0,Original sequence time
EliteShield_SourceReferences,SourceSequence,/Game/_Art/Enemies/OtherRegions/Humanoids/EliteShield_SourceReferences/Animations/SourceSequences/A_EN_SRC_CA_ESwordShield_SwordSwing_Turn_L,BBQ/Content/_Kazan_/Art/Character/CHA_Model/Monster_Human/Elite/Elite_M/Animation/ESwordShield/ESwordShield_New/CA_ESwordShield_SwordSwing_Turn_L,2.7333333,83,30,1,1.0,Original sequence time
EliteShield_SourceReferences,SourceSequence,/Game/_Art/Enemies/OtherRegions/Humanoids/EliteShield_SourceReferences/Animations/SourceSequences/A_EN_SRC_CA_ESwordShield_SwordSwing_Turn_R,BBQ/Content/_Kazan_/Art/Character/CHA_Model/Monster_Human/Elite/Elite_M/Animation/ESwordShield/ESwordShield_New/CA_ESwordShield_SwordSwing_Turn_R,2.2333333,68,30,1,1.0,Original sequence time
EliteShield_SourceReferences,SourceSequence,/Game/_Art/Enemies/OtherRegions/Humanoids/EliteShield_SourceReferences/Animations/SourceSequences/A_EN_SRC_CA_ESwordShield_Turn_L,BBQ/Content/_Kazan_/Art/Character/CHA_Model/Monster_Human/Elite/Elite_M/Animation/ESwordShield/ESwordShield_New/CA_ESwordShield_Turn_L,1.2,37,30,1,1.0,Original sequence time
EliteShield_SourceReferences,SourceSequence,/Game/_Art/Enemies/OtherRegions/Humanoids/EliteShield_SourceReferences/Animations/SourceSequences/A_EN_SRC_CA_ESwordShield_Turn_L_180,BBQ/Content/_Kazan_/Art/Character/CHA_Model/Monster_Human/Elite/Elite_M/Animation/ESwordShield/ESwordShield_New/CA_ESwordShield_Turn_L_180,2.0,61,30,1,1.0,Original sequence time
EliteShield_SourceReferences,SourceSequence,/Game/_Art/Enemies/OtherRegions/Humanoids/EliteShield_SourceReferences/Animations/SourceSequences/A_EN_SRC_CA_ESwordShield_Turn_R,BBQ/Content/_Kazan_/Art/Character/CHA_Model/Monster_Human/Elite/Elite_M/Animation/ESwordShield/ESwordShield_New/CA_ESwordShield_Turn_R,1.2,37,30,1,1.0,Original sequence time
EliteShield_SourceReferences,SourceSequence,/Game/_Art/Enemies/OtherRegions/Humanoids/EliteShield_SourceReferences/Animations/SourceSequences/A_EN_SRC_CA_ESwordShield_Turn_R_180,BBQ/Content/_Kazan_/Art/Character/CHA_Model/Monster_Human/Elite/Elite_M/Animation/ESwordShield/ESwordShield_New/CA_ESwordShield_Turn_R_180,2.0,61,30,1,1.0,Original sequence time
EliteShield_SourceReferences,SourceSequence,/Game/_Art/Enemies/OtherRegions/Humanoids/EliteShield_SourceReferences/Animations/SourceSequences/A_EN_SRC_CA_ESwordShield_Walk_F,BBQ/Content/_Kazan_/Art/Character/CHA_Model/Monster_Human/Elite/Elite_M/Animation/ESwordShield/ESwordShield_New/CA_ESwordShield_Walk_F,1.3333334,41,30,1,1.0,Original sequence time
EliteShield_SourceReferences,SourceSequence,/Game/_Art/Enemies/OtherRegions/Humanoids/EliteShield_SourceReferences/Animations/SourceSequences/A_EN_SRC_CA_M_Human_Elite_M_ESwordShield_Vigilant_FreakOut,BBQ/Content/_Kazan_/Art/Character/CHA_Model/Monster_Human/Elite/Elite_M/Animation/ESwordShield/ESwordShield_New/CA_M_Human_Elite_M_ESwordShield_Vigilant_FreakOut,1.8333334,56,30,1,1.0,Original sequence time
EliteShield_SourceReferences,SourceSequence,/Game/_Art/Enemies/OtherRegions/Humanoids/EliteShield_SourceReferences/Animations/SourceSequences/A_EN_SRC_CA_M_Human_Elite_M_ESwordShield_Vigilant_LookAround,BBQ/Content/_Kazan_/Art/Character/CHA_Model/Monster_Human/Elite/Elite_M/Animation/ESwordShield/ESwordShield_New/CA_M_Human_Elite_M_ESwordShield_Vigilant_LookAround,8.433333,254,30,1,1.0,Original sequence time
SharedSourceReferences,SourceSequence,/Game/_Art/Enemies/HeinMach/Humanoids/SharedSourceReferences/Animations/SourceSequences/A_EN_SRC_CA_M_Human_Elite_M_PicaClub_DamageFinalBlow,BBQ/Content/_Kazan_/Art/Character/CHA_Model/Monster_Human/Elite/Elite_M/Animation/PicaClub/CA_M_Human_Elite_M_PicaClub_DamageFinalBlow,5.5,166,30,1,1.0,Original sequence time
HalberdElite,SourceSequence,/Game/_Art/Enemies/HeinMach/Humanoids/HalberdElite/Animations/SourceSequences/A_EN_SRC_CA_M_EmpireHalberd_ChargeAttack_End,BBQ/Content/_Kazan_/Art/Character/CHA_Model/Monster_Human/Named/Halberd/Animation/CA_M_EmpireHalberd_ChargeAttack_End,2.9333334,89,30,1,1.0,Original sequence time
HalberdElite,SourceSequence,/Game/_Art/Enemies/HeinMach/Humanoids/HalberdElite/Animations/SourceSequences/A_EN_SRC_CA_M_EmpireHalberd_GuardAttack_01,BBQ/Content/_Kazan_/Art/Character/CHA_Model/Monster_Human/Named/Halberd/Animation/CA_M_EmpireHalberd_GuardAttack_01,2.1,64,30,1,1.0,Original sequence time
HalberdElite,SourceSequence,/Game/_Art/Enemies/HeinMach/Humanoids/HalberdElite/Animations/SourceSequences/A_EN_SRC_CA_M_EmpireHalberd_GuardAttack_02,BBQ/Content/_Kazan_/Art/Character/CHA_Model/Monster_Human/Named/Halberd/Animation/CA_M_EmpireHalberd_GuardAttack_02,1.7666667,54,30,1,1.0,Original sequence time
HalberdElite,SourceSequence,/Game/_Art/Enemies/HeinMach/Humanoids/HalberdElite/Animations/SourceSequences/A_EN_SRC_CA_M_EmpireHalberd_Smash_End,BBQ/Content/_Kazan_/Art/Character/CHA_Model/Monster_Human/Named/Halberd/Animation/CA_M_EmpireHalberd_Smash_End,2.6,79,30,1,1.0,Original sequence time
HalberdElite,SourceSequence,/Game/_Art/Enemies/HeinMach/Humanoids/HalberdElite/Animations/SourceSequences/A_EN_SRC_CA_M_EmpireHalberd_Smash_Start,BBQ/Content/_Kazan_/Art/Character/CHA_Model/Monster_Human/Named/Halberd/Animation/CA_M_EmpireHalberd_Smash_Start,2.3666666,72,30,1,1.0,Original sequence time
HalberdElite,SourceSequence,/Game/_Art/Enemies/HeinMach/Humanoids/HalberdElite/Animations/SourceSequences/A_EN_SRC_CA_M_EmpireHalberd_SprintSwing_End,BBQ/Content/_Kazan_/Art/Character/CHA_Model/Monster_Human/Named/Halberd/Animation/CA_M_EmpireHalberd_SprintSwing_End,2.0,61,30,1,1.0,Original sequence time
HalberdElite,SourceSequence,/Game/_Art/Enemies/HeinMach/Humanoids/HalberdElite/Animations/SourceSequences/A_EN_SRC_CA_M_EmpireHalberd_Swing_01,BBQ/Content/_Kazan_/Art/Character/CHA_Model/Monster_Human/Named/Halberd/Animation/CA_M_EmpireHalberd_Swing_01,2.2,67,30,1,1.0,Original sequence time
HalberdElite,SourceSequence,/Game/_Art/Enemies/HeinMach/Humanoids/HalberdElite/Animations/SourceSequences/A_EN_SRC_CA_M_EmpireHalberd_Swing_02,BBQ/Content/_Kazan_/Art/Character/CHA_Model/Monster_Human/Named/Halberd/Animation/CA_M_EmpireHalberd_Swing_02,3.9,118,30,1,1.0,Original sequence time
HalberdElite,SourceSequence,/Game/_Art/Enemies/HeinMach/Humanoids/HalberdElite/Animations/SourceSequences/A_EN_SRC_CA_M_EmpireHalberd_Swing_03,BBQ/Content/_Kazan_/Art/Character/CHA_Model/Monster_Human/Named/Halberd/Animation/CA_M_EmpireHalberd_Swing_03,3.4666667,105,30,1,1.0,Original sequence time
HalberdElite,SourceSequence,/Game/_Art/Enemies/HeinMach/Humanoids/HalberdElite/Animations/SourceSequences/A_EN_SRC_CA_M_Halberd_BackDash,BBQ/Content/_Kazan_/Art/Character/CHA_Model/Monster_Human/Named/Halberd/Animation/CA_M_Halberd_BackDash,1.0,31,30,1,1.0,Original sequence time
HalberdElite,SourceSequence,/Game/_Art/Enemies/HeinMach/Humanoids/HalberdElite/Animations/SourceSequences/A_EN_SRC_CA_M_Halberd_ChargeAttack_End,BBQ/Content/_Kazan_/Art/Character/CHA_Model/Monster_Human/Named/Halberd/Animation/CA_M_Halberd_ChargeAttack_End,2.9333334,89,30,1,1.0,Original sequence time
HalberdElite,SourceSequence,/Game/_Art/Enemies/HeinMach/Humanoids/HalberdElite/Animations/SourceSequences/A_EN_SRC_CA_M_Halberd_ChargeAttack_Loop,BBQ/Content/_Kazan_/Art/Character/CHA_Model/Monster_Human/Named/Halberd/Animation/CA_M_Halberd_ChargeAttack_Loop,0.6,19,30,1,1.0,Original sequence time
HalberdElite,SourceSequence,/Game/_Art/Enemies/HeinMach/Humanoids/HalberdElite/Animations/SourceSequences/A_EN_SRC_CA_M_Halberd_ChargeAttack_Start,BBQ/Content/_Kazan_/Art/Character/CHA_Model/Monster_Human/Named/Halberd/Animation/CA_M_Halberd_ChargeAttack_Start,1.4666667,45,30,1,1.0,Original sequence time
HalberdElite,SourceSequence,/Game/_Art/Enemies/HeinMach/Humanoids/HalberdElite/Animations/SourceSequences/A_EN_SRC_CA_M_Halberd_DamFinalBlow,BBQ/Content/_Kazan_/Art/Character/CHA_Model/Monster_Human/Named/Halberd/Animation/CA_M_Halberd_DamFinalBlow,2.2,67,30,1,1.0,Original sequence time
HalberdElite,SourceSequence,/Game/_Art/Enemies/HeinMach/Humanoids/HalberdElite/Animations/SourceSequences/A_EN_SRC_CA_M_Halberd_DamageAir_B,BBQ/Content/_Kazan_/Art/Character/CHA_Model/Monster_Human/Named/Halberd/Animation/CA_M_Halberd_DamageAir_B,1.3333334,41,30,1,1.0,Original sequence time
HalberdElite,SourceSequence,/Game/_Art/Enemies/HeinMach/Humanoids/HalberdElite/Animations/SourceSequences/A_EN_SRC_CA_M_Halberd_DamageAir_F,BBQ/Content/_Kazan_/Art/Character/CHA_Model/Monster_Human/Named/Halberd/Animation/CA_M_Halberd_DamageAir_F,1.3333334,41,30,1,1.0,Original sequence time
HalberdElite,SourceSequence,/Game/_Art/Enemies/HeinMach/Humanoids/HalberdElite/Animations/SourceSequences/A_EN_SRC_CA_M_Halberd_DamageGrapple_Atk_01,BBQ/Content/_Kazan_/Art/Character/CHA_Model/Monster_Human/Named/Halberd/Animation/CA_M_Halberd_DamageGrapple_Atk_01,1.5,46,30,1,1.0,Original sequence time
HalberdElite,SourceSequence,/Game/_Art/Enemies/HeinMach/Humanoids/HalberdElite/Animations/SourceSequences/A_EN_SRC_CA_M_Halberd_DamageGrapple_Atk_02,BBQ/Content/_Kazan_/Art/Character/CHA_Model/Monster_Human/Named/Halberd/Animation/CA_M_Halberd_DamageGrapple_Atk_02,1.2,37,30,1,1.0,Original sequence time
HalberdElite,SourceSequence,/Game/_Art/Enemies/HeinMach/Humanoids/HalberdElite/Animations/SourceSequences/A_EN_SRC_CA_M_Halberd_DamageGrapple_Atk_B_01,BBQ/Content/_Kazan_/Art/Character/CHA_Model/Monster_Human/Named/Halberd/Animation/CA_M_Halberd_DamageGrapple_Atk_B_01,1.3333334,41,30,1,1.0,Original sequence time
HalberdElite,SourceSequence,/Game/_Art/Enemies/HeinMach/Humanoids/HalberdElite/Animations/SourceSequences/A_EN_SRC_CA_M_Halberd_DamageGrapple_Atk_B_02,BBQ/Content/_Kazan_/Art/Character/CHA_Model/Monster_Human/Named/Halberd/Animation/CA_M_Halberd_DamageGrapple_Atk_B_02,2.5,76,30,1,1.0,Original sequence time
HalberdElite,SourceSequence,/Game/_Art/Enemies/HeinMach/Humanoids/HalberdElite/Animations/SourceSequences/A_EN_SRC_CA_M_Halberd_DamageNormal_D_B,BBQ/Content/_Kazan_/Art/Character/CHA_Model/Monster_Human/Named/Halberd/Animation/CA_M_Halberd_DamageNormal_D_B,0.76666665,24,30,1,1.0,Original sequence time
HalberdElite,SourceSequence,/Game/_Art/Enemies/HeinMach/Humanoids/HalberdElite/Animations/SourceSequences/A_EN_SRC_CA_M_Halberd_DamageNormal_L_F,BBQ/Content/_Kazan_/Art/Character/CHA_Model/Monster_Human/Named/Halberd/Animation/CA_M_Halberd_DamageNormal_L_F,0.76666665,24,30,1,1.0,Original sequence time
HalberdElite,SourceSequence,/Game/_Art/Enemies/HeinMach/Humanoids/HalberdElite/Animations/SourceSequences/A_EN_SRC_CA_M_Halberd_DamageNormal_R_F,BBQ/Content/_Kazan_/Art/Character/CHA_Model/Monster_Human/Named/Halberd/Animation/CA_M_Halberd_DamageNormal_R_F,0.76666665,24,30,1,1.0,Original sequence time
HalberdElite,SourceSequence,/Game/_Art/Enemies/HeinMach/Humanoids/HalberdElite/Animations/SourceSequences/A_EN_SRC_CA_M_Halberd_DamageNormal_U_B,BBQ/Content/_Kazan_/Art/Character/CHA_Model/Monster_Human/Named/Halberd/Animation/CA_M_Halberd_DamageNormal_U_B,0.76666665,24,30,1,1.0,Original sequence time
HalberdElite,SourceSequence,/Game/_Art/Enemies/HeinMach/Humanoids/HalberdElite/Animations/SourceSequences/A_EN_SRC_CA_M_Halberd_DamageNormal_U_F,BBQ/Content/_Kazan_/Art/Character/CHA_Model/Monster_Human/Named/Halberd/Animation/CA_M_Halberd_DamageNormal_U_F,0.76666665,24,30,1,1.0,Original sequence time
HalberdElite,SourceSequence,/Game/_Art/Enemies/HeinMach/Humanoids/HalberdElite/Animations/SourceSequences/A_EN_SRC_CA_M_Halberd_DamageParry_F,BBQ/Content/_Kazan_/Art/Character/CHA_Model/Monster_Human/Named/Halberd/Animation/CA_M_Halberd_DamageParry_F,1.5,46,30,1,1.0,Original sequence time
HalberdElite,SourceSequence,/Game/_Art/Enemies/HeinMach/Humanoids/HalberdElite/Animations/SourceSequences/A_EN_SRC_CA_M_Halberd_DamageStrong_D_F,BBQ/Content/_Kazan_/Art/Character/CHA_Model/Monster_Human/Named/Halberd/Animation/CA_M_Halberd_DamageStrong_D_F,1.1,34,30,1,1.0,Original sequence time
HalberdElite,SourceSequence,/Game/_Art/Enemies/HeinMach/Humanoids/HalberdElite/Animations/SourceSequences/A_EN_SRC_CA_M_Halberd_DamageStrong_D_F2,BBQ/Content/_Kazan_/Art/Character/CHA_Model/Monster_Human/Named/Halberd/Animation/CA_M_Halberd_DamageStrong_D_F2,1.1,34,30,1,1.0,Original sequence time
HalberdElite,SourceSequence,/Game/_Art/Enemies/HeinMach/Humanoids/HalberdElite/Animations/SourceSequences/A_EN_SRC_CA_M_Halberd_DamageStrong_L_F,BBQ/Content/_Kazan_/Art/Character/CHA_Model/Monster_Human/Named/Halberd/Animation/CA_M_Halberd_DamageStrong_L_F,1.1,34,30,1,1.0,Original sequence time
HalberdElite,SourceSequence,/Game/_Art/Enemies/HeinMach/Humanoids/HalberdElite/Animations/SourceSequences/A_EN_SRC_CA_M_Halberd_DamageStrong_R_F,BBQ/Content/_Kazan_/Art/Character/CHA_Model/Monster_Human/Named/Halberd/Animation/CA_M_Halberd_DamageStrong_R_F,1.1,34,30,1,1.0,Original sequence time
HalberdElite,SourceSequence,/Game/_Art/Enemies/HeinMach/Humanoids/HalberdElite/Animations/SourceSequences/A_EN_SRC_CA_M_Halberd_DamageStrong_U_F,BBQ/Content/_Kazan_/Art/Character/CHA_Model/Monster_Human/Named/Halberd/Animation/CA_M_Halberd_DamageStrong_U_F,1.1,34,30,1,1.0,Original sequence time
HalberdElite,SourceSequence,/Game/_Art/Enemies/HeinMach/Humanoids/HalberdElite/Animations/SourceSequences/A_EN_SRC_CA_M_Halberd_DamageWeak_D_F,BBQ/Content/_Kazan_/Art/Character/CHA_Model/Monster_Human/Named/Halberd/Animation/CA_M_Halberd_DamageWeak_D_F,0.4,13,30,1,1.0,Original sequence time
HalberdElite,SourceSequence,/Game/_Art/Enemies/HeinMach/Humanoids/HalberdElite/Animations/SourceSequences/A_EN_SRC_CA_M_Halberd_DamageWeak_L_F,BBQ/Content/_Kazan_/Art/Character/CHA_Model/Monster_Human/Named/Halberd/Animation/CA_M_Halberd_DamageWeak_L_F,0.4,13,30,1,1.0,Original sequence time
HalberdElite,SourceSequence,/Game/_Art/Enemies/HeinMach/Humanoids/HalberdElite/Animations/SourceSequences/A_EN_SRC_CA_M_Halberd_DamageWeak_R_F,BBQ/Content/_Kazan_/Art/Character/CHA_Model/Monster_Human/Named/Halberd/Animation/CA_M_Halberd_DamageWeak_R_F,0.4,13,30,1,1.0,Original sequence time
HalberdElite,SourceSequence,/Game/_Art/Enemies/HeinMach/Humanoids/HalberdElite/Animations/SourceSequences/A_EN_SRC_CA_M_Halberd_DamageWeak_U_F,BBQ/Content/_Kazan_/Art/Character/CHA_Model/Monster_Human/Named/Halberd/Animation/CA_M_Halberd_DamageWeak_U_F,0.4,13,30,1,1.0,Original sequence time
HalberdElite,SourceSequence,/Game/_Art/Enemies/HeinMach/Humanoids/HalberdElite/Animations/SourceSequences/A_EN_SRC_CA_M_Halberd_Die_F,BBQ/Content/_Kazan_/Art/Character/CHA_Model/Monster_Human/Named/Halberd/Animation/CA_M_Halberd_Die_F,3.9,118,30,1,1.0,Original sequence time
HalberdElite,SourceSequence,/Game/_Art/Enemies/HeinMach/Humanoids/HalberdElite/Animations/SourceSequences/A_EN_SRC_CA_M_Halberd_DownUpperSlash_01,BBQ/Content/_Kazan_/Art/Character/CHA_Model/Monster_Human/Named/Halberd/Animation/CA_M_Halberd_DownUpperSlash_01,2.4333334,74,30,1,1.0,Original sequence time
HalberdElite,SourceSequence,/Game/_Art/Enemies/HeinMach/Humanoids/HalberdElite/Animations/SourceSequences/A_EN_SRC_CA_M_Halberd_DownUpperSlash_02,BBQ/Content/_Kazan_/Art/Character/CHA_Model/Monster_Human/Named/Halberd/Animation/CA_M_Halberd_DownUpperSlash_02,1.6666666,51,30,1,1.0,Original sequence time
HalberdElite,SourceSequence,/Game/_Art/Enemies/HeinMach/Humanoids/HalberdElite/Animations/SourceSequences/A_EN_SRC_CA_M_Halberd_Down_B_Loop,BBQ/Content/_Kazan_/Art/Character/CHA_Model/Monster_Human/Named/Halberd/Animation/CA_M_Halberd_Down_B_Loop,1.6,49,30,1,1.0,Original sequence time
HalberdElite,SourceSequence,/Game/_Art/Enemies/HeinMach/Humanoids/HalberdElite/Animations/SourceSequences/A_EN_SRC_CA_M_Halberd_Down_F_Loop,BBQ/Content/_Kazan_/Art/Character/CHA_Model/Monster_Human/Named/Halberd/Animation/CA_M_Halberd_Down_F_Loop,1.3333334,41,30,1,1.0,Original sequence time
HalberdElite,SourceSequence,/Game/_Art/Enemies/HeinMach/Humanoids/HalberdElite/Animations/SourceSequences/A_EN_SRC_CA_M_Halberd_FreakOutWithWeapon,BBQ/Content/_Kazan_/Art/Character/CHA_Model/Monster_Human/Named/Halberd/Animation/CA_M_Halberd_FreakOutWithWeapon,1.2666667,39,30,1,1.0,Original sequence time
HalberdElite,SourceSequence,/Game/_Art/Enemies/HeinMach/Humanoids/HalberdElite/Animations/SourceSequences/A_EN_SRC_CA_M_Halberd_Getup_B,BBQ/Content/_Kazan_/Art/Character/CHA_Model/Monster_Human/Named/Halberd/Animation/CA_M_Halberd_Getup_B,1.6,49,30,1,1.0,Original sequence time
HalberdElite,SourceSequence,/Game/_Art/Enemies/HeinMach/Humanoids/HalberdElite/Animations/SourceSequences/A_EN_SRC_CA_M_Halberd_Getup_F,BBQ/Content/_Kazan_/Art/Character/CHA_Model/Monster_Human/Named/Halberd/Animation/CA_M_Halberd_Getup_F,1.4,43,30,1,1.0,Original sequence time
HalberdElite,SourceSequence,/Game/_Art/Enemies/HeinMach/Humanoids/HalberdElite/Animations/SourceSequences/A_EN_SRC_CA_M_Halberd_Groggy_F_End,BBQ/Content/_Kazan_/Art/Character/CHA_Model/Monster_Human/Named/Halberd/Animation/CA_M_Halberd_Groggy_F_End,2.2333333,68,30,1,1.0,Original sequence time
HalberdElite,SourceSequence,/Game/_Art/Enemies/HeinMach/Humanoids/HalberdElite/Animations/SourceSequences/A_EN_SRC_CA_M_Halberd_Groggy_F_Loop,BBQ/Content/_Kazan_/Art/Character/CHA_Model/Monster_Human/Named/Halberd/Animation/CA_M_Halberd_Groggy_F_Loop,2.1666667,66,30,1,1.0,Original sequence time
HalberdElite,SourceSequence,/Game/_Art/Enemies/HeinMach/Humanoids/HalberdElite/Animations/SourceSequences/A_EN_SRC_CA_M_Halberd_Groggy_F_Start,BBQ/Content/_Kazan_/Art/Character/CHA_Model/Monster_Human/Named/Halberd/Animation/CA_M_Halberd_Groggy_F_Start,1.2666667,39,30,1,1.0,Original sequence time
HalberdElite,SourceSequence,/Game/_Art/Enemies/HeinMach/Humanoids/HalberdElite/Animations/SourceSequences/A_EN_SRC_CA_M_Halberd_Guard_F_End,BBQ/Content/_Kazan_/Art/Character/CHA_Model/Monster_Human/Named/Halberd/Animation/CA_M_Halberd_Guard_F_End,0.96666664,30,30,1,1.0,Original sequence time
HalberdElite,SourceSequence,/Game/_Art/Enemies/HeinMach/Humanoids/HalberdElite/Animations/SourceSequences/A_EN_SRC_CA_M_Halberd_Guard_F_Guard_F_Brk,BBQ/Content/_Kazan_/Art/Character/CHA_Model/Monster_Human/Named/Halberd/Animation/CA_M_Halberd_Guard_F_Guard_F_Brk,1.0666667,33,30,1,1.0,Original sequence time
HalberdElite,SourceSequence,/Game/_Art/Enemies/HeinMach/Humanoids/HalberdElite/Animations/SourceSequences/A_EN_SRC_CA_M_Halberd_Guard_F_Guard_F_Suc,BBQ/Content/_Kazan_/Art/Character/CHA_Model/Monster_Human/Named/Halberd/Animation/CA_M_Halberd_Guard_F_Guard_F_Suc,1.0,31,30,1,1.0,Original sequence time
HalberdElite,SourceSequence,/Game/_Art/Enemies/HeinMach/Humanoids/HalberdElite/Animations/SourceSequences/A_EN_SRC_CA_M_Halberd_Guard_F_Loop,BBQ/Content/_Kazan_/Art/Character/CHA_Model/Monster_Human/Named/Halberd/Animation/CA_M_Halberd_Guard_F_Loop,1.1,34,30,1,1.0,Original sequence time
HalberdElite,SourceSequence,/Game/_Art/Enemies/HeinMach/Humanoids/HalberdElite/Animations/SourceSequences/A_EN_SRC_CA_M_Halberd_Guard_F_Start,BBQ/Content/_Kazan_/Art/Character/CHA_Model/Monster_Human/Named/Halberd/Animation/CA_M_Halberd_Guard_F_Start,0.43333334,14,30,1,1.0,Original sequence time
HalberdElite,SourceSequence,/Game/_Art/Enemies/HeinMach/Humanoids/HalberdElite/Animations/SourceSequences/A_EN_SRC_CA_M_Halberd_LOD_Pose,BBQ/Content/_Kazan_/Art/Character/CHA_Model/Monster_Human/Named/Halberd/Animation/CA_M_Halberd_LOD_Pose,0.033333335,2,30,1,1.0,Original sequence time
HalberdElite,SourceSequence,/Game/_Art/Enemies/HeinMach/Humanoids/HalberdElite/Animations/SourceSequences/A_EN_SRC_CA_M_Halberd_LockOnWalk_B,BBQ/Content/_Kazan_/Art/Character/CHA_Model/Monster_Human/Named/Halberd/Animation/CA_M_Halberd_LockOnWalk_B,1.6666666,51,30,1,1.0,Original sequence time
HalberdElite,SourceSequence,/Game/_Art/Enemies/HeinMach/Humanoids/HalberdElite/Animations/SourceSequences/A_EN_SRC_CA_M_Halberd_LockOnWalk_F,BBQ/Content/_Kazan_/Art/Character/CHA_Model/Monster_Human/Named/Halberd/Animation/CA_M_Halberd_LockOnWalk_F,1.6666666,51,30,1,1.0,Original sequence time
HalberdElite,SourceSequence,/Game/_Art/Enemies/HeinMach/Humanoids/HalberdElite/Animations/SourceSequences/A_EN_SRC_CA_M_Halberd_LockOnWalk_L,BBQ/Content/_Kazan_/Art/Character/CHA_Model/Monster_Human/Named/Halberd/Animation/CA_M_Halberd_LockOnWalk_L,1.6666666,51,30,1,1.0,Original sequence time
HalberdElite,SourceSequence,/Game/_Art/Enemies/HeinMach/Humanoids/HalberdElite/Animations/SourceSequences/A_EN_SRC_CA_M_Halberd_LockOnWalk_R,BBQ/Content/_Kazan_/Art/Character/CHA_Model/Monster_Human/Named/Halberd/Animation/CA_M_Halberd_LockOnWalk_R,1.6666666,51,30,1,1.0,Original sequence time
HalberdElite,SourceSequence,/Game/_Art/Enemies/HeinMach/Humanoids/HalberdElite/Animations/SourceSequences/A_EN_SRC_CA_M_Halberd_NoBattleGuard_End_01,BBQ/Content/_Kazan_/Art/Character/CHA_Model/Monster_Human/Named/Halberd/Animation/CA_M_Halberd_NoBattleGuard_End_01,2.1666667,66,30,1,1.0,Original sequence time
HalberdElite,SourceSequence,/Game/_Art/Enemies/HeinMach/Humanoids/HalberdElite/Animations/SourceSequences/A_EN_SRC_CA_M_Halberd_NoBattleGuard_Loop_01,BBQ/Content/_Kazan_/Art/Character/CHA_Model/Monster_Human/Named/Halberd/Animation/CA_M_Halberd_NoBattleGuard_Loop_01,12.333333,371,30,1,1.0,Original sequence time
HalberdElite,SourceSequence,/Game/_Art/Enemies/HeinMach/Humanoids/HalberdElite/Animations/SourceSequences/A_EN_SRC_CA_M_Halberd_NoBattleSearch_End_01,BBQ/Content/_Kazan_/Art/Character/CHA_Model/Monster_Human/Named/Halberd/Animation/CA_M_Halberd_NoBattleSearch_End_01,3.6666667,111,30,1,1.0,Original sequence time
HalberdElite,SourceSequence,/Game/_Art/Enemies/HeinMach/Humanoids/HalberdElite/Animations/SourceSequences/A_EN_SRC_CA_M_Halberd_NoBattleSearch_Loop_01,BBQ/Content/_Kazan_/Art/Character/CHA_Model/Monster_Human/Named/Halberd/Animation/CA_M_Halberd_NoBattleSearch_Loop_01,8.666667,261,30,1,1.0,Original sequence time
HalberdElite,SourceSequence,/Game/_Art/Enemies/HeinMach/Humanoids/HalberdElite/Animations/SourceSequences/A_EN_SRC_CA_M_Halberd_NoBattleTalk_End_01,BBQ/Content/_Kazan_/Art/Character/CHA_Model/Monster_Human/Named/Halberd/Animation/CA_M_Halberd_NoBattleTalk_End_01,2.1666667,66,30,1,1.0,Original sequence time
HalberdElite,SourceSequence,/Game/_Art/Enemies/HeinMach/Humanoids/HalberdElite/Animations/SourceSequences/A_EN_SRC_CA_M_Halberd_NoBattleTalk_End_02,BBQ/Content/_Kazan_/Art/Character/CHA_Model/Monster_Human/Named/Halberd/Animation/CA_M_Halberd_NoBattleTalk_End_02,1.6,49,30,1,1.0,Original sequence time
HalberdElite,SourceSequence,/Game/_Art/Enemies/HeinMach/Humanoids/HalberdElite/Animations/SourceSequences/A_EN_SRC_CA_M_Halberd_NoBattleTalk_Loop_01,BBQ/Content/_Kazan_/Art/Character/CHA_Model/Monster_Human/Named/Halberd/Animation/CA_M_Halberd_NoBattleTalk_Loop_01,6.3333335,191,30,1,1.0,Original sequence time
HalberdElite,SourceSequence,/Game/_Art/Enemies/HeinMach/Humanoids/HalberdElite/Animations/SourceSequences/A_EN_SRC_CA_M_Halberd_NoBattleTalk_Loop_02,BBQ/Content/_Kazan_/Art/Character/CHA_Model/Monster_Human/Named/Halberd/Animation/CA_M_Halberd_NoBattleTalk_Loop_02,3.8,115,30,1,1.0,Original sequence time
HalberdElite,SourceSequence,/Game/_Art/Enemies/HeinMach/Humanoids/HalberdElite/Animations/SourceSequences/A_EN_SRC_CA_M_Halberd_NoBattle_Basic_End_01,BBQ/Content/_Kazan_/Art/Character/CHA_Model/Monster_Human/Named/Halberd/Animation/CA_M_Halberd_NoBattle_Basic_End_01,2.1666667,66,30,1,1.0,Original sequence time
HalberdElite,SourceSequence,/Game/_Art/Enemies/HeinMach/Humanoids/HalberdElite/Animations/SourceSequences/A_EN_SRC_CA_M_Halberd_NoBattle_Basic_End_02,BBQ/Content/_Kazan_/Art/Character/CHA_Model/Monster_Human/Named/Halberd/Animation/CA_M_Halberd_NoBattle_Basic_End_02,2.6333334,80,30,1,1.0,Original sequence time
HalberdElite,SourceSequence,/Game/_Art/Enemies/HeinMach/Humanoids/HalberdElite/Animations/SourceSequences/A_EN_SRC_CA_M_Halberd_NoBattle_Basic_Loop_01,BBQ/Content/_Kazan_/Art/Character/CHA_Model/Monster_Human/Named/Halberd/Animation/CA_M_Halberd_NoBattle_Basic_Loop_01,4.3333335,131,30,1,1.0,Original sequence time
HalberdElite,SourceSequence,/Game/_Art/Enemies/HeinMach/Humanoids/HalberdElite/Animations/SourceSequences/A_EN_SRC_CA_M_Halberd_NoBattle_Basic_Loop_02,BBQ/Content/_Kazan_/Art/Character/CHA_Model/Monster_Human/Named/Halberd/Animation/CA_M_Halberd_NoBattle_Basic_Loop_02,4.866667,147,30,1,1.0,Original sequence time
HalberdElite,SourceSequence,/Game/_Art/Enemies/HeinMach/Humanoids/HalberdElite/Animations/SourceSequences/A_EN_SRC_CA_M_Halberd_Pierce_F_01,BBQ/Content/_Kazan_/Art/Character/CHA_Model/Monster_Human/Named/Halberd/Animation/CA_M_Halberd_Pierce_F_01,4.766667,144,30,1,1.0,Original sequence time
HalberdElite,SourceSequence,/Game/_Art/Enemies/HeinMach/Humanoids/HalberdElite/Animations/SourceSequences/A_EN_SRC_CA_M_Halberd_Pierce_F_02,BBQ/Content/_Kazan_/Art/Character/CHA_Model/Monster_Human/Named/Halberd/Animation/CA_M_Halberd_Pierce_F_02,3.9333334,119,30,1,1.0,Original sequence time
HalberdElite,SourceSequence,/Game/_Art/Enemies/HeinMach/Humanoids/HalberdElite/Animations/SourceSequences/A_EN_SRC_CA_M_Halberd_Push_01,BBQ/Content/_Kazan_/Art/Character/CHA_Model/Monster_Human/Named/Halberd/Animation/CA_M_Halberd_Push_01,2.7333333,83,30,1,1.0,Original sequence time
HalberdElite,SourceSequence,/Game/_Art/Enemies/HeinMach/Humanoids/HalberdElite/Animations/SourceSequences/A_EN_SRC_CA_M_Halberd_Push_02,BBQ/Content/_Kazan_/Art/Character/CHA_Model/Monster_Human/Named/Halberd/Animation/CA_M_Halberd_Push_02,2.4,73,30,1,1.0,Original sequence time
HalberdElite,SourceSequence,/Game/_Art/Enemies/HeinMach/Humanoids/HalberdElite/Animations/SourceSequences/A_EN_SRC_CA_M_Halberd_RoundAttack,BBQ/Content/_Kazan_/Art/Character/CHA_Model/Monster_Human/Named/Halberd/Animation/CA_M_Halberd_RoundAttack,2.0333333,62,30,1,1.0,Original sequence time
HalberdElite,SourceSequence,/Game/_Art/Enemies/HeinMach/Humanoids/HalberdElite/Animations/SourceSequences/A_EN_SRC_CA_M_Halberd_Run_F,BBQ/Content/_Kazan_/Art/Character/CHA_Model/Monster_Human/Named/Halberd/Animation/CA_M_Halberd_Run_F,1.0666667,33,30,1,1.0,Original sequence time
HalberdElite,SourceSequence,/Game/_Art/Enemies/HeinMach/Humanoids/HalberdElite/Animations/SourceSequences/A_EN_SRC_CA_M_Halberd_SprintSwing_Loop,BBQ/Content/_Kazan_/Art/Character/CHA_Model/Monster_Human/Named/Halberd/Animation/CA_M_Halberd_SprintSwing_Loop,0.6666667,21,30,1,1.0,Original sequence time
HalberdElite,SourceSequence,/Game/_Art/Enemies/HeinMach/Humanoids/HalberdElite/Animations/SourceSequences/A_EN_SRC_CA_M_Halberd_SprintSwing_Start,BBQ/Content/_Kazan_/Art/Character/CHA_Model/Monster_Human/Named/Halberd/Animation/CA_M_Halberd_SprintSwing_Start,1.0,31,30,1,1.0,Original sequence time
HalberdElite,SourceSequence,/Game/_Art/Enemies/HeinMach/Humanoids/HalberdElite/Animations/SourceSequences/A_EN_SRC_CA_M_Halberd_Stand_F,BBQ/Content/_Kazan_/Art/Character/CHA_Model/Monster_Human/Named/Halberd/Animation/CA_M_Halberd_Stand_F,4.0,121,30,1,1.0,Original sequence time
HalberdElite,SourceSequence,/Game/_Art/Enemies/HeinMach/Humanoids/HalberdElite/Animations/SourceSequences/A_EN_SRC_CA_M_Halberd_Stand_Peace_F,BBQ/Content/_Kazan_/Art/Character/CHA_Model/Monster_Human/Named/Halberd/Animation/CA_M_Halberd_Stand_Peace_F,4.0,121,30,1,1.0,Original sequence time
HalberdElite,SourceSequence,/Game/_Art/Enemies/HeinMach/Humanoids/HalberdElite/Animations/SourceSequences/A_EN_SRC_CA_M_Halberd_TurnAttack,BBQ/Content/_Kazan_/Art/Character/CHA_Model/Monster_Human/Named/Halberd/Animation/CA_M_Halberd_TurnAttack,5.0,151,30,1,1.0,Original sequence time
HalberdElite,SourceSequence,/Game/_Art/Enemies/HeinMach/Humanoids/HalberdElite/Animations/SourceSequences/A_EN_SRC_CA_M_Halberd_Turn_L,BBQ/Content/_Kazan_/Art/Character/CHA_Model/Monster_Human/Named/Halberd/Animation/CA_M_Halberd_Turn_L,1.0,31,30,1,1.0,Original sequence time
HalberdElite,SourceSequence,/Game/_Art/Enemies/HeinMach/Humanoids/HalberdElite/Animations/SourceSequences/A_EN_SRC_CA_M_Halberd_Turn_L_180,BBQ/Content/_Kazan_/Art/Character/CHA_Model/Monster_Human/Named/Halberd/Animation/CA_M_Halberd_Turn_L_180,2.0,61,30,1,1.0,Original sequence time
HalberdElite,SourceSequence,/Game/_Art/Enemies/HeinMach/Humanoids/HalberdElite/Animations/SourceSequences/A_EN_SRC_CA_M_Halberd_Turn_Peace_L,BBQ/Content/_Kazan_/Art/Character/CHA_Model/Monster_Human/Named/Halberd/Animation/CA_M_Halberd_Turn_Peace_L,1.2666667,39,30,1,1.0,Original sequence time
HalberdElite,SourceSequence,/Game/_Art/Enemies/HeinMach/Humanoids/HalberdElite/Animations/SourceSequences/A_EN_SRC_CA_M_Halberd_Turn_Peace_R,BBQ/Content/_Kazan_/Art/Character/CHA_Model/Monster_Human/Named/Halberd/Animation/CA_M_Halberd_Turn_Peace_R,1.4333333,44,30,1,1.0,Original sequence time
HalberdElite,SourceSequence,/Game/_Art/Enemies/HeinMach/Humanoids/HalberdElite/Animations/SourceSequences/A_EN_SRC_CA_M_Halberd_Turn_R,BBQ/Content/_Kazan_/Art/Character/CHA_Model/Monster_Human/Named/Halberd/Animation/CA_M_Halberd_Turn_R,1.0,31,30,1,1.0,Original sequence time
HalberdElite,SourceSequence,/Game/_Art/Enemies/HeinMach/Humanoids/HalberdElite/Animations/SourceSequences/A_EN_SRC_CA_M_Halberd_Turn_R_180,BBQ/Content/_Kazan_/Art/Character/CHA_Model/Monster_Human/Named/Halberd/Animation/CA_M_Halberd_Turn_R_180,2.0,61,30,1,1.0,Original sequence time
HalberdElite,SourceSequence,/Game/_Art/Enemies/HeinMach/Humanoids/HalberdElite/Animations/SourceSequences/A_EN_SRC_CA_M_Halberd_Walk_F,BBQ/Content/_Kazan_/Art/Character/CHA_Model/Monster_Human/Named/Halberd/Animation/CA_M_Halberd_Walk_F,1.6666666,51,30,1,1.0,Original sequence time
HalberdElite,SourceSequence,/Game/_Art/Enemies/HeinMach/Humanoids/HalberdElite/Animations/SourceSequences/A_EN_SRC_CA_M_Halberd_Walk_Peace_F,BBQ/Content/_Kazan_/Art/Character/CHA_Model/Monster_Human/Named/Halberd/Animation/CA_M_Halberd_Walk_Peace_F,1.2,37,30,1,1.0,Original sequence time
HalberdElite,SourceSequence,/Game/_Art/Enemies/HeinMach/Humanoids/HalberdElite/Animations/SourceSequences/A_EN_SRC_CA_M_Halberd_Whirlwind,BBQ/Content/_Kazan_/Art/Character/CHA_Model/Monster_Human/Named/Halberd/Animation/CA_M_Halberd_Whirlwind,4.0,121,30,1,1.0,Original sequence time
HalberdElite,SourceSequence,/Game/_Art/Enemies/HeinMach/Humanoids/HalberdElite/Animations/SourceSequences/A_EN_SRC_CA_M_Human_Elite_M_Halberd_Vigilant_LookAround,BBQ/Content/_Kazan_/Art/Character/CHA_Model/Monster_Human/Named/Halberd/Animation/CA_M_Human_Elite_M_Halberd_Vigilant_LookAround,9.233334,278,30,1,1.0,Original sequence time
HalberdElite,SourceSequence,/Game/_Art/Enemies/HeinMach/Humanoids/HalberdElite/Animations/SourceSequences/A_EN_SRC_CA_EmpireHalberd_E_Halberd,BBQ/Content/_Kazan_/Design/Monster/Human/Empire/EmpireHalberd_E/Base_Setting/CA_EmpireHalberd_E_Halberd,4.9666667,150,30,1,1.0,Original sequence time
SharedSourceReferences,SourceSequence,/Game/_Art/Enemies/HeinMach/Humanoids/SharedSourceReferences/Animations/SourceSequences/A_EN_SRC_CA_M_SkeletonSword_Hiding_F_Loop,BBQ/Content/_Kazan_/Design/Monster/Human/Empire/Empire_SpearShield_E/Skill/Spawn/CA_M_SkeletonSword_Hiding_F_Loop,1.6666666,51,30,1,1.0,Original sequence time
EliteShield_SourceReferences,SourceSequence,/Game/_Art/Enemies/OtherRegions/Humanoids/EliteShield_SourceReferences/Animations/SourceSequences/A_EN_SRC_CA_EmpireSword,BBQ/Content/_Kazan_/Design/Monster/Human/Empire/Empire_SwordShield_E/Base_Setting/CA_EmpireSword,4.9666667,150,30,1,1.0,Original sequence time
Archer,PlaybackClip,/Game/_Art/Enemies/HeinMach/Humanoids/Archer/Animations/PlaybackClips/A_EN_PLAY_AC_CA_M_EmpBow_Die_F,BBQ/Content/_Kazan_/Art/Character/CHA_Model/Monster_Human/Adult/Adult_M/Animation/EmpireBow/Weapon/AC_CA_M_EmpBow_Die_F,20.0,601,30,1,1.0,Source segment rates and active DilationCurve baked; play at 1x
Archer,PlaybackClip,/Game/_Art/Enemies/HeinMach/Humanoids/Archer/Animations/PlaybackClips/A_EN_PLAY_AC_EmpBow_Peace,BBQ/Content/_Kazan_/Art/Character/CHA_Model/Monster_Human/Adult/Adult_M/Animation/EmpireBow/Weapon/AC_EmpBow_Peace,17.0,511,30,1,1.0,Source segment rates and active DilationCurve baked; play at 1x
Archer,PlaybackClip,/Game/_Art/Enemies/HeinMach/Humanoids/Archer/Animations/PlaybackClips/A_EN_PLAY_AC_EmpireBow_ClimbingWall_Down_End,BBQ/Content/_Kazan_/Design/Monster/Human/Empire/EmpireBow/Moving/Climbing/AC_EmpireBow_ClimbingWall_Down_End,1.0,31,30,1,1.0,Source segment rates and active DilationCurve baked; play at 1x
Archer,PlaybackClip,/Game/_Art/Enemies/HeinMach/Humanoids/Archer/Animations/PlaybackClips/A_EN_PLAY_AC_EmpireBow_ClimbingWall_Down_L,BBQ/Content/_Kazan_/Design/Monster/Human/Empire/EmpireBow/Moving/Climbing/AC_EmpireBow_ClimbingWall_Down_L,0.6,19,30,1,1.0,Source segment rates and active DilationCurve baked; play at 1x
Archer,PlaybackClip,/Game/_Art/Enemies/HeinMach/Humanoids/Archer/Animations/PlaybackClips/A_EN_PLAY_AC_EmpireBow_ClimbingWall_Down_R,BBQ/Content/_Kazan_/Design/Monster/Human/Empire/EmpireBow/Moving/Climbing/AC_EmpireBow_ClimbingWall_Down_R,0.6,19,30,1,1.0,Source segment rates and active DilationCurve baked; play at 1x
Archer,PlaybackClip,/Game/_Art/Enemies/HeinMach/Humanoids/Archer/Animations/PlaybackClips/A_EN_PLAY_AC_EmpireBow_ClimbingWall_Down_Start,BBQ/Content/_Kazan_/Design/Monster/Human/Empire/EmpireBow/Moving/Climbing/AC_EmpireBow_ClimbingWall_Down_Start,1.1333333,35,30,1,1.0,Source segment rates and active DilationCurve baked; play at 1x
Archer,PlaybackClip,/Game/_Art/Enemies/HeinMach/Humanoids/Archer/Animations/PlaybackClips/A_EN_PLAY_AC_EmpireBow_ClimbingWall_Loop_L_Idle,BBQ/Content/_Kazan_/Design/Monster/Human/Empire/EmpireBow/Moving/Climbing/AC_EmpireBow_ClimbingWall_Loop_L_Idle,1.6666666,51,30,1,1.0,Source segment rates and active DilationCurve baked; play at 1x
Archer,PlaybackClip,/Game/_Art/Enemies/HeinMach/Humanoids/Archer/Animations/PlaybackClips/A_EN_PLAY_AC_EmpireBow_ClimbingWall_Loop_R_Idle,BBQ/Content/_Kazan_/Design/Monster/Human/Empire/EmpireBow/Moving/Climbing/AC_EmpireBow_ClimbingWall_Loop_R_Idle,1.6666666,51,30,1,1.0,Source segment rates and active DilationCurve baked; play at 1x
Archer,PlaybackClip,/Game/_Art/Enemies/HeinMach/Humanoids/Archer/Animations/PlaybackClips/A_EN_PLAY_AC_EmpireBow_ClimbingWall_Up_End,BBQ/Content/_Kazan_/Design/Monster/Human/Empire/EmpireBow/Moving/Climbing/AC_EmpireBow_ClimbingWall_Up_End,1.6666666,51,30,1,1.0,Source segment rates and active DilationCurve baked; play at 1x
Archer,PlaybackClip,/Game/_Art/Enemies/HeinMach/Humanoids/Archer/Animations/PlaybackClips/A_EN_PLAY_AC_EmpireBow_ClimbingWall_Up_L,BBQ/Content/_Kazan_/Design/Monster/Human/Empire/EmpireBow/Moving/Climbing/AC_EmpireBow_ClimbingWall_Up_L,0.6,19,30,1,1.0,Source segment rates and active DilationCurve baked; play at 1x
Archer,PlaybackClip,/Game/_Art/Enemies/HeinMach/Humanoids/Archer/Animations/PlaybackClips/A_EN_PLAY_AC_EmpireBow_ClimbingWall_Up_R,BBQ/Content/_Kazan_/Design/Monster/Human/Empire/EmpireBow/Moving/Climbing/AC_EmpireBow_ClimbingWall_Up_R,0.6,19,30,1,1.0,Source segment rates and active DilationCurve baked; play at 1x
Archer,PlaybackClip,/Game/_Art/Enemies/HeinMach/Humanoids/Archer/Animations/PlaybackClips/A_EN_PLAY_AC_EmpireBow_ClimbingWall_Up_Start,BBQ/Content/_Kazan_/Design/Monster/Human/Empire/EmpireBow/Moving/Climbing/AC_EmpireBow_ClimbingWall_Up_Start,1.0,31,30,1,1.0,Source segment rates and active DilationCurve baked; play at 1x
Archer,PlaybackClip,/Game/_Art/Enemies/HeinMach/Humanoids/Archer/Animations/PlaybackClips/A_EN_PLAY_AC_EmpireBow_Equip,BBQ/Content/_Kazan_/Design/Monster/Human/Empire/EmpireBow/Moving/PeaceIdle/AC_EmpireBow_Equip,0.99999964,61,5555582,92593,1.0,Source segment rates and active DilationCurve baked; play at 1x
Archer,PlaybackClip,/Game/_Art/Enemies/HeinMach/Humanoids/Archer/Animations/PlaybackClips/A_EN_PLAY_AC_EmpireBow_Equip_Turn_L,BBQ/Content/_Kazan_/Design/Monster/Human/Empire/EmpireBow/Moving/PeaceIdle/AC_EmpireBow_Equip_Turn_L,1.1666662,71,4999982,83333,1.0,Source segment rates and active DilationCurve baked; play at 1x
Archer,PlaybackClip,/Game/_Art/Enemies/HeinMach/Humanoids/Archer/Animations/PlaybackClips/A_EN_PLAY_AC_EmpireBow_Equip_Turn_R,BBQ/Content/_Kazan_/Design/Monster/Human/Empire/EmpireBow/Moving/PeaceIdle/AC_EmpireBow_Equip_Turn_R,1.3666661,83,2411761,40196,1.0,Source segment rates and active DilationCurve baked; play at 1x
Archer,PlaybackClip,/Game/_Art/Enemies/HeinMach/Humanoids/Archer/Animations/PlaybackClips/A_EN_PLAY_AC_EmpireBow_Stand_Peace,BBQ/Content/_Kazan_/Design/Monster/Human/Empire/EmpireBow/Moving/PeaceIdle/AC_EmpireBow_Stand_Peace,2.3333333,71,30,1,1.0,Source segment rates and active DilationCurve baked; play at 1x
Archer,PlaybackClip,/Game/_Art/Enemies/HeinMach/Humanoids/Archer/Animations/PlaybackClips/A_EN_PLAY_AC_EmpireBow_Turn_L_Peace,BBQ/Content/_Kazan_/Design/Monster/Human/Empire/EmpireBow/Moving/PeaceIdle/AC_EmpireBow_Turn_L_Peace,1.0,31,30,1,1.0,Source segment rates and active DilationCurve baked; play at 1x
Archer,PlaybackClip,/Game/_Art/Enemies/HeinMach/Humanoids/Archer/Animations/PlaybackClips/A_EN_PLAY_AC_EmpireBow_Turn_L_Peace_180,BBQ/Content/_Kazan_/Design/Monster/Human/Empire/EmpireBow/Moving/PeaceIdle/AC_EmpireBow_Turn_L_Peace_180,2.1,64,30,1,1.0,Source segment rates and active DilationCurve baked; play at 1x
Archer,PlaybackClip,/Game/_Art/Enemies/HeinMach/Humanoids/Archer/Animations/PlaybackClips/A_EN_PLAY_AC_EmpireBow_Turn_R_Peace,BBQ/Content/_Kazan_/Design/Monster/Human/Empire/EmpireBow/Moving/PeaceIdle/AC_EmpireBow_Turn_R_Peace,1.0,31,30,1,1.0,Source segment rates and active DilationCurve baked; play at 1x
Archer,PlaybackClip,/Game/_Art/Enemies/HeinMach/Humanoids/Archer/Animations/PlaybackClips/A_EN_PLAY_AC_EmpireBow_Turn_R_Peace_180,BBQ/Content/_Kazan_/Design/Monster/Human/Empire/EmpireBow/Moving/PeaceIdle/AC_EmpireBow_Turn_R_Peace_180,2.1,64,30,1,1.0,Source segment rates and active DilationCurve baked; play at 1x
Archer,PlaybackClip,/Game/_Art/Enemies/HeinMach/Humanoids/Archer/Animations/PlaybackClips/A_EN_PLAY_AC_EmpireBow_UnEquip,BBQ/Content/_Kazan_/Design/Monster/Human/Empire/EmpireBow/Moving/PeaceIdle/AC_EmpireBow_UnEquip,1.0,31,30,1,1.0,Source segment rates and active DilationCurve baked; play at 1x
Archer,PlaybackClip,/Game/_Art/Enemies/HeinMach/Humanoids/Archer/Animations/PlaybackClips/A_EN_PLAY_AC_EmirepBow_Basic_Talk_End_01,BBQ/Content/_Kazan_/Design/Monster/Human/Empire/EmpireBow/Moving/Reaction/AC_EmirepBow_Basic_Talk_End_01,2.2666667,69,30,1,1.0,Source segment rates and active DilationCurve baked; play at 1x
Archer,PlaybackClip,/Game/_Art/Enemies/HeinMach/Humanoids/Archer/Animations/PlaybackClips/A_EN_PLAY_AC_EmirepBow_Basic_Talk_Loop_01,BBQ/Content/_Kazan_/Design/Monster/Human/Empire/EmpireBow/Moving/Reaction/AC_EmirepBow_Basic_Talk_Loop_01,9.833333,296,30,1,1.0,Source segment rates and active DilationCurve baked; play at 1x
Archer,PlaybackClip,/Game/_Art/Enemies/HeinMach/Humanoids/Archer/Animations/PlaybackClips/A_EN_PLAY_AC_EmpBow_DamageGrapple_Atk_B_01,BBQ/Content/_Kazan_/Design/Monster/Human/Empire/EmpireBow/Moving/Reaction/AC_EmpBow_DamageGrapple_Atk_B_01,1.3333334,41,30,1,1.0,Source segment rates and active DilationCurve baked; play at 1x
Archer,PlaybackClip,/Game/_Art/Enemies/HeinMach/Humanoids/Archer/Animations/PlaybackClips/A_EN_PLAY_AC_EmpBow_DamageGrapple_Atk_B_02,BBQ/Content/_Kazan_/Design/Monster/Human/Empire/EmpireBow/Moving/Reaction/AC_EmpBow_DamageGrapple_Atk_B_02,2.5,76,30,1,1.0,Source segment rates and active DilationCurve baked; play at 1x
Archer,PlaybackClip,/Game/_Art/Enemies/HeinMach/Humanoids/Archer/Animations/PlaybackClips/A_EN_PLAY_AC_EmpireBow_Basic_ChairSit_End_01,BBQ/Content/_Kazan_/Design/Monster/Human/Empire/EmpireBow/Moving/Reaction/AC_EmpireBow_Basic_ChairSit_End_01,2.0,61,30,1,1.0,Source segment rates and active DilationCurve baked; play at 1x
Archer,PlaybackClip,/Game/_Art/Enemies/HeinMach/Humanoids/Archer/Animations/PlaybackClips/A_EN_PLAY_AC_EmpireBow_Basic_ChairSit_Loop_01,BBQ/Content/_Kazan_/Design/Monster/Human/Empire/EmpireBow/Moving/Reaction/AC_EmpireBow_Basic_ChairSit_Loop_01,7.5333333,227,30,1,1.0,Source segment rates and active DilationCurve baked; play at 1x
Archer,PlaybackClip,/Game/_Art/Enemies/HeinMach/Humanoids/Archer/Animations/PlaybackClips/A_EN_PLAY_AC_EmpireBow_Basic_End_01,BBQ/Content/_Kazan_/Design/Monster/Human/Empire/EmpireBow/Moving/Reaction/AC_EmpireBow_Basic_End_01,1.4,43,30,1,1.0,Source segment rates and active DilationCurve baked; play at 1x
Archer,PlaybackClip,/Game/_Art/Enemies/HeinMach/Humanoids/Archer/Animations/PlaybackClips/A_EN_PLAY_AC_EmpireBow_Basic_Guard_End_01,BBQ/Content/_Kazan_/Design/Monster/Human/Empire/EmpireBow/Moving/Reaction/AC_EmpireBow_Basic_Guard_End_01,1.1666666,36,30,1,1.0,Source segment rates and active DilationCurve baked; play at 1x
Archer,PlaybackClip,/Game/_Art/Enemies/HeinMach/Humanoids/Archer/Animations/PlaybackClips/A_EN_PLAY_AC_EmpireBow_Basic_Guard_Loop_01,BBQ/Content/_Kazan_/Design/Monster/Human/Empire/EmpireBow/Moving/Reaction/AC_EmpireBow_Basic_Guard_Loop_01,14.1,424,30,1,1.0,Source segment rates and active DilationCurve baked; play at 1x
Archer,PlaybackClip,/Game/_Art/Enemies/HeinMach/Humanoids/Archer/Animations/PlaybackClips/A_EN_PLAY_AC_EmpireBow_Basic_Loop_01,BBQ/Content/_Kazan_/Design/Monster/Human/Empire/EmpireBow/Moving/Reaction/AC_EmpireBow_Basic_Loop_01,16.666666,501,30,1,1.0,Source segment rates and active DilationCurve baked; play at 1x
Archer,PlaybackClip,/Game/_Art/Enemies/HeinMach/Humanoids/Archer/Animations/PlaybackClips/A_EN_PLAY_AC_EmpireBow_Basic_Search_Loop_01,BBQ/Content/_Kazan_/Design/Monster/Human/Empire/EmpireBow/Moving/Reaction/AC_EmpireBow_Basic_Search_Loop_01,12.0,361,30,1,1.0,Source segment rates and active DilationCurve baked; play at 1x
Archer,PlaybackClip,/Game/_Art/Enemies/HeinMach/Humanoids/Archer/Animations/PlaybackClips/A_EN_PLAY_AC_EmpireBow_Basic_Sit_End_01,BBQ/Content/_Kazan_/Design/Monster/Human/Empire/EmpireBow/Moving/Reaction/AC_EmpireBow_Basic_Sit_End_01,2.5,76,30,1,1.0,Source segment rates and active DilationCurve baked; play at 1x
Archer,PlaybackClip,/Game/_Art/Enemies/HeinMach/Humanoids/Archer/Animations/PlaybackClips/A_EN_PLAY_AC_EmpireBow_Basic_Sit_Loop_01,BBQ/Content/_Kazan_/Design/Monster/Human/Empire/EmpireBow/Moving/Reaction/AC_EmpireBow_Basic_Sit_Loop_01,15.7,472,30,1,1.0,Source segment rates and active DilationCurve baked; play at 1x
Archer,PlaybackClip,/Game/_Art/Enemies/HeinMach/Humanoids/Archer/Animations/PlaybackClips/A_EN_PLAY_AC_EmpireBow_DamageAir_B_Down,BBQ/Content/_Kazan_/Design/Monster/Human/Empire/EmpireBow/Moving/Reaction/AC_EmpireBow_DamageAir_B_Down,0.167,6,5000,167,1.0,Source segment rates and active DilationCurve baked; play at 1x
Archer,PlaybackClip,/Game/_Art/Enemies/HeinMach/Humanoids/Archer/Animations/PlaybackClips/A_EN_PLAY_AC_EmpireBow_DamageAir_B_Land,BBQ/Content/_Kazan_/Design/Monster/Human/Empire/EmpireBow/Moving/Reaction/AC_EmpireBow_DamageAir_B_Land,0.89903337,28,2000869,66624,1.0,Source segment rates and active DilationCurve baked; play at 1x
Archer,PlaybackClip,/Game/_Art/Enemies/HeinMach/Humanoids/Archer/Animations/PlaybackClips/A_EN_PLAY_AC_EmpireBow_DamageAir_B_Peak,BBQ/Content/_Kazan_/Design/Monster/Human/Empire/EmpireBow/Moving/Reaction/AC_EmpireBow_DamageAir_B_Peak,0.10000001,4,30,1,1.0,Source segment rates and active DilationCurve baked; play at 1x
Archer,PlaybackClip,/Game/_Art/Enemies/HeinMach/Humanoids/Archer/Animations/PlaybackClips/A_EN_PLAY_AC_EmpireBow_DamageAir_B_Up,BBQ/Content/_Kazan_/Design/Monster/Human/Empire/EmpireBow/Moving/Reaction/AC_EmpireBow_DamageAir_B_Up,0.167,6,5000,167,1.0,Source segment rates and active DilationCurve baked; play at 1x
Archer,PlaybackClip,/Game/_Art/Enemies/HeinMach/Humanoids/Archer/Animations/PlaybackClips/A_EN_PLAY_AC_EmpireBow_DamageAir_F_Down,BBQ/Content/_Kazan_/Design/Monster/Human/Empire/EmpireBow/Moving/Reaction/AC_EmpireBow_DamageAir_F_Down,0.167,6,5000,167,1.0,Source segment rates and active DilationCurve baked; play at 1x
Archer,PlaybackClip,/Game/_Art/Enemies/HeinMach/Humanoids/Archer/Animations/PlaybackClips/A_EN_PLAY_AC_EmpireBow_DamageAir_F_Land,BBQ/Content/_Kazan_/Design/Monster/Human/Empire/EmpireBow/Moving/Reaction/AC_EmpireBow_DamageAir_F_Land,0.89903337,28,2000869,66624,1.0,Source segment rates and active DilationCurve baked; play at 1x
Archer,PlaybackClip,/Game/_Art/Enemies/HeinMach/Humanoids/Archer/Animations/PlaybackClips/A_EN_PLAY_AC_EmpireBow_DamageAir_F_Peak,BBQ/Content/_Kazan_/Design/Monster/Human/Empire/EmpireBow/Moving/Reaction/AC_EmpireBow_DamageAir_F_Peak,0.10000001,4,30,1,1.0,Source segment rates and active DilationCurve baked; play at 1x
Archer,PlaybackClip,/Game/_Art/Enemies/HeinMach/Humanoids/Archer/Animations/PlaybackClips/A_EN_PLAY_AC_EmpireBow_DamageAir_F_Up,BBQ/Content/_Kazan_/Design/Monster/Human/Empire/EmpireBow/Moving/Reaction/AC_EmpireBow_DamageAir_F_Up,0.167,6,5000,167,1.0,Source segment rates and active DilationCurve baked; play at 1x
Archer,PlaybackClip,/Game/_Art/Enemies/HeinMach/Humanoids/Archer/Animations/PlaybackClips/A_EN_PLAY_AC_EmpireBow_DamageDown_B,BBQ/Content/_Kazan_/Design/Monster/Human/Empire/EmpireBow/Moving/Reaction/AC_EmpireBow_DamageDown_B,0.6666667,21,30,1,1.0,Source segment rates and active DilationCurve baked; play at 1x
Archer,PlaybackClip,/Game/_Art/Enemies/HeinMach/Humanoids/Archer/Animations/PlaybackClips/A_EN_PLAY_AC_EmpireBow_DamageDown_F,BBQ/Content/_Kazan_/Design/Monster/Human/Empire/EmpireBow/Moving/Reaction/AC_EmpireBow_DamageDown_F,0.6666667,21,30,1,1.0,Source segment rates and active DilationCurve baked; play at 1x
Archer,PlaybackClip,/Game/_Art/Enemies/HeinMach/Humanoids/Archer/Animations/PlaybackClips/A_EN_PLAY_AC_EmpireBow_DamageGrapple_Atk_01,BBQ/Content/_Kazan_/Design/Monster/Human/Empire/EmpireBow/Moving/Reaction/AC_EmpireBow_DamageGrapple_Atk_01,1.5,46,30,1,1.0,Source segment rates and active DilationCurve baked; play at 1x
Archer,PlaybackClip,/Game/_Art/Enemies/HeinMach/Humanoids/Archer/Animations/PlaybackClips/A_EN_PLAY_AC_EmpireBow_DamageGrapple_Atk_02,BBQ/Content/_Kazan_/Design/Monster/Human/Empire/EmpireBow/Moving/Reaction/AC_EmpireBow_DamageGrapple_Atk_02,1.2,37,30,1,1.0,Source segment rates and active DilationCurve baked; play at 1x
Archer,PlaybackClip,/Game/_Art/Enemies/HeinMach/Humanoids/Archer/Animations/PlaybackClips/A_EN_PLAY_AC_EmpireBow_DamageNormal_D_B,BBQ/Content/_Kazan_/Design/Monster/Human/Empire/EmpireBow/Moving/Reaction/AC_EmpireBow_DamageNormal_D_B,1.0132997,62,2527651,41988,1.0,Source segment rates and active DilationCurve baked; play at 1x
Archer,PlaybackClip,/Game/_Art/Enemies/HeinMach/Humanoids/Archer/Animations/PlaybackClips/A_EN_PLAY_AC_EmpireBow_DamageNormal_D_F,BBQ/Content/_Kazan_/Design/Monster/Human/Empire/EmpireBow/Moving/Reaction/AC_EmpireBow_DamageNormal_D_F,0.7,22,30,1,1.0,Source segment rates and active DilationCurve baked; play at 1x
Archer,PlaybackClip,/Game/_Art/Enemies/HeinMach/Humanoids/Archer/Animations/PlaybackClips/A_EN_PLAY_AC_EmpireBow_DamageNormal_L_F,BBQ/Content/_Kazan_/Design/Monster/Human/Empire/EmpireBow/Moving/Reaction/AC_EmpireBow_DamageNormal_L_F,0.7,22,30,1,1.0,Source segment rates and active DilationCurve baked; play at 1x
Archer,PlaybackClip,/Game/_Art/Enemies/HeinMach/Humanoids/Archer/Animations/PlaybackClips/A_EN_PLAY_AC_EmpireBow_DamageNormal_R_F,BBQ/Content/_Kazan_/Design/Monster/Human/Empire/EmpireBow/Moving/Reaction/AC_EmpireBow_DamageNormal_R_F,0.7,22,30,1,1.0,Source segment rates and active DilationCurve baked; play at 1x
Archer,PlaybackClip,/Game/_Art/Enemies/HeinMach/Humanoids/Archer/Animations/PlaybackClips/A_EN_PLAY_AC_EmpireBow_DamageNormal_U_B,BBQ/Content/_Kazan_/Design/Monster/Human/Empire/EmpireBow/Moving/Reaction/AC_EmpireBow_DamageNormal_U_B,1.0132997,62,2527651,41988,1.0,Source segment rates and active DilationCurve baked; play at 1x
Archer,PlaybackClip,/Game/_Art/Enemies/HeinMach/Humanoids/Archer/Animations/PlaybackClips/A_EN_PLAY_AC_EmpireBow_DamageNormal_U_F,BBQ/Content/_Kazan_/Design/Monster/Human/Empire/EmpireBow/Moving/Reaction/AC_EmpireBow_DamageNormal_U_F,0.7,22,30,1,1.0,Source segment rates and active DilationCurve baked; play at 1x
Archer,PlaybackClip,/Game/_Art/Enemies/HeinMach/Humanoids/Archer/Animations/PlaybackClips/A_EN_PLAY_AC_EmpireBow_DamageStrong_D_F,BBQ/Content/_Kazan_/Design/Monster/Human/Empire/EmpireBow/Moving/Reaction/AC_EmpireBow_DamageStrong_D_F,1.1,34,30,1,1.0,Source segment rates and active DilationCurve baked; play at 1x
Archer,PlaybackClip,/Game/_Art/Enemies/HeinMach/Humanoids/Archer/Animations/PlaybackClips/A_EN_PLAY_AC_EmpireBow_DamageStrong_D_F_2,BBQ/Content/_Kazan_/Design/Monster/Human/Empire/EmpireBow/Moving/Reaction/AC_EmpireBow_DamageStrong_D_F_2,1.1,34,30,1,1.0,Source segment rates and active DilationCurve baked; play at 1x
Archer,PlaybackClip,/Game/_Art/Enemies/HeinMach/Humanoids/Archer/Animations/PlaybackClips/A_EN_PLAY_AC_EmpireBow_DamageStrong_L_F,BBQ/Content/_Kazan_/Design/Monster/Human/Empire/EmpireBow/Moving/Reaction/AC_EmpireBow_DamageStrong_L_F,1.1,34,30,1,1.0,Source segment rates and active DilationCurve baked; play at 1x
Archer,PlaybackClip,/Game/_Art/Enemies/HeinMach/Humanoids/Archer/Animations/PlaybackClips/A_EN_PLAY_AC_EmpireBow_DamageStrong_R_F,BBQ/Content/_Kazan_/Design/Monster/Human/Empire/EmpireBow/Moving/Reaction/AC_EmpireBow_DamageStrong_R_F,1.1,34,30,1,1.0,Source segment rates and active DilationCurve baked; play at 1x
Archer,PlaybackClip,/Game/_Art/Enemies/HeinMach/Humanoids/Archer/Animations/PlaybackClips/A_EN_PLAY_AC_EmpireBow_DamageStrong_U_F,BBQ/Content/_Kazan_/Design/Monster/Human/Empire/EmpireBow/Moving/Reaction/AC_EmpireBow_DamageStrong_U_F,1.1,34,30,1,1.0,Source segment rates and active DilationCurve baked; play at 1x
Archer,PlaybackClip,/Game/_Art/Enemies/HeinMach/Humanoids/Archer/Animations/PlaybackClips/A_EN_PLAY_AC_EmpireBow_DamageWeak_D_F,BBQ/Content/_Kazan_/Design/Monster/Human/Empire/EmpireBow/Moving/Reaction/AC_EmpireBow_DamageWeak_D_F,0.4,13,30,1,1.0,Source segment rates and active DilationCurve baked; play at 1x
Archer,PlaybackClip,/Game/_Art/Enemies/HeinMach/Humanoids/Archer/Animations/PlaybackClips/A_EN_PLAY_AC_EmpireBow_DamageWeak_L_F,BBQ/Content/_Kazan_/Design/Monster/Human/Empire/EmpireBow/Moving/Reaction/AC_EmpireBow_DamageWeak_L_F,0.4,13,30,1,1.0,Source segment rates and active DilationCurve baked; play at 1x
Archer,PlaybackClip,/Game/_Art/Enemies/HeinMach/Humanoids/Archer/Animations/PlaybackClips/A_EN_PLAY_AC_EmpireBow_DamageWeak_R_F,BBQ/Content/_Kazan_/Design/Monster/Human/Empire/EmpireBow/Moving/Reaction/AC_EmpireBow_DamageWeak_R_F,0.4,13,30,1,1.0,Source segment rates and active DilationCurve baked; play at 1x
Archer,PlaybackClip,/Game/_Art/Enemies/HeinMach/Humanoids/Archer/Animations/PlaybackClips/A_EN_PLAY_AC_EmpireBow_DamageWeak_U_F,BBQ/Content/_Kazan_/Design/Monster/Human/Empire/EmpireBow/Moving/Reaction/AC_EmpireBow_DamageWeak_U_F,0.4,13,30,1,1.0,Source segment rates and active DilationCurve baked; play at 1x
Archer,PlaybackClip,/Game/_Art/Enemies/HeinMach/Humanoids/Archer/Animations/PlaybackClips/A_EN_PLAY_AC_EmpireBow_Down_Die_B,BBQ/Content/_Kazan_/Design/Monster/Human/Empire/EmpireBow/Moving/Reaction/AC_EmpireBow_Down_Die_B,11.0,331,30,1,1.0,Source segment rates and active DilationCurve baked; play at 1x
Archer,PlaybackClip,/Game/_Art/Enemies/HeinMach/Humanoids/Archer/Animations/PlaybackClips/A_EN_PLAY_AC_EmpireBow_Down_Die_B_Wraith,BBQ/Content/_Kazan_/Design/Monster/Human/Empire/EmpireBow/Moving/Reaction/AC_EmpireBow_Down_Die_B_Wraith,11.0,331,30,1,1.0,Source segment rates and active DilationCurve baked; play at 1x
Archer,PlaybackClip,/Game/_Art/Enemies/HeinMach/Humanoids/Archer/Animations/PlaybackClips/A_EN_PLAY_AC_EmpireBow_Down_Die_F,BBQ/Content/_Kazan_/Design/Monster/Human/Empire/EmpireBow/Moving/Reaction/AC_EmpireBow_Down_Die_F,11.0,331,30,1,1.0,Source segment rates and active DilationCurve baked; play at 1x
Archer,PlaybackClip,/Game/_Art/Enemies/HeinMach/Humanoids/Archer/Animations/PlaybackClips/A_EN_PLAY_AC_EmpireBow_Down_Die_F_Wraith,BBQ/Content/_Kazan_/Design/Monster/Human/Empire/EmpireBow/Moving/Reaction/AC_EmpireBow_Down_Die_F_Wraith,11.0,331,30,1,1.0,Source segment rates and active DilationCurve baked; play at 1x
Archer,PlaybackClip,/Game/_Art/Enemies/HeinMach/Humanoids/Archer/Animations/PlaybackClips/A_EN_PLAY_AC_EmpireBow_Down_Loop_B,BBQ/Content/_Kazan_/Design/Monster/Human/Empire/EmpireBow/Moving/Reaction/AC_EmpireBow_Down_Loop_B,1.6,49,30,1,1.0,Source segment rates and active DilationCurve baked; play at 1x
Archer,PlaybackClip,/Game/_Art/Enemies/HeinMach/Humanoids/Archer/Animations/PlaybackClips/A_EN_PLAY_AC_EmpireBow_Down_Loop_F,BBQ/Content/_Kazan_/Design/Monster/Human/Empire/EmpireBow/Moving/Reaction/AC_EmpireBow_Down_Loop_F,1.6,49,30,1,1.0,Source segment rates and active DilationCurve baked; play at 1x
Archer,PlaybackClip,/Game/_Art/Enemies/HeinMach/Humanoids/Archer/Animations/PlaybackClips/A_EN_PLAY_AC_EmpireBow_Getup_B,BBQ/Content/_Kazan_/Design/Monster/Human/Empire/EmpireBow/Moving/Reaction/AC_EmpireBow_Getup_B,1.2333333,38,30,1,1.0,Source segment rates and active DilationCurve baked; play at 1x
Archer,PlaybackClip,/Game/_Art/Enemies/HeinMach/Humanoids/Archer/Animations/PlaybackClips/A_EN_PLAY_AC_EmpireBow_Getup_F,BBQ/Content/_Kazan_/Design/Monster/Human/Empire/EmpireBow/Moving/Reaction/AC_EmpireBow_Getup_F,1.3,40,30,1,1.0,Source segment rates and active DilationCurve baked; play at 1x
Archer,PlaybackClip,/Game/_Art/Enemies/HeinMach/Humanoids/Archer/Animations/PlaybackClips/A_EN_PLAY_AC_EmpireBow_Groggy_End,BBQ/Content/_Kazan_/Design/Monster/Human/Empire/EmpireBow/Moving/Reaction/AC_EmpireBow_Groggy_End,1.0666667,33,30,1,1.0,Source segment rates and active DilationCurve baked; play at 1x
Archer,PlaybackClip,/Game/_Art/Enemies/HeinMach/Humanoids/Archer/Animations/PlaybackClips/A_EN_PLAY_AC_EmpireBow_Groggy_Loop,BBQ/Content/_Kazan_/Design/Monster/Human/Empire/EmpireBow/Moving/Reaction/AC_EmpireBow_Groggy_Loop,1.5,46,30,1,1.0,Source segment rates and active DilationCurve baked; play at 1x
Archer,PlaybackClip,/Game/_Art/Enemies/HeinMach/Humanoids/Archer/Animations/PlaybackClips/A_EN_PLAY_AC_EmpireBow_Groggy_Start,BBQ/Content/_Kazan_/Design/Monster/Human/Empire/EmpireBow/Moving/Reaction/AC_EmpireBow_Groggy_Start,0.8333333,26,30,1,1.0,Source segment rates and active DilationCurve baked; play at 1x
Archer,PlaybackClip,/Game/_Art/Enemies/HeinMach/Humanoids/Archer/Animations/PlaybackClips/A_EN_PLAY_AC_EmpireBow_Ground_Die_F,BBQ/Content/_Kazan_/Design/Monster/Human/Empire/EmpireBow/Moving/Reaction/AC_EmpireBow_Ground_Die_F,11.0,331,30,1,1.0,Source segment rates and active DilationCurve baked; play at 1x
Archer,PlaybackClip,/Game/_Art/Enemies/HeinMach/Humanoids/Archer/Animations/PlaybackClips/A_EN_PLAY_AC_EmpireBow_Ground_Die_F_Wraith,BBQ/Content/_Kazan_/Design/Monster/Human/Empire/EmpireBow/Moving/Reaction/AC_EmpireBow_Ground_Die_F_Wraith,11.0,331,30,1,1.0,Source segment rates and active DilationCurve baked; play at 1x
Archer,PlaybackClip,/Game/_Art/Enemies/HeinMach/Humanoids/Archer/Animations/PlaybackClips/A_EN_PLAY_AC_EmpireBow_LockOnWalk_B,BBQ/Content/_Kazan_/Design/Monster/Human/Empire/EmpireBow/Moving/Reaction/AC_EmpireBow_LockOnWalk_B,1.0,31,30,1,1.0,Source segment rates and active DilationCurve baked; play at 1x
Archer,PlaybackClip,/Game/_Art/Enemies/HeinMach/Humanoids/Archer/Animations/PlaybackClips/A_EN_PLAY_AC_EmpireBow_LockOnWalk_F,BBQ/Content/_Kazan_/Design/Monster/Human/Empire/EmpireBow/Moving/Reaction/AC_EmpireBow_LockOnWalk_F,1.0,31,30,1,1.0,Source segment rates and active DilationCurve baked; play at 1x
Archer,PlaybackClip,/Game/_Art/Enemies/HeinMach/Humanoids/Archer/Animations/PlaybackClips/A_EN_PLAY_AC_EmpireBow_LockOnWalk_L,BBQ/Content/_Kazan_/Design/Monster/Human/Empire/EmpireBow/Moving/Reaction/AC_EmpireBow_LockOnWalk_L,1.0,31,30,1,1.0,Source segment rates and active DilationCurve baked; play at 1x
Archer,PlaybackClip,/Game/_Art/Enemies/HeinMach/Humanoids/Archer/Animations/PlaybackClips/A_EN_PLAY_AC_EmpireBow_LockOnWalk_R,BBQ/Content/_Kazan_/Design/Monster/Human/Empire/EmpireBow/Moving/Reaction/AC_EmpireBow_LockOnWalk_R,1.0,31,30,1,1.0,Source segment rates and active DilationCurve baked; play at 1x
Archer,PlaybackClip,/Game/_Art/Enemies/HeinMach/Humanoids/Archer/Animations/PlaybackClips/A_EN_PLAY_AC_EmpireBow_Run_F,BBQ/Content/_Kazan_/Design/Monster/Human/Empire/EmpireBow/Moving/Reaction/AC_EmpireBow_Run_F,0.73333335,23,30,1,1.0,Source segment rates and active DilationCurve baked; play at 1x
Archer,PlaybackClip,/Game/_Art/Enemies/HeinMach/Humanoids/Archer/Animations/PlaybackClips/A_EN_PLAY_AC_EmpireBow_Stand_F,BBQ/Content/_Kazan_/Design/Monster/Human/Empire/EmpireBow/Moving/Reaction/AC_EmpireBow_Stand_F,1.6,49,30,1,1.0,Source segment rates and active DilationCurve baked; play at 1x
Archer,PlaybackClip,/Game/_Art/Enemies/HeinMach/Humanoids/Archer/Animations/PlaybackClips/A_EN_PLAY_AC_EmpireBow_Turn_L,BBQ/Content/_Kazan_/Design/Monster/Human/Empire/EmpireBow/Moving/Reaction/AC_EmpireBow_Turn_L,1.0,31,30,1,1.0,Source segment rates and active DilationCurve baked; play at 1x
Archer,PlaybackClip,/Game/_Art/Enemies/HeinMach/Humanoids/Archer/Animations/PlaybackClips/A_EN_PLAY_AC_EmpireBow_Turn_L_180,BBQ/Content/_Kazan_/Design/Monster/Human/Empire/EmpireBow/Moving/Reaction/AC_EmpireBow_Turn_L_180,1.5333333,47,30,1,1.0,Source segment rates and active DilationCurve baked; play at 1x
Archer,PlaybackClip,/Game/_Art/Enemies/HeinMach/Humanoids/Archer/Animations/PlaybackClips/A_EN_PLAY_AC_EmpireBow_Turn_R,BBQ/Content/_Kazan_/Design/Monster/Human/Empire/EmpireBow/Moving/Reaction/AC_EmpireBow_Turn_R,1.0,31,30,1,1.0,Source segment rates and active DilationCurve baked; play at 1x
Archer,PlaybackClip,/Game/_Art/Enemies/HeinMach/Humanoids/Archer/Animations/PlaybackClips/A_EN_PLAY_AC_EmpireBow_Turn_R_180,BBQ/Content/_Kazan_/Design/Monster/Human/Empire/EmpireBow/Moving/Reaction/AC_EmpireBow_Turn_R_180,1.5333333,47,30,1,1.0,Source segment rates and active DilationCurve baked; play at 1x
Archer,PlaybackClip,/Game/_Art/Enemies/HeinMach/Humanoids/Archer/Animations/PlaybackClips/A_EN_PLAY_AC_EmpireBow_Walk_F,BBQ/Content/_Kazan_/Design/Monster/Human/Empire/EmpireBow/Moving/Reaction/AC_EmpireBow_Walk_F,1.0,31,30,1,1.0,Source segment rates and active DilationCurve baked; play at 1x
Archer,PlaybackClip,/Game/_Art/Enemies/HeinMach/Humanoids/Archer/Animations/PlaybackClips/A_EN_PLAY_AC_M_EmpBow_DamageParry_F,BBQ/Content/_Kazan_/Design/Monster/Human/Empire/EmpireBow/Moving/Reaction/AC_M_EmpBow_DamageParry_F,1.5,46,30,1,1.0,Source segment rates and active DilationCurve baked; play at 1x
Archer,PlaybackClip,/Game/_Art/Enemies/HeinMach/Humanoids/Archer/Animations/PlaybackClips/A_EN_PLAY_AC_EmpireBow_DestroyObject_End,BBQ/Content/_Kazan_/Design/Monster/Human/Empire/EmpireBow/Skill/00_DestroyObject/AC_EmpireBow_DestroyObject_End,1.3533326,82,5863665,97969,1.0,Source segment rates and active DilationCurve baked; play at 1x
Archer,PlaybackClip,/Game/_Art/Enemies/HeinMach/Humanoids/Archer/Animations/PlaybackClips/A_EN_PLAY_AC_EmpireBow_DestroyObject_Loop,BBQ/Content/_Kazan_/Design/Monster/Human/Empire/EmpireBow/Skill/00_DestroyObject/AC_EmpireBow_DestroyObject_Loop,1.2,37,30,1,1.0,Source segment rates and active DilationCurve baked; play at 1x
Archer,PlaybackClip,/Game/_Art/Enemies/HeinMach/Humanoids/Archer/Animations/PlaybackClips/A_EN_PLAY_AC_EmpireBow_DestroyObject_Start,BBQ/Content/_Kazan_/Design/Monster/Human/Empire/EmpireBow/Skill/00_DestroyObject/AC_EmpireBow_DestroyObject_Start,0.869565,53,4000023,66890,1.0,Source segment rates and active DilationCurve baked; play at 1x
Archer,PlaybackClip,/Game/_Art/Enemies/HeinMach/Humanoids/Archer/Animations/PlaybackClips/A_EN_PLAY_AC_EmpireBow_TurnKick_DestroyObject,BBQ/Content/_Kazan_/Design/Monster/Human/Empire/EmpireBow/Skill/00_DestroyObject/AC_EmpireBow_TurnKick_DestroyObject,1.3518705,82,2821251,47086,1.0,Source segment rates and active DilationCurve baked; play at 1x
Archer,PlaybackClip,/Game/_Art/Enemies/HeinMach/Humanoids/Archer/Animations/PlaybackClips/A_EN_PLAY_AC_EmpireBow_BasicShoot_End,BBQ/Content/_Kazan_/Design/Monster/Human/Empire/EmpireBow/Skill/01_BasicShoot/AC_EmpireBow_BasicShoot_End,1.3533326,82,5863665,97969,1.0,Source segment rates and active DilationCurve baked; play at 1x
Archer,PlaybackClip,/Game/_Art/Enemies/HeinMach/Humanoids/Archer/Animations/PlaybackClips/A_EN_PLAY_AC_EmpireBow_BasicShoot_Fail,BBQ/Content/_Kazan_/Design/Monster/Human/Empire/EmpireBow/Skill/01_BasicShoot/AC_EmpireBow_BasicShoot_Fail,0.7799998,48,3200038,53107,1.0,Source segment rates and active DilationCurve baked; play at 1x
Archer,PlaybackClip,/Game/_Art/Enemies/HeinMach/Humanoids/Archer/Animations/PlaybackClips/A_EN_PLAY_AC_EmpireBow_BasicShoot_Loop,BBQ/Content/_Kazan_/Design/Monster/Human/Empire/EmpireBow/Skill/01_BasicShoot/AC_EmpireBow_BasicShoot_Loop,0.6,19,30,1,1.0,Source segment rates and active DilationCurve baked; play at 1x
Archer,PlaybackClip,/Game/_Art/Enemies/HeinMach/Humanoids/Archer/Animations/PlaybackClips/A_EN_PLAY_AC_EmpireBow_BasicShoot_Stand,BBQ/Content/_Kazan_/Design/Monster/Human/Empire/EmpireBow/Skill/01_BasicShoot/AC_EmpireBow_BasicShoot_Stand,0.2,13,60,1,1.0,Source segment rates and active DilationCurve baked; play at 1x
Archer,PlaybackClip,/Game/_Art/Enemies/HeinMach/Humanoids/Archer/Animations/PlaybackClips/A_EN_PLAY_AC_EmpireBow_BasicShoot_Start,BBQ/Content/_Kazan_/Design/Monster/Human/Empire/EmpireBow/Skill/01_BasicShoot/AC_EmpireBow_BasicShoot_Start,0.869565,53,4000023,66890,1.0,Source segment rates and active DilationCurve baked; play at 1x
Archer,PlaybackClip,/Game/_Art/Enemies/HeinMach/Humanoids/Archer/Animations/PlaybackClips/A_EN_PLAY_AC_EmpireBow_Stand_Start,BBQ/Content/_Kazan_/Design/Monster/Human/Empire/EmpireBow/Skill/01_RainShoot/AC_EmpireBow_Stand_Start,0.66578233,41,1509983,25133,1.0,Source segment rates and active DilationCurve baked; play at 1x
Archer,PlaybackClip,/Game/_Art/Enemies/HeinMach/Humanoids/Archer/Animations/PlaybackClips/A_EN_PLAY_AC_EmpireBow_FastShoot_Dodge_B,BBQ/Content/_Kazan_/Design/Monster/Human/Empire/EmpireBow/Skill/02_FastShoot/AC_EmpireBow_FastShoot_Dodge_B,1.0666664,65,4000021,66667,1.0,Source segment rates and active DilationCurve baked; play at 1x
Archer,PlaybackClip,/Game/_Art/Enemies/HeinMach/Humanoids/Archer/Animations/PlaybackClips/A_EN_PLAY_AC_EmpireBow_FastShoot_Dodge_L,BBQ/Content/_Kazan_/Design/Monster/Human/Empire/EmpireBow/Skill/02_FastShoot/AC_EmpireBow_FastShoot_Dodge_L,1.0666664,65,4000021,66667,1.0,Source segment rates and active DilationCurve baked; play at 1x
Archer,PlaybackClip,/Game/_Art/Enemies/HeinMach/Humanoids/Archer/Animations/PlaybackClips/A_EN_PLAY_AC_EmpireBow_FastShoot_Dodge_R,BBQ/Content/_Kazan_/Design/Monster/Human/Empire/EmpireBow/Skill/02_FastShoot/AC_EmpireBow_FastShoot_Dodge_R,1.0646499,65,1135547,18890,1.0,Source segment rates and active DilationCurve baked; play at 1x
Archer,PlaybackClip,/Game/_Art/Enemies/HeinMach/Humanoids/Archer/Animations/PlaybackClips/A_EN_PLAY_AC_EmpireBow_FastShoot_Fail,BBQ/Content/_Kazan_/Design/Monster/Human/Empire/EmpireBow/Skill/02_FastShoot/AC_EmpireBow_FastShoot_Fail,0.7799998,48,3200038,53107,1.0,Source segment rates and active DilationCurve baked; play at 1x
Archer,PlaybackClip,/Game/_Art/Enemies/HeinMach/Humanoids/Archer/Animations/PlaybackClips/A_EN_PLAY_AC_EmpireBow_FastShoot_Shoot,BBQ/Content/_Kazan_/Design/Monster/Human/Empire/EmpireBow/Skill/02_FastShoot/AC_EmpireBow_FastShoot_Shoot,2.5,76,30,1,1.0,Source segment rates and active DilationCurve baked; play at 1x
Archer,PlaybackClip,/Game/_Art/Enemies/HeinMach/Humanoids/Archer/Animations/PlaybackClips/A_EN_PLAY_AC_EmpireBow_FastShoot_Start,BBQ/Content/_Kazan_/Design/Monster/Human/Empire/EmpireBow/Skill/02_FastShoot/AC_EmpireBow_FastShoot_Start,0.1,4,30,1,1.0,Source segment rates and active DilationCurve baked; play at 1x
Archer,PlaybackClip,/Game/_Art/Enemies/HeinMach/Humanoids/Archer/Animations/PlaybackClips/A_EN_PLAY_AC_EmpireBow_BackShoot,BBQ/Content/_Kazan_/Design/Monster/Human/Empire/EmpireBow/Skill/03_BackShoot/AC_EmpireBow_BackShoot,2.2949615,139,5425325,90224,1.0,Source segment rates and active DilationCurve baked; play at 1x
Archer,PlaybackClip,/Game/_Art/Enemies/HeinMach/Humanoids/Archer/Animations/PlaybackClips/A_EN_PLAY_AC_EmpireBow_TunrKick_Start,BBQ/Content/_Kazan_/Design/Monster/Human/Empire/EmpireBow/Skill/04_TurnKick/AC_EmpireBow_TunrKick_Start,0.1,4,30,1,1.0,Source segment rates and active DilationCurve baked; play at 1x
Archer,PlaybackClip,/Game/_Art/Enemies/HeinMach/Humanoids/Archer/Animations/PlaybackClips/A_EN_PLAY_AC_EmpireBow_TurnKick_Attack,BBQ/Content/_Kazan_/Design/Monster/Human/Empire/EmpireBow/Skill/04_TurnKick/AC_EmpireBow_TurnKick_Attack,1.3518705,82,2821251,47086,1.0,Source segment rates and active DilationCurve baked; play at 1x
Archer,PlaybackClip,/Game/_Art/Enemies/HeinMach/Humanoids/Archer/Animations/PlaybackClips/A_EN_PLAY_AC_EmpireBow_TurnKick_Move,BBQ/Content/_Kazan_/Design/Monster/Human/Empire/EmpireBow/Skill/04_TurnKick/AC_EmpireBow_TurnKick_Move,0.6000002,37,2999999,50000,1.0,Source segment rates and active DilationCurve baked; play at 1x
Archer,PlaybackClip,/Game/_Art/Enemies/HeinMach/Humanoids/Archer/Animations/PlaybackClips/A_EN_PLAY_AC_EmpireBow_Vigilant_FreakOut_Armed,BBQ/Content/_Kazan_/Design/Monster/Human/Empire/EmpireBow/Skill/Vigilant/FreakOut_Armed/AC_EmpireBow_Vigilant_FreakOut_Armed,1.5,46,30,1,1.0,Source segment rates and active DilationCurve baked; play at 1x
Archer,PlaybackClip,/Game/_Art/Enemies/HeinMach/Humanoids/Archer/Animations/PlaybackClips/A_EN_PLAY_AC_EmpireBow_Vigilant_FreakOut_UnArmed,BBQ/Content/_Kazan_/Design/Monster/Human/Empire/EmpireBow/Skill/Vigilant/FreakOut_UnArmed/AC_EmpireBow_Vigilant_FreakOut_UnArmed,1.9666667,60,30,1,1.0,Source segment rates and active DilationCurve baked; play at 1x
Archer,PlaybackClip,/Game/_Art/Enemies/HeinMach/Humanoids/Archer/Animations/PlaybackClips/A_EN_PLAY_AC_EmpireBow_Vigilant_LookAround,BBQ/Content/_Kazan_/Design/Monster/Human/Empire/EmpireBow/Skill/Vigilant/LookAround/AC_EmpireBow_Vigilant_LookAround,8.5,256,30,1,1.0,Source segment rates and active DilationCurve baked; play at 1x
HalberdElite,PlaybackClip,/Game/_Art/Enemies/HeinMach/Humanoids/HalberdElite/Animations/PlaybackClips/A_EN_PLAY_AC_EmpireHalberd_E_Disease,BBQ/Content/_Kazan_/Design/Monster/Human/Empire/EmpireHalberd_E/Base_Setting/AC_EmpireHalberd_E_Disease,2.4,73,30,1,1.0,Source segment rates and active DilationCurve baked; play at 1x
HalberdElite,PlaybackClip,/Game/_Art/Enemies/HeinMach/Humanoids/HalberdElite/Animations/PlaybackClips/A_EN_PLAY_AC_EmpireHalberd_Basic_End_01,BBQ/Content/_Kazan_/Design/Monster/Human/Empire/EmpireHalberd_E/Moving/Reaction/AC_EmpireHalberd_Basic_End_01,2.1666667,66,30,1,1.0,Source segment rates and active DilationCurve baked; play at 1x
HalberdElite,PlaybackClip,/Game/_Art/Enemies/HeinMach/Humanoids/HalberdElite/Animations/PlaybackClips/A_EN_PLAY_AC_EmpireHalberd_Basic_End_02,BBQ/Content/_Kazan_/Design/Monster/Human/Empire/EmpireHalberd_E/Moving/Reaction/AC_EmpireHalberd_Basic_End_02,2.6333334,80,30,1,1.0,Source segment rates and active DilationCurve baked; play at 1x
HalberdElite,PlaybackClip,/Game/_Art/Enemies/HeinMach/Humanoids/HalberdElite/Animations/PlaybackClips/A_EN_PLAY_AC_EmpireHalberd_Basic_Guard_End_01,BBQ/Content/_Kazan_/Design/Monster/Human/Empire/EmpireHalberd_E/Moving/Reaction/AC_EmpireHalberd_Basic_Guard_End_01,2.1666667,66,30,1,1.0,Source segment rates and active DilationCurve baked; play at 1x
HalberdElite,PlaybackClip,/Game/_Art/Enemies/HeinMach/Humanoids/HalberdElite/Animations/PlaybackClips/A_EN_PLAY_AC_EmpireHalberd_Basic_Guard_Loop_01,BBQ/Content/_Kazan_/Design/Monster/Human/Empire/EmpireHalberd_E/Moving/Reaction/AC_EmpireHalberd_Basic_Guard_Loop_01,12.333333,371,30,1,1.0,Source segment rates and active DilationCurve baked; play at 1x
HalberdElite,PlaybackClip,/Game/_Art/Enemies/HeinMach/Humanoids/HalberdElite/Animations/PlaybackClips/A_EN_PLAY_AC_EmpireHalberd_Basic_Loop_01,BBQ/Content/_Kazan_/Design/Monster/Human/Empire/EmpireHalberd_E/Moving/Reaction/AC_EmpireHalberd_Basic_Loop_01,4.3333335,131,30,1,1.0,Source segment rates and active DilationCurve baked; play at 1x
HalberdElite,PlaybackClip,/Game/_Art/Enemies/HeinMach/Humanoids/HalberdElite/Animations/PlaybackClips/A_EN_PLAY_AC_EmpireHalberd_Basic_Loop_02,BBQ/Content/_Kazan_/Design/Monster/Human/Empire/EmpireHalberd_E/Moving/Reaction/AC_EmpireHalberd_Basic_Loop_02,4.866667,147,30,1,1.0,Source segment rates and active DilationCurve baked; play at 1x
HalberdElite,PlaybackClip,/Game/_Art/Enemies/HeinMach/Humanoids/HalberdElite/Animations/PlaybackClips/A_EN_PLAY_AC_EmpireHalberd_Basic_Search_End_01,BBQ/Content/_Kazan_/Design/Monster/Human/Empire/EmpireHalberd_E/Moving/Reaction/AC_EmpireHalberd_Basic_Search_End_01,3.6666667,111,30,1,1.0,Source segment rates and active DilationCurve baked; play at 1x
HalberdElite,PlaybackClip,/Game/_Art/Enemies/HeinMach/Humanoids/HalberdElite/Animations/PlaybackClips/A_EN_PLAY_AC_EmpireHalberd_Basic_Search_Loop_01,BBQ/Content/_Kazan_/Design/Monster/Human/Empire/EmpireHalberd_E/Moving/Reaction/AC_EmpireHalberd_Basic_Search_Loop_01,8.666667,261,30,1,1.0,Source segment rates and active DilationCurve baked; play at 1x
HalberdElite,PlaybackClip,/Game/_Art/Enemies/HeinMach/Humanoids/HalberdElite/Animations/PlaybackClips/A_EN_PLAY_AC_EmpireHalberd_Basic_Talk_End_01,BBQ/Content/_Kazan_/Design/Monster/Human/Empire/EmpireHalberd_E/Moving/Reaction/AC_EmpireHalberd_Basic_Talk_End_01,2.1666667,66,30,1,1.0,Source segment rates and active DilationCurve baked; play at 1x
HalberdElite,PlaybackClip,/Game/_Art/Enemies/HeinMach/Humanoids/HalberdElite/Animations/PlaybackClips/A_EN_PLAY_AC_EmpireHalberd_Basic_Talk_End_02,BBQ/Content/_Kazan_/Design/Monster/Human/Empire/EmpireHalberd_E/Moving/Reaction/AC_EmpireHalberd_Basic_Talk_End_02,1.6,49,30,1,1.0,Source segment rates and active DilationCurve baked; play at 1x
HalberdElite,PlaybackClip,/Game/_Art/Enemies/HeinMach/Humanoids/HalberdElite/Animations/PlaybackClips/A_EN_PLAY_AC_EmpireHalberd_Basic_Talk_Loop_01,BBQ/Content/_Kazan_/Design/Monster/Human/Empire/EmpireHalberd_E/Moving/Reaction/AC_EmpireHalberd_Basic_Talk_Loop_01,6.3333335,191,30,1,1.0,Source segment rates and active DilationCurve baked; play at 1x
HalberdElite,PlaybackClip,/Game/_Art/Enemies/HeinMach/Humanoids/HalberdElite/Animations/PlaybackClips/A_EN_PLAY_AC_EmpireHalberd_Basic_Talk_Loop_02,BBQ/Content/_Kazan_/Design/Monster/Human/Empire/EmpireHalberd_E/Moving/Reaction/AC_EmpireHalberd_Basic_Talk_Loop_02,3.8,115,30,1,1.0,Source segment rates and active DilationCurve baked; play at 1x
HalberdElite,PlaybackClip,/Game/_Art/Enemies/HeinMach/Humanoids/HalberdElite/Animations/PlaybackClips/A_EN_PLAY_AC_EmpireHalberd_DamageGrapple_Atk_B_01,BBQ/Content/_Kazan_/Design/Monster/Human/Empire/EmpireHalberd_E/Moving/Reaction/AC_EmpireHalberd_DamageGrapple_Atk_B_01,1.3333334,41,30,1,1.0,Source segment rates and active DilationCurve baked; play at 1x
HalberdElite,PlaybackClip,/Game/_Art/Enemies/HeinMach/Humanoids/HalberdElite/Animations/PlaybackClips/A_EN_PLAY_AC_EmpireHalberd_DamageGrapple_Atk_B_02,BBQ/Content/_Kazan_/Design/Monster/Human/Empire/EmpireHalberd_E/Moving/Reaction/AC_EmpireHalberd_DamageGrapple_Atk_B_02,2.5,76,30,1,1.0,Source segment rates and active DilationCurve baked; play at 1x
HalberdElite,PlaybackClip,/Game/_Art/Enemies/HeinMach/Humanoids/HalberdElite/Animations/PlaybackClips/A_EN_PLAY_AC_EmpireHalberd_E_DamFinalblow,BBQ/Content/_Kazan_/Design/Monster/Human/Empire/EmpireHalberd_E/Moving/Reaction/AC_EmpireHalberd_E_DamFinalblow,6.0,181,30,1,1.0,Source segment rates and active DilationCurve baked; play at 1x
HalberdElite,PlaybackClip,/Game/_Art/Enemies/HeinMach/Humanoids/HalberdElite/Animations/PlaybackClips/A_EN_PLAY_AC_EmpireHalberd_E_DamageAir_B_Down,BBQ/Content/_Kazan_/Design/Monster/Human/Empire/EmpireHalberd_E/Moving/Reaction/AC_EmpireHalberd_E_DamageAir_B_Down,0.167,6,5000,167,1.0,Source segment rates and active DilationCurve baked; play at 1x
HalberdElite,PlaybackClip,/Game/_Art/Enemies/HeinMach/Humanoids/HalberdElite/Animations/PlaybackClips/A_EN_PLAY_AC_EmpireHalberd_E_DamageAir_B_Land,BBQ/Content/_Kazan_/Design/Monster/Human/Empire/EmpireHalberd_E/Moving/Reaction/AC_EmpireHalberd_E_DamageAir_B_Land,0.899033,28,2534333,84387,1.0,Source segment rates and active DilationCurve baked; play at 1x
HalberdElite,PlaybackClip,/Game/_Art/Enemies/HeinMach/Humanoids/HalberdElite/Animations/PlaybackClips/A_EN_PLAY_AC_EmpireHalberd_E_DamageAir_B_Peak,BBQ/Content/_Kazan_/Design/Monster/Human/Empire/EmpireHalberd_E/Moving/Reaction/AC_EmpireHalberd_E_DamageAir_B_Peak,0.10000001,4,30,1,1.0,Source segment rates and active DilationCurve baked; play at 1x
HalberdElite,PlaybackClip,/Game/_Art/Enemies/HeinMach/Humanoids/HalberdElite/Animations/PlaybackClips/A_EN_PLAY_AC_EmpireHalberd_E_DamageAir_B_Up,BBQ/Content/_Kazan_/Design/Monster/Human/Empire/EmpireHalberd_E/Moving/Reaction/AC_EmpireHalberd_E_DamageAir_B_Up,0.167,6,5000,167,1.0,Source segment rates and active DilationCurve baked; play at 1x
HalberdElite,PlaybackClip,/Game/_Art/Enemies/HeinMach/Humanoids/HalberdElite/Animations/PlaybackClips/A_EN_PLAY_AC_EmpireHalberd_E_DamageAir_F_Down,BBQ/Content/_Kazan_/Design/Monster/Human/Empire/EmpireHalberd_E/Moving/Reaction/AC_EmpireHalberd_E_DamageAir_F_Down,0.167,6,5000,167,1.0,Source segment rates and active DilationCurve baked; play at 1x
HalberdElite,PlaybackClip,/Game/_Art/Enemies/HeinMach/Humanoids/HalberdElite/Animations/PlaybackClips/A_EN_PLAY_AC_EmpireHalberd_E_DamageAir_F_Land,BBQ/Content/_Kazan_/Design/Monster/Human/Empire/EmpireHalberd_E/Moving/Reaction/AC_EmpireHalberd_E_DamageAir_F_Land,0.89903337,28,2000869,66624,1.0,Source segment rates and active DilationCurve baked; play at 1x
HalberdElite,PlaybackClip,/Game/_Art/Enemies/HeinMach/Humanoids/HalberdElite/Animations/PlaybackClips/A_EN_PLAY_AC_EmpireHalberd_E_DamageAir_F_Peak,BBQ/Content/_Kazan_/Design/Monster/Human/Empire/EmpireHalberd_E/Moving/Reaction/AC_EmpireHalberd_E_DamageAir_F_Peak,0.10000001,4,30,1,1.0,Source segment rates and active DilationCurve baked; play at 1x
HalberdElite,PlaybackClip,/Game/_Art/Enemies/HeinMach/Humanoids/HalberdElite/Animations/PlaybackClips/A_EN_PLAY_AC_EmpireHalberd_E_DamageAir_F_Up,BBQ/Content/_Kazan_/Design/Monster/Human/Empire/EmpireHalberd_E/Moving/Reaction/AC_EmpireHalberd_E_DamageAir_F_Up,0.167,6,5000,167,1.0,Source segment rates and active DilationCurve baked; play at 1x
HalberdElite,PlaybackClip,/Game/_Art/Enemies/HeinMach/Humanoids/HalberdElite/Animations/PlaybackClips/A_EN_PLAY_AC_EmpireHalberd_E_DamageFinalBlow,BBQ/Content/_Kazan_/Design/Monster/Human/Empire/EmpireHalberd_E/Moving/Reaction/AC_EmpireHalberd_E_DamageFinalBlow,1.2,37,30,1,1.0,Source segment rates and active DilationCurve baked; play at 1x
HalberdElite,PlaybackClip,/Game/_Art/Enemies/HeinMach/Humanoids/HalberdElite/Animations/PlaybackClips/A_EN_PLAY_AC_EmpireHalberd_E_DamageGrapple_Atk_01,BBQ/Content/_Kazan_/Design/Monster/Human/Empire/EmpireHalberd_E/Moving/Reaction/AC_EmpireHalberd_E_DamageGrapple_Atk_01,1.5,46,30,1,1.0,Source segment rates and active DilationCurve baked; play at 1x
HalberdElite,PlaybackClip,/Game/_Art/Enemies/HeinMach/Humanoids/HalberdElite/Animations/PlaybackClips/A_EN_PLAY_AC_EmpireHalberd_E_DamageGrapple_Atk_02,BBQ/Content/_Kazan_/Design/Monster/Human/Empire/EmpireHalberd_E/Moving/Reaction/AC_EmpireHalberd_E_DamageGrapple_Atk_02,1.2,37,30,1,1.0,Source segment rates and active DilationCurve baked; play at 1x
HalberdElite,PlaybackClip,/Game/_Art/Enemies/HeinMach/Humanoids/HalberdElite/Animations/PlaybackClips/A_EN_PLAY_AC_EmpireHalberd_E_DamageNormal_D_B,BBQ/Content/_Kazan_/Design/Monster/Human/Empire/EmpireHalberd_E/Moving/Reaction/AC_EmpireHalberd_E_DamageNormal_D_B,1.0966332,67,5653885,93943,1.0,Source segment rates and active DilationCurve baked; play at 1x
HalberdElite,PlaybackClip,/Game/_Art/Enemies/HeinMach/Humanoids/HalberdElite/Animations/PlaybackClips/A_EN_PLAY_AC_EmpireHalberd_E_DamageNormal_D_F,BBQ/Content/_Kazan_/Design/Monster/Human/Empire/EmpireHalberd_E/Moving/Reaction/AC_EmpireHalberd_E_DamageNormal_D_F,0.76666665,24,30,1,1.0,Source segment rates and active DilationCurve baked; play at 1x
HalberdElite,PlaybackClip,/Game/_Art/Enemies/HeinMach/Humanoids/HalberdElite/Animations/PlaybackClips/A_EN_PLAY_AC_EmpireHalberd_E_DamageNormal_L_F,BBQ/Content/_Kazan_/Design/Monster/Human/Empire/EmpireHalberd_E/Moving/Reaction/AC_EmpireHalberd_E_DamageNormal_L_F,0.76666665,24,30,1,1.0,Source segment rates and active DilationCurve baked; play at 1x
HalberdElite,PlaybackClip,/Game/_Art/Enemies/HeinMach/Humanoids/HalberdElite/Animations/PlaybackClips/A_EN_PLAY_AC_EmpireHalberd_E_DamageNormal_R_F,BBQ/Content/_Kazan_/Design/Monster/Human/Empire/EmpireHalberd_E/Moving/Reaction/AC_EmpireHalberd_E_DamageNormal_R_F,0.76666665,24,30,1,1.0,Source segment rates and active DilationCurve baked; play at 1x
HalberdElite,PlaybackClip,/Game/_Art/Enemies/HeinMach/Humanoids/HalberdElite/Animations/PlaybackClips/A_EN_PLAY_AC_EmpireHalberd_E_DamageNormal_U_B,BBQ/Content/_Kazan_/Design/Monster/Human/Empire/EmpireHalberd_E/Moving/Reaction/AC_EmpireHalberd_E_DamageNormal_U_B,1.0966332,67,5653885,93943,1.0,Source segment rates and active DilationCurve baked; play at 1x
HalberdElite,PlaybackClip,/Game/_Art/Enemies/HeinMach/Humanoids/HalberdElite/Animations/PlaybackClips/A_EN_PLAY_AC_EmpireHalberd_E_DamageNormal_U_F,BBQ/Content/_Kazan_/Design/Monster/Human/Empire/EmpireHalberd_E/Moving/Reaction/AC_EmpireHalberd_E_DamageNormal_U_F,0.76666665,24,30,1,1.0,Source segment rates and active DilationCurve baked; play at 1x
HalberdElite,PlaybackClip,/Game/_Art/Enemies/HeinMach/Humanoids/HalberdElite/Animations/PlaybackClips/A_EN_PLAY_AC_EmpireHalberd_E_DamageParry_F,BBQ/Content/_Kazan_/Design/Monster/Human/Empire/EmpireHalberd_E/Moving/Reaction/AC_EmpireHalberd_E_DamageParry_F,1.5,46,30,1,1.0,Source segment rates and active DilationCurve baked; play at 1x
HalberdElite,PlaybackClip,/Game/_Art/Enemies/HeinMach/Humanoids/HalberdElite/Animations/PlaybackClips/A_EN_PLAY_AC_EmpireHalberd_E_DamageStrong_D_F,BBQ/Content/_Kazan_/Design/Monster/Human/Empire/EmpireHalberd_E/Moving/Reaction/AC_EmpireHalberd_E_DamageStrong_D_F,1.1,34,30,1,1.0,Source segment rates and active DilationCurve baked; play at 1x
HalberdElite,PlaybackClip,/Game/_Art/Enemies/HeinMach/Humanoids/HalberdElite/Animations/PlaybackClips/A_EN_PLAY_AC_EmpireHalberd_E_DamageStrong_D_F_2,BBQ/Content/_Kazan_/Design/Monster/Human/Empire/EmpireHalberd_E/Moving/Reaction/AC_EmpireHalberd_E_DamageStrong_D_F_2,1.1,34,30,1,1.0,Source segment rates and active DilationCurve baked; play at 1x
HalberdElite,PlaybackClip,/Game/_Art/Enemies/HeinMach/Humanoids/HalberdElite/Animations/PlaybackClips/A_EN_PLAY_AC_EmpireHalberd_E_DamageStrong_L_F,BBQ/Content/_Kazan_/Design/Monster/Human/Empire/EmpireHalberd_E/Moving/Reaction/AC_EmpireHalberd_E_DamageStrong_L_F,1.1,34,30,1,1.0,Source segment rates and active DilationCurve baked; play at 1x
HalberdElite,PlaybackClip,/Game/_Art/Enemies/HeinMach/Humanoids/HalberdElite/Animations/PlaybackClips/A_EN_PLAY_AC_EmpireHalberd_E_DamageStrong_R_F,BBQ/Content/_Kazan_/Design/Monster/Human/Empire/EmpireHalberd_E/Moving/Reaction/AC_EmpireHalberd_E_DamageStrong_R_F,1.1,34,30,1,1.0,Source segment rates and active DilationCurve baked; play at 1x
HalberdElite,PlaybackClip,/Game/_Art/Enemies/HeinMach/Humanoids/HalberdElite/Animations/PlaybackClips/A_EN_PLAY_AC_EmpireHalberd_E_DamageStrong_U_F,BBQ/Content/_Kazan_/Design/Monster/Human/Empire/EmpireHalberd_E/Moving/Reaction/AC_EmpireHalberd_E_DamageStrong_U_F,1.1,34,30,1,1.0,Source segment rates and active DilationCurve baked; play at 1x
HalberdElite,PlaybackClip,/Game/_Art/Enemies/HeinMach/Humanoids/HalberdElite/Animations/PlaybackClips/A_EN_PLAY_AC_EmpireHalberd_E_DamageWeak_D_F,BBQ/Content/_Kazan_/Design/Monster/Human/Empire/EmpireHalberd_E/Moving/Reaction/AC_EmpireHalberd_E_DamageWeak_D_F,0.4,13,30,1,1.0,Source segment rates and active DilationCurve baked; play at 1x
HalberdElite,PlaybackClip,/Game/_Art/Enemies/HeinMach/Humanoids/HalberdElite/Animations/PlaybackClips/A_EN_PLAY_AC_EmpireHalberd_E_DamageWeak_L_F,BBQ/Content/_Kazan_/Design/Monster/Human/Empire/EmpireHalberd_E/Moving/Reaction/AC_EmpireHalberd_E_DamageWeak_L_F,0.4,13,30,1,1.0,Source segment rates and active DilationCurve baked; play at 1x
HalberdElite,PlaybackClip,/Game/_Art/Enemies/HeinMach/Humanoids/HalberdElite/Animations/PlaybackClips/A_EN_PLAY_AC_EmpireHalberd_E_DamageWeak_R_F,BBQ/Content/_Kazan_/Design/Monster/Human/Empire/EmpireHalberd_E/Moving/Reaction/AC_EmpireHalberd_E_DamageWeak_R_F,0.4,13,30,1,1.0,Source segment rates and active DilationCurve baked; play at 1x
HalberdElite,PlaybackClip,/Game/_Art/Enemies/HeinMach/Humanoids/HalberdElite/Animations/PlaybackClips/A_EN_PLAY_AC_EmpireHalberd_E_DamageWeak_U_F,BBQ/Content/_Kazan_/Design/Monster/Human/Empire/EmpireHalberd_E/Moving/Reaction/AC_EmpireHalberd_E_DamageWeak_U_F,0.4,13,30,1,1.0,Source segment rates and active DilationCurve baked; play at 1x
HalberdElite,PlaybackClip,/Game/_Art/Enemies/HeinMach/Humanoids/HalberdElite/Animations/PlaybackClips/A_EN_PLAY_AC_EmpireHalberd_E_Die_F,BBQ/Content/_Kazan_/Design/Monster/Human/Empire/EmpireHalberd_E/Moving/Reaction/AC_EmpireHalberd_E_Die_F,6.0,181,30,1,1.0,Source segment rates and active DilationCurve baked; play at 1x
HalberdElite,PlaybackClip,/Game/_Art/Enemies/HeinMach/Humanoids/HalberdElite/Animations/PlaybackClips/A_EN_PLAY_AC_EmpireHalberd_E_Down_B_Loop,BBQ/Content/_Kazan_/Design/Monster/Human/Empire/EmpireHalberd_E/Moving/Reaction/AC_EmpireHalberd_E_Down_B_Loop,6.0,181,30,1,1.0,Source segment rates and active DilationCurve baked; play at 1x
HalberdElite,PlaybackClip,/Game/_Art/Enemies/HeinMach/Humanoids/HalberdElite/Animations/PlaybackClips/A_EN_PLAY_AC_EmpireHalberd_E_Down_F_Loop,BBQ/Content/_Kazan_/Design/Monster/Human/Empire/EmpireHalberd_E/Moving/Reaction/AC_EmpireHalberd_E_Down_F_Loop,6.0,181,30,1,1.0,Source segment rates and active DilationCurve baked; play at 1x
HalberdElite,PlaybackClip,/Game/_Art/Enemies/HeinMach/Humanoids/HalberdElite/Animations/PlaybackClips/A_EN_PLAY_AC_EmpireHalberd_E_Getup_B,BBQ/Content/_Kazan_/Design/Monster/Human/Empire/EmpireHalberd_E/Moving/Reaction/AC_EmpireHalberd_E_Getup_B,1.6,49,30,1,1.0,Source segment rates and active DilationCurve baked; play at 1x
HalberdElite,PlaybackClip,/Game/_Art/Enemies/HeinMach/Humanoids/HalberdElite/Animations/PlaybackClips/A_EN_PLAY_AC_EmpireHalberd_E_Getup_F,BBQ/Content/_Kazan_/Design/Monster/Human/Empire/EmpireHalberd_E/Moving/Reaction/AC_EmpireHalberd_E_Getup_F,1.4,43,30,1,1.0,Source segment rates and active DilationCurve baked; play at 1x
HalberdElite,PlaybackClip,/Game/_Art/Enemies/HeinMach/Humanoids/HalberdElite/Animations/PlaybackClips/A_EN_PLAY_AC_EmpireHalberd_E_Groggy_F_End,BBQ/Content/_Kazan_/Design/Monster/Human/Empire/EmpireHalberd_E/Moving/Reaction/AC_EmpireHalberd_E_Groggy_F_End,2.2333333,68,30,1,1.0,Source segment rates and active DilationCurve baked; play at 1x
HalberdElite,PlaybackClip,/Game/_Art/Enemies/HeinMach/Humanoids/HalberdElite/Animations/PlaybackClips/A_EN_PLAY_AC_EmpireHalberd_E_Groggy_F_Loop,BBQ/Content/_Kazan_/Design/Monster/Human/Empire/EmpireHalberd_E/Moving/Reaction/AC_EmpireHalberd_E_Groggy_F_Loop,2.1666667,66,30,1,1.0,Source segment rates and active DilationCurve baked; play at 1x
HalberdElite,PlaybackClip,/Game/_Art/Enemies/HeinMach/Humanoids/HalberdElite/Animations/PlaybackClips/A_EN_PLAY_AC_EmpireHalberd_E_Groggy_F_Start,BBQ/Content/_Kazan_/Design/Monster/Human/Empire/EmpireHalberd_E/Moving/Reaction/AC_EmpireHalberd_E_Groggy_F_Start,1.2666667,39,30,1,1.0,Source segment rates and active DilationCurve baked; play at 1x
HalberdElite,PlaybackClip,/Game/_Art/Enemies/HeinMach/Humanoids/HalberdElite/Animations/PlaybackClips/A_EN_PLAY_AC_EmpireHalberd_E_Turn_L,BBQ/Content/_Kazan_/Design/Monster/Human/Empire/EmpireHalberd_E/Moving/Reaction/AC_EmpireHalberd_E_Turn_L,1.0,31,30,1,1.0,Source segment rates and active DilationCurve baked; play at 1x
HalberdElite,PlaybackClip,/Game/_Art/Enemies/HeinMach/Humanoids/HalberdElite/Animations/PlaybackClips/A_EN_PLAY_AC_EmpireHalberd_E_Turn_L_180,BBQ/Content/_Kazan_/Design/Monster/Human/Empire/EmpireHalberd_E/Moving/Reaction/AC_EmpireHalberd_E_Turn_L_180,2.0,61,30,1,1.0,Source segment rates and active DilationCurve baked; play at 1x
HalberdElite,PlaybackClip,/Game/_Art/Enemies/HeinMach/Humanoids/HalberdElite/Animations/PlaybackClips/A_EN_PLAY_AC_EmpireHalberd_E_Turn_Peace_L,BBQ/Content/_Kazan_/Design/Monster/Human/Empire/EmpireHalberd_E/Moving/Reaction/AC_EmpireHalberd_E_Turn_Peace_L,1.2666667,39,30,1,1.0,Source segment rates and active DilationCurve baked; play at 1x
HalberdElite,PlaybackClip,/Game/_Art/Enemies/HeinMach/Humanoids/HalberdElite/Animations/PlaybackClips/A_EN_PLAY_AC_EmpireHalberd_E_Turn_Peace_R,BBQ/Content/_Kazan_/Design/Monster/Human/Empire/EmpireHalberd_E/Moving/Reaction/AC_EmpireHalberd_E_Turn_Peace_R,1.4333333,44,30,1,1.0,Source segment rates and active DilationCurve baked; play at 1x
HalberdElite,PlaybackClip,/Game/_Art/Enemies/HeinMach/Humanoids/HalberdElite/Animations/PlaybackClips/A_EN_PLAY_AC_EmpireHalberd_E_Turn_R,BBQ/Content/_Kazan_/Design/Monster/Human/Empire/EmpireHalberd_E/Moving/Reaction/AC_EmpireHalberd_E_Turn_R,1.0,31,30,1,1.0,Source segment rates and active DilationCurve baked; play at 1x
HalberdElite,PlaybackClip,/Game/_Art/Enemies/HeinMach/Humanoids/HalberdElite/Animations/PlaybackClips/A_EN_PLAY_AC_EmpireHalberd_E_Turn_R_180,BBQ/Content/_Kazan_/Design/Monster/Human/Empire/EmpireHalberd_E/Moving/Reaction/AC_EmpireHalberd_E_Turn_R_180,2.0,61,30,1,1.0,Source segment rates and active DilationCurve baked; play at 1x
HalberdElite,PlaybackClip,/Game/_Art/Enemies/HeinMach/Humanoids/HalberdElite/Animations/PlaybackClips/A_EN_PLAY_AC_EmpireHalberd_E_BackDashCounter_Atk,BBQ/Content/_Kazan_/Design/Monster/Human/Empire/EmpireHalberd_E/Skill/BackDashCounter/AC_EmpireHalberd_E_BackDashCounter_Atk,3.9821405,240,4681822,78007,1.0,Source segment rates and active DilationCurve baked; play at 1x
HalberdElite,PlaybackClip,/Game/_Art/Enemies/HeinMach/Humanoids/HalberdElite/Animations/PlaybackClips/A_EN_PLAY_AC_EmpireHalberd_E_BackDashCounter_Parried,BBQ/Content/_Kazan_/Design/Monster/Human/Empire/EmpireHalberd_E/Skill/BackDashCounter/AC_EmpireHalberd_E_BackDashCounter_Parried,1.33,41,4000,133,1.0,Source segment rates and active DilationCurve baked; play at 1x
HalberdElite,PlaybackClip,/Game/_Art/Enemies/HeinMach/Humanoids/HalberdElite/Animations/PlaybackClips/A_EN_PLAY_AC_EmpireHalberd_E_BackDashCounter_Start,BBQ/Content/_Kazan_/Design/Monster/Human/Empire/EmpireHalberd_E/Skill/BackDashCounter/AC_EmpireHalberd_E_BackDashCounter_Start,0.8697752,53,5447242,91113,1.0,Source segment rates and active DilationCurve baked; play at 1x
HalberdElite,PlaybackClip,/Game/_Art/Enemies/HeinMach/Humanoids/HalberdElite/Animations/PlaybackClips/A_EN_PLAY_AC_EmpireHalberd_E_ChargeAttack_End,BBQ/Content/_Kazan_/Design/Monster/Human/Empire/EmpireHalberd_E/Skill/ChargeAttack/AC_EmpireHalberd_E_ChargeAttack_End,3.2718608,197,3759023,62750,1.0,Source segment rates and active DilationCurve baked; play at 1x
HalberdElite,PlaybackClip,/Game/_Art/Enemies/HeinMach/Humanoids/HalberdElite/Animations/PlaybackClips/A_EN_PLAY_AC_EmpireHalberd_E_ChargeAttack_End_New,BBQ/Content/_Kazan_/Design/Monster/Human/Empire/EmpireHalberd_E/Skill/ChargeAttack/AC_EmpireHalberd_E_ChargeAttack_End_New,3.4651942,209,4324897,72051,1.0,Source segment rates and active DilationCurve baked; play at 1x
HalberdElite,PlaybackClip,/Game/_Art/Enemies/HeinMach/Humanoids/HalberdElite/Animations/PlaybackClips/A_EN_PLAY_AC_EmpireHalberd_E_ChargeAttack_Loop,BBQ/Content/_Kazan_/Design/Monster/Human/Empire/EmpireHalberd_E/Skill/ChargeAttack/AC_EmpireHalberd_E_ChargeAttack_Loop,1.0469636,64,847912,14091,1.0,Source segment rates and active DilationCurve baked; play at 1x
HalberdElite,PlaybackClip,/Game/_Art/Enemies/HeinMach/Humanoids/HalberdElite/Animations/PlaybackClips/A_EN_PLAY_AC_EmpireHalberd_E_ChargeAttack_Start,BBQ/Content/_Kazan_/Design/Monster/Human/Empire/EmpireHalberd_E/Skill/ChargeAttack/AC_EmpireHalberd_E_ChargeAttack_Start,1.4554662,88,5891570,98563,1.0,Source segment rates and active DilationCurve baked; play at 1x
HalberdElite,PlaybackClip,/Game/_Art/Enemies/HeinMach/Humanoids/HalberdElite/Animations/PlaybackClips/A_EN_PLAY_AC_EmpireHalberd_E_ChargeAttack_Start_Fast,BBQ/Content/_Kazan_/Design/Monster/Human/Empire/EmpireHalberd_E/Skill/ChargeAttack/AC_EmpireHalberd_E_ChargeAttack_Start_Fast,0.7055926,43,5734703,96342,1.0,Source segment rates and active DilationCurve baked; play at 1x
HalberdElite,PlaybackClip,/Game/_Art/Enemies/HeinMach/Humanoids/HalberdElite/Animations/PlaybackClips/A_EN_PLAY_AC_EmpireHalberd_E_DownUpperSlash_01,BBQ/Content/_Kazan_/Design/Monster/Human/Empire/EmpireHalberd_E/Skill/DownUpperSlash/AC_EmpireHalberd_E_DownUpperSlash_01,3.0983121,187,442621,7373,1.0,Source segment rates and active DilationCurve baked; play at 1x
HalberdElite,PlaybackClip,/Game/_Art/Enemies/HeinMach/Humanoids/HalberdElite/Animations/PlaybackClips/A_EN_PLAY_AC_EmpireHalberd_E_DownUpperSlash_02,BBQ/Content/_Kazan_/Design/Monster/Human/Empire/EmpireHalberd_E/Skill/DownUpperSlash/AC_EmpireHalberd_E_DownUpperSlash_02,2.0260763,123,4727051,78503,1.0,Source segment rates and active DilationCurve baked; play at 1x
HalberdElite,PlaybackClip,/Game/_Art/Enemies/HeinMach/Humanoids/HalberdElite/Animations/PlaybackClips/A_EN_PLAY_AC_EmpireHalberd_E_Guard_Brk,BBQ/Content/_Kazan_/Design/Monster/Human/Empire/EmpireHalberd_E/Skill/Guard/AC_EmpireHalberd_E_Guard_Brk,0.89,28,2700,89,1.0,Source segment rates and active DilationCurve baked; play at 1x
HalberdElite,PlaybackClip,/Game/_Art/Enemies/HeinMach/Humanoids/HalberdElite/Animations/PlaybackClips/A_EN_PLAY_AC_EmpireHalberd_E_Guard_Brk_End,BBQ/Content/_Kazan_/Design/Monster/Human/Empire/EmpireHalberd_E/Skill/Guard/AC_EmpireHalberd_E_Guard_Brk_End,0.46666664,15,30,1,1.0,Source segment rates and active DilationCurve baked; play at 1x
HalberdElite,PlaybackClip,/Game/_Art/Enemies/HeinMach/Humanoids/HalberdElite/Animations/PlaybackClips/A_EN_PLAY_AC_EmpireHalberd_E_Guard_End,BBQ/Content/_Kazan_/Design/Monster/Human/Empire/EmpireHalberd_E/Skill/Guard/AC_EmpireHalberd_E_Guard_End,0.96666664,30,30,1,1.0,Source segment rates and active DilationCurve baked; play at 1x
HalberdElite,PlaybackClip,/Game/_Art/Enemies/HeinMach/Humanoids/HalberdElite/Animations/PlaybackClips/A_EN_PLAY_AC_EmpireHalberd_E_Guard_Loop,BBQ/Content/_Kazan_/Design/Monster/Human/Empire/EmpireHalberd_E/Skill/Guard/AC_EmpireHalberd_E_Guard_Loop,1.1,34,30,1,1.0,Source segment rates and active DilationCurve baked; play at 1x
HalberdElite,PlaybackClip,/Game/_Art/Enemies/HeinMach/Humanoids/HalberdElite/Animations/PlaybackClips/A_EN_PLAY_AC_EmpireHalberd_E_Guard_Start,BBQ/Content/_Kazan_/Design/Monster/Human/Empire/EmpireHalberd_E/Skill/Guard/AC_EmpireHalberd_E_Guard_Start,0.43333334,14,30,1,1.0,Source segment rates and active DilationCurve baked; play at 1x
HalberdElite,PlaybackClip,/Game/_Art/Enemies/HeinMach/Humanoids/HalberdElite/Animations/PlaybackClips/A_EN_PLAY_AC_EmpireHalberd_E_Guard_Suc,BBQ/Content/_Kazan_/Design/Monster/Human/Empire/EmpireHalberd_E/Skill/Guard/AC_EmpireHalberd_E_Guard_Suc,1.0,31,30,1,1.0,Source segment rates and active DilationCurve baked; play at 1x
HalberdElite,PlaybackClip,/Game/_Art/Enemies/HeinMach/Humanoids/HalberdElite/Animations/PlaybackClips/A_EN_PLAY_AC_EmpireHalberd_E_GuardCounter_Down,BBQ/Content/_Kazan_/Design/Monster/Human/Empire/EmpireHalberd_E/Skill/GuardCounter/AC_EmpireHalberd_E_GuardCounter_Down,2.0053446,121,3188639,53286,1.0,Source segment rates and active DilationCurve baked; play at 1x
HalberdElite,PlaybackClip,/Game/_Art/Enemies/HeinMach/Humanoids/HalberdElite/Animations/PlaybackClips/A_EN_PLAY_AC_EmpireHalberd_E_GuardCounter_Failed,BBQ/Content/_Kazan_/Design/Monster/Human/Empire/EmpireHalberd_E/Skill/GuardCounter/AC_EmpireHalberd_E_GuardCounter_Failed,0.96666664,30,30,1,1.0,Source segment rates and active DilationCurve baked; play at 1x
HalberdElite,PlaybackClip,/Game/_Art/Enemies/HeinMach/Humanoids/HalberdElite/Animations/PlaybackClips/A_EN_PLAY_AC_EmpireHalberd_E_GuardCounter_Loop,BBQ/Content/_Kazan_/Design/Monster/Human/Empire/EmpireHalberd_E/Skill/GuardCounter/AC_EmpireHalberd_E_GuardCounter_Loop,0.5,16,30,1,1.0,Source segment rates and active DilationCurve baked; play at 1x
HalberdElite,PlaybackClip,/Game/_Art/Enemies/HeinMach/Humanoids/HalberdElite/Animations/PlaybackClips/A_EN_PLAY_AC_EmpireHalberd_E_GuardCounter_Parried,BBQ/Content/_Kazan_/Design/Monster/Human/Empire/EmpireHalberd_E/Skill/GuardCounter/AC_EmpireHalberd_E_GuardCounter_Parried,1.5,46,30,1,1.0,Source segment rates and active DilationCurve baked; play at 1x
HalberdElite,PlaybackClip,/Game/_Art/Enemies/HeinMach/Humanoids/HalberdElite/Animations/PlaybackClips/A_EN_PLAY_AC_EmpireHalberd_E_GuardCounter_Start,BBQ/Content/_Kazan_/Design/Monster/Human/Empire/EmpireHalberd_E/Skill/GuardCounter/AC_EmpireHalberd_E_GuardCounter_Start,0.23662178,15,2697089,45585,1.0,Source segment rates and active DilationCurve baked; play at 1x
HalberdElite,PlaybackClip,/Game/_Art/Enemies/HeinMach/Humanoids/HalberdElite/Animations/PlaybackClips/A_EN_PLAY_AC_EmpireHalberd_E_GuardCounter_Upper,BBQ/Content/_Kazan_/Design/Monster/Human/Empire/EmpireHalberd_E/Skill/GuardCounter/AC_EmpireHalberd_E_GuardCounter_Upper,2.6864374,162,4989648,83257,1.0,Source segment rates and active DilationCurve baked; play at 1x
HalberdElite,PlaybackClip,/Game/_Art/Enemies/HeinMach/Humanoids/HalberdElite/Animations/PlaybackClips/A_EN_PLAY_AC_EmpireHalberd_E_Pierce_01,BBQ/Content/_Kazan_/Design/Monster/Human/Empire/EmpireHalberd_E/Skill/Pierce/AC_EmpireHalberd_E_Pierce_01,4.229033,255,834788,13899,1.0,Source segment rates and active DilationCurve baked; play at 1x
HalberdElite,PlaybackClip,/Game/_Art/Enemies/HeinMach/Humanoids/HalberdElite/Animations/PlaybackClips/A_EN_PLAY_AC_EmpireHalberd_E_Pierce_02,BBQ/Content/_Kazan_/Design/Monster/Human/Empire/EmpireHalberd_E/Skill/Pierce/AC_EmpireHalberd_E_Pierce_02,3.1563604,190,5293252,88399,1.0,Source segment rates and active DilationCurve baked; play at 1x
HalberdElite,PlaybackClip,/Game/_Art/Enemies/HeinMach/Humanoids/HalberdElite/Animations/PlaybackClips/A_EN_PLAY_AC_EmpireHalberd_E_Early_Pierce_01,BBQ/Content/_Kazan_/Design/Monster/Human/Empire/EmpireHalberd_E/Skill/Pierce/Early/AC_EmpireHalberd_E_Early_Pierce_01,4.229033,255,834788,13899,1.0,Source segment rates and active DilationCurve baked; play at 1x
HalberdElite,PlaybackClip,/Game/_Art/Enemies/HeinMach/Humanoids/HalberdElite/Animations/PlaybackClips/A_EN_PLAY_AC_EmpireHalberd_E_Early_Pierce_02,BBQ/Content/_Kazan_/Design/Monster/Human/Empire/EmpireHalberd_E/Skill/Pierce/Early/AC_EmpireHalberd_E_Early_Pierce_02,3.1563604,190,5293252,88399,1.0,Source segment rates and active DilationCurve baked; play at 1x
HalberdElite,PlaybackClip,/Game/_Art/Enemies/HeinMach/Humanoids/HalberdElite/Animations/PlaybackClips/A_EN_PLAY_AC_EmpireHalberd_E_Push_01,BBQ/Content/_Kazan_/Design/Monster/Human/Empire/EmpireHalberd_E/Skill/Push/AC_EmpireHalberd_E_Push_01,1.8461734,112,5110150,84993,1.0,Source segment rates and active DilationCurve baked; play at 1x
HalberdElite,PlaybackClip,/Game/_Art/Enemies/HeinMach/Humanoids/HalberdElite/Animations/PlaybackClips/A_EN_PLAY_AC_EmpireHalberd_E_Push_02,BBQ/Content/_Kazan_/Design/Monster/Human/Empire/EmpireHalberd_E/Skill/Push/AC_EmpireHalberd_E_Push_02,2.8492372,172,3340194,55655,1.0,Source segment rates and active DilationCurve baked; play at 1x
HalberdElite,PlaybackClip,/Game/_Art/Enemies/HeinMach/Humanoids/HalberdElite/Animations/PlaybackClips/A_EN_PLAY_AC_EmpireHalberd_E_Early_Push_01,BBQ/Content/_Kazan_/Design/Monster/Human/Empire/EmpireHalberd_E/Skill/Push/Early/AC_EmpireHalberd_E_Early_Push_01,1.8461734,112,5110150,84993,1.0,Source segment rates and active DilationCurve baked; play at 1x
HalberdElite,PlaybackClip,/Game/_Art/Enemies/HeinMach/Humanoids/HalberdElite/Animations/PlaybackClips/A_EN_PLAY_AC_EmpireHalberd_E_Early_Push_02,BBQ/Content/_Kazan_/Design/Monster/Human/Empire/EmpireHalberd_E/Skill/Push/Early/AC_EmpireHalberd_E_Early_Push_02,2.8492372,172,3340194,55655,1.0,Source segment rates and active DilationCurve baked; play at 1x
HalberdElite,PlaybackClip,/Game/_Art/Enemies/HeinMach/Humanoids/HalberdElite/Animations/PlaybackClips/A_EN_PLAY_AC_EmpireHalberd_E_RoundAttack,BBQ/Content/_Kazan_/Design/Monster/Human/Empire/EmpireHalberd_E/Skill/RoundAttack/AC_EmpireHalberd_E_RoundAttack,2.7876704,168,5320789,88818,1.0,Source segment rates and active DilationCurve baked; play at 1x
HalberdElite,PlaybackClip,/Game/_Art/Enemies/HeinMach/Humanoids/HalberdElite/Animations/PlaybackClips/A_EN_PLAY_AC_EmpireHalberd_E_RoundAttack_Start,BBQ/Content/_Kazan_/Design/Monster/Human/Empire/EmpireHalberd_E/Skill/RoundAttack/AC_EmpireHalberd_E_RoundAttack_Start,0.96666664,30,30,1,1.0,Source segment rates and active DilationCurve baked; play at 1x
HalberdElite,PlaybackClip,/Game/_Art/Enemies/HeinMach/Humanoids/HalberdElite/Animations/PlaybackClips/A_EN_PLAY_AC_EmpireHalberd_E_Smash_End_New,BBQ/Content/_Kazan_/Design/Monster/Human/Empire/EmpireHalberd_E/Skill/Smash/AC_EmpireHalberd_E_Smash_End_New,2.4899876,150,4063711,67910,1.0,Source segment rates and active DilationCurve baked; play at 1x
HalberdElite,PlaybackClip,/Game/_Art/Enemies/HeinMach/Humanoids/HalberdElite/Animations/PlaybackClips/A_EN_PLAY_AC_EmpireHalberd_E_Smash_Start,BBQ/Content/_Kazan_/Design/Monster/Human/Empire/EmpireHalberd_E/Skill/Smash/AC_EmpireHalberd_E_Smash_Start,2.366665,143,4260003,71000,1.0,Source segment rates and active DilationCurve baked; play at 1x
HalberdElite,PlaybackClip,/Game/_Art/Enemies/HeinMach/Humanoids/HalberdElite/Animations/PlaybackClips/A_EN_PLAY_AC_EmpireHalberd_E_SprintSwing_End,BBQ/Content/_Kazan_/Design/Monster/Human/Empire/EmpireHalberd_E/Skill/SprintSwing/AC_EmpireHalberd_E_SprintSwing_End,2.1535485,130,2479907,41400,1.0,Source segment rates and active DilationCurve baked; play at 1x
HalberdElite,PlaybackClip,/Game/_Art/Enemies/HeinMach/Humanoids/HalberdElite/Animations/PlaybackClips/A_EN_PLAY_AC_EmpireHalberd_E_SprintSwing_Loop,BBQ/Content/_Kazan_/Design/Monster/Human/Empire/EmpireHalberd_E/Skill/SprintSwing/AC_EmpireHalberd_E_SprintSwing_Loop,0.56830925,35,4517924,75517,1.0,Source segment rates and active DilationCurve baked; play at 1x
HalberdElite,PlaybackClip,/Game/_Art/Enemies/HeinMach/Humanoids/HalberdElite/Animations/PlaybackClips/A_EN_PLAY_AC_EmpireHalberd_E_SprintSwing_Start,BBQ/Content/_Kazan_/Design/Monster/Human/Empire/EmpireHalberd_E/Skill/SprintSwing/AC_EmpireHalberd_E_SprintSwing_Start,0.48000005,30,799977,13241,1.0,Source segment rates and active DilationCurve baked; play at 1x
HalberdElite,PlaybackClip,/Game/_Art/Enemies/HeinMach/Humanoids/HalberdElite/Animations/PlaybackClips/A_EN_PLAY_AC_EmpireHalberd_E_Early_SprintSwing_End,BBQ/Content/_Kazan_/Design/Monster/Human/Empire/EmpireHalberd_E/Skill/SprintSwing/Early/AC_EmpireHalberd_E_Early_SprintSwing_End,2.1535485,130,2479907,41400,1.0,Source segment rates and active DilationCurve baked; play at 1x
HalberdElite,PlaybackClip,/Game/_Art/Enemies/HeinMach/Humanoids/HalberdElite/Animations/PlaybackClips/A_EN_PLAY_AC_EmpireHalberd_E_Swing_01_New,BBQ/Content/_Kazan_/Design/Monster/Human/Empire/EmpireHalberd_E/Skill/Swing/AC_EmpireHalberd_E_Swing_01_New,2.5890357,156,5927875,99016,1.0,Source segment rates and active DilationCurve baked; play at 1x
HalberdElite,PlaybackClip,/Game/_Art/Enemies/HeinMach/Humanoids/HalberdElite/Animations/PlaybackClips/A_EN_PLAY_AC_EmpireHalberd_E_Swing_02_New,BBQ/Content/_Kazan_/Design/Monster/Human/Empire/EmpireHalberd_E/Skill/Swing/AC_EmpireHalberd_E_Swing_02_New,3.8165681,230,5730808,95511,1.0,Source segment rates and active DilationCurve baked; play at 1x
HalberdElite,PlaybackClip,/Game/_Art/Enemies/HeinMach/Humanoids/HalberdElite/Animations/PlaybackClips/A_EN_PLAY_AC_EmpireHalberd_E_Swing_03_New,BBQ/Content/_Kazan_/Design/Monster/Human/Empire/EmpireHalberd_E/Skill/Swing/AC_EmpireHalberd_E_Swing_03_New,4.096451,247,3116878,51903,1.0,Source segment rates and active DilationCurve baked; play at 1x
HalberdElite,PlaybackClip,/Game/_Art/Enemies/HeinMach/Humanoids/HalberdElite/Animations/PlaybackClips/A_EN_PLAY_AC_EmpireHalberd_E_Early_Swing_01,BBQ/Content/_Kazan_/Design/Monster/Human/Empire/EmpireHalberd_E/Skill/Swing/Early/AC_EmpireHalberd_E_Early_Swing_01,2.5890357,156,5927875,99016,1.0,Source segment rates and active DilationCurve baked; play at 1x
HalberdElite,PlaybackClip,/Game/_Art/Enemies/HeinMach/Humanoids/HalberdElite/Animations/PlaybackClips/A_EN_PLAY_AC_EmpireHalberd_E_Early_Swing_02,BBQ/Content/_Kazan_/Design/Monster/Human/Empire/EmpireHalberd_E/Skill/Swing/Early/AC_EmpireHalberd_E_Early_Swing_02,3.8165681,230,5730808,95511,1.0,Source segment rates and active DilationCurve baked; play at 1x
HalberdElite,PlaybackClip,/Game/_Art/Enemies/HeinMach/Humanoids/HalberdElite/Animations/PlaybackClips/A_EN_PLAY_AC_EmpireHalberd_E_Early_Swing_03,BBQ/Content/_Kazan_/Design/Monster/Human/Empire/EmpireHalberd_E/Skill/Swing/Early/AC_EmpireHalberd_E_Early_Swing_03,4.096451,247,3116878,51903,1.0,Source segment rates and active DilationCurve baked; play at 1x
HalberdElite,PlaybackClip,/Game/_Art/Enemies/HeinMach/Humanoids/HalberdElite/Animations/PlaybackClips/A_EN_PLAY_AC_EmpireHalberd_E_TurnAttack,BBQ/Content/_Kazan_/Design/Monster/Human/Empire/EmpireHalberd_E/Skill/TurnAttack/AC_EmpireHalberd_E_TurnAttack,4.5780473,276,5915983,98486,1.0,Source segment rates and active DilationCurve baked; play at 1x
HalberdElite,PlaybackClip,/Game/_Art/Enemies/HeinMach/Humanoids/HalberdElite/Animations/PlaybackClips/A_EN_PLAY_AC_EmpireHalberd_E_TurnAttack_Fast,BBQ/Content/_Kazan_/Design/Monster/Human/Empire/EmpireHalberd_E/Skill/TurnAttack/AC_EmpireHalberd_E_TurnAttack_Fast,4.342888,262,5989813,99667,1.0,Source segment rates and active DilationCurve baked; play at 1x
HalberdElite,PlaybackClip,/Game/_Art/Enemies/HeinMach/Humanoids/HalberdElite/Animations/PlaybackClips/A_EN_PLAY_AC_EmpireHalberd_E_Vigilant_FreakOut_Armed,BBQ/Content/_Kazan_/Design/Monster/Human/Empire/EmpireHalberd_E/Skill/Vigilant/FreakOut_Armed/AC_EmpireHalberd_E_Vigilant_FreakOut_Armed,1.2666667,39,30,1,1.0,Source segment rates and active DilationCurve baked; play at 1x
HalberdElite,PlaybackClip,/Game/_Art/Enemies/HeinMach/Humanoids/HalberdElite/Animations/PlaybackClips/A_EN_PLAY_AC_EmpireHalberd_E_Vigilant_LookAround,BBQ/Content/_Kazan_/Design/Monster/Human/Empire/EmpireHalberd_E/Skill/Vigilant/LookAround/AC_EmpireHalberd_E_Vigilant_LookAround,9.233334,278,30,1,1.0,Source segment rates and active DilationCurve baked; play at 1x
Mage,PlaybackClip,/Game/_Art/Enemies/OtherRegions/Humanoids/Mage/Animations/PlaybackClips/A_EN_PLAY_AC_EMagic_DamageGrapple_Atk_B_01,BBQ/Content/_Kazan_/Design/Monster/Human/Empire/EmpireMagic/Moving/Reaction/AC_EMagic_DamageGrapple_Atk_B_01,1.3333334,41,30,1,1.0,Source segment rates and active DilationCurve baked; play at 1x
Mage,PlaybackClip,/Game/_Art/Enemies/OtherRegions/Humanoids/Mage/Animations/PlaybackClips/A_EN_PLAY_AC_EMagic_DamageGrapple_Atk_B_02,BBQ/Content/_Kazan_/Design/Monster/Human/Empire/EmpireMagic/Moving/Reaction/AC_EMagic_DamageGrapple_Atk_B_02,2.5,76,30,1,1.0,Source segment rates and active DilationCurve baked; play at 1x
Mage,PlaybackClip,/Game/_Art/Enemies/OtherRegions/Humanoids/Mage/Animations/PlaybackClips/A_EN_PLAY_AC_EmpireMagic_Basic_ChairSit_End_01,BBQ/Content/_Kazan_/Design/Monster/Human/Empire/EmpireMagic/Moving/Reaction/AC_EmpireMagic_Basic_ChairSit_End_01,1.8,55,30,1,1.0,Source segment rates and active DilationCurve baked; play at 1x
Mage,PlaybackClip,/Game/_Art/Enemies/OtherRegions/Humanoids/Mage/Animations/PlaybackClips/A_EN_PLAY_AC_EmpireMagic_Basic_ChairSit_Loop_01,BBQ/Content/_Kazan_/Design/Monster/Human/Empire/EmpireMagic/Moving/Reaction/AC_EmpireMagic_Basic_ChairSit_Loop_01,11.0,331,30,1,1.0,Source segment rates and active DilationCurve baked; play at 1x
Mage,PlaybackClip,/Game/_Art/Enemies/OtherRegions/Humanoids/Mage/Animations/PlaybackClips/A_EN_PLAY_AC_EmpireMagic_Basic_End_01,BBQ/Content/_Kazan_/Design/Monster/Human/Empire/EmpireMagic/Moving/Reaction/AC_EmpireMagic_Basic_End_01,1.6666666,51,30,1,1.0,Source segment rates and active DilationCurve baked; play at 1x
Mage,PlaybackClip,/Game/_Art/Enemies/OtherRegions/Humanoids/Mage/Animations/PlaybackClips/A_EN_PLAY_AC_EmpireMagic_Basic_Loop_01,BBQ/Content/_Kazan_/Design/Monster/Human/Empire/EmpireMagic/Moving/Reaction/AC_EmpireMagic_Basic_Loop_01,7.0,211,30,1,1.0,Source segment rates and active DilationCurve baked; play at 1x
Mage,PlaybackClip,/Game/_Art/Enemies/OtherRegions/Humanoids/Mage/Animations/PlaybackClips/A_EN_PLAY_AC_EmpireMagic_Basic_Search_End_01,BBQ/Content/_Kazan_/Design/Monster/Human/Empire/EmpireMagic/Moving/Reaction/AC_EmpireMagic_Basic_Search_End_01,1.0,31,30,1,1.0,Source segment rates and active DilationCurve baked; play at 1x
Mage,PlaybackClip,/Game/_Art/Enemies/OtherRegions/Humanoids/Mage/Animations/PlaybackClips/A_EN_PLAY_AC_EmpireMagic_Basic_Search_End_02,BBQ/Content/_Kazan_/Design/Monster/Human/Empire/EmpireMagic/Moving/Reaction/AC_EmpireMagic_Basic_Search_End_02,1.6666666,51,30,1,1.0,Source segment rates and active DilationCurve baked; play at 1x
Mage,PlaybackClip,/Game/_Art/Enemies/OtherRegions/Humanoids/Mage/Animations/PlaybackClips/A_EN_PLAY_AC_EmpireMagic_Basic_Search_Loop_01,BBQ/Content/_Kazan_/Design/Monster/Human/Empire/EmpireMagic/Moving/Reaction/AC_EmpireMagic_Basic_Search_Loop_01,15.0,451,30,1,1.0,Source segment rates and active DilationCurve baked; play at 1x
Mage,PlaybackClip,/Game/_Art/Enemies/OtherRegions/Humanoids/Mage/Animations/PlaybackClips/A_EN_PLAY_AC_EmpireMagic_Basic_Search_Loop_02,BBQ/Content/_Kazan_/Design/Monster/Human/Empire/EmpireMagic/Moving/Reaction/AC_EmpireMagic_Basic_Search_Loop_02,8.666667,261,30,1,1.0,Source segment rates and active DilationCurve baked; play at 1x
Mage,PlaybackClip,/Game/_Art/Enemies/OtherRegions/Humanoids/Mage/Animations/PlaybackClips/A_EN_PLAY_AC_EmpireMagic_Basic_Sit_End_01,BBQ/Content/_Kazan_/Design/Monster/Human/Empire/EmpireMagic/Moving/Reaction/AC_EmpireMagic_Basic_Sit_End_01,2.6666667,81,30,1,1.0,Source segment rates and active DilationCurve baked; play at 1x
Mage,PlaybackClip,/Game/_Art/Enemies/OtherRegions/Humanoids/Mage/Animations/PlaybackClips/A_EN_PLAY_AC_EmpireMagic_Basic_Sit_Loop_01,BBQ/Content/_Kazan_/Design/Monster/Human/Empire/EmpireMagic/Moving/Reaction/AC_EmpireMagic_Basic_Sit_Loop_01,8.833333,266,30,1,1.0,Source segment rates and active DilationCurve baked; play at 1x
Mage,PlaybackClip,/Game/_Art/Enemies/OtherRegions/Humanoids/Mage/Animations/PlaybackClips/A_EN_PLAY_AC_EmpireMagic_Basic_Talk_End_01,BBQ/Content/_Kazan_/Design/Monster/Human/Empire/EmpireMagic/Moving/Reaction/AC_EmpireMagic_Basic_Talk_End_01,1.0,31,30,1,1.0,Source segment rates and active DilationCurve baked; play at 1x
Mage,PlaybackClip,/Game/_Art/Enemies/OtherRegions/Humanoids/Mage/Animations/PlaybackClips/A_EN_PLAY_AC_EmpireMagic_Basic_Talk_Loop_01,BBQ/Content/_Kazan_/Design/Monster/Human/Empire/EmpireMagic/Moving/Reaction/AC_EmpireMagic_Basic_Talk_Loop_01,10.9,328,30,1,1.0,Source segment rates and active DilationCurve baked; play at 1x
Mage,PlaybackClip,/Game/_Art/Enemies/OtherRegions/Humanoids/Mage/Animations/PlaybackClips/A_EN_PLAY_AC_EmpireMagic_DamageAir_B_Down,BBQ/Content/_Kazan_/Design/Monster/Human/Empire/EmpireMagic/Moving/Reaction/AC_EmpireMagic_DamageAir_B_Down,0.167,6,5000,167,1.0,Source segment rates and active DilationCurve baked; play at 1x
Mage,PlaybackClip,/Game/_Art/Enemies/OtherRegions/Humanoids/Mage/Animations/PlaybackClips/A_EN_PLAY_AC_EmpireMagic_DamageAir_B_Land,BBQ/Content/_Kazan_/Design/Monster/Human/Empire/EmpireMagic/Moving/Reaction/AC_EmpireMagic_DamageAir_B_Land,0.89903337,28,2000869,66624,1.0,Source segment rates and active DilationCurve baked; play at 1x
Mage,PlaybackClip,/Game/_Art/Enemies/OtherRegions/Humanoids/Mage/Animations/PlaybackClips/A_EN_PLAY_AC_EmpireMagic_DamageAir_B_Peak,BBQ/Content/_Kazan_/Design/Monster/Human/Empire/EmpireMagic/Moving/Reaction/AC_EmpireMagic_DamageAir_B_Peak,0.10000001,4,30,1,1.0,Source segment rates and active DilationCurve baked; play at 1x
Mage,PlaybackClip,/Game/_Art/Enemies/OtherRegions/Humanoids/Mage/Animations/PlaybackClips/A_EN_PLAY_AC_EmpireMagic_DamageAir_B_Up,BBQ/Content/_Kazan_/Design/Monster/Human/Empire/EmpireMagic/Moving/Reaction/AC_EmpireMagic_DamageAir_B_Up,0.167,6,5000,167,1.0,Source segment rates and active DilationCurve baked; play at 1x
Mage,PlaybackClip,/Game/_Art/Enemies/OtherRegions/Humanoids/Mage/Animations/PlaybackClips/A_EN_PLAY_AC_EmpireMagic_DamageAir_F_Down,BBQ/Content/_Kazan_/Design/Monster/Human/Empire/EmpireMagic/Moving/Reaction/AC_EmpireMagic_DamageAir_F_Down,0.167,6,5000,167,1.0,Source segment rates and active DilationCurve baked; play at 1x
Mage,PlaybackClip,/Game/_Art/Enemies/OtherRegions/Humanoids/Mage/Animations/PlaybackClips/A_EN_PLAY_AC_EmpireMagic_DamageAir_F_Land,BBQ/Content/_Kazan_/Design/Monster/Human/Empire/EmpireMagic/Moving/Reaction/AC_EmpireMagic_DamageAir_F_Land,0.89903337,28,2000869,66624,1.0,Source segment rates and active DilationCurve baked; play at 1x
Mage,PlaybackClip,/Game/_Art/Enemies/OtherRegions/Humanoids/Mage/Animations/PlaybackClips/A_EN_PLAY_AC_EmpireMagic_DamageAir_F_Peak,BBQ/Content/_Kazan_/Design/Monster/Human/Empire/EmpireMagic/Moving/Reaction/AC_EmpireMagic_DamageAir_F_Peak,0.10000001,4,30,1,1.0,Source segment rates and active DilationCurve baked; play at 1x
Mage,PlaybackClip,/Game/_Art/Enemies/OtherRegions/Humanoids/Mage/Animations/PlaybackClips/A_EN_PLAY_AC_EmpireMagic_DamageAir_F_Up,BBQ/Content/_Kazan_/Design/Monster/Human/Empire/EmpireMagic/Moving/Reaction/AC_EmpireMagic_DamageAir_F_Up,0.167,6,5000,167,1.0,Source segment rates and active DilationCurve baked; play at 1x
Mage,PlaybackClip,/Game/_Art/Enemies/OtherRegions/Humanoids/Mage/Animations/PlaybackClips/A_EN_PLAY_AC_EmpireMagic_DamageDown_B,BBQ/Content/_Kazan_/Design/Monster/Human/Empire/EmpireMagic/Moving/Reaction/AC_EmpireMagic_DamageDown_B,0.6666667,21,30,1,1.0,Source segment rates and active DilationCurve baked; play at 1x
Mage,PlaybackClip,/Game/_Art/Enemies/OtherRegions/Humanoids/Mage/Animations/PlaybackClips/A_EN_PLAY_AC_EmpireMagic_DamageDown_F,BBQ/Content/_Kazan_/Design/Monster/Human/Empire/EmpireMagic/Moving/Reaction/AC_EmpireMagic_DamageDown_F,0.6666667,21,30,1,1.0,Source segment rates and active DilationCurve baked; play at 1x
Mage,PlaybackClip,/Game/_Art/Enemies/OtherRegions/Humanoids/Mage/Animations/PlaybackClips/A_EN_PLAY_AC_EmpireMagic_DamageGrapple_Atk_01,BBQ/Content/_Kazan_/Design/Monster/Human/Empire/EmpireMagic/Moving/Reaction/AC_EmpireMagic_DamageGrapple_Atk_01,1.3333334,41,30,1,1.0,Source segment rates and active DilationCurve baked; play at 1x
Mage,PlaybackClip,/Game/_Art/Enemies/OtherRegions/Humanoids/Mage/Animations/PlaybackClips/A_EN_PLAY_AC_EmpireMagic_DamageGrapple_Atk_02,BBQ/Content/_Kazan_/Design/Monster/Human/Empire/EmpireMagic/Moving/Reaction/AC_EmpireMagic_DamageGrapple_Atk_02,1.1,34,30,1,1.0,Source segment rates and active DilationCurve baked; play at 1x
Mage,PlaybackClip,/Game/_Art/Enemies/OtherRegions/Humanoids/Mage/Animations/PlaybackClips/A_EN_PLAY_AC_EmpireMagic_DamageNormal_D_B,BBQ/Content/_Kazan_/Design/Monster/Human/Empire/EmpireMagic/Moving/Reaction/AC_EmpireMagic_DamageNormal_D_B,1.099981,67,3878947,64648,1.0,Source segment rates and active DilationCurve baked; play at 1x
Mage,PlaybackClip,/Game/_Art/Enemies/OtherRegions/Humanoids/Mage/Animations/PlaybackClips/A_EN_PLAY_AC_EmpireMagic_DamageNormal_D_F,BBQ/Content/_Kazan_/Design/Monster/Human/Empire/EmpireMagic/Moving/Reaction/AC_EmpireMagic_DamageNormal_D_F,0.7,22,30,1,1.0,Source segment rates and active DilationCurve baked; play at 1x
Mage,PlaybackClip,/Game/_Art/Enemies/OtherRegions/Humanoids/Mage/Animations/PlaybackClips/A_EN_PLAY_AC_EmpireMagic_DamageNormal_L_F,BBQ/Content/_Kazan_/Design/Monster/Human/Empire/EmpireMagic/Moving/Reaction/AC_EmpireMagic_DamageNormal_L_F,0.7,22,30,1,1.0,Source segment rates and active DilationCurve baked; play at 1x
Mage,PlaybackClip,/Game/_Art/Enemies/OtherRegions/Humanoids/Mage/Animations/PlaybackClips/A_EN_PLAY_AC_EmpireMagic_DamageNormal_R_F,BBQ/Content/_Kazan_/Design/Monster/Human/Empire/EmpireMagic/Moving/Reaction/AC_EmpireMagic_DamageNormal_R_F,0.7,22,30,1,1.0,Source segment rates and active DilationCurve baked; play at 1x
Mage,PlaybackClip,/Game/_Art/Enemies/OtherRegions/Humanoids/Mage/Animations/PlaybackClips/A_EN_PLAY_AC_EmpireMagic_DamageNormal_U_B,BBQ/Content/_Kazan_/Design/Monster/Human/Empire/EmpireMagic/Moving/Reaction/AC_EmpireMagic_DamageNormal_U_B,1.0999811,67,58201,970,1.0,Source segment rates and active DilationCurve baked; play at 1x
Mage,PlaybackClip,/Game/_Art/Enemies/OtherRegions/Humanoids/Mage/Animations/PlaybackClips/A_EN_PLAY_AC_EmpireMagic_DamageNormal_U_F,BBQ/Content/_Kazan_/Design/Monster/Human/Empire/EmpireMagic/Moving/Reaction/AC_EmpireMagic_DamageNormal_U_F,0.7,22,30,1,1.0,Source segment rates and active DilationCurve baked; play at 1x
Mage,PlaybackClip,/Game/_Art/Enemies/OtherRegions/Humanoids/Mage/Animations/PlaybackClips/A_EN_PLAY_AC_EmpireMagic_DamageStrong_D_F,BBQ/Content/_Kazan_/Design/Monster/Human/Empire/EmpireMagic/Moving/Reaction/AC_EmpireMagic_DamageStrong_D_F,1.1,34,30,1,1.0,Source segment rates and active DilationCurve baked; play at 1x
Mage,PlaybackClip,/Game/_Art/Enemies/OtherRegions/Humanoids/Mage/Animations/PlaybackClips/A_EN_PLAY_AC_EmpireMagic_DamageStrong_D_F_2,BBQ/Content/_Kazan_/Design/Monster/Human/Empire/EmpireMagic/Moving/Reaction/AC_EmpireMagic_DamageStrong_D_F_2,1.1,34,30,1,1.0,Source segment rates and active DilationCurve baked; play at 1x
Mage,PlaybackClip,/Game/_Art/Enemies/OtherRegions/Humanoids/Mage/Animations/PlaybackClips/A_EN_PLAY_AC_EmpireMagic_DamageStrong_L_F,BBQ/Content/_Kazan_/Design/Monster/Human/Empire/EmpireMagic/Moving/Reaction/AC_EmpireMagic_DamageStrong_L_F,1.1,34,30,1,1.0,Source segment rates and active DilationCurve baked; play at 1x
Mage,PlaybackClip,/Game/_Art/Enemies/OtherRegions/Humanoids/Mage/Animations/PlaybackClips/A_EN_PLAY_AC_EmpireMagic_DamageStrong_R_F,BBQ/Content/_Kazan_/Design/Monster/Human/Empire/EmpireMagic/Moving/Reaction/AC_EmpireMagic_DamageStrong_R_F,1.1,34,30,1,1.0,Source segment rates and active DilationCurve baked; play at 1x
Mage,PlaybackClip,/Game/_Art/Enemies/OtherRegions/Humanoids/Mage/Animations/PlaybackClips/A_EN_PLAY_AC_EmpireMagic_DamageStrong_U_F,BBQ/Content/_Kazan_/Design/Monster/Human/Empire/EmpireMagic/Moving/Reaction/AC_EmpireMagic_DamageStrong_U_F,1.1,34,30,1,1.0,Source segment rates and active DilationCurve baked; play at 1x
Mage,PlaybackClip,/Game/_Art/Enemies/OtherRegions/Humanoids/Mage/Animations/PlaybackClips/A_EN_PLAY_AC_EmpireMagic_DamageWeak_D_F,BBQ/Content/_Kazan_/Design/Monster/Human/Empire/EmpireMagic/Moving/Reaction/AC_EmpireMagic_DamageWeak_D_F,0.4,13,30,1,1.0,Source segment rates and active DilationCurve baked; play at 1x
Mage,PlaybackClip,/Game/_Art/Enemies/OtherRegions/Humanoids/Mage/Animations/PlaybackClips/A_EN_PLAY_AC_EmpireMagic_DamageWeak_L_F,BBQ/Content/_Kazan_/Design/Monster/Human/Empire/EmpireMagic/Moving/Reaction/AC_EmpireMagic_DamageWeak_L_F,0.4,13,30,1,1.0,Source segment rates and active DilationCurve baked; play at 1x
Mage,PlaybackClip,/Game/_Art/Enemies/OtherRegions/Humanoids/Mage/Animations/PlaybackClips/A_EN_PLAY_AC_EmpireMagic_DamageWeak_R_F,BBQ/Content/_Kazan_/Design/Monster/Human/Empire/EmpireMagic/Moving/Reaction/AC_EmpireMagic_DamageWeak_R_F,0.4,13,30,1,1.0,Source segment rates and active DilationCurve baked; play at 1x
Mage,PlaybackClip,/Game/_Art/Enemies/OtherRegions/Humanoids/Mage/Animations/PlaybackClips/A_EN_PLAY_AC_EmpireMagic_DamageWeak_U_F,BBQ/Content/_Kazan_/Design/Monster/Human/Empire/EmpireMagic/Moving/Reaction/AC_EmpireMagic_DamageWeak_U_F,0.4,13,30,1,1.0,Source segment rates and active DilationCurve baked; play at 1x
Mage,PlaybackClip,/Game/_Art/Enemies/OtherRegions/Humanoids/Mage/Animations/PlaybackClips/A_EN_PLAY_AC_EmpireMagic_Down_Die_B,BBQ/Content/_Kazan_/Design/Monster/Human/Empire/EmpireMagic/Moving/Reaction/AC_EmpireMagic_Down_Die_B,11.0,331,30,1,1.0,Source segment rates and active DilationCurve baked; play at 1x
Mage,PlaybackClip,/Game/_Art/Enemies/OtherRegions/Humanoids/Mage/Animations/PlaybackClips/A_EN_PLAY_AC_EmpireMagic_Down_Die_F,BBQ/Content/_Kazan_/Design/Monster/Human/Empire/EmpireMagic/Moving/Reaction/AC_EmpireMagic_Down_Die_F,11.0,331,30,1,1.0,Source segment rates and active DilationCurve baked; play at 1x
Mage,PlaybackClip,/Game/_Art/Enemies/OtherRegions/Humanoids/Mage/Animations/PlaybackClips/A_EN_PLAY_AC_EmpireMagic_Down_Loop_B,BBQ/Content/_Kazan_/Design/Monster/Human/Empire/EmpireMagic/Moving/Reaction/AC_EmpireMagic_Down_Loop_B,1.6,49,30,1,1.0,Source segment rates and active DilationCurve baked; play at 1x
Mage,PlaybackClip,/Game/_Art/Enemies/OtherRegions/Humanoids/Mage/Animations/PlaybackClips/A_EN_PLAY_AC_EmpireMagic_Down_Loop_F,BBQ/Content/_Kazan_/Design/Monster/Human/Empire/EmpireMagic/Moving/Reaction/AC_EmpireMagic_Down_Loop_F,1.6,49,30,1,1.0,Source segment rates and active DilationCurve baked; play at 1x
Mage,PlaybackClip,/Game/_Art/Enemies/OtherRegions/Humanoids/Mage/Animations/PlaybackClips/A_EN_PLAY_AC_EmpireMagic_Getup_B,BBQ/Content/_Kazan_/Design/Monster/Human/Empire/EmpireMagic/Moving/Reaction/AC_EmpireMagic_Getup_B,1.8666667,57,30,1,1.0,Source segment rates and active DilationCurve baked; play at 1x
Mage,PlaybackClip,/Game/_Art/Enemies/OtherRegions/Humanoids/Mage/Animations/PlaybackClips/A_EN_PLAY_AC_EmpireMagic_Getup_F,BBQ/Content/_Kazan_/Design/Monster/Human/Empire/EmpireMagic/Moving/Reaction/AC_EmpireMagic_Getup_F,1.3,40,30,1,1.0,Source segment rates and active DilationCurve baked; play at 1x
Mage,PlaybackClip,/Game/_Art/Enemies/OtherRegions/Humanoids/Mage/Animations/PlaybackClips/A_EN_PLAY_AC_EmpireMagic_Groggy_End,BBQ/Content/_Kazan_/Design/Monster/Human/Empire/EmpireMagic/Moving/Reaction/AC_EmpireMagic_Groggy_End,1.3333334,41,30,1,1.0,Source segment rates and active DilationCurve baked; play at 1x
Mage,PlaybackClip,/Game/_Art/Enemies/OtherRegions/Humanoids/Mage/Animations/PlaybackClips/A_EN_PLAY_AC_EmpireMagic_Groggy_Loop,BBQ/Content/_Kazan_/Design/Monster/Human/Empire/EmpireMagic/Moving/Reaction/AC_EmpireMagic_Groggy_Loop,2.0,61,30,1,1.0,Source segment rates and active DilationCurve baked; play at 1x
Mage,PlaybackClip,/Game/_Art/Enemies/OtherRegions/Humanoids/Mage/Animations/PlaybackClips/A_EN_PLAY_AC_EmpireMagic_Groggy_Start,BBQ/Content/_Kazan_/Design/Monster/Human/Empire/EmpireMagic/Moving/Reaction/AC_EmpireMagic_Groggy_Start,1.1666666,36,30,1,1.0,Source segment rates and active DilationCurve baked; play at 1x
Mage,PlaybackClip,/Game/_Art/Enemies/OtherRegions/Humanoids/Mage/Animations/PlaybackClips/A_EN_PLAY_AC_EmpireMagic_Ground_Die_F,BBQ/Content/_Kazan_/Design/Monster/Human/Empire/EmpireMagic/Moving/Reaction/AC_EmpireMagic_Ground_Die_F,11.0,331,30,1,1.0,Source segment rates and active DilationCurve baked; play at 1x
Mage,PlaybackClip,/Game/_Art/Enemies/OtherRegions/Humanoids/Mage/Animations/PlaybackClips/A_EN_PLAY_AC_EmpireMagic_LockOnWalk_B,BBQ/Content/_Kazan_/Design/Monster/Human/Empire/EmpireMagic/Moving/Reaction/AC_EmpireMagic_LockOnWalk_B,1.0666667,33,30,1,1.0,Source segment rates and active DilationCurve baked; play at 1x
Mage,PlaybackClip,/Game/_Art/Enemies/OtherRegions/Humanoids/Mage/Animations/PlaybackClips/A_EN_PLAY_AC_EmpireMagic_LockOnWalk_F,BBQ/Content/_Kazan_/Design/Monster/Human/Empire/EmpireMagic/Moving/Reaction/AC_EmpireMagic_LockOnWalk_F,1.0666667,33,30,1,1.0,Source segment rates and active DilationCurve baked; play at 1x
Mage,PlaybackClip,/Game/_Art/Enemies/OtherRegions/Humanoids/Mage/Animations/PlaybackClips/A_EN_PLAY_AC_EmpireMagic_LockOnWalk_L,BBQ/Content/_Kazan_/Design/Monster/Human/Empire/EmpireMagic/Moving/Reaction/AC_EmpireMagic_LockOnWalk_L,1.0,31,30,1,1.0,Source segment rates and active DilationCurve baked; play at 1x
Mage,PlaybackClip,/Game/_Art/Enemies/OtherRegions/Humanoids/Mage/Animations/PlaybackClips/A_EN_PLAY_AC_EmpireMagic_LockOnWalk_R,BBQ/Content/_Kazan_/Design/Monster/Human/Empire/EmpireMagic/Moving/Reaction/AC_EmpireMagic_LockOnWalk_R,1.0,31,30,1,1.0,Source segment rates and active DilationCurve baked; play at 1x
Mage,PlaybackClip,/Game/_Art/Enemies/OtherRegions/Humanoids/Mage/Animations/PlaybackClips/A_EN_PLAY_AC_EmpireMagic_Run_F,BBQ/Content/_Kazan_/Design/Monster/Human/Empire/EmpireMagic/Moving/Reaction/AC_EmpireMagic_Run_F,0.8666667,27,30,1,1.0,Source segment rates and active DilationCurve baked; play at 1x
Mage,PlaybackClip,/Game/_Art/Enemies/OtherRegions/Humanoids/Mage/Animations/PlaybackClips/A_EN_PLAY_AC_EmpireMagic_Stand_F,BBQ/Content/_Kazan_/Design/Monster/Human/Empire/EmpireMagic/Moving/Reaction/AC_EmpireMagic_Stand_F,3.3333333,101,30,1,1.0,Source segment rates and active DilationCurve baked; play at 1x
Mage,PlaybackClip,/Game/_Art/Enemies/OtherRegions/Humanoids/Mage/Animations/PlaybackClips/A_EN_PLAY_AC_EmpireMagic_Turn_L,BBQ/Content/_Kazan_/Design/Monster/Human/Empire/EmpireMagic/Moving/Reaction/AC_EmpireMagic_Turn_L,1.0,31,30,1,1.0,Source segment rates and active DilationCurve baked; play at 1x
Mage,PlaybackClip,/Game/_Art/Enemies/OtherRegions/Humanoids/Mage/Animations/PlaybackClips/A_EN_PLAY_AC_EmpireMagic_Turn_L_180,BBQ/Content/_Kazan_/Design/Monster/Human/Empire/EmpireMagic/Moving/Reaction/AC_EmpireMagic_Turn_L_180,1.5333333,47,30,1,1.0,Source segment rates and active DilationCurve baked; play at 1x
Mage,PlaybackClip,/Game/_Art/Enemies/OtherRegions/Humanoids/Mage/Animations/PlaybackClips/A_EN_PLAY_AC_EmpireMagic_Turn_L_Peace,BBQ/Content/_Kazan_/Design/Monster/Human/Empire/EmpireMagic/Moving/Reaction/AC_EmpireMagic_Turn_L_Peace,1.0,31,30,1,1.0,Source segment rates and active DilationCurve baked; play at 1x
Mage,PlaybackClip,/Game/_Art/Enemies/OtherRegions/Humanoids/Mage/Animations/PlaybackClips/A_EN_PLAY_AC_EmpireMagic_Turn_R,BBQ/Content/_Kazan_/Design/Monster/Human/Empire/EmpireMagic/Moving/Reaction/AC_EmpireMagic_Turn_R,1.0,31,30,1,1.0,Source segment rates and active DilationCurve baked; play at 1x
Mage,PlaybackClip,/Game/_Art/Enemies/OtherRegions/Humanoids/Mage/Animations/PlaybackClips/A_EN_PLAY_AC_EmpireMagic_Turn_R_180,BBQ/Content/_Kazan_/Design/Monster/Human/Empire/EmpireMagic/Moving/Reaction/AC_EmpireMagic_Turn_R_180,1.5333333,47,30,1,1.0,Source segment rates and active DilationCurve baked; play at 1x
Mage,PlaybackClip,/Game/_Art/Enemies/OtherRegions/Humanoids/Mage/Animations/PlaybackClips/A_EN_PLAY_AC_EmpireMagic_Turn_R_Peace,BBQ/Content/_Kazan_/Design/Monster/Human/Empire/EmpireMagic/Moving/Reaction/AC_EmpireMagic_Turn_R_Peace,1.0,31,30,1,1.0,Source segment rates and active DilationCurve baked; play at 1x
Mage,PlaybackClip,/Game/_Art/Enemies/OtherRegions/Humanoids/Mage/Animations/PlaybackClips/A_EN_PLAY_AC_EmpireMagic_Walk_F,BBQ/Content/_Kazan_/Design/Monster/Human/Empire/EmpireMagic/Moving/Reaction/AC_EmpireMagic_Walk_F,1.0666667,33,30,1,1.0,Source segment rates and active DilationCurve baked; play at 1x
Mage,PlaybackClip,/Game/_Art/Enemies/OtherRegions/Humanoids/Mage/Animations/PlaybackClips/A_EN_PLAY_AC_M_EMagic_DamageParry_F,BBQ/Content/_Kazan_/Design/Monster/Human/Empire/EmpireMagic/Moving/Reaction/AC_M_EMagic_DamageParry_F,1.5,46,30,1,1.0,Source segment rates and active DilationCurve baked; play at 1x
Mage,PlaybackClip,/Game/_Art/Enemies/OtherRegions/Humanoids/Mage/Animations/PlaybackClips/A_EN_PLAY_AC_EmpireMagic_Equip,BBQ/Content/_Kazan_/Design/Monster/Human/Empire/EmpireMagic/Moving/WeaponEquip/AC_EmpireMagic_Equip,0.99999964,61,5555582,92593,1.0,Source segment rates and active DilationCurve baked; play at 1x
Mage,PlaybackClip,/Game/_Art/Enemies/OtherRegions/Humanoids/Mage/Animations/PlaybackClips/A_EN_PLAY_AC_EmpireMagic_Equip_Turn_L,BBQ/Content/_Kazan_/Design/Monster/Human/Empire/EmpireMagic/Moving/WeaponEquip/AC_EmpireMagic_Equip_Turn_L,1.1666662,71,4999982,83333,1.0,Source segment rates and active DilationCurve baked; play at 1x
Mage,PlaybackClip,/Game/_Art/Enemies/OtherRegions/Humanoids/Mage/Animations/PlaybackClips/A_EN_PLAY_AC_EmpireMagic_Equip_Turn_R,BBQ/Content/_Kazan_/Design/Monster/Human/Empire/EmpireMagic/Moving/WeaponEquip/AC_EmpireMagic_Equip_Turn_R,1.1666662,71,4999982,83333,1.0,Source segment rates and active DilationCurve baked; play at 1x
Mage,PlaybackClip,/Game/_Art/Enemies/OtherRegions/Humanoids/Mage/Animations/PlaybackClips/A_EN_PLAY_AC_EmpireMagic_UnEquip,BBQ/Content/_Kazan_/Design/Monster/Human/Empire/EmpireMagic/Moving/WeaponEquip/AC_EmpireMagic_UnEquip,1.0,31,30,1,1.0,Source segment rates and active DilationCurve baked; play at 1x
Mage,PlaybackClip,/Game/_Art/Enemies/OtherRegions/Humanoids/Mage/Animations/PlaybackClips/A_EN_PLAY_AC_EmpireMagic_Weapon_Equip,BBQ/Content/_Kazan_/Design/Monster/Human/Empire/EmpireMagic/Moving/WeaponEquip/AC_EmpireMagic_Weapon_Equip,1.0,31,30,1,1.0,Source segment rates and active DilationCurve baked; play at 1x
Mage,PlaybackClip,/Game/_Art/Enemies/OtherRegions/Humanoids/Mage/Animations/PlaybackClips/A_EN_PLAY_AC_EmpireMagic_Weapon_Unequip,BBQ/Content/_Kazan_/Design/Monster/Human/Empire/EmpireMagic/Moving/WeaponEquip/AC_EmpireMagic_Weapon_Unequip,1.0,31,30,1,1.0,Source segment rates and active DilationCurve baked; play at 1x
Mage,PlaybackClip,/Game/_Art/Enemies/OtherRegions/Humanoids/Mage/Animations/PlaybackClips/A_EN_PLAY_AC_EmpireMagic_FireBall_End,BBQ/Content/_Kazan_/Design/Monster/Human/Empire/EmpireMagic/Skill/01_FireBall/AC_EmpireMagic_FireBall_End,3.051101,184,252089,4203,1.0,Source segment rates and active DilationCurve baked; play at 1x
Mage,PlaybackClip,/Game/_Art/Enemies/OtherRegions/Humanoids/Mage/Animations/PlaybackClips/A_EN_PLAY_AC_EmpireMagic_FireBall_Loop,BBQ/Content/_Kazan_/Design/Monster/Human/Empire/EmpireMagic/Skill/01_FireBall/AC_EmpireMagic_FireBall_Loop,2.465927,149,4825507,80401,1.0,Source segment rates and active DilationCurve baked; play at 1x
Mage,PlaybackClip,/Game/_Art/Enemies/OtherRegions/Humanoids/Mage/Animations/PlaybackClips/A_EN_PLAY_AC_EmpireMagic_FireBall_Start,BBQ/Content/_Kazan_/Design/Monster/Human/Empire/EmpireMagic/Skill/01_FireBall/AC_EmpireMagic_FireBall_Start,2.1675782,131,5859175,97694,1.0,Source segment rates and active DilationCurve baked; play at 1x
Mage,PlaybackClip,/Game/_Art/Enemies/OtherRegions/Humanoids/Mage/Animations/PlaybackClips/A_EN_PLAY_AC_EmpireMagic_FireLine_Dodge_B,BBQ/Content/_Kazan_/Design/Monster/Human/Empire/EmpireMagic/Skill/02_FireLine/AC_EmpireMagic_FireLine_Dodge_B,0.9346672,57,5402539,90171,1.0,Source segment rates and active DilationCurve baked; play at 1x
Mage,PlaybackClip,/Game/_Art/Enemies/OtherRegions/Humanoids/Mage/Animations/PlaybackClips/A_EN_PLAY_AC_EmpireMagic_FireLine_Dodge_B_Shoot,BBQ/Content/_Kazan_/Design/Monster/Human/Empire/EmpireMagic/Skill/02_FireLine/AC_EmpireMagic_FireLine_Dodge_B_Shoot,1.2351372,75,5702879,95187,1.0,Source segment rates and active DilationCurve baked; play at 1x
Mage,PlaybackClip,/Game/_Art/Enemies/OtherRegions/Humanoids/Mage/Animations/PlaybackClips/A_EN_PLAY_AC_EmpireMagic_FireLine_Shoot,BBQ/Content/_Kazan_/Design/Monster/Human/Empire/EmpireMagic/Skill/02_FireLine/AC_EmpireMagic_FireLine_Shoot,2.4787295,150,1705061,28365,1.0,Source segment rates and active DilationCurve baked; play at 1x
Mage,PlaybackClip,/Game/_Art/Enemies/OtherRegions/Humanoids/Mage/Animations/PlaybackClips/A_EN_PLAY_AC_EmpireMagic_FireRandom_End,BBQ/Content/_Kazan_/Design/Monster/Human/Empire/EmpireMagic/Skill/03_FireRandom/AC_EmpireMagic_FireRandom_End,1.3582013,82,5741858,96279,1.0,Source segment rates and active DilationCurve baked; play at 1x
Mage,PlaybackClip,/Game/_Art/Enemies/OtherRegions/Humanoids/Mage/Animations/PlaybackClips/A_EN_PLAY_AC_EmpireMagic_FireRandom_Loop_Back,BBQ/Content/_Kazan_/Design/Monster/Human/Empire/EmpireMagic/Skill/03_FireRandom/AC_EmpireMagic_FireRandom_Loop_Back,0.99999964,61,5555582,92593,1.0,Source segment rates and active DilationCurve baked; play at 1x
Mage,PlaybackClip,/Game/_Art/Enemies/OtherRegions/Humanoids/Mage/Animations/PlaybackClips/A_EN_PLAY_AC_EmpireMagic_FireRandom_Loop_Front,BBQ/Content/_Kazan_/Design/Monster/Human/Empire/EmpireMagic/Skill/03_FireRandom/AC_EmpireMagic_FireRandom_Loop_Front,0.9999992,61,3750003,62500,1.0,Source segment rates and active DilationCurve baked; play at 1x
Mage,PlaybackClip,/Game/_Art/Enemies/OtherRegions/Humanoids/Mage/Animations/PlaybackClips/A_EN_PLAY_AC_EmpireMagic_FireRandom_Start,BBQ/Content/_Kazan_/Design/Monster/Human/Empire/EmpireMagic/Skill/03_FireRandom/AC_EmpireMagic_FireRandom_Start,1.9368435,117,5584920,93251,1.0,Source segment rates and active DilationCurve baked; play at 1x
Mage,PlaybackClip,/Game/_Art/Enemies/OtherRegions/Humanoids/Mage/Animations/PlaybackClips/A_EN_PLAY_AC_EmpireMagic_StartFireBall_00_Idle,BBQ/Content/_Kazan_/Design/Monster/Human/Empire/EmpireMagic/Skill/04_StartFireBall/AC_EmpireMagic_StartFireBall_00_Idle,3.3333333,101,30,1,1.0,Source segment rates and active DilationCurve baked; play at 1x
Mage,PlaybackClip,/Game/_Art/Enemies/OtherRegions/Humanoids/Mage/Animations/PlaybackClips/A_EN_PLAY_AC_EmpireMagic_StartFireBall_01_Start_01,BBQ/Content/_Kazan_/Design/Monster/Human/Empire/EmpireMagic/Skill/04_StartFireBall/AC_EmpireMagic_StartFireBall_01_Start_01,0.86907023,53,178485,2983,1.0,Source segment rates and active DilationCurve baked; play at 1x
Mage,PlaybackClip,/Game/_Art/Enemies/OtherRegions/Humanoids/Mage/Animations/PlaybackClips/A_EN_PLAY_AC_EmpireMagic_StartFireBall_01_Start_02,BBQ/Content/_Kazan_/Design/Monster/Human/Empire/EmpireMagic/Skill/04_StartFireBall/AC_EmpireMagic_StartFireBall_01_Start_02,0.84918535,52,5624931,93659,1.0,Source segment rates and active DilationCurve baked; play at 1x
Mage,PlaybackClip,/Game/_Art/Enemies/OtherRegions/Humanoids/Mage/Animations/PlaybackClips/A_EN_PLAY_AC_EmpireMagic_StartFireBall_02_End,BBQ/Content/_Kazan_/Design/Monster/Human/Empire/EmpireMagic/Skill/04_StartFireBall/AC_EmpireMagic_StartFireBall_02_End,2.8509839,172,5489125,91517,1.0,Source segment rates and active DilationCurve baked; play at 1x
Mage,PlaybackClip,/Game/_Art/Enemies/OtherRegions/Humanoids/Mage/Animations/PlaybackClips/A_EN_PLAY_AC_EmpireMagic_Vigilant_FreakOut_Armed,BBQ/Content/_Kazan_/Design/Monster/Human/Empire/EmpireMagic/Skill/Vigilant/FreakOut_Armed/AC_EmpireMagic_Vigilant_FreakOut_Armed,1.9333333,59,30,1,1.0,Source segment rates and active DilationCurve baked; play at 1x
Mage,PlaybackClip,/Game/_Art/Enemies/OtherRegions/Humanoids/Mage/Animations/PlaybackClips/A_EN_PLAY_AC_EmpireMagic_Vigilant_FreakOut_UnArmed,BBQ/Content/_Kazan_/Design/Monster/Human/Empire/EmpireMagic/Skill/Vigilant/FreakOut_UnArmed/AC_EmpireMagic_Vigilant_FreakOut_UnArmed,2.0333333,62,30,1,1.0,Source segment rates and active DilationCurve baked; play at 1x
Mage,PlaybackClip,/Game/_Art/Enemies/OtherRegions/Humanoids/Mage/Animations/PlaybackClips/A_EN_PLAY_AC_EmpireMagic_Vigilant_LookAround,BBQ/Content/_Kazan_/Design/Monster/Human/Empire/EmpireMagic/Skill/Vigilant/LookAround/AC_EmpireMagic_Vigilant_LookAround,9.533334,287,30,1,1.0,Source segment rates and active DilationCurve baked; play at 1x
Swordsman,PlaybackClip,/Game/_Art/Enemies/HeinMach/Humanoids/Swordsman/Animations/PlaybackClips/A_EN_PLAY_AC_EmpireSword_Sick_Down_B,BBQ/Content/_Kazan_/Design/Monster/Human/Empire/EmpireSword/HeinMach/Sick/AC_EmpireSword_Sick_Down_B,6.3333335,191,30,1,1.0,Source segment rates and active DilationCurve baked; play at 1x
Swordsman,PlaybackClip,/Game/_Art/Enemies/HeinMach/Humanoids/Swordsman/Animations/PlaybackClips/A_EN_PLAY_AC_EmpireSword_Sick_Down_DieB,BBQ/Content/_Kazan_/Design/Monster/Human/Empire/EmpireSword/HeinMach/Sick/AC_EmpireSword_Sick_Down_DieB,12.0,361,30,1,1.0,Source segment rates and active DilationCurve baked; play at 1x
Swordsman,PlaybackClip,/Game/_Art/Enemies/HeinMach/Humanoids/Swordsman/Animations/PlaybackClips/A_EN_PLAY_AC_EmpireSword_Sick_Down_DieF,BBQ/Content/_Kazan_/Design/Monster/Human/Empire/EmpireSword/HeinMach/Sick/AC_EmpireSword_Sick_Down_DieF,11.8,355,30,1,1.0,Source segment rates and active DilationCurve baked; play at 1x
Swordsman,PlaybackClip,/Game/_Art/Enemies/HeinMach/Humanoids/Swordsman/Animations/PlaybackClips/A_EN_PLAY_AC_EmpireSword_Sick_Down_F,BBQ/Content/_Kazan_/Design/Monster/Human/Empire/EmpireSword/HeinMach/Sick/AC_EmpireSword_Sick_Down_F,11.4,343,30,1,1.0,Source segment rates and active DilationCurve baked; play at 1x
Swordsman,PlaybackClip,/Game/_Art/Enemies/HeinMach/Humanoids/Swordsman/Animations/PlaybackClips/A_EN_PLAY_AC_EmpireSword_Sick_Stand_F,BBQ/Content/_Kazan_/Design/Monster/Human/Empire/EmpireSword/HeinMach/Sick/AC_EmpireSword_Sick_Stand_F,14.933333,449,30,1,1.0,Source segment rates and active DilationCurve baked; play at 1x
Swordsman,PlaybackClip,/Game/_Art/Enemies/HeinMach/Humanoids/Swordsman/Animations/PlaybackClips/A_EN_PLAY_AC_EmpireSword_ClimbingWall_Down_End,BBQ/Content/_Kazan_/Design/Monster/Human/Empire/EmpireSword/Moving/Climbing/AC_EmpireSword_ClimbingWall_Down_End,1.0,31,30,1,1.0,Source segment rates and active DilationCurve baked; play at 1x
Swordsman,PlaybackClip,/Game/_Art/Enemies/HeinMach/Humanoids/Swordsman/Animations/PlaybackClips/A_EN_PLAY_AC_EmpireSword_ClimbingWall_Down_L,BBQ/Content/_Kazan_/Design/Monster/Human/Empire/EmpireSword/Moving/Climbing/AC_EmpireSword_ClimbingWall_Down_L,0.6,19,30,1,1.0,Source segment rates and active DilationCurve baked; play at 1x
Swordsman,PlaybackClip,/Game/_Art/Enemies/HeinMach/Humanoids/Swordsman/Animations/PlaybackClips/A_EN_PLAY_AC_EmpireSword_ClimbingWall_Down_R,BBQ/Content/_Kazan_/Design/Monster/Human/Empire/EmpireSword/Moving/Climbing/AC_EmpireSword_ClimbingWall_Down_R,0.6,19,30,1,1.0,Source segment rates and active DilationCurve baked; play at 1x
Swordsman,PlaybackClip,/Game/_Art/Enemies/HeinMach/Humanoids/Swordsman/Animations/PlaybackClips/A_EN_PLAY_AC_EmpireSword_ClimbingWall_Down_Start,BBQ/Content/_Kazan_/Design/Monster/Human/Empire/EmpireSword/Moving/Climbing/AC_EmpireSword_ClimbingWall_Down_Start,1.1333333,35,30,1,1.0,Source segment rates and active DilationCurve baked; play at 1x
Swordsman,PlaybackClip,/Game/_Art/Enemies/HeinMach/Humanoids/Swordsman/Animations/PlaybackClips/A_EN_PLAY_AC_EmpireSword_ClimbingWall_Loop_L_Idle,BBQ/Content/_Kazan_/Design/Monster/Human/Empire/EmpireSword/Moving/Climbing/AC_EmpireSword_ClimbingWall_Loop_L_Idle,1.6666666,51,30,1,1.0,Source segment rates and active DilationCurve baked; play at 1x
Swordsman,PlaybackClip,/Game/_Art/Enemies/HeinMach/Humanoids/Swordsman/Animations/PlaybackClips/A_EN_PLAY_AC_EmpireSword_ClimbingWall_Loop_R_Idle,BBQ/Content/_Kazan_/Design/Monster/Human/Empire/EmpireSword/Moving/Climbing/AC_EmpireSword_ClimbingWall_Loop_R_Idle,1.6666666,51,30,1,1.0,Source segment rates and active DilationCurve baked; play at 1x
Swordsman,PlaybackClip,/Game/_Art/Enemies/HeinMach/Humanoids/Swordsman/Animations/PlaybackClips/A_EN_PLAY_AC_EmpireSword_ClimbingWall_Up_End,BBQ/Content/_Kazan_/Design/Monster/Human/Empire/EmpireSword/Moving/Climbing/AC_EmpireSword_ClimbingWall_Up_End,1.7,52,30,1,1.0,Source segment rates and active DilationCurve baked; play at 1x
Swordsman,PlaybackClip,/Game/_Art/Enemies/HeinMach/Humanoids/Swordsman/Animations/PlaybackClips/A_EN_PLAY_AC_EmpireSword_ClimbingWall_Up_L,BBQ/Content/_Kazan_/Design/Monster/Human/Empire/EmpireSword/Moving/Climbing/AC_EmpireSword_ClimbingWall_Up_L,0.6,19,30,1,1.0,Source segment rates and active DilationCurve baked; play at 1x
Swordsman,PlaybackClip,/Game/_Art/Enemies/HeinMach/Humanoids/Swordsman/Animations/PlaybackClips/A_EN_PLAY_AC_EmpireSword_ClimbingWall_Up_R,BBQ/Content/_Kazan_/Design/Monster/Human/Empire/EmpireSword/Moving/Climbing/AC_EmpireSword_ClimbingWall_Up_R,0.6,19,30,1,1.0,Source segment rates and active DilationCurve baked; play at 1x
Swordsman,PlaybackClip,/Game/_Art/Enemies/HeinMach/Humanoids/Swordsman/Animations/PlaybackClips/A_EN_PLAY_AC_EmpireSword_ClimbingWall_Up_Start,BBQ/Content/_Kazan_/Design/Monster/Human/Empire/EmpireSword/Moving/Climbing/AC_EmpireSword_ClimbingWall_Up_Start,1.0,31,30,1,1.0,Source segment rates and active DilationCurve baked; play at 1x
Swordsman,PlaybackClip,/Game/_Art/Enemies/HeinMach/Humanoids/Swordsman/Animations/PlaybackClips/A_EN_PLAY_AC_EmpireSword_Equip,BBQ/Content/_Kazan_/Design/Monster/Human/Empire/EmpireSword/Moving/PeaceIdle/AC_EmpireSword_Equip,1.5666659,95,2043481,34058,1.0,Source segment rates and active DilationCurve baked; play at 1x
Swordsman,PlaybackClip,/Game/_Art/Enemies/HeinMach/Humanoids/Swordsman/Animations/PlaybackClips/A_EN_PLAY_AC_EmpireSword_Equip_Turn_L,BBQ/Content/_Kazan_/Design/Monster/Human/Empire/EmpireSword/Moving/PeaceIdle/AC_EmpireSword_Equip_Turn_L,1.1333333,35,30,1,1.0,Source segment rates and active DilationCurve baked; play at 1x
Swordsman,PlaybackClip,/Game/_Art/Enemies/HeinMach/Humanoids/Swordsman/Animations/PlaybackClips/A_EN_PLAY_AC_EmpireSword_Equip_Turn_R,BBQ/Content/_Kazan_/Design/Monster/Human/Empire/EmpireSword/Moving/PeaceIdle/AC_EmpireSword_Equip_Turn_R,1.5025575,91,2428739,40548,1.0,Source segment rates and active DilationCurve baked; play at 1x
Swordsman,PlaybackClip,/Game/_Art/Enemies/HeinMach/Humanoids/Swordsman/Animations/PlaybackClips/A_EN_PLAY_AC_EmpireSword_Run_Peace_F,BBQ/Content/_Kazan_/Design/Monster/Human/Empire/EmpireSword/Moving/PeaceIdle/AC_EmpireSword_Run_Peace_F,0.8333333,26,30,1,1.0,Source segment rates and active DilationCurve baked; play at 1x
Swordsman,PlaybackClip,/Game/_Art/Enemies/HeinMach/Humanoids/Swordsman/Animations/PlaybackClips/A_EN_PLAY_AC_EmpireSword_Stand_Peace_F,BBQ/Content/_Kazan_/Design/Monster/Human/Empire/EmpireSword/Moving/PeaceIdle/AC_EmpireSword_Stand_Peace_F,9.233334,278,30,1,1.0,Source segment rates and active DilationCurve baked; play at 1x
Swordsman,PlaybackClip,/Game/_Art/Enemies/HeinMach/Humanoids/Swordsman/Animations/PlaybackClips/A_EN_PLAY_AC_EmpireSword_Turn_L_Peace,BBQ/Content/_Kazan_/Design/Monster/Human/Empire/EmpireSword/Moving/PeaceIdle/AC_EmpireSword_Turn_L_Peace,1.2666667,39,30,1,1.0,Source segment rates and active DilationCurve baked; play at 1x
Swordsman,PlaybackClip,/Game/_Art/Enemies/HeinMach/Humanoids/Swordsman/Animations/PlaybackClips/A_EN_PLAY_AC_EmpireSword_Turn_L_Peace_180,BBQ/Content/_Kazan_/Design/Monster/Human/Empire/EmpireSword/Moving/PeaceIdle/AC_EmpireSword_Turn_L_Peace_180,2.1,64,30,1,1.0,Source segment rates and active DilationCurve baked; play at 1x
Swordsman,PlaybackClip,/Game/_Art/Enemies/HeinMach/Humanoids/Swordsman/Animations/PlaybackClips/A_EN_PLAY_AC_EmpireSword_Turn_R_Peace,BBQ/Content/_Kazan_/Design/Monster/Human/Empire/EmpireSword/Moving/PeaceIdle/AC_EmpireSword_Turn_R_Peace,1.4333333,44,30,1,1.0,Source segment rates and active DilationCurve baked; play at 1x
Swordsman,PlaybackClip,/Game/_Art/Enemies/HeinMach/Humanoids/Swordsman/Animations/PlaybackClips/A_EN_PLAY_AC_EmpireSword_Turn_R_Peace_180,BBQ/Content/_Kazan_/Design/Monster/Human/Empire/EmpireSword/Moving/PeaceIdle/AC_EmpireSword_Turn_R_Peace_180,2.1,64,30,1,1.0,Source segment rates and active DilationCurve baked; play at 1x
Swordsman,PlaybackClip,/Game/_Art/Enemies/HeinMach/Humanoids/Swordsman/Animations/PlaybackClips/A_EN_PLAY_AC_EmpireSword_UnEquip,BBQ/Content/_Kazan_/Design/Monster/Human/Empire/EmpireSword/Moving/PeaceIdle/AC_EmpireSword_UnEquip,0.854682,52,5248868,87963,1.0,Source segment rates and active DilationCurve baked; play at 1x
Swordsman,PlaybackClip,/Game/_Art/Enemies/HeinMach/Humanoids/Swordsman/Animations/PlaybackClips/A_EN_PLAY_AC_EmpireSword_Walk_Peace_F,BBQ/Content/_Kazan_/Design/Monster/Human/Empire/EmpireSword/Moving/PeaceIdle/AC_EmpireSword_Walk_Peace_F,1.2,37,30,1,1.0,Source segment rates and active DilationCurve baked; play at 1x
Swordsman,PlaybackClip,/Game/_Art/Enemies/HeinMach/Humanoids/Swordsman/Animations/PlaybackClips/A_EN_PLAY_AC_EmpSwd_DamageGrapple_Atk_B_01,BBQ/Content/_Kazan_/Design/Monster/Human/Empire/EmpireSword/Moving/Reaction/AC_EmpSwd_DamageGrapple_Atk_B_01,1.3333334,41,30,1,1.0,Source segment rates and active DilationCurve baked; play at 1x
Swordsman,PlaybackClip,/Game/_Art/Enemies/HeinMach/Humanoids/Swordsman/Animations/PlaybackClips/A_EN_PLAY_AC_EmpSwd_DamageGrapple_Atk_B_02,BBQ/Content/_Kazan_/Design/Monster/Human/Empire/EmpireSword/Moving/Reaction/AC_EmpSwd_DamageGrapple_Atk_B_02,2.5,76,30,1,1.0,Source segment rates and active DilationCurve baked; play at 1x
Swordsman,PlaybackClip,/Game/_Art/Enemies/HeinMach/Humanoids/Swordsman/Animations/PlaybackClips/A_EN_PLAY_AC_EmpireSword_Basic_ChairSit_End_01,BBQ/Content/_Kazan_/Design/Monster/Human/Empire/EmpireSword/Moving/Reaction/AC_EmpireSword_Basic_ChairSit_End_01,4.4,133,30,1,1.0,Source segment rates and active DilationCurve baked; play at 1x
Swordsman,PlaybackClip,/Game/_Art/Enemies/HeinMach/Humanoids/Swordsman/Animations/PlaybackClips/A_EN_PLAY_AC_EmpireSword_Basic_ChairSit_End_02,BBQ/Content/_Kazan_/Design/Monster/Human/Empire/EmpireSword/Moving/Reaction/AC_EmpireSword_Basic_ChairSit_End_02,2.7333333,83,30,1,1.0,Source segment rates and active DilationCurve baked; play at 1x
Swordsman,PlaybackClip,/Game/_Art/Enemies/HeinMach/Humanoids/Swordsman/Animations/PlaybackClips/A_EN_PLAY_AC_EmpireSword_Basic_ChairSit_Loop_01,BBQ/Content/_Kazan_/Design/Monster/Human/Empire/EmpireSword/Moving/Reaction/AC_EmpireSword_Basic_ChairSit_Loop_01,8.7,262,30,1,1.0,Source segment rates and active DilationCurve baked; play at 1x
Swordsman,PlaybackClip,/Game/_Art/Enemies/HeinMach/Humanoids/Swordsman/Animations/PlaybackClips/A_EN_PLAY_AC_EmpireSword_Basic_ChairSit_Loop_02,BBQ/Content/_Kazan_/Design/Monster/Human/Empire/EmpireSword/Moving/Reaction/AC_EmpireSword_Basic_ChairSit_Loop_02,6.6666665,201,30,1,1.0,Source segment rates and active DilationCurve baked; play at 1x
Swordsman,PlaybackClip,/Game/_Art/Enemies/HeinMach/Humanoids/Swordsman/Animations/PlaybackClips/A_EN_PLAY_AC_EmpireSword_Basic_Coward_Loop_01,BBQ/Content/_Kazan_/Design/Monster/Human/Empire/EmpireSword/Moving/Reaction/AC_EmpireSword_Basic_Coward_Loop_01,15.766666,474,30,1,1.0,Source segment rates and active DilationCurve baked; play at 1x
Swordsman,PlaybackClip,/Game/_Art/Enemies/HeinMach/Humanoids/Swordsman/Animations/PlaybackClips/A_EN_PLAY_AC_EmpireSword_Basic_End_01,BBQ/Content/_Kazan_/Design/Monster/Human/Empire/EmpireSword/Moving/Reaction/AC_EmpireSword_Basic_End_01,1.8,55,30,1,1.0,Source segment rates and active DilationCurve baked; play at 1x
Swordsman,PlaybackClip,/Game/_Art/Enemies/HeinMach/Humanoids/Swordsman/Animations/PlaybackClips/A_EN_PLAY_AC_EmpireSword_Basic_End_02,BBQ/Content/_Kazan_/Design/Monster/Human/Empire/EmpireSword/Moving/Reaction/AC_EmpireSword_Basic_End_02,1.8,55,30,1,1.0,Source segment rates and active DilationCurve baked; play at 1x
Swordsman,PlaybackClip,/Game/_Art/Enemies/HeinMach/Humanoids/Swordsman/Animations/PlaybackClips/A_EN_PLAY_AC_EmpireSword_Basic_End_03,BBQ/Content/_Kazan_/Design/Monster/Human/Empire/EmpireSword/Moving/Reaction/AC_EmpireSword_Basic_End_03,2.3,70,30,1,1.0,Source segment rates and active DilationCurve baked; play at 1x
Swordsman,PlaybackClip,/Game/_Art/Enemies/HeinMach/Humanoids/Swordsman/Animations/PlaybackClips/A_EN_PLAY_AC_EmpireSword_Basic_End_04,BBQ/Content/_Kazan_/Design/Monster/Human/Empire/EmpireSword/Moving/Reaction/AC_EmpireSword_Basic_End_04,1.8,55,30,1,1.0,Source segment rates and active DilationCurve baked; play at 1x
Swordsman,PlaybackClip,/Game/_Art/Enemies/HeinMach/Humanoids/Swordsman/Animations/PlaybackClips/A_EN_PLAY_AC_EmpireSword_Basic_End_05,BBQ/Content/_Kazan_/Design/Monster/Human/Empire/EmpireSword/Moving/Reaction/AC_EmpireSword_Basic_End_05,1.8,55,30,1,1.0,Source segment rates and active DilationCurve baked; play at 1x
Swordsman,PlaybackClip,/Game/_Art/Enemies/HeinMach/Humanoids/Swordsman/Animations/PlaybackClips/A_EN_PLAY_AC_EmpireSword_Basic_End_06,BBQ/Content/_Kazan_/Design/Monster/Human/Empire/EmpireSword/Moving/Reaction/AC_EmpireSword_Basic_End_06,3.4666667,105,30,1,1.0,Source segment rates and active DilationCurve baked; play at 1x
Swordsman,PlaybackClip,/Game/_Art/Enemies/HeinMach/Humanoids/Swordsman/Animations/PlaybackClips/A_EN_PLAY_AC_EmpireSword_Basic_Guard_End_01,BBQ/Content/_Kazan_/Design/Monster/Human/Empire/EmpireSword/Moving/Reaction/AC_EmpireSword_Basic_Guard_End_01,2.1,64,30,1,1.0,Source segment rates and active DilationCurve baked; play at 1x
Swordsman,PlaybackClip,/Game/_Art/Enemies/HeinMach/Humanoids/Swordsman/Animations/PlaybackClips/A_EN_PLAY_AC_EmpireSword_Basic_Guard_Loop_01,BBQ/Content/_Kazan_/Design/Monster/Human/Empire/EmpireSword/Moving/Reaction/AC_EmpireSword_Basic_Guard_Loop_01,16.1,484,30,1,1.0,Source segment rates and active DilationCurve baked; play at 1x
Swordsman,PlaybackClip,/Game/_Art/Enemies/HeinMach/Humanoids/Swordsman/Animations/PlaybackClips/A_EN_PLAY_AC_EmpireSword_Basic_Loop_01,BBQ/Content/_Kazan_/Design/Monster/Human/Empire/EmpireSword/Moving/Reaction/AC_EmpireSword_Basic_Loop_01,12.166667,366,30,1,1.0,Source segment rates and active DilationCurve baked; play at 1x
Swordsman,PlaybackClip,/Game/_Art/Enemies/HeinMach/Humanoids/Swordsman/Animations/PlaybackClips/A_EN_PLAY_AC_EmpireSword_Basic_Loop_02,BBQ/Content/_Kazan_/Design/Monster/Human/Empire/EmpireSword/Moving/Reaction/AC_EmpireSword_Basic_Loop_02,13.533334,407,30,1,1.0,Source segment rates and active DilationCurve baked; play at 1x
Swordsman,PlaybackClip,/Game/_Art/Enemies/HeinMach/Humanoids/Swordsman/Animations/PlaybackClips/A_EN_PLAY_AC_EmpireSword_Basic_Loop_03,BBQ/Content/_Kazan_/Design/Monster/Human/Empire/EmpireSword/Moving/Reaction/AC_EmpireSword_Basic_Loop_03,15.266666,459,30,1,1.0,Source segment rates and active DilationCurve baked; play at 1x
Swordsman,PlaybackClip,/Game/_Art/Enemies/HeinMach/Humanoids/Swordsman/Animations/PlaybackClips/A_EN_PLAY_AC_EmpireSword_Basic_Loop_04,BBQ/Content/_Kazan_/Design/Monster/Human/Empire/EmpireSword/Moving/Reaction/AC_EmpireSword_Basic_Loop_04,9.633333,290,30,1,1.0,Source segment rates and active DilationCurve baked; play at 1x
Swordsman,PlaybackClip,/Game/_Art/Enemies/HeinMach/Humanoids/Swordsman/Animations/PlaybackClips/A_EN_PLAY_AC_EmpireSword_Basic_Loop_05,BBQ/Content/_Kazan_/Design/Monster/Human/Empire/EmpireSword/Moving/Reaction/AC_EmpireSword_Basic_Loop_05,15.033334,452,30,1,1.0,Source segment rates and active DilationCurve baked; play at 1x
Swordsman,PlaybackClip,/Game/_Art/Enemies/HeinMach/Humanoids/Swordsman/Animations/PlaybackClips/A_EN_PLAY_AC_EmpireSword_Basic_Loop_06,BBQ/Content/_Kazan_/Design/Monster/Human/Empire/EmpireSword/Moving/Reaction/AC_EmpireSword_Basic_Loop_06,11.566667,348,30,1,1.0,Source segment rates and active DilationCurve baked; play at 1x
Swordsman,PlaybackClip,/Game/_Art/Enemies/HeinMach/Humanoids/Swordsman/Animations/PlaybackClips/A_EN_PLAY_AC_EmpireSword_Basic_Search_End_01,BBQ/Content/_Kazan_/Design/Monster/Human/Empire/EmpireSword/Moving/Reaction/AC_EmpireSword_Basic_Search_End_01,2.9,88,30,1,1.0,Source segment rates and active DilationCurve baked; play at 1x
Swordsman,PlaybackClip,/Game/_Art/Enemies/HeinMach/Humanoids/Swordsman/Animations/PlaybackClips/A_EN_PLAY_AC_EmpireSword_Basic_Search_Loop_01,BBQ/Content/_Kazan_/Design/Monster/Human/Empire/EmpireSword/Moving/Reaction/AC_EmpireSword_Basic_Search_Loop_01,10.4,313,30,1,1.0,Source segment rates and active DilationCurve baked; play at 1x
Swordsman,PlaybackClip,/Game/_Art/Enemies/HeinMach/Humanoids/Swordsman/Animations/PlaybackClips/A_EN_PLAY_AC_EmpireSword_Basic_Sit_End_01,BBQ/Content/_Kazan_/Design/Monster/Human/Empire/EmpireSword/Moving/Reaction/AC_EmpireSword_Basic_Sit_End_01,2.9333334,89,30,1,1.0,Source segment rates and active DilationCurve baked; play at 1x
Swordsman,PlaybackClip,/Game/_Art/Enemies/HeinMach/Humanoids/Swordsman/Animations/PlaybackClips/A_EN_PLAY_AC_EmpireSword_Basic_Sit_End_02,BBQ/Content/_Kazan_/Design/Monster/Human/Empire/EmpireSword/Moving/Reaction/AC_EmpireSword_Basic_Sit_End_02,2.9333334,89,30,1,1.0,Source segment rates and active DilationCurve baked; play at 1x
Swordsman,PlaybackClip,/Game/_Art/Enemies/HeinMach/Humanoids/Swordsman/Animations/PlaybackClips/A_EN_PLAY_AC_EmpireSword_Basic_Sit_End_03,BBQ/Content/_Kazan_/Design/Monster/Human/Empire/EmpireSword/Moving/Reaction/AC_EmpireSword_Basic_Sit_End_03,2.8666666,87,30,1,1.0,Source segment rates and active DilationCurve baked; play at 1x
Swordsman,PlaybackClip,/Game/_Art/Enemies/HeinMach/Humanoids/Swordsman/Animations/PlaybackClips/A_EN_PLAY_AC_EmpireSword_Basic_Sit_End_04,BBQ/Content/_Kazan_/Design/Monster/Human/Empire/EmpireSword/Moving/Reaction/AC_EmpireSword_Basic_Sit_End_04,2.1333334,65,30,1,1.0,Source segment rates and active DilationCurve baked; play at 1x
Swordsman,PlaybackClip,/Game/_Art/Enemies/HeinMach/Humanoids/Swordsman/Animations/PlaybackClips/A_EN_PLAY_AC_EmpireSword_Basic_Sit_Loop_01,BBQ/Content/_Kazan_/Design/Monster/Human/Empire/EmpireSword/Moving/Reaction/AC_EmpireSword_Basic_Sit_Loop_01,8.433333,254,30,1,1.0,Source segment rates and active DilationCurve baked; play at 1x
Swordsman,PlaybackClip,/Game/_Art/Enemies/HeinMach/Humanoids/Swordsman/Animations/PlaybackClips/A_EN_PLAY_AC_EmpireSword_Basic_Sit_Loop_02,BBQ/Content/_Kazan_/Design/Monster/Human/Empire/EmpireSword/Moving/Reaction/AC_EmpireSword_Basic_Sit_Loop_02,5.866667,177,30,1,1.0,Source segment rates and active DilationCurve baked; play at 1x
Swordsman,PlaybackClip,/Game/_Art/Enemies/HeinMach/Humanoids/Swordsman/Animations/PlaybackClips/A_EN_PLAY_AC_EmpireSword_Basic_Sit_Loop_03,BBQ/Content/_Kazan_/Design/Monster/Human/Empire/EmpireSword/Moving/Reaction/AC_EmpireSword_Basic_Sit_Loop_03,10.8,325,30,1,1.0,Source segment rates and active DilationCurve baked; play at 1x
Swordsman,PlaybackClip,/Game/_Art/Enemies/HeinMach/Humanoids/Swordsman/Animations/PlaybackClips/A_EN_PLAY_AC_EmpireSword_Basic_Sit_Loop_04,BBQ/Content/_Kazan_/Design/Monster/Human/Empire/EmpireSword/Moving/Reaction/AC_EmpireSword_Basic_Sit_Loop_04,10.2,307,30,1,1.0,Source segment rates and active DilationCurve baked; play at 1x
Swordsman,PlaybackClip,/Game/_Art/Enemies/HeinMach/Humanoids/Swordsman/Animations/PlaybackClips/A_EN_PLAY_AC_EmpireSword_Basic_Talk_End_01,BBQ/Content/_Kazan_/Design/Monster/Human/Empire/EmpireSword/Moving/Reaction/AC_EmpireSword_Basic_Talk_End_01,1.8,55,30,1,1.0,Source segment rates and active DilationCurve baked; play at 1x
Swordsman,PlaybackClip,/Game/_Art/Enemies/HeinMach/Humanoids/Swordsman/Animations/PlaybackClips/A_EN_PLAY_AC_EmpireSword_Basic_Talk_End_02,BBQ/Content/_Kazan_/Design/Monster/Human/Empire/EmpireSword/Moving/Reaction/AC_EmpireSword_Basic_Talk_End_02,1.8,55,30,1,1.0,Source segment rates and active DilationCurve baked; play at 1x
Swordsman,PlaybackClip,/Game/_Art/Enemies/HeinMach/Humanoids/Swordsman/Animations/PlaybackClips/A_EN_PLAY_AC_EmpireSword_Basic_Talk_Loop_01,BBQ/Content/_Kazan_/Design/Monster/Human/Empire/EmpireSword/Moving/Reaction/AC_EmpireSword_Basic_Talk_Loop_01,13.966666,420,30,1,1.0,Source segment rates and active DilationCurve baked; play at 1x
Swordsman,PlaybackClip,/Game/_Art/Enemies/HeinMach/Humanoids/Swordsman/Animations/PlaybackClips/A_EN_PLAY_AC_EmpireSword_Basic_Talk_Loop_02,BBQ/Content/_Kazan_/Design/Monster/Human/Empire/EmpireSword/Moving/Reaction/AC_EmpireSword_Basic_Talk_Loop_02,9.066667,273,30,1,1.0,Source segment rates and active DilationCurve baked; play at 1x
Swordsman,PlaybackClip,/Game/_Art/Enemies/HeinMach/Humanoids/Swordsman/Animations/PlaybackClips/A_EN_PLAY_AC_EmpireSword_Basic_Training_End_01,BBQ/Content/_Kazan_/Design/Monster/Human/Empire/EmpireSword/Moving/Reaction/AC_EmpireSword_Basic_Training_End_01,2.5,76,30,1,1.0,Source segment rates and active DilationCurve baked; play at 1x
Swordsman,PlaybackClip,/Game/_Art/Enemies/HeinMach/Humanoids/Swordsman/Animations/PlaybackClips/A_EN_PLAY_AC_EmpireSword_Basic_Training_End_02,BBQ/Content/_Kazan_/Design/Monster/Human/Empire/EmpireSword/Moving/Reaction/AC_EmpireSword_Basic_Training_End_02,2.5333333,77,30,1,1.0,Source segment rates and active DilationCurve baked; play at 1x
Swordsman,PlaybackClip,/Game/_Art/Enemies/HeinMach/Humanoids/Swordsman/Animations/PlaybackClips/A_EN_PLAY_AC_EmpireSword_Basic_Training_Loop_01,BBQ/Content/_Kazan_/Design/Monster/Human/Empire/EmpireSword/Moving/Reaction/AC_EmpireSword_Basic_Training_Loop_01,13.2,397,30,1,1.0,Source segment rates and active DilationCurve baked; play at 1x
Swordsman,PlaybackClip,/Game/_Art/Enemies/HeinMach/Humanoids/Swordsman/Animations/PlaybackClips/A_EN_PLAY_AC_EmpireSword_Basic_Training_Loop_02,BBQ/Content/_Kazan_/Design/Monster/Human/Empire/EmpireSword/Moving/Reaction/AC_EmpireSword_Basic_Training_Loop_02,12.466666,375,30,1,1.0,Source segment rates and active DilationCurve baked; play at 1x
Swordsman,PlaybackClip,/Game/_Art/Enemies/HeinMach/Humanoids/Swordsman/Animations/PlaybackClips/A_EN_PLAY_AC_EmpireSword_DamFinalBlow_Wraith,BBQ/Content/_Kazan_/Design/Monster/Human/Empire/EmpireSword/Moving/Reaction/AC_EmpireSword_DamFinalBlow_Wraith,2.1,64,30,1,1.0,Source segment rates and active DilationCurve baked; play at 1x
Swordsman,PlaybackClip,/Game/_Art/Enemies/HeinMach/Humanoids/Swordsman/Animations/PlaybackClips/A_EN_PLAY_AC_EmpireSword_DamageAir_B_Down,BBQ/Content/_Kazan_/Design/Monster/Human/Empire/EmpireSword/Moving/Reaction/AC_EmpireSword_DamageAir_B_Down,0.167,6,5000,167,1.0,Source segment rates and active DilationCurve baked; play at 1x
Swordsman,PlaybackClip,/Game/_Art/Enemies/HeinMach/Humanoids/Swordsman/Animations/PlaybackClips/A_EN_PLAY_AC_EmpireSword_DamageAir_B_Land,BBQ/Content/_Kazan_/Design/Monster/Human/Empire/EmpireSword/Moving/Reaction/AC_EmpireSword_DamageAir_B_Land,0.89903337,28,2000869,66624,1.0,Source segment rates and active DilationCurve baked; play at 1x
Swordsman,PlaybackClip,/Game/_Art/Enemies/HeinMach/Humanoids/Swordsman/Animations/PlaybackClips/A_EN_PLAY_AC_EmpireSword_DamageAir_B_Peak,BBQ/Content/_Kazan_/Design/Monster/Human/Empire/EmpireSword/Moving/Reaction/AC_EmpireSword_DamageAir_B_Peak,0.10000001,4,30,1,1.0,Source segment rates and active DilationCurve baked; play at 1x
Swordsman,PlaybackClip,/Game/_Art/Enemies/HeinMach/Humanoids/Swordsman/Animations/PlaybackClips/A_EN_PLAY_AC_EmpireSword_DamageAir_B_Up,BBQ/Content/_Kazan_/Design/Monster/Human/Empire/EmpireSword/Moving/Reaction/AC_EmpireSword_DamageAir_B_Up,0.167,6,5000,167,1.0,Source segment rates and active DilationCurve baked; play at 1x
Swordsman,PlaybackClip,/Game/_Art/Enemies/HeinMach/Humanoids/Swordsman/Animations/PlaybackClips/A_EN_PLAY_AC_EmpireSword_DamageAir_F_Down,BBQ/Content/_Kazan_/Design/Monster/Human/Empire/EmpireSword/Moving/Reaction/AC_EmpireSword_DamageAir_F_Down,0.167,6,5000,167,1.0,Source segment rates and active DilationCurve baked; play at 1x
Swordsman,PlaybackClip,/Game/_Art/Enemies/HeinMach/Humanoids/Swordsman/Animations/PlaybackClips/A_EN_PLAY_AC_EmpireSword_DamageAir_F_Land,BBQ/Content/_Kazan_/Design/Monster/Human/Empire/EmpireSword/Moving/Reaction/AC_EmpireSword_DamageAir_F_Land,0.89903337,28,2000869,66624,1.0,Source segment rates and active DilationCurve baked; play at 1x
Swordsman,PlaybackClip,/Game/_Art/Enemies/HeinMach/Humanoids/Swordsman/Animations/PlaybackClips/A_EN_PLAY_AC_EmpireSword_DamageAir_F_Peak,BBQ/Content/_Kazan_/Design/Monster/Human/Empire/EmpireSword/Moving/Reaction/AC_EmpireSword_DamageAir_F_Peak,0.10000001,4,30,1,1.0,Source segment rates and active DilationCurve baked; play at 1x
Swordsman,PlaybackClip,/Game/_Art/Enemies/HeinMach/Humanoids/Swordsman/Animations/PlaybackClips/A_EN_PLAY_AC_EmpireSword_DamageAir_F_Up,BBQ/Content/_Kazan_/Design/Monster/Human/Empire/EmpireSword/Moving/Reaction/AC_EmpireSword_DamageAir_F_Up,0.167,6,5000,167,1.0,Source segment rates and active DilationCurve baked; play at 1x
Swordsman,PlaybackClip,/Game/_Art/Enemies/HeinMach/Humanoids/Swordsman/Animations/PlaybackClips/A_EN_PLAY_AC_EmpireSword_DamageDown_B,BBQ/Content/_Kazan_/Design/Monster/Human/Empire/EmpireSword/Moving/Reaction/AC_EmpireSword_DamageDown_B,0.6666667,21,30,1,1.0,Source segment rates and active DilationCurve baked; play at 1x
Swordsman,PlaybackClip,/Game/_Art/Enemies/HeinMach/Humanoids/Swordsman/Animations/PlaybackClips/A_EN_PLAY_AC_EmpireSword_DamageDown_F,BBQ/Content/_Kazan_/Design/Monster/Human/Empire/EmpireSword/Moving/Reaction/AC_EmpireSword_DamageDown_F,0.6666667,21,30,1,1.0,Source segment rates and active DilationCurve baked; play at 1x
Swordsman,PlaybackClip,/Game/_Art/Enemies/HeinMach/Humanoids/Swordsman/Animations/PlaybackClips/A_EN_PLAY_AC_EmpireSword_DamageGrapple_Atk_01,BBQ/Content/_Kazan_/Design/Monster/Human/Empire/EmpireSword/Moving/Reaction/AC_EmpireSword_DamageGrapple_Atk_01,1.3666667,42,30,1,1.0,Source segment rates and active DilationCurve baked; play at 1x
Swordsman,PlaybackClip,/Game/_Art/Enemies/HeinMach/Humanoids/Swordsman/Animations/PlaybackClips/A_EN_PLAY_AC_EmpireSword_DamageGrapple_Atk_02,BBQ/Content/_Kazan_/Design/Monster/Human/Empire/EmpireSword/Moving/Reaction/AC_EmpireSword_DamageGrapple_Atk_02,1.1,34,30,1,1.0,Source segment rates and active DilationCurve baked; play at 1x
Swordsman,PlaybackClip,/Game/_Art/Enemies/HeinMach/Humanoids/Swordsman/Animations/PlaybackClips/A_EN_PLAY_AC_EmpireSword_DamageNormal_D_B,BBQ/Content/_Kazan_/Design/Monster/Human/Empire/EmpireSword/Moving/Reaction/AC_EmpireSword_DamageNormal_D_B,1.006191,61,2882733,48343,1.0,Source segment rates and active DilationCurve baked; play at 1x
Swordsman,PlaybackClip,/Game/_Art/Enemies/HeinMach/Humanoids/Swordsman/Animations/PlaybackClips/A_EN_PLAY_AC_EmpireSword_DamageNormal_D_F,BBQ/Content/_Kazan_/Design/Monster/Human/Empire/EmpireSword/Moving/Reaction/AC_EmpireSword_DamageNormal_D_F,0.7,22,30,1,1.0,Source segment rates and active DilationCurve baked; play at 1x
Swordsman,PlaybackClip,/Game/_Art/Enemies/HeinMach/Humanoids/Swordsman/Animations/PlaybackClips/A_EN_PLAY_AC_EmpireSword_DamageNormal_D_F_2,BBQ/Content/_Kazan_/Design/Monster/Human/Empire/EmpireSword/Moving/Reaction/AC_EmpireSword_DamageNormal_D_F_2,0.7,22,30,1,1.0,Source segment rates and active DilationCurve baked; play at 1x
Swordsman,PlaybackClip,/Game/_Art/Enemies/HeinMach/Humanoids/Swordsman/Animations/PlaybackClips/A_EN_PLAY_AC_EmpireSword_DamageNormal_L_F,BBQ/Content/_Kazan_/Design/Monster/Human/Empire/EmpireSword/Moving/Reaction/AC_EmpireSword_DamageNormal_L_F,0.7,22,30,1,1.0,Source segment rates and active DilationCurve baked; play at 1x
Swordsman,PlaybackClip,/Game/_Art/Enemies/HeinMach/Humanoids/Swordsman/Animations/PlaybackClips/A_EN_PLAY_AC_EmpireSword_DamageNormal_L_F_2,BBQ/Content/_Kazan_/Design/Monster/Human/Empire/EmpireSword/Moving/Reaction/AC_EmpireSword_DamageNormal_L_F_2,0.7,22,30,1,1.0,Source segment rates and active DilationCurve baked; play at 1x
Swordsman,PlaybackClip,/Game/_Art/Enemies/HeinMach/Humanoids/Swordsman/Animations/PlaybackClips/A_EN_PLAY_AC_EmpireSword_DamageNormal_R_F,BBQ/Content/_Kazan_/Design/Monster/Human/Empire/EmpireSword/Moving/Reaction/AC_EmpireSword_DamageNormal_R_F,0.7,22,30,1,1.0,Source segment rates and active DilationCurve baked; play at 1x
Swordsman,PlaybackClip,/Game/_Art/Enemies/HeinMach/Humanoids/Swordsman/Animations/PlaybackClips/A_EN_PLAY_AC_EmpireSword_DamageNormal_R_F_2,BBQ/Content/_Kazan_/Design/Monster/Human/Empire/EmpireSword/Moving/Reaction/AC_EmpireSword_DamageNormal_R_F_2,0.7,22,30,1,1.0,Source segment rates and active DilationCurve baked; play at 1x
Swordsman,PlaybackClip,/Game/_Art/Enemies/HeinMach/Humanoids/Swordsman/Animations/PlaybackClips/A_EN_PLAY_AC_EmpireSword_DamageNormal_U_B,BBQ/Content/_Kazan_/Design/Monster/Human/Empire/EmpireSword/Moving/Reaction/AC_EmpireSword_DamageNormal_U_B,1.0132997,62,2527651,41988,1.0,Source segment rates and active DilationCurve baked; play at 1x
Swordsman,PlaybackClip,/Game/_Art/Enemies/HeinMach/Humanoids/Swordsman/Animations/PlaybackClips/A_EN_PLAY_AC_EmpireSword_DamageNormal_U_F,BBQ/Content/_Kazan_/Design/Monster/Human/Empire/EmpireSword/Moving/Reaction/AC_EmpireSword_DamageNormal_U_F,0.7,22,30,1,1.0,Source segment rates and active DilationCurve baked; play at 1x
Swordsman,PlaybackClip,/Game/_Art/Enemies/HeinMach/Humanoids/Swordsman/Animations/PlaybackClips/A_EN_PLAY_AC_EmpireSword_DamageNormal_U_F_2,BBQ/Content/_Kazan_/Design/Monster/Human/Empire/EmpireSword/Moving/Reaction/AC_EmpireSword_DamageNormal_U_F_2,0.7,22,30,1,1.0,Source segment rates and active DilationCurve baked; play at 1x
Swordsman,PlaybackClip,/Game/_Art/Enemies/HeinMach/Humanoids/Swordsman/Animations/PlaybackClips/A_EN_PLAY_AC_EmpireSword_DamageStrong_D_F,BBQ/Content/_Kazan_/Design/Monster/Human/Empire/EmpireSword/Moving/Reaction/AC_EmpireSword_DamageStrong_D_F,1.1,34,30,1,1.0,Source segment rates and active DilationCurve baked; play at 1x
Swordsman,PlaybackClip,/Game/_Art/Enemies/HeinMach/Humanoids/Swordsman/Animations/PlaybackClips/A_EN_PLAY_AC_EmpireSword_DamageStrong_D_F_2,BBQ/Content/_Kazan_/Design/Monster/Human/Empire/EmpireSword/Moving/Reaction/AC_EmpireSword_DamageStrong_D_F_2,1.1,34,30,1,1.0,Source segment rates and active DilationCurve baked; play at 1x
Swordsman,PlaybackClip,/Game/_Art/Enemies/HeinMach/Humanoids/Swordsman/Animations/PlaybackClips/A_EN_PLAY_AC_EmpireSword_DamageStrong_L_F,BBQ/Content/_Kazan_/Design/Monster/Human/Empire/EmpireSword/Moving/Reaction/AC_EmpireSword_DamageStrong_L_F,1.1,34,30,1,1.0,Source segment rates and active DilationCurve baked; play at 1x
Swordsman,PlaybackClip,/Game/_Art/Enemies/HeinMach/Humanoids/Swordsman/Animations/PlaybackClips/A_EN_PLAY_AC_EmpireSword_DamageStrong_L_F_2,BBQ/Content/_Kazan_/Design/Monster/Human/Empire/EmpireSword/Moving/Reaction/AC_EmpireSword_DamageStrong_L_F_2,1.1,34,30,1,1.0,Source segment rates and active DilationCurve baked; play at 1x
Swordsman,PlaybackClip,/Game/_Art/Enemies/HeinMach/Humanoids/Swordsman/Animations/PlaybackClips/A_EN_PLAY_AC_EmpireSword_DamageStrong_R_F,BBQ/Content/_Kazan_/Design/Monster/Human/Empire/EmpireSword/Moving/Reaction/AC_EmpireSword_DamageStrong_R_F,1.1,34,30,1,1.0,Source segment rates and active DilationCurve baked; play at 1x
Swordsman,PlaybackClip,/Game/_Art/Enemies/HeinMach/Humanoids/Swordsman/Animations/PlaybackClips/A_EN_PLAY_AC_EmpireSword_DamageStrong_R_F_2,BBQ/Content/_Kazan_/Design/Monster/Human/Empire/EmpireSword/Moving/Reaction/AC_EmpireSword_DamageStrong_R_F_2,1.1,34,30,1,1.0,Source segment rates and active DilationCurve baked; play at 1x
Swordsman,PlaybackClip,/Game/_Art/Enemies/HeinMach/Humanoids/Swordsman/Animations/PlaybackClips/A_EN_PLAY_AC_EmpireSword_DamageStrong_U_F,BBQ/Content/_Kazan_/Design/Monster/Human/Empire/EmpireSword/Moving/Reaction/AC_EmpireSword_DamageStrong_U_F,1.1,34,30,1,1.0,Source segment rates and active DilationCurve baked; play at 1x
Swordsman,PlaybackClip,/Game/_Art/Enemies/HeinMach/Humanoids/Swordsman/Animations/PlaybackClips/A_EN_PLAY_AC_EmpireSword_DamageStrong_U_F_2,BBQ/Content/_Kazan_/Design/Monster/Human/Empire/EmpireSword/Moving/Reaction/AC_EmpireSword_DamageStrong_U_F_2,1.1,34,30,1,1.0,Source segment rates and active DilationCurve baked; play at 1x
Swordsman,PlaybackClip,/Game/_Art/Enemies/HeinMach/Humanoids/Swordsman/Animations/PlaybackClips/A_EN_PLAY_AC_EmpireSword_DamageWeak_D_F,BBQ/Content/_Kazan_/Design/Monster/Human/Empire/EmpireSword/Moving/Reaction/AC_EmpireSword_DamageWeak_D_F,0.4,13,30,1,1.0,Source segment rates and active DilationCurve baked; play at 1x
Swordsman,PlaybackClip,/Game/_Art/Enemies/HeinMach/Humanoids/Swordsman/Animations/PlaybackClips/A_EN_PLAY_AC_EmpireSword_DamageWeak_L_F,BBQ/Content/_Kazan_/Design/Monster/Human/Empire/EmpireSword/Moving/Reaction/AC_EmpireSword_DamageWeak_L_F,0.4,13,30,1,1.0,Source segment rates and active DilationCurve baked; play at 1x
Swordsman,PlaybackClip,/Game/_Art/Enemies/HeinMach/Humanoids/Swordsman/Animations/PlaybackClips/A_EN_PLAY_AC_EmpireSword_DamageWeak_R_F,BBQ/Content/_Kazan_/Design/Monster/Human/Empire/EmpireSword/Moving/Reaction/AC_EmpireSword_DamageWeak_R_F,0.4,13,30,1,1.0,Source segment rates and active DilationCurve baked; play at 1x
Swordsman,PlaybackClip,/Game/_Art/Enemies/HeinMach/Humanoids/Swordsman/Animations/PlaybackClips/A_EN_PLAY_AC_EmpireSword_DamageWeak_U_F,BBQ/Content/_Kazan_/Design/Monster/Human/Empire/EmpireSword/Moving/Reaction/AC_EmpireSword_DamageWeak_U_F,0.4,13,30,1,1.0,Source segment rates and active DilationCurve baked; play at 1x
Swordsman,PlaybackClip,/Game/_Art/Enemies/HeinMach/Humanoids/Swordsman/Animations/PlaybackClips/A_EN_PLAY_AC_EmpireSword_Down_Die_B,BBQ/Content/_Kazan_/Design/Monster/Human/Empire/EmpireSword/Moving/Reaction/AC_EmpireSword_Down_Die_B,11.0,331,30,1,1.0,Source segment rates and active DilationCurve baked; play at 1x
Swordsman,PlaybackClip,/Game/_Art/Enemies/HeinMach/Humanoids/Swordsman/Animations/PlaybackClips/A_EN_PLAY_AC_EmpireSword_Down_Die_B_Wraith,BBQ/Content/_Kazan_/Design/Monster/Human/Empire/EmpireSword/Moving/Reaction/AC_EmpireSword_Down_Die_B_Wraith,11.0,331,30,1,1.0,Source segment rates and active DilationCurve baked; play at 1x
Swordsman,PlaybackClip,/Game/_Art/Enemies/HeinMach/Humanoids/Swordsman/Animations/PlaybackClips/A_EN_PLAY_AC_EmpireSword_Down_Die_F,BBQ/Content/_Kazan_/Design/Monster/Human/Empire/EmpireSword/Moving/Reaction/AC_EmpireSword_Down_Die_F,11.0,331,30,1,1.0,Source segment rates and active DilationCurve baked; play at 1x
Swordsman,PlaybackClip,/Game/_Art/Enemies/HeinMach/Humanoids/Swordsman/Animations/PlaybackClips/A_EN_PLAY_AC_EmpireSword_Down_Die_F_Wraith,BBQ/Content/_Kazan_/Design/Monster/Human/Empire/EmpireSword/Moving/Reaction/AC_EmpireSword_Down_Die_F_Wraith,11.0,331,30,1,1.0,Source segment rates and active DilationCurve baked; play at 1x
Swordsman,PlaybackClip,/Game/_Art/Enemies/HeinMach/Humanoids/Swordsman/Animations/PlaybackClips/A_EN_PLAY_AC_EmpireSword_Down_Loop_B,BBQ/Content/_Kazan_/Design/Monster/Human/Empire/EmpireSword/Moving/Reaction/AC_EmpireSword_Down_Loop_B,1.6,49,30,1,1.0,Source segment rates and active DilationCurve baked; play at 1x
Swordsman,PlaybackClip,/Game/_Art/Enemies/HeinMach/Humanoids/Swordsman/Animations/PlaybackClips/A_EN_PLAY_AC_EmpireSword_Down_Loop_F,BBQ/Content/_Kazan_/Design/Monster/Human/Empire/EmpireSword/Moving/Reaction/AC_EmpireSword_Down_Loop_F,1.6,49,30,1,1.0,Source segment rates and active DilationCurve baked; play at 1x
Swordsman,PlaybackClip,/Game/_Art/Enemies/HeinMach/Humanoids/Swordsman/Animations/PlaybackClips/A_EN_PLAY_AC_EmpireSword_Getup_B,BBQ/Content/_Kazan_/Design/Monster/Human/Empire/EmpireSword/Moving/Reaction/AC_EmpireSword_Getup_B,2.0,61,30,1,1.0,Source segment rates and active DilationCurve baked; play at 1x
Swordsman,PlaybackClip,/Game/_Art/Enemies/HeinMach/Humanoids/Swordsman/Animations/PlaybackClips/A_EN_PLAY_AC_EmpireSword_Getup_F,BBQ/Content/_Kazan_/Design/Monster/Human/Empire/EmpireSword/Moving/Reaction/AC_EmpireSword_Getup_F,1.6666666,51,30,1,1.0,Source segment rates and active DilationCurve baked; play at 1x
Swordsman,PlaybackClip,/Game/_Art/Enemies/HeinMach/Humanoids/Swordsman/Animations/PlaybackClips/A_EN_PLAY_AC_EmpireSword_Groggy_End,BBQ/Content/_Kazan_/Design/Monster/Human/Empire/EmpireSword/Moving/Reaction/AC_EmpireSword_Groggy_End,0.76666665,24,30,1,1.0,Source segment rates and active DilationCurve baked; play at 1x
Swordsman,PlaybackClip,/Game/_Art/Enemies/HeinMach/Humanoids/Swordsman/Animations/PlaybackClips/A_EN_PLAY_AC_EmpireSword_Groggy_Loop,BBQ/Content/_Kazan_/Design/Monster/Human/Empire/EmpireSword/Moving/Reaction/AC_EmpireSword_Groggy_Loop,1.5,46,30,1,1.0,Source segment rates and active DilationCurve baked; play at 1x
Swordsman,PlaybackClip,/Game/_Art/Enemies/HeinMach/Humanoids/Swordsman/Animations/PlaybackClips/A_EN_PLAY_AC_EmpireSword_Groggy_Start,BBQ/Content/_Kazan_/Design/Monster/Human/Empire/EmpireSword/Moving/Reaction/AC_EmpireSword_Groggy_Start,0.6666667,21,30,1,1.0,Source segment rates and active DilationCurve baked; play at 1x
Swordsman,PlaybackClip,/Game/_Art/Enemies/HeinMach/Humanoids/Swordsman/Animations/PlaybackClips/A_EN_PLAY_AC_EmpireSword_Ground_Die_F,BBQ/Content/_Kazan_/Design/Monster/Human/Empire/EmpireSword/Moving/Reaction/AC_EmpireSword_Ground_Die_F,11.0,331,30,1,1.0,Source segment rates and active DilationCurve baked; play at 1x
Swordsman,PlaybackClip,/Game/_Art/Enemies/HeinMach/Humanoids/Swordsman/Animations/PlaybackClips/A_EN_PLAY_AC_EmpireSword_Ground_Die_F_2,BBQ/Content/_Kazan_/Design/Monster/Human/Empire/EmpireSword/Moving/Reaction/AC_EmpireSword_Ground_Die_F_2,11.0,331,30,1,1.0,Source segment rates and active DilationCurve baked; play at 1x
Swordsman,PlaybackClip,/Game/_Art/Enemies/HeinMach/Humanoids/Swordsman/Animations/PlaybackClips/A_EN_PLAY_AC_EmpireSword_Ground_Die_F_Wraith,BBQ/Content/_Kazan_/Design/Monster/Human/Empire/EmpireSword/Moving/Reaction/AC_EmpireSword_Ground_Die_F_Wraith,11.0,331,30,1,1.0,Source segment rates and active DilationCurve baked; play at 1x
Swordsman,PlaybackClip,/Game/_Art/Enemies/HeinMach/Humanoids/Swordsman/Animations/PlaybackClips/A_EN_PLAY_AC_EmpireSword_Ground_Die_F_Wraith02,BBQ/Content/_Kazan_/Design/Monster/Human/Empire/EmpireSword/Moving/Reaction/AC_EmpireSword_Ground_Die_F_Wraith02,11.0,331,30,1,1.0,Source segment rates and active DilationCurve baked; play at 1x
Swordsman,PlaybackClip,/Game/_Art/Enemies/HeinMach/Humanoids/Swordsman/Animations/PlaybackClips/A_EN_PLAY_AC_EmpireSword_LockOnWalk_B,BBQ/Content/_Kazan_/Design/Monster/Human/Empire/EmpireSword/Moving/Reaction/AC_EmpireSword_LockOnWalk_B,1.0,31,30,1,1.0,Source segment rates and active DilationCurve baked; play at 1x
Swordsman,PlaybackClip,/Game/_Art/Enemies/HeinMach/Humanoids/Swordsman/Animations/PlaybackClips/A_EN_PLAY_AC_EmpireSword_LockOnWalk_F,BBQ/Content/_Kazan_/Design/Monster/Human/Empire/EmpireSword/Moving/Reaction/AC_EmpireSword_LockOnWalk_F,1.0,31,30,1,1.0,Source segment rates and active DilationCurve baked; play at 1x
Swordsman,PlaybackClip,/Game/_Art/Enemies/HeinMach/Humanoids/Swordsman/Animations/PlaybackClips/A_EN_PLAY_AC_EmpireSword_LockOnWalk_L,BBQ/Content/_Kazan_/Design/Monster/Human/Empire/EmpireSword/Moving/Reaction/AC_EmpireSword_LockOnWalk_L,1.0,31,30,1,1.0,Source segment rates and active DilationCurve baked; play at 1x
Swordsman,PlaybackClip,/Game/_Art/Enemies/HeinMach/Humanoids/Swordsman/Animations/PlaybackClips/A_EN_PLAY_AC_EmpireSword_LockOnWalk_R,BBQ/Content/_Kazan_/Design/Monster/Human/Empire/EmpireSword/Moving/Reaction/AC_EmpireSword_LockOnWalk_R,1.0,31,30,1,1.0,Source segment rates and active DilationCurve baked; play at 1x
Swordsman,PlaybackClip,/Game/_Art/Enemies/HeinMach/Humanoids/Swordsman/Animations/PlaybackClips/A_EN_PLAY_AC_EmpireSword_Run_F,BBQ/Content/_Kazan_/Design/Monster/Human/Empire/EmpireSword/Moving/Reaction/AC_EmpireSword_Run_F,0.76666665,24,30,1,1.0,Source segment rates and active DilationCurve baked; play at 1x
Swordsman,PlaybackClip,/Game/_Art/Enemies/HeinMach/Humanoids/Swordsman/Animations/PlaybackClips/A_EN_PLAY_AC_EmpireSword_Stand_F,BBQ/Content/_Kazan_/Design/Monster/Human/Empire/EmpireSword/Moving/Reaction/AC_EmpireSword_Stand_F,1.6666666,51,30,1,1.0,Source segment rates and active DilationCurve baked; play at 1x
Swordsman,PlaybackClip,/Game/_Art/Enemies/HeinMach/Humanoids/Swordsman/Animations/PlaybackClips/A_EN_PLAY_AC_EmpireSword_Turn_L,BBQ/Content/_Kazan_/Design/Monster/Human/Empire/EmpireSword/Moving/Reaction/AC_EmpireSword_Turn_L,1.0333333,32,30,1,1.0,Source segment rates and active DilationCurve baked; play at 1x
Swordsman,PlaybackClip,/Game/_Art/Enemies/HeinMach/Humanoids/Swordsman/Animations/PlaybackClips/A_EN_PLAY_AC_EmpireSword_Turn_L_180,BBQ/Content/_Kazan_/Design/Monster/Human/Empire/EmpireSword/Moving/Reaction/AC_EmpireSword_Turn_L_180,1.4333333,44,30,1,1.0,Source segment rates and active DilationCurve baked; play at 1x
Swordsman,PlaybackClip,/Game/_Art/Enemies/HeinMach/Humanoids/Swordsman/Animations/PlaybackClips/A_EN_PLAY_AC_EmpireSword_Turn_R,BBQ/Content/_Kazan_/Design/Monster/Human/Empire/EmpireSword/Moving/Reaction/AC_EmpireSword_Turn_R,1.0333333,32,30,1,1.0,Source segment rates and active DilationCurve baked; play at 1x
Swordsman,PlaybackClip,/Game/_Art/Enemies/HeinMach/Humanoids/Swordsman/Animations/PlaybackClips/A_EN_PLAY_AC_EmpireSword_Turn_R_180,BBQ/Content/_Kazan_/Design/Monster/Human/Empire/EmpireSword/Moving/Reaction/AC_EmpireSword_Turn_R_180,1.3333334,41,30,1,1.0,Source segment rates and active DilationCurve baked; play at 1x
Swordsman,PlaybackClip,/Game/_Art/Enemies/HeinMach/Humanoids/Swordsman/Animations/PlaybackClips/A_EN_PLAY_AC_EmpireSword_Walk_F,BBQ/Content/_Kazan_/Design/Monster/Human/Empire/EmpireSword/Moving/Reaction/AC_EmpireSword_Walk_F,1.0,31,30,1,1.0,Source segment rates and active DilationCurve baked; play at 1x
Swordsman,PlaybackClip,/Game/_Art/Enemies/HeinMach/Humanoids/Swordsman/Animations/PlaybackClips/A_EN_PLAY_AC_M_EmpSwd_DamageParry_F,BBQ/Content/_Kazan_/Design/Monster/Human/Empire/EmpireSword/Moving/Reaction/AC_M_EmpSwd_DamageParry_F,1.5,46,30,1,1.0,Source segment rates and active DilationCurve baked; play at 1x
Swordsman,PlaybackClip,/Game/_Art/Enemies/HeinMach/Humanoids/Swordsman/Animations/PlaybackClips/A_EN_PLAY_AC_EmpireSword_Ballista_Attack,BBQ/Content/_Kazan_/Design/Monster/Human/Empire/EmpireSword/Skill/Ballista/AC_EmpireSword_Ballista_Attack,2.5319695,153,5396065,89886,1.0,Source segment rates and active DilationCurve baked; play at 1x
Swordsman,PlaybackClip,/Game/_Art/Enemies/HeinMach/Humanoids/Swordsman/Animations/PlaybackClips/A_EN_PLAY_AC_EmpireSword_Ballista_HandBattle,BBQ/Content/_Kazan_/Design/Monster/Human/Empire/EmpireSword/Skill/Ballista/AC_EmpireSword_Ballista_HandBattle,2.3333333,71,30,1,1.0,Source segment rates and active DilationCurve baked; play at 1x
Swordsman,PlaybackClip,/Game/_Art/Enemies/HeinMach/Humanoids/Swordsman/Animations/PlaybackClips/A_EN_PLAY_AC_EmpireSword_Ballista_Idle,BBQ/Content/_Kazan_/Design/Monster/Human/Empire/EmpireSword/Skill/Ballista/AC_EmpireSword_Ballista_Idle,1.0185195,62,1905667,31819,1.0,Source segment rates and active DilationCurve baked; play at 1x
Swordsman,PlaybackClip,/Game/_Art/Enemies/HeinMach/Humanoids/Swordsman/Animations/PlaybackClips/A_EN_PLAY_AC_EmpireSword_Ballista_Loop,BBQ/Content/_Kazan_/Design/Monster/Human/Empire/EmpireSword/Skill/Ballista/AC_EmpireSword_Ballista_Loop,1.8333334,56,30,1,1.0,Source segment rates and active DilationCurve baked; play at 1x
Swordsman,PlaybackClip,/Game/_Art/Enemies/HeinMach/Humanoids/Swordsman/Animations/PlaybackClips/A_EN_PLAY_AC_EmpireSword_Ballista_Reload,BBQ/Content/_Kazan_/Design/Monster/Human/Empire/EmpireSword/Skill/Ballista/AC_EmpireSword_Ballista_Reload,3.5256155,213,155199,2581,1.0,Source segment rates and active DilationCurve baked; play at 1x
Swordsman,PlaybackClip,/Game/_Art/Enemies/HeinMach/Humanoids/Swordsman/Animations/PlaybackClips/A_EN_PLAY_AC_EmpireSword_Fear_Battle,BBQ/Content/_Kazan_/Design/Monster/Human/Empire/EmpireSword/Skill/Fear/AC_EmpireSword_Fear_Battle,1.5666659,95,2043481,34058,1.0,Source segment rates and active DilationCurve baked; play at 1x
Swordsman,PlaybackClip,/Game/_Art/Enemies/HeinMach/Humanoids/Swordsman/Animations/PlaybackClips/A_EN_PLAY_AC_EmpireSword_Fear_Loop_01,BBQ/Content/_Kazan_/Design/Monster/Human/Empire/EmpireSword/Skill/Fear/AC_EmpireSword_Fear_Loop_01,14.933333,449,30,1,1.0,Source segment rates and active DilationCurve baked; play at 1x
Swordsman,PlaybackClip,/Game/_Art/Enemies/HeinMach/Humanoids/Swordsman/Animations/PlaybackClips/A_EN_PLAY_AC_EmpireSword_Fear_Start,BBQ/Content/_Kazan_/Design/Monster/Human/Empire/EmpireSword/Skill/Fear/AC_EmpireSword_Fear_Start,3.5233302,212,3030857,50610,1.0,Source segment rates and active DilationCurve baked; play at 1x
Swordsman,PlaybackClip,/Game/_Art/Enemies/HeinMach/Humanoids/Swordsman/Animations/PlaybackClips/A_EN_PLAY_AC_EmpireSword_Fear_Suprise,BBQ/Content/_Kazan_/Design/Monster/Human/Empire/EmpireSword/Skill/Fear/AC_EmpireSword_Fear_Suprise,1.0659028,65,984465,16396,1.0,Source segment rates and active DilationCurve baked; play at 1x
Swordsman,PlaybackClip,/Game/_Art/Enemies/HeinMach/Humanoids/Swordsman/Animations/PlaybackClips/A_EN_PLAY_AC_EmpireSword_Pierce_LockOnWalk_B,BBQ/Content/_Kazan_/Design/Monster/Human/Empire/EmpireSword/Skill/Pierce/AC_EmpireSword_Pierce_LockOnWalk_B,1.0,31,30,1,1.0,Source segment rates and active DilationCurve baked; play at 1x
Swordsman,PlaybackClip,/Game/_Art/Enemies/HeinMach/Humanoids/Swordsman/Animations/PlaybackClips/A_EN_PLAY_AC_EmpireSword_Pierce_Step1,BBQ/Content/_Kazan_/Design/Monster/Human/Empire/EmpireSword/Skill/Pierce/AC_EmpireSword_Pierce_Step1,1.0761753,66,5196737,86040,1.0,Source segment rates and active DilationCurve baked; play at 1x
Swordsman,PlaybackClip,/Game/_Art/Enemies/HeinMach/Humanoids/Swordsman/Animations/PlaybackClips/A_EN_PLAY_AC_EmpireSword_Pierce_Step2,BBQ/Content/_Kazan_/Design/Monster/Human/Empire/EmpireSword/Skill/Pierce/AC_EmpireSword_Pierce_Step2,1.932713,117,1573885,26223,1.0,Source segment rates and active DilationCurve baked; play at 1x
Swordsman,PlaybackClip,/Game/_Art/Enemies/HeinMach/Humanoids/Swordsman/Animations/PlaybackClips/A_EN_PLAY_AC_EmpireSword_Push_Kick,BBQ/Content/_Kazan_/Design/Monster/Human/Empire/EmpireSword/Skill/Push_Kick/AC_EmpireSword_Push_Kick,2.2696931,137,1546595,25811,1.0,Source segment rates and active DilationCurve baked; play at 1x
Swordsman,PlaybackClip,/Game/_Art/Enemies/HeinMach/Humanoids/Swordsman/Animations/PlaybackClips/A_EN_PLAY_AC_EmpireSword_Push_Kick_Loop,BBQ/Content/_Kazan_/Design/Monster/Human/Empire/EmpireSword/Skill/Push_Kick/AC_EmpireSword_Push_Kick_Loop,7.0000362,421,5220993,87017,1.0,Source segment rates and active DilationCurve baked; play at 1x
Swordsman,PlaybackClip,/Game/_Art/Enemies/HeinMach/Humanoids/Swordsman/Animations/PlaybackClips/A_EN_PLAY_AC_EmpireSword_Push_Kick_Ready,BBQ/Content/_Kazan_/Design/Monster/Human/Empire/EmpireSword/Skill/Push_Kick/AC_EmpireSword_Push_Kick_Ready,6.4697247,389,1662114,27715,1.0,Source segment rates and active DilationCurve baked; play at 1x
Swordsman,PlaybackClip,/Game/_Art/Enemies/HeinMach/Humanoids/Swordsman/Animations/PlaybackClips/A_EN_PLAY_AC_EmpireSword_RushAttack_End,BBQ/Content/_Kazan_/Design/Monster/Human/Empire/EmpireSword/Skill/RushAttack/AC_EmpireSword_RushAttack_End,0.9,28,30,1,1.0,Source segment rates and active DilationCurve baked; play at 1x
Swordsman,PlaybackClip,/Game/_Art/Enemies/HeinMach/Humanoids/Swordsman/Animations/PlaybackClips/A_EN_PLAY_AC_EmpireSword_RushAttack_Hit,BBQ/Content/_Kazan_/Design/Monster/Human/Empire/EmpireSword/Skill/RushAttack/AC_EmpireSword_RushAttack_Hit,2.3442345,142,5570627,92616,1.0,Source segment rates and active DilationCurve baked; play at 1x
Swordsman,PlaybackClip,/Game/_Art/Enemies/HeinMach/Humanoids/Swordsman/Animations/PlaybackClips/A_EN_PLAY_AC_EmpireSword_RushAttack_Loop,BBQ/Content/_Kazan_/Design/Monster/Human/Empire/EmpireSword/Skill/RushAttack/AC_EmpireSword_RushAttack_Loop,0.8,25,30,1,1.0,Source segment rates and active DilationCurve baked; play at 1x
Swordsman,PlaybackClip,/Game/_Art/Enemies/HeinMach/Humanoids/Swordsman/Animations/PlaybackClips/A_EN_PLAY_AC_EmpireSword_RushAttack_Start,BBQ/Content/_Kazan_/Design/Monster/Human/Empire/EmpireSword/Skill/RushAttack/AC_EmpireSword_RushAttack_Start,0.6666667,21,30,1,1.0,Source segment rates and active DilationCurve baked; play at 1x
Swordsman,PlaybackClip,/Game/_Art/Enemies/HeinMach/Humanoids/Swordsman/Animations/PlaybackClips/A_EN_PLAY_AC_EmpireSword_Slash_Step1,BBQ/Content/_Kazan_/Design/Monster/Human/Empire/EmpireSword/Skill/Slash/AC_EmpireSword_Slash_Step1,2.6166499,158,3589463,59824,1.0,Source segment rates and active DilationCurve baked; play at 1x
Swordsman,PlaybackClip,/Game/_Art/Enemies/HeinMach/Humanoids/Swordsman/Animations/PlaybackClips/A_EN_PLAY_AC_EmpireSword_Slash_Step2,BBQ/Content/_Kazan_/Design/Monster/Human/Empire/EmpireSword/Skill/Slash/AC_EmpireSword_Slash_Step2,1.9363856,117,5766556,96261,1.0,Source segment rates and active DilationCurve baked; play at 1x
Swordsman,PlaybackClip,/Game/_Art/Enemies/HeinMach/Humanoids/Swordsman/Animations/PlaybackClips/A_EN_PLAY_AC_EmpireSword_Smash,BBQ/Content/_Kazan_/Design/Monster/Human/Empire/EmpireSword/Skill/Smash/AC_EmpireSword_Smash,2.7133946,164,2996409,49880,1.0,Source segment rates and active DilationCurve baked; play at 1x
Swordsman,PlaybackClip,/Game/_Art/Enemies/HeinMach/Humanoids/Swordsman/Animations/PlaybackClips/A_EN_PLAY_AC_EmpireSword_Stand_F_9c49ca6b,BBQ/Content/_Kazan_/Design/Monster/Human/Empire/EmpireSword/Skill/Smash/AC_EmpireSword_Stand_F,0.5,16,30,1,1.0,Source segment rates and active DilationCurve baked; play at 1x
Swordsman,PlaybackClip,/Game/_Art/Enemies/HeinMach/Humanoids/Swordsman/Animations/PlaybackClips/A_EN_PLAY_AC_EmpireSword_Vigilant_FreakOut_Armed,BBQ/Content/_Kazan_/Design/Monster/Human/Empire/EmpireSword/Skill/Vigilant/FreakOut_Armed/AC_EmpireSword_Vigilant_FreakOut_Armed,1.8666667,57,30,1,1.0,Source segment rates and active DilationCurve baked; play at 1x
Swordsman,PlaybackClip,/Game/_Art/Enemies/HeinMach/Humanoids/Swordsman/Animations/PlaybackClips/A_EN_PLAY_AC_EmpireSword_Vigilant_FreakOut_UnArmed,BBQ/Content/_Kazan_/Design/Monster/Human/Empire/EmpireSword/Skill/Vigilant/FreakOut_UnArmed/AC_EmpireSword_Vigilant_FreakOut_UnArmed,2.0333333,62,30,1,1.0,Source segment rates and active DilationCurve baked; play at 1x
Swordsman,PlaybackClip,/Game/_Art/Enemies/HeinMach/Humanoids/Swordsman/Animations/PlaybackClips/A_EN_PLAY_AC_EmpireSword_Vigilant_LookAround,BBQ/Content/_Kazan_/Design/Monster/Human/Empire/EmpireSword/Skill/Vigilant/LookAround/AC_EmpireSword_Vigilant_LookAround,9.5,286,30,1,1.0,Source segment rates and active DilationCurve baked; play at 1x
HeavySwordsman,PlaybackClip,/Game/_Art/Enemies/HeinMach/Humanoids/HeavySwordsman/Animations/PlaybackClips/A_EN_PLAY_AC_EmpireSwordHArmor_Basic_End_01,BBQ/Content/_Kazan_/Design/Monster/Human/Empire/Empire_SwordHArmor/Moving/Reaction/AC_EmpireSwordHArmor_Basic_End_01,1.6666666,51,30,1,1.0,Source segment rates and active DilationCurve baked; play at 1x
HeavySwordsman,PlaybackClip,/Game/_Art/Enemies/HeinMach/Humanoids/HeavySwordsman/Animations/PlaybackClips/A_EN_PLAY_AC_EmpireSwordHArmor_Basic_End_02,BBQ/Content/_Kazan_/Design/Monster/Human/Empire/Empire_SwordHArmor/Moving/Reaction/AC_EmpireSwordHArmor_Basic_End_02,1.0,31,30,1,1.0,Source segment rates and active DilationCurve baked; play at 1x
HeavySwordsman,PlaybackClip,/Game/_Art/Enemies/HeinMach/Humanoids/HeavySwordsman/Animations/PlaybackClips/A_EN_PLAY_AC_EmpireSwordHArmor_Basic_End_03,BBQ/Content/_Kazan_/Design/Monster/Human/Empire/Empire_SwordHArmor/Moving/Reaction/AC_EmpireSwordHArmor_Basic_End_03,1.6666666,51,30,1,1.0,Source segment rates and active DilationCurve baked; play at 1x
HeavySwordsman,PlaybackClip,/Game/_Art/Enemies/HeinMach/Humanoids/HeavySwordsman/Animations/PlaybackClips/A_EN_PLAY_AC_EmpireSwordHArmor_Basic_Loop_01,BBQ/Content/_Kazan_/Design/Monster/Human/Empire/Empire_SwordHArmor/Moving/Reaction/AC_EmpireSwordHArmor_Basic_Loop_01,10.166667,306,30,1,1.0,Source segment rates and active DilationCurve baked; play at 1x
HeavySwordsman,PlaybackClip,/Game/_Art/Enemies/HeinMach/Humanoids/HeavySwordsman/Animations/PlaybackClips/A_EN_PLAY_AC_EmpireSwordHArmor_Basic_Loop_02,BBQ/Content/_Kazan_/Design/Monster/Human/Empire/Empire_SwordHArmor/Moving/Reaction/AC_EmpireSwordHArmor_Basic_Loop_02,12.0,361,30,1,1.0,Source segment rates and active DilationCurve baked; play at 1x
HeavySwordsman,PlaybackClip,/Game/_Art/Enemies/HeinMach/Humanoids/HeavySwordsman/Animations/PlaybackClips/A_EN_PLAY_AC_EmpireSwordHArmor_Basic_Loop_03,BBQ/Content/_Kazan_/Design/Monster/Human/Empire/Empire_SwordHArmor/Moving/Reaction/AC_EmpireSwordHArmor_Basic_Loop_03,2.8333333,86,30,1,1.0,Source segment rates and active DilationCurve baked; play at 1x
HeavySwordsman,PlaybackClip,/Game/_Art/Enemies/HeinMach/Humanoids/HeavySwordsman/Animations/PlaybackClips/A_EN_PLAY_AC_EmpireSwordHArmor_Basic_Search_End_01,BBQ/Content/_Kazan_/Design/Monster/Human/Empire/Empire_SwordHArmor/Moving/Reaction/AC_EmpireSwordHArmor_Basic_Search_End_01,1.1666666,36,30,1,1.0,Source segment rates and active DilationCurve baked; play at 1x
HeavySwordsman,PlaybackClip,/Game/_Art/Enemies/HeinMach/Humanoids/HeavySwordsman/Animations/PlaybackClips/A_EN_PLAY_AC_EmpireSwordHArmor_Basic_Search_Loop_01,BBQ/Content/_Kazan_/Design/Monster/Human/Empire/Empire_SwordHArmor/Moving/Reaction/AC_EmpireSwordHArmor_Basic_Search_Loop_01,8.833333,266,30,1,1.0,Source segment rates and active DilationCurve baked; play at 1x
HeavySwordsman,PlaybackClip,/Game/_Art/Enemies/HeinMach/Humanoids/HeavySwordsman/Animations/PlaybackClips/A_EN_PLAY_AC_EmpireSwordHArmor_Basic_Sit_End_01,BBQ/Content/_Kazan_/Design/Monster/Human/Empire/Empire_SwordHArmor/Moving/Reaction/AC_EmpireSwordHArmor_Basic_Sit_End_01,1.5,46,30,1,1.0,Source segment rates and active DilationCurve baked; play at 1x
HeavySwordsman,PlaybackClip,/Game/_Art/Enemies/HeinMach/Humanoids/HeavySwordsman/Animations/PlaybackClips/A_EN_PLAY_AC_EmpireSwordHArmor_Basic_Sit_Loop_01,BBQ/Content/_Kazan_/Design/Monster/Human/Empire/Empire_SwordHArmor/Moving/Reaction/AC_EmpireSwordHArmor_Basic_Sit_Loop_01,7.6666665,231,30,1,1.0,Source segment rates and active DilationCurve baked; play at 1x
HeavySwordsman,PlaybackClip,/Game/_Art/Enemies/HeinMach/Humanoids/HeavySwordsman/Animations/PlaybackClips/A_EN_PLAY_AC_EmpireSwordHArmor_Basic_Talk_End_01,BBQ/Content/_Kazan_/Design/Monster/Human/Empire/Empire_SwordHArmor/Moving/Reaction/AC_EmpireSwordHArmor_Basic_Talk_End_01,1.0,31,30,1,1.0,Source segment rates and active DilationCurve baked; play at 1x
HeavySwordsman,PlaybackClip,/Game/_Art/Enemies/HeinMach/Humanoids/HeavySwordsman/Animations/PlaybackClips/A_EN_PLAY_AC_EmpireSwordHArmor_Basic_Talk_Loop_01,BBQ/Content/_Kazan_/Design/Monster/Human/Empire/Empire_SwordHArmor/Moving/Reaction/AC_EmpireSwordHArmor_Basic_Talk_Loop_01,8.0,241,30,1,1.0,Source segment rates and active DilationCurve baked; play at 1x
HeavySwordsman,PlaybackClip,/Game/_Art/Enemies/HeinMach/Humanoids/HeavySwordsman/Animations/PlaybackClips/A_EN_PLAY_AC_EmpireSwordHArmor_Falling,BBQ/Content/_Kazan_/Design/Monster/Human/Empire/Empire_SwordHArmor/Moving/Reaction/AC_EmpireSwordHArmor_Falling,0.1,4,30,1,1.0,Source segment rates and active DilationCurve baked; play at 1x
HeavySwordsman,PlaybackClip,/Game/_Art/Enemies/HeinMach/Humanoids/HeavySwordsman/Animations/PlaybackClips/A_EN_PLAY_AC_Empire_SwordHArmor_DamageDown_B,BBQ/Content/_Kazan_/Design/Monster/Human/Empire/Empire_SwordHArmor/Moving/Reaction/AC_Empire_SwordHArmor_DamageDown_B,0.7,22,30,1,1.0,Source segment rates and active DilationCurve baked; play at 1x
HeavySwordsman,PlaybackClip,/Game/_Art/Enemies/HeinMach/Humanoids/HeavySwordsman/Animations/PlaybackClips/A_EN_PLAY_AC_Empire_SwordHArmor_DamageDown_F,BBQ/Content/_Kazan_/Design/Monster/Human/Empire/Empire_SwordHArmor/Moving/Reaction/AC_Empire_SwordHArmor_DamageDown_F,0.7,22,30,1,1.0,Source segment rates and active DilationCurve baked; play at 1x
HeavySwordsman,PlaybackClip,/Game/_Art/Enemies/HeinMach/Humanoids/HeavySwordsman/Animations/PlaybackClips/A_EN_PLAY_AC_Empire_SwordHArmor_DamageFinalBlow,BBQ/Content/_Kazan_/Design/Monster/Human/Empire/Empire_SwordHArmor/Moving/Reaction/AC_Empire_SwordHArmor_DamageFinalBlow,3.5,106,30,1,1.0,Source segment rates and active DilationCurve baked; play at 1x
HeavySwordsman,PlaybackClip,/Game/_Art/Enemies/HeinMach/Humanoids/HeavySwordsman/Animations/PlaybackClips/A_EN_PLAY_AC_Empire_SwordHArmor_DamageFinalBlow_Wraith,BBQ/Content/_Kazan_/Design/Monster/Human/Empire/Empire_SwordHArmor/Moving/Reaction/AC_Empire_SwordHArmor_DamageFinalBlow_Wraith,3.5,106,30,1,1.0,Source segment rates and active DilationCurve baked; play at 1x
HeavySwordsman,PlaybackClip,/Game/_Art/Enemies/HeinMach/Humanoids/HeavySwordsman/Animations/PlaybackClips/A_EN_PLAY_AC_Empire_SwordHArmor_DamageGrapple_Atk_01,BBQ/Content/_Kazan_/Design/Monster/Human/Empire/Empire_SwordHArmor/Moving/Reaction/AC_Empire_SwordHArmor_DamageGrapple_Atk_01,1.6,49,30,1,1.0,Source segment rates and active DilationCurve baked; play at 1x
HeavySwordsman,PlaybackClip,/Game/_Art/Enemies/HeinMach/Humanoids/HeavySwordsman/Animations/PlaybackClips/A_EN_PLAY_AC_Empire_SwordHArmor_DamageGrapple_Atk_02,BBQ/Content/_Kazan_/Design/Monster/Human/Empire/Empire_SwordHArmor/Moving/Reaction/AC_Empire_SwordHArmor_DamageGrapple_Atk_02,1.1,34,30,1,1.0,Source segment rates and active DilationCurve baked; play at 1x
HeavySwordsman,PlaybackClip,/Game/_Art/Enemies/HeinMach/Humanoids/HeavySwordsman/Animations/PlaybackClips/A_EN_PLAY_AC_Empire_SwordHArmor_DamageGrapple_Atk_B_01,BBQ/Content/_Kazan_/Design/Monster/Human/Empire/Empire_SwordHArmor/Moving/Reaction/AC_Empire_SwordHArmor_DamageGrapple_Atk_B_01,1.3333334,41,30,1,1.0,Source segment rates and active DilationCurve baked; play at 1x
HeavySwordsman,PlaybackClip,/Game/_Art/Enemies/HeinMach/Humanoids/HeavySwordsman/Animations/PlaybackClips/A_EN_PLAY_AC_Empire_SwordHArmor_DamageGrapple_Atk_B_02,BBQ/Content/_Kazan_/Design/Monster/Human/Empire/Empire_SwordHArmor/Moving/Reaction/AC_Empire_SwordHArmor_DamageGrapple_Atk_B_02,2.5,76,30,1,1.0,Source segment rates and active DilationCurve baked; play at 1x
HeavySwordsman,PlaybackClip,/Game/_Art/Enemies/HeinMach/Humanoids/HeavySwordsman/Animations/PlaybackClips/A_EN_PLAY_AC_Empire_SwordHArmor_DamageNormal_D_B,BBQ/Content/_Kazan_/Design/Monster/Human/Empire/Empire_SwordHArmor/Moving/Reaction/AC_Empire_SwordHArmor_DamageNormal_D_B,1.0132997,62,2527651,41988,1.0,Source segment rates and active DilationCurve baked; play at 1x
HeavySwordsman,PlaybackClip,/Game/_Art/Enemies/HeinMach/Humanoids/HeavySwordsman/Animations/PlaybackClips/A_EN_PLAY_AC_Empire_SwordHArmor_DamageNormal_D_F,BBQ/Content/_Kazan_/Design/Monster/Human/Empire/Empire_SwordHArmor/Moving/Reaction/AC_Empire_SwordHArmor_DamageNormal_D_F,0.7,22,30,1,1.0,Source segment rates and active DilationCurve baked; play at 1x
HeavySwordsman,PlaybackClip,/Game/_Art/Enemies/HeinMach/Humanoids/HeavySwordsman/Animations/PlaybackClips/A_EN_PLAY_AC_Empire_SwordHArmor_DamageNormal_L_F,BBQ/Content/_Kazan_/Design/Monster/Human/Empire/Empire_SwordHArmor/Moving/Reaction/AC_Empire_SwordHArmor_DamageNormal_L_F,0.7,22,30,1,1.0,Source segment rates and active DilationCurve baked; play at 1x
HeavySwordsman,PlaybackClip,/Game/_Art/Enemies/HeinMach/Humanoids/HeavySwordsman/Animations/PlaybackClips/A_EN_PLAY_AC_Empire_SwordHArmor_DamageNormal_R_F,BBQ/Content/_Kazan_/Design/Monster/Human/Empire/Empire_SwordHArmor/Moving/Reaction/AC_Empire_SwordHArmor_DamageNormal_R_F,0.7,22,30,1,1.0,Source segment rates and active DilationCurve baked; play at 1x
HeavySwordsman,PlaybackClip,/Game/_Art/Enemies/HeinMach/Humanoids/HeavySwordsman/Animations/PlaybackClips/A_EN_PLAY_AC_Empire_SwordHArmor_DamageNormal_U_B,BBQ/Content/_Kazan_/Design/Monster/Human/Empire/Empire_SwordHArmor/Moving/Reaction/AC_Empire_SwordHArmor_DamageNormal_U_B,1.0132997,62,2527651,41988,1.0,Source segment rates and active DilationCurve baked; play at 1x
HeavySwordsman,PlaybackClip,/Game/_Art/Enemies/HeinMach/Humanoids/HeavySwordsman/Animations/PlaybackClips/A_EN_PLAY_AC_Empire_SwordHArmor_DamageNormal_U_F,BBQ/Content/_Kazan_/Design/Monster/Human/Empire/Empire_SwordHArmor/Moving/Reaction/AC_Empire_SwordHArmor_DamageNormal_U_F,0.7,22,30,1,1.0,Source segment rates and active DilationCurve baked; play at 1x
HeavySwordsman,PlaybackClip,/Game/_Art/Enemies/HeinMach/Humanoids/HeavySwordsman/Animations/PlaybackClips/A_EN_PLAY_AC_Empire_SwordHArmor_DamageParry_F,BBQ/Content/_Kazan_/Design/Monster/Human/Empire/Empire_SwordHArmor/Moving/Reaction/AC_Empire_SwordHArmor_DamageParry_F,1.5333333,47,30,1,1.0,Source segment rates and active DilationCurve baked; play at 1x
HeavySwordsman,PlaybackClip,/Game/_Art/Enemies/HeinMach/Humanoids/HeavySwordsman/Animations/PlaybackClips/A_EN_PLAY_AC_Empire_SwordHArmor_DamageStrong_D_F,BBQ/Content/_Kazan_/Design/Monster/Human/Empire/Empire_SwordHArmor/Moving/Reaction/AC_Empire_SwordHArmor_DamageStrong_D_F,1.1,34,30,1,1.0,Source segment rates and active DilationCurve baked; play at 1x
HeavySwordsman,PlaybackClip,/Game/_Art/Enemies/HeinMach/Humanoids/HeavySwordsman/Animations/PlaybackClips/A_EN_PLAY_AC_Empire_SwordHArmor_DamageStrong_D_F_2,BBQ/Content/_Kazan_/Design/Monster/Human/Empire/Empire_SwordHArmor/Moving/Reaction/AC_Empire_SwordHArmor_DamageStrong_D_F_2,1.1,34,30,1,1.0,Source segment rates and active DilationCurve baked; play at 1x
HeavySwordsman,PlaybackClip,/Game/_Art/Enemies/HeinMach/Humanoids/HeavySwordsman/Animations/PlaybackClips/A_EN_PLAY_AC_Empire_SwordHArmor_DamageStrong_L_F,BBQ/Content/_Kazan_/Design/Monster/Human/Empire/Empire_SwordHArmor/Moving/Reaction/AC_Empire_SwordHArmor_DamageStrong_L_F,1.1,34,30,1,1.0,Source segment rates and active DilationCurve baked; play at 1x
HeavySwordsman,PlaybackClip,/Game/_Art/Enemies/HeinMach/Humanoids/HeavySwordsman/Animations/PlaybackClips/A_EN_PLAY_AC_Empire_SwordHArmor_DamageStrong_R_F,BBQ/Content/_Kazan_/Design/Monster/Human/Empire/Empire_SwordHArmor/Moving/Reaction/AC_Empire_SwordHArmor_DamageStrong_R_F,1.1,34,30,1,1.0,Source segment rates and active DilationCurve baked; play at 1x
HeavySwordsman,PlaybackClip,/Game/_Art/Enemies/HeinMach/Humanoids/HeavySwordsman/Animations/PlaybackClips/A_EN_PLAY_AC_Empire_SwordHArmor_DamageStrong_U_F,BBQ/Content/_Kazan_/Design/Monster/Human/Empire/Empire_SwordHArmor/Moving/Reaction/AC_Empire_SwordHArmor_DamageStrong_U_F,1.0,31,30,1,1.0,Source segment rates and active DilationCurve baked; play at 1x
HeavySwordsman,PlaybackClip,/Game/_Art/Enemies/HeinMach/Humanoids/HeavySwordsman/Animations/PlaybackClips/A_EN_PLAY_AC_Empire_SwordHArmor_DamageWeak_D_F,BBQ/Content/_Kazan_/Design/Monster/Human/Empire/Empire_SwordHArmor/Moving/Reaction/AC_Empire_SwordHArmor_DamageWeak_D_F,0.4,13,30,1,1.0,Source segment rates and active DilationCurve baked; play at 1x
HeavySwordsman,PlaybackClip,/Game/_Art/Enemies/HeinMach/Humanoids/HeavySwordsman/Animations/PlaybackClips/A_EN_PLAY_AC_Empire_SwordHArmor_DamageWeak_L_F,BBQ/Content/_Kazan_/Design/Monster/Human/Empire/Empire_SwordHArmor/Moving/Reaction/AC_Empire_SwordHArmor_DamageWeak_L_F,0.4,13,30,1,1.0,Source segment rates and active DilationCurve baked; play at 1x
HeavySwordsman,PlaybackClip,/Game/_Art/Enemies/HeinMach/Humanoids/HeavySwordsman/Animations/PlaybackClips/A_EN_PLAY_AC_Empire_SwordHArmor_DamageWeak_R_F,BBQ/Content/_Kazan_/Design/Monster/Human/Empire/Empire_SwordHArmor/Moving/Reaction/AC_Empire_SwordHArmor_DamageWeak_R_F,0.4,13,30,1,1.0,Source segment rates and active DilationCurve baked; play at 1x
HeavySwordsman,PlaybackClip,/Game/_Art/Enemies/HeinMach/Humanoids/HeavySwordsman/Animations/PlaybackClips/A_EN_PLAY_AC_Empire_SwordHArmor_DamageWeak_U_F,BBQ/Content/_Kazan_/Design/Monster/Human/Empire/Empire_SwordHArmor/Moving/Reaction/AC_Empire_SwordHArmor_DamageWeak_U_F,0.4,13,30,1,1.0,Source segment rates and active DilationCurve baked; play at 1x
HeavySwordsman,PlaybackClip,/Game/_Art/Enemies/HeinMach/Humanoids/HeavySwordsman/Animations/PlaybackClips/A_EN_PLAY_AC_Empire_SwordHArmor_Die_F,BBQ/Content/_Kazan_/Design/Monster/Human/Empire/Empire_SwordHArmor/Moving/Reaction/AC_Empire_SwordHArmor_Die_F,6.0,181,30,1,1.0,Source segment rates and active DilationCurve baked; play at 1x
HeavySwordsman,PlaybackClip,/Game/_Art/Enemies/HeinMach/Humanoids/HeavySwordsman/Animations/PlaybackClips/A_EN_PLAY_AC_Empire_SwordHArmor_Die_F_Wraith,BBQ/Content/_Kazan_/Design/Monster/Human/Empire/Empire_SwordHArmor/Moving/Reaction/AC_Empire_SwordHArmor_Die_F_Wraith,6.0,181,30,1,1.0,Source segment rates and active DilationCurve baked; play at 1x
HeavySwordsman,PlaybackClip,/Game/_Art/Enemies/HeinMach/Humanoids/HeavySwordsman/Animations/PlaybackClips/A_EN_PLAY_AC_Empire_SwordHArmor_Down_B_Loop,BBQ/Content/_Kazan_/Design/Monster/Human/Empire/Empire_SwordHArmor/Moving/Reaction/AC_Empire_SwordHArmor_Down_B_Loop,1.6,49,30,1,1.0,Source segment rates and active DilationCurve baked; play at 1x
HeavySwordsman,PlaybackClip,/Game/_Art/Enemies/HeinMach/Humanoids/HeavySwordsman/Animations/PlaybackClips/A_EN_PLAY_AC_Empire_SwordHArmor_Down_F_Loop,BBQ/Content/_Kazan_/Design/Monster/Human/Empire/Empire_SwordHArmor/Moving/Reaction/AC_Empire_SwordHArmor_Down_F_Loop,1.6,49,30,1,1.0,Source segment rates and active DilationCurve baked; play at 1x
HeavySwordsman,PlaybackClip,/Game/_Art/Enemies/HeinMach/Humanoids/HeavySwordsman/Animations/PlaybackClips/A_EN_PLAY_AC_Empire_SwordHArmor_Getup_B,BBQ/Content/_Kazan_/Design/Monster/Human/Empire/Empire_SwordHArmor/Moving/Reaction/AC_Empire_SwordHArmor_Getup_B,1.8666667,57,30,1,1.0,Source segment rates and active DilationCurve baked; play at 1x
HeavySwordsman,PlaybackClip,/Game/_Art/Enemies/HeinMach/Humanoids/HeavySwordsman/Animations/PlaybackClips/A_EN_PLAY_AC_Empire_SwordHArmor_Getup_F,BBQ/Content/_Kazan_/Design/Monster/Human/Empire/Empire_SwordHArmor/Moving/Reaction/AC_Empire_SwordHArmor_Getup_F,1.6666666,51,30,1,1.0,Source segment rates and active DilationCurve baked; play at 1x
HeavySwordsman,PlaybackClip,/Game/_Art/Enemies/HeinMach/Humanoids/HeavySwordsman/Animations/PlaybackClips/A_EN_PLAY_AC_Empire_SwordHArmor_Groggy_F_End,BBQ/Content/_Kazan_/Design/Monster/Human/Empire/Empire_SwordHArmor/Moving/Reaction/AC_Empire_SwordHArmor_Groggy_F_End,1.3333334,41,30,1,1.0,Source segment rates and active DilationCurve baked; play at 1x
HeavySwordsman,PlaybackClip,/Game/_Art/Enemies/HeinMach/Humanoids/HeavySwordsman/Animations/PlaybackClips/A_EN_PLAY_AC_Empire_SwordHArmor_Groggy_F_Loop,BBQ/Content/_Kazan_/Design/Monster/Human/Empire/Empire_SwordHArmor/Moving/Reaction/AC_Empire_SwordHArmor_Groggy_F_Loop,2.6666667,81,30,1,1.0,Source segment rates and active DilationCurve baked; play at 1x
HeavySwordsman,PlaybackClip,/Game/_Art/Enemies/HeinMach/Humanoids/HeavySwordsman/Animations/PlaybackClips/A_EN_PLAY_AC_Empire_SwordHArmor_Groggy_F_Start,BBQ/Content/_Kazan_/Design/Monster/Human/Empire/Empire_SwordHArmor/Moving/Reaction/AC_Empire_SwordHArmor_Groggy_F_Start,1.1666666,36,30,1,1.0,Source segment rates and active DilationCurve baked; play at 1x
HeavySwordsman,PlaybackClip,/Game/_Art/Enemies/HeinMach/Humanoids/HeavySwordsman/Animations/PlaybackClips/A_EN_PLAY_AC_Empire_SwordHArmor_Turn_L,BBQ/Content/_Kazan_/Design/Monster/Human/Empire/Empire_SwordHArmor/Moving/Reaction/AC_Empire_SwordHArmor_Turn_L,1.2,37,30,1,1.0,Source segment rates and active DilationCurve baked; play at 1x
HeavySwordsman,PlaybackClip,/Game/_Art/Enemies/HeinMach/Humanoids/HeavySwordsman/Animations/PlaybackClips/A_EN_PLAY_AC_Empire_SwordHArmor_Turn_L_180,BBQ/Content/_Kazan_/Design/Monster/Human/Empire/Empire_SwordHArmor/Moving/Reaction/AC_Empire_SwordHArmor_Turn_L_180,1.6,49,30,1,1.0,Source segment rates and active DilationCurve baked; play at 1x
HeavySwordsman,PlaybackClip,/Game/_Art/Enemies/HeinMach/Humanoids/HeavySwordsman/Animations/PlaybackClips/A_EN_PLAY_AC_Empire_SwordHArmor_Turn_R,BBQ/Content/_Kazan_/Design/Monster/Human/Empire/Empire_SwordHArmor/Moving/Reaction/AC_Empire_SwordHArmor_Turn_R,1.2,37,30,1,1.0,Source segment rates and active DilationCurve baked; play at 1x
HeavySwordsman,PlaybackClip,/Game/_Art/Enemies/HeinMach/Humanoids/HeavySwordsman/Animations/PlaybackClips/A_EN_PLAY_AC_Empire_SwordHArmor_Turn_R_180,BBQ/Content/_Kazan_/Design/Monster/Human/Empire/Empire_SwordHArmor/Moving/Reaction/AC_Empire_SwordHArmor_Turn_R_180,1.6,49,30,1,1.0,Source segment rates and active DilationCurve baked; play at 1x
HeavySwordsman,PlaybackClip,/Game/_Art/Enemies/HeinMach/Humanoids/HeavySwordsman/Animations/PlaybackClips/A_EN_PLAY_AC_EmpireSwordHArmor_SwordSwing_01_Step1,BBQ/Content/_Kazan_/Design/Monster/Human/Empire/Empire_SwordHArmor/Skill/01_SwordSwing_01/AC_EmpireSwordHArmor_SwordSwing_01_Step1,2.1666298,131,5406872,90113,1.0,Source segment rates and active DilationCurve baked; play at 1x
HeavySwordsman,PlaybackClip,/Game/_Art/Enemies/HeinMach/Humanoids/HeavySwordsman/Animations/PlaybackClips/A_EN_PLAY_AC_EmpireSwordHArmor_SwordSwing_01_Step2,BBQ/Content/_Kazan_/Design/Monster/Human/Empire/Empire_SwordHArmor/Skill/01_SwordSwing_01/AC_EmpireSwordHArmor_SwordSwing_01_Step2,1.9332968,117,4921533,82024,1.0,Source segment rates and active DilationCurve baked; play at 1x
HeavySwordsman,PlaybackClip,/Game/_Art/Enemies/HeinMach/Humanoids/HeavySwordsman/Animations/PlaybackClips/A_EN_PLAY_AC_EmpireSwordHArmor_SwordSwing_01_Step3,BBQ/Content/_Kazan_/Design/Monster/Human/Empire/Empire_SwordHArmor/Skill/01_SwordSwing_01/AC_EmpireSwordHArmor_SwordSwing_01_Step3,2.0832615,126,5713457,95221,1.0,Source segment rates and active DilationCurve baked; play at 1x
HeavySwordsman,PlaybackClip,/Game/_Art/Enemies/HeinMach/Humanoids/HeavySwordsman/Animations/PlaybackClips/A_EN_PLAY_AC_EmpireSwordHArmor_SwordSwing_01_Step4,BBQ/Content/_Kazan_/Design/Monster/Human/Empire/Empire_SwordHArmor/Skill/01_SwordSwing_01/AC_EmpireSwordHArmor_SwordSwing_01_Step4,2.9666667,90,30,1,1.0,Source segment rates and active DilationCurve baked; play at 1x
HeavySwordsman,PlaybackClip,/Game/_Art/Enemies/HeinMach/Humanoids/HeavySwordsman/Animations/PlaybackClips/A_EN_PLAY_AC_EmpireSwordHArmor_SwordSwing_02_Step1,BBQ/Content/_Kazan_/Design/Monster/Human/Empire/Empire_SwordHArmor/Skill/02_SwordSwing_02/AC_EmpireSwordHArmor_SwordSwing_02_Step1,2.0703278,125,4387767,73259,1.0,Source segment rates and active DilationCurve baked; play at 1x
HeavySwordsman,PlaybackClip,/Game/_Art/Enemies/HeinMach/Humanoids/HeavySwordsman/Animations/PlaybackClips/A_EN_PLAY_AC_EmpireSwordHArmor_SwordSwing_02_Step2,BBQ/Content/_Kazan_/Design/Monster/Human/Empire/Empire_SwordHArmor/Skill/02_SwordSwing_02/AC_EmpireSwordHArmor_SwordSwing_02_Step2,1.9,58,30,1,1.0,Source segment rates and active DilationCurve baked; play at 1x
HeavySwordsman,PlaybackClip,/Game/_Art/Enemies/HeinMach/Humanoids/HeavySwordsman/Animations/PlaybackClips/A_EN_PLAY_AC_EmpireSwordHArmor_SwordSwing_03_Step1,BBQ/Content/_Kazan_/Design/Monster/Human/Empire/Empire_SwordHArmor/Skill/03_SwordSwing_03/AC_EmpireSwordHArmor_SwordSwing_03_Step1,2.4402332,147,5243053,87632,1.0,Source segment rates and active DilationCurve baked; play at 1x
HeavySwordsman,PlaybackClip,/Game/_Art/Enemies/HeinMach/Humanoids/HeavySwordsman/Animations/PlaybackClips/A_EN_PLAY_AC_EmpireSwordHArmor_SwordSwing_03_Step2,BBQ/Content/_Kazan_/Design/Monster/Human/Empire/Empire_SwordHArmor/Skill/03_SwordSwing_03/AC_EmpireSwordHArmor_SwordSwing_03_Step2,2.9614472,179,1297623,21589,1.0,Source segment rates and active DilationCurve baked; play at 1x
HeavySwordsman,PlaybackClip,/Game/_Art/Enemies/HeinMach/Humanoids/HeavySwordsman/Animations/PlaybackClips/A_EN_PLAY_AC_EmpireSwordHArmor_SwordSwing_03_Step3,BBQ/Content/_Kazan_/Design/Monster/Human/Empire/Empire_SwordHArmor/Skill/03_SwordSwing_03/AC_EmpireSwordHArmor_SwordSwing_03_Step3,2.6,79,30,1,1.0,Source segment rates and active DilationCurve baked; play at 1x
HeavySwordsman,PlaybackClip,/Game/_Art/Enemies/HeinMach/Humanoids/HeavySwordsman/Animations/PlaybackClips/A_EN_PLAY_AC_EmpireSwordHArmor_SwordSwing_Turn_L,BBQ/Content/_Kazan_/Design/Monster/Human/Empire/Empire_SwordHArmor/Skill/04_SwordSwing_Turn_L/AC_EmpireSwordHArmor_SwordSwing_Turn_L,2.7461805,166,5087446,84673,1.0,Source segment rates and active DilationCurve baked; play at 1x
HeavySwordsman,PlaybackClip,/Game/_Art/Enemies/HeinMach/Humanoids/HeavySwordsman/Animations/PlaybackClips/A_EN_PLAY_AC_EmpireSwordHArmor_SwordSwing_Turn_R,BBQ/Content/_Kazan_/Design/Monster/Human/Empire/Empire_SwordHArmor/Skill/05_SwordSwing_Turn_R/AC_EmpireSwordHArmor_SwordSwing_Turn_R,2.216775,134,5320000,88671,1.0,Source segment rates and active DilationCurve baked; play at 1x
HeavySwordsman,PlaybackClip,/Game/_Art/Enemies/HeinMach/Humanoids/HeavySwordsman/Animations/PlaybackClips/A_EN_PLAY_AC_EmpireSwordHArmor_SwordSting_Step1,BBQ/Content/_Kazan_/Design/Monster/Human/Empire/Empire_SwordHArmor/Skill/06_SwordSting/AC_EmpireSwordHArmor_SwordSting_Step1,0.8752571,54,4876021,80524,1.0,Source segment rates and active DilationCurve baked; play at 1x
HeavySwordsman,PlaybackClip,/Game/_Art/Enemies/HeinMach/Humanoids/HeavySwordsman/Animations/PlaybackClips/A_EN_PLAY_AC_EmpireSwordHArmor_SwordSting_Step2,BBQ/Content/_Kazan_/Design/Monster/Human/Empire/Empire_SwordHArmor/Skill/06_SwordSting/AC_EmpireSwordHArmor_SwordSting_Step2,1.0,31,30,1,1.0,Source segment rates and active DilationCurve baked; play at 1x
HeavySwordsman,PlaybackClip,/Game/_Art/Enemies/HeinMach/Humanoids/HeavySwordsman/Animations/PlaybackClips/A_EN_PLAY_AC_EmpireSwordHArmor_SwordSting_Step3,BBQ/Content/_Kazan_/Design/Monster/Human/Empire/Empire_SwordHArmor/Skill/06_SwordSting/AC_EmpireSwordHArmor_SwordSting_Step3,1.8947554,115,5241067,87110,1.0,Source segment rates and active DilationCurve baked; play at 1x
HeavySwordsman,PlaybackClip,/Game/_Art/Enemies/HeinMach/Humanoids/HeavySwordsman/Animations/PlaybackClips/A_EN_PLAY_AC_Empire_SwordHArmor_Vigilant_FreakOut_Armed,BBQ/Content/_Kazan_/Design/Monster/Human/Empire/Empire_SwordHArmor/Skill/Vigilant/FreakOut_Armed/AC_Empire_SwordHArmor_Vigilant_FreakOut_Armed,1.8333334,56,30,1,1.0,Source segment rates and active DilationCurve baked; play at 1x
HeavySwordsman,PlaybackClip,/Game/_Art/Enemies/HeinMach/Humanoids/HeavySwordsman/Animations/PlaybackClips/A_EN_PLAY_AC_Empire_SwordHArmor_Vigilant_LookAround,BBQ/Content/_Kazan_/Design/Monster/Human/Empire/Empire_SwordHArmor/Skill/Vigilant/LookAround/AC_Empire_SwordHArmor_Vigilant_LookAround,7.9666667,240,30,1,1.0,Source segment rates and active DilationCurve baked; play at 1x
SwordShield,PlaybackClip,/Game/_Art/Enemies/HeinMach/Humanoids/SwordShield/Animations/PlaybackClips/A_EN_PLAY_AC_EmpireSwordShield_Basic_End_01,BBQ/Content/_Kazan_/Design/Monster/Human/Empire/Empire_SwordShield/Moving/Reaction/AC_EmpireSwordShield_Basic_End_01,1.0,31,30,1,1.0,Source segment rates and active DilationCurve baked; play at 1x
SwordShield,PlaybackClip,/Game/_Art/Enemies/HeinMach/Humanoids/SwordShield/Animations/PlaybackClips/A_EN_PLAY_AC_EmpireSwordShield_Basic_End_02,BBQ/Content/_Kazan_/Design/Monster/Human/Empire/Empire_SwordShield/Moving/Reaction/AC_EmpireSwordShield_Basic_End_02,1.2,37,30,1,1.0,Source segment rates and active DilationCurve baked; play at 1x
SwordShield,PlaybackClip,/Game/_Art/Enemies/HeinMach/Humanoids/SwordShield/Animations/PlaybackClips/A_EN_PLAY_AC_EmpireSwordShield_Basic_End_03,BBQ/Content/_Kazan_/Design/Monster/Human/Empire/Empire_SwordShield/Moving/Reaction/AC_EmpireSwordShield_Basic_End_03,1.0,31,30,1,1.0,Source segment rates and active DilationCurve baked; play at 1x
SwordShield,PlaybackClip,/Game/_Art/Enemies/HeinMach/Humanoids/SwordShield/Animations/PlaybackClips/A_EN_PLAY_AC_EmpireSwordShield_Basic_Loop_01,BBQ/Content/_Kazan_/Design/Monster/Human/Empire/Empire_SwordShield/Moving/Reaction/AC_EmpireSwordShield_Basic_Loop_01,9.333333,281,30,1,1.0,Source segment rates and active DilationCurve baked; play at 1x
SwordShield,PlaybackClip,/Game/_Art/Enemies/HeinMach/Humanoids/SwordShield/Animations/PlaybackClips/A_EN_PLAY_AC_EmpireSwordShield_Basic_Loop_02,BBQ/Content/_Kazan_/Design/Monster/Human/Empire/Empire_SwordShield/Moving/Reaction/AC_EmpireSwordShield_Basic_Loop_02,7.3333335,221,30,1,1.0,Source segment rates and active DilationCurve baked; play at 1x
SwordShield,PlaybackClip,/Game/_Art/Enemies/HeinMach/Humanoids/SwordShield/Animations/PlaybackClips/A_EN_PLAY_AC_EmpireSwordShield_Basic_Loop_03,BBQ/Content/_Kazan_/Design/Monster/Human/Empire/Empire_SwordShield/Moving/Reaction/AC_EmpireSwordShield_Basic_Loop_03,11.133333,335,30,1,1.0,Source segment rates and active DilationCurve baked; play at 1x
SwordShield,PlaybackClip,/Game/_Art/Enemies/HeinMach/Humanoids/SwordShield/Animations/PlaybackClips/A_EN_PLAY_AC_EmpireSwordShield_Basic_Sit_End_01,BBQ/Content/_Kazan_/Design/Monster/Human/Empire/Empire_SwordShield/Moving/Reaction/AC_EmpireSwordShield_Basic_Sit_End_01,2.6666667,81,30,1,1.0,Source segment rates and active DilationCurve baked; play at 1x
SwordShield,PlaybackClip,/Game/_Art/Enemies/HeinMach/Humanoids/SwordShield/Animations/PlaybackClips/A_EN_PLAY_AC_EmpireSwordShield_Basic_Sit_Loop_01,BBQ/Content/_Kazan_/Design/Monster/Human/Empire/Empire_SwordShield/Moving/Reaction/AC_EmpireSwordShield_Basic_Sit_Loop_01,6.6666665,201,30,1,1.0,Source segment rates and active DilationCurve baked; play at 1x
SwordShield,PlaybackClip,/Game/_Art/Enemies/HeinMach/Humanoids/SwordShield/Animations/PlaybackClips/A_EN_PLAY_AC_EmpireSwordShield_Basic_Talk_End_01,BBQ/Content/_Kazan_/Design/Monster/Human/Empire/Empire_SwordShield/Moving/Reaction/AC_EmpireSwordShield_Basic_Talk_End_01,1.0,31,30,1,1.0,Source segment rates and active DilationCurve baked; play at 1x
SwordShield,PlaybackClip,/Game/_Art/Enemies/HeinMach/Humanoids/SwordShield/Animations/PlaybackClips/A_EN_PLAY_AC_EmpireSwordShield_Basic_Talk_Loop_01,BBQ/Content/_Kazan_/Design/Monster/Human/Empire/Empire_SwordShield/Moving/Reaction/AC_EmpireSwordShield_Basic_Talk_Loop_01,11.366667,342,30,1,1.0,Source segment rates and active DilationCurve baked; play at 1x
SwordShield,PlaybackClip,/Game/_Art/Enemies/HeinMach/Humanoids/SwordShield/Animations/PlaybackClips/A_EN_PLAY_AC_Empire_SwordShield_DamFinalBlow,BBQ/Content/_Kazan_/Design/Monster/Human/Empire/Empire_SwordShield/Moving/Reaction/AC_Empire_SwordShield_DamFinalBlow,2.1,64,30,1,1.0,Source segment rates and active DilationCurve baked; play at 1x
SwordShield,PlaybackClip,/Game/_Art/Enemies/HeinMach/Humanoids/SwordShield/Animations/PlaybackClips/A_EN_PLAY_AC_Empire_SwordShield_DamageAir_B_Down,BBQ/Content/_Kazan_/Design/Monster/Human/Empire/Empire_SwordShield/Moving/Reaction/AC_Empire_SwordShield_DamageAir_B_Down,0.167,6,5000,167,1.0,Source segment rates and active DilationCurve baked; play at 1x
SwordShield,PlaybackClip,/Game/_Art/Enemies/HeinMach/Humanoids/SwordShield/Animations/PlaybackClips/A_EN_PLAY_AC_Empire_SwordShield_DamageAir_B_Land,BBQ/Content/_Kazan_/Design/Monster/Human/Empire/Empire_SwordShield/Moving/Reaction/AC_Empire_SwordShield_DamageAir_B_Land,0.89903337,28,2000869,66624,1.0,Source segment rates and active DilationCurve baked; play at 1x
SwordShield,PlaybackClip,/Game/_Art/Enemies/HeinMach/Humanoids/SwordShield/Animations/PlaybackClips/A_EN_PLAY_AC_Empire_SwordShield_DamageAir_B_Peak,BBQ/Content/_Kazan_/Design/Monster/Human/Empire/Empire_SwordShield/Moving/Reaction/AC_Empire_SwordShield_DamageAir_B_Peak,0.10000001,4,30,1,1.0,Source segment rates and active DilationCurve baked; play at 1x
SwordShield,PlaybackClip,/Game/_Art/Enemies/HeinMach/Humanoids/SwordShield/Animations/PlaybackClips/A_EN_PLAY_AC_Empire_SwordShield_DamageAir_B_Up,BBQ/Content/_Kazan_/Design/Monster/Human/Empire/Empire_SwordShield/Moving/Reaction/AC_Empire_SwordShield_DamageAir_B_Up,0.167,6,5000,167,1.0,Source segment rates and active DilationCurve baked; play at 1x
SwordShield,PlaybackClip,/Game/_Art/Enemies/HeinMach/Humanoids/SwordShield/Animations/PlaybackClips/A_EN_PLAY_AC_Empire_SwordShield_DamageAir_F_Down,BBQ/Content/_Kazan_/Design/Monster/Human/Empire/Empire_SwordShield/Moving/Reaction/AC_Empire_SwordShield_DamageAir_F_Down,0.167,6,5000,167,1.0,Source segment rates and active DilationCurve baked; play at 1x
SwordShield,PlaybackClip,/Game/_Art/Enemies/HeinMach/Humanoids/SwordShield/Animations/PlaybackClips/A_EN_PLAY_AC_Empire_SwordShield_DamageAir_F_Land,BBQ/Content/_Kazan_/Design/Monster/Human/Empire/Empire_SwordShield/Moving/Reaction/AC_Empire_SwordShield_DamageAir_F_Land,0.89903337,28,2000869,66624,1.0,Source segment rates and active DilationCurve baked; play at 1x
SwordShield,PlaybackClip,/Game/_Art/Enemies/HeinMach/Humanoids/SwordShield/Animations/PlaybackClips/A_EN_PLAY_AC_Empire_SwordShield_DamageAir_F_Peak,BBQ/Content/_Kazan_/Design/Monster/Human/Empire/Empire_SwordShield/Moving/Reaction/AC_Empire_SwordShield_DamageAir_F_Peak,0.10000001,4,30,1,1.0,Source segment rates and active DilationCurve baked; play at 1x
SwordShield,PlaybackClip,/Game/_Art/Enemies/HeinMach/Humanoids/SwordShield/Animations/PlaybackClips/A_EN_PLAY_AC_Empire_SwordShield_DamageAir_F_Up,BBQ/Content/_Kazan_/Design/Monster/Human/Empire/Empire_SwordShield/Moving/Reaction/AC_Empire_SwordShield_DamageAir_F_Up,0.167,6,5000,167,1.0,Source segment rates and active DilationCurve baked; play at 1x
SwordShield,PlaybackClip,/Game/_Art/Enemies/HeinMach/Humanoids/SwordShield/Animations/PlaybackClips/A_EN_PLAY_AC_Empire_SwordShield_DamageDown_B,BBQ/Content/_Kazan_/Design/Monster/Human/Empire/Empire_SwordShield/Moving/Reaction/AC_Empire_SwordShield_DamageDown_B,0.6666667,21,30,1,1.0,Source segment rates and active DilationCurve baked; play at 1x
SwordShield,PlaybackClip,/Game/_Art/Enemies/HeinMach/Humanoids/SwordShield/Animations/PlaybackClips/A_EN_PLAY_AC_Empire_SwordShield_DamageDown_F,BBQ/Content/_Kazan_/Design/Monster/Human/Empire/Empire_SwordShield/Moving/Reaction/AC_Empire_SwordShield_DamageDown_F,0.6666667,21,30,1,1.0,Source segment rates and active DilationCurve baked; play at 1x
SwordShield,PlaybackClip,/Game/_Art/Enemies/HeinMach/Humanoids/SwordShield/Animations/PlaybackClips/A_EN_PLAY_AC_Empire_SwordShield_DamageGrapple_Atk_01,BBQ/Content/_Kazan_/Design/Monster/Human/Empire/Empire_SwordShield/Moving/Reaction/AC_Empire_SwordShield_DamageGrapple_Atk_01,1.3666667,42,30,1,1.0,Source segment rates and active DilationCurve baked; play at 1x
SwordShield,PlaybackClip,/Game/_Art/Enemies/HeinMach/Humanoids/SwordShield/Animations/PlaybackClips/A_EN_PLAY_AC_Empire_SwordShield_DamageGrapple_Atk_02,BBQ/Content/_Kazan_/Design/Monster/Human/Empire/Empire_SwordShield/Moving/Reaction/AC_Empire_SwordShield_DamageGrapple_Atk_02,1.1,34,30,1,1.0,Source segment rates and active DilationCurve baked; play at 1x
SwordShield,PlaybackClip,/Game/_Art/Enemies/HeinMach/Humanoids/SwordShield/Animations/PlaybackClips/A_EN_PLAY_AC_Empire_SwordShield_DamageGrapple_Atk_B_01,BBQ/Content/_Kazan_/Design/Monster/Human/Empire/Empire_SwordShield/Moving/Reaction/AC_Empire_SwordShield_DamageGrapple_Atk_B_01,1.3333334,41,30,1,1.0,Source segment rates and active DilationCurve baked; play at 1x
SwordShield,PlaybackClip,/Game/_Art/Enemies/HeinMach/Humanoids/SwordShield/Animations/PlaybackClips/A_EN_PLAY_AC_Empire_SwordShield_DamageGrapple_Atk_B_02,BBQ/Content/_Kazan_/Design/Monster/Human/Empire/Empire_SwordShield/Moving/Reaction/AC_Empire_SwordShield_DamageGrapple_Atk_B_02,2.5,76,30,1,1.0,Source segment rates and active DilationCurve baked; play at 1x
SwordShield,PlaybackClip,/Game/_Art/Enemies/HeinMach/Humanoids/SwordShield/Animations/PlaybackClips/A_EN_PLAY_AC_Empire_SwordShield_DamageNormal_D_B,BBQ/Content/_Kazan_/Design/Monster/Human/Empire/Empire_SwordShield/Moving/Reaction/AC_Empire_SwordShield_DamageNormal_D_B,1.006191,61,2882733,48343,1.0,Source segment rates and active DilationCurve baked; play at 1x
SwordShield,PlaybackClip,/Game/_Art/Enemies/HeinMach/Humanoids/SwordShield/Animations/PlaybackClips/A_EN_PLAY_AC_Empire_SwordShield_DamageNormal_D_F,BBQ/Content/_Kazan_/Design/Monster/Human/Empire/Empire_SwordShield/Moving/Reaction/AC_Empire_SwordShield_DamageNormal_D_F,0.7,22,30,1,1.0,Source segment rates and active DilationCurve baked; play at 1x
SwordShield,PlaybackClip,/Game/_Art/Enemies/HeinMach/Humanoids/SwordShield/Animations/PlaybackClips/A_EN_PLAY_AC_Empire_SwordShield_DamageNormal_L_F,BBQ/Content/_Kazan_/Design/Monster/Human/Empire/Empire_SwordShield/Moving/Reaction/AC_Empire_SwordShield_DamageNormal_L_F,0.7,22,30,1,1.0,Source segment rates and active DilationCurve baked; play at 1x
SwordShield,PlaybackClip,/Game/_Art/Enemies/HeinMach/Humanoids/SwordShield/Animations/PlaybackClips/A_EN_PLAY_AC_Empire_SwordShield_DamageNormal_R_F,BBQ/Content/_Kazan_/Design/Monster/Human/Empire/Empire_SwordShield/Moving/Reaction/AC_Empire_SwordShield_DamageNormal_R_F,0.7,22,30,1,1.0,Source segment rates and active DilationCurve baked; play at 1x
SwordShield,PlaybackClip,/Game/_Art/Enemies/HeinMach/Humanoids/SwordShield/Animations/PlaybackClips/A_EN_PLAY_AC_Empire_SwordShield_DamageNormal_U_B,BBQ/Content/_Kazan_/Design/Monster/Human/Empire/Empire_SwordShield/Moving/Reaction/AC_Empire_SwordShield_DamageNormal_U_B,1.0132997,62,2527651,41988,1.0,Source segment rates and active DilationCurve baked; play at 1x
SwordShield,PlaybackClip,/Game/_Art/Enemies/HeinMach/Humanoids/SwordShield/Animations/PlaybackClips/A_EN_PLAY_AC_Empire_SwordShield_DamageNormal_U_F,BBQ/Content/_Kazan_/Design/Monster/Human/Empire/Empire_SwordShield/Moving/Reaction/AC_Empire_SwordShield_DamageNormal_U_F,0.7,22,30,1,1.0,Source segment rates and active DilationCurve baked; play at 1x
SwordShield,PlaybackClip,/Game/_Art/Enemies/HeinMach/Humanoids/SwordShield/Animations/PlaybackClips/A_EN_PLAY_AC_Empire_SwordShield_DamageStrong_D_F,BBQ/Content/_Kazan_/Design/Monster/Human/Empire/Empire_SwordShield/Moving/Reaction/AC_Empire_SwordShield_DamageStrong_D_F,1.1,34,30,1,1.0,Source segment rates and active DilationCurve baked; play at 1x
SwordShield,PlaybackClip,/Game/_Art/Enemies/HeinMach/Humanoids/SwordShield/Animations/PlaybackClips/A_EN_PLAY_AC_Empire_SwordShield_DamageStrong_D_F_2,BBQ/Content/_Kazan_/Design/Monster/Human/Empire/Empire_SwordShield/Moving/Reaction/AC_Empire_SwordShield_DamageStrong_D_F_2,1.1,34,30,1,1.0,Source segment rates and active DilationCurve baked; play at 1x
SwordShield,PlaybackClip,/Game/_Art/Enemies/HeinMach/Humanoids/SwordShield/Animations/PlaybackClips/A_EN_PLAY_AC_Empire_SwordShield_DamageStrong_L_F,BBQ/Content/_Kazan_/Design/Monster/Human/Empire/Empire_SwordShield/Moving/Reaction/AC_Empire_SwordShield_DamageStrong_L_F,1.1,34,30,1,1.0,Source segment rates and active DilationCurve baked; play at 1x
SwordShield,PlaybackClip,/Game/_Art/Enemies/HeinMach/Humanoids/SwordShield/Animations/PlaybackClips/A_EN_PLAY_AC_Empire_SwordShield_DamageStrong_R_F,BBQ/Content/_Kazan_/Design/Monster/Human/Empire/Empire_SwordShield/Moving/Reaction/AC_Empire_SwordShield_DamageStrong_R_F,1.1,34,30,1,1.0,Source segment rates and active DilationCurve baked; play at 1x
SwordShield,PlaybackClip,/Game/_Art/Enemies/HeinMach/Humanoids/SwordShield/Animations/PlaybackClips/A_EN_PLAY_AC_Empire_SwordShield_DamageStrong_U_F,BBQ/Content/_Kazan_/Design/Monster/Human/Empire/Empire_SwordShield/Moving/Reaction/AC_Empire_SwordShield_DamageStrong_U_F,1.1,34,30,1,1.0,Source segment rates and active DilationCurve baked; play at 1x
SwordShield,PlaybackClip,/Game/_Art/Enemies/HeinMach/Humanoids/SwordShield/Animations/PlaybackClips/A_EN_PLAY_AC_Empire_SwordShield_DamageWeak_D_F,BBQ/Content/_Kazan_/Design/Monster/Human/Empire/Empire_SwordShield/Moving/Reaction/AC_Empire_SwordShield_DamageWeak_D_F,0.4,13,30,1,1.0,Source segment rates and active DilationCurve baked; play at 1x
SwordShield,PlaybackClip,/Game/_Art/Enemies/HeinMach/Humanoids/SwordShield/Animations/PlaybackClips/A_EN_PLAY_AC_Empire_SwordShield_DamageWeak_L_F,BBQ/Content/_Kazan_/Design/Monster/Human/Empire/Empire_SwordShield/Moving/Reaction/AC_Empire_SwordShield_DamageWeak_L_F,0.4,13,30,1,1.0,Source segment rates and active DilationCurve baked; play at 1x
SwordShield,PlaybackClip,/Game/_Art/Enemies/HeinMach/Humanoids/SwordShield/Animations/PlaybackClips/A_EN_PLAY_AC_Empire_SwordShield_DamageWeak_R_F,BBQ/Content/_Kazan_/Design/Monster/Human/Empire/Empire_SwordShield/Moving/Reaction/AC_Empire_SwordShield_DamageWeak_R_F,0.4,13,30,1,1.0,Source segment rates and active DilationCurve baked; play at 1x
SwordShield,PlaybackClip,/Game/_Art/Enemies/HeinMach/Humanoids/SwordShield/Animations/PlaybackClips/A_EN_PLAY_AC_Empire_SwordShield_DamageWeak_U_F,BBQ/Content/_Kazan_/Design/Monster/Human/Empire/Empire_SwordShield/Moving/Reaction/AC_Empire_SwordShield_DamageWeak_U_F,0.4,13,30,1,1.0,Source segment rates and active DilationCurve baked; play at 1x
SwordShield,PlaybackClip,/Game/_Art/Enemies/HeinMach/Humanoids/SwordShield/Animations/PlaybackClips/A_EN_PLAY_AC_Empire_SwordShield_Down_Die_B,BBQ/Content/_Kazan_/Design/Monster/Human/Empire/Empire_SwordShield/Moving/Reaction/AC_Empire_SwordShield_Down_Die_B,11.0,331,30,1,1.0,Source segment rates and active DilationCurve baked; play at 1x
SwordShield,PlaybackClip,/Game/_Art/Enemies/HeinMach/Humanoids/SwordShield/Animations/PlaybackClips/A_EN_PLAY_AC_Empire_SwordShield_Down_Die_F,BBQ/Content/_Kazan_/Design/Monster/Human/Empire/Empire_SwordShield/Moving/Reaction/AC_Empire_SwordShield_Down_Die_F,11.0,331,30,1,1.0,Source segment rates and active DilationCurve baked; play at 1x
SwordShield,PlaybackClip,/Game/_Art/Enemies/HeinMach/Humanoids/SwordShield/Animations/PlaybackClips/A_EN_PLAY_AC_Empire_SwordShield_Down_Loop_B,BBQ/Content/_Kazan_/Design/Monster/Human/Empire/Empire_SwordShield/Moving/Reaction/AC_Empire_SwordShield_Down_Loop_B,1.6,49,30,1,1.0,Source segment rates and active DilationCurve baked; play at 1x
SwordShield,PlaybackClip,/Game/_Art/Enemies/HeinMach/Humanoids/SwordShield/Animations/PlaybackClips/A_EN_PLAY_AC_Empire_SwordShield_Down_Loop_F,BBQ/Content/_Kazan_/Design/Monster/Human/Empire/Empire_SwordShield/Moving/Reaction/AC_Empire_SwordShield_Down_Loop_F,1.6,49,30,1,1.0,Source segment rates and active DilationCurve baked; play at 1x
SwordShield,PlaybackClip,/Game/_Art/Enemies/HeinMach/Humanoids/SwordShield/Animations/PlaybackClips/A_EN_PLAY_AC_Empire_SwordShield_Getup_B,BBQ/Content/_Kazan_/Design/Monster/Human/Empire/Empire_SwordShield/Moving/Reaction/AC_Empire_SwordShield_Getup_B,2.0,61,30,1,1.0,Source segment rates and active DilationCurve baked; play at 1x
SwordShield,PlaybackClip,/Game/_Art/Enemies/HeinMach/Humanoids/SwordShield/Animations/PlaybackClips/A_EN_PLAY_AC_Empire_SwordShield_Getup_F,BBQ/Content/_Kazan_/Design/Monster/Human/Empire/Empire_SwordShield/Moving/Reaction/AC_Empire_SwordShield_Getup_F,1.6666666,51,30,1,1.0,Source segment rates and active DilationCurve baked; play at 1x
SwordShield,PlaybackClip,/Game/_Art/Enemies/HeinMach/Humanoids/SwordShield/Animations/PlaybackClips/A_EN_PLAY_AC_Empire_SwordShield_Groggy_End,BBQ/Content/_Kazan_/Design/Monster/Human/Empire/Empire_SwordShield/Moving/Reaction/AC_Empire_SwordShield_Groggy_End,0.76666665,24,30,1,1.0,Source segment rates and active DilationCurve baked; play at 1x
SwordShield,PlaybackClip,/Game/_Art/Enemies/HeinMach/Humanoids/SwordShield/Animations/PlaybackClips/A_EN_PLAY_AC_Empire_SwordShield_Groggy_Loop,BBQ/Content/_Kazan_/Design/Monster/Human/Empire/Empire_SwordShield/Moving/Reaction/AC_Empire_SwordShield_Groggy_Loop,1.5,46,30,1,1.0,Source segment rates and active DilationCurve baked; play at 1x
SwordShield,PlaybackClip,/Game/_Art/Enemies/HeinMach/Humanoids/SwordShield/Animations/PlaybackClips/A_EN_PLAY_AC_Empire_SwordShield_Groggy_Start,BBQ/Content/_Kazan_/Design/Monster/Human/Empire/Empire_SwordShield/Moving/Reaction/AC_Empire_SwordShield_Groggy_Start,0.6666667,21,30,1,1.0,Source segment rates and active DilationCurve baked; play at 1x
SwordShield,PlaybackClip,/Game/_Art/Enemies/HeinMach/Humanoids/SwordShield/Animations/PlaybackClips/A_EN_PLAY_AC_Empire_SwordShield_Ground_Die_F,BBQ/Content/_Kazan_/Design/Monster/Human/Empire/Empire_SwordShield/Moving/Reaction/AC_Empire_SwordShield_Ground_Die_F,11.0,331,30,1,1.0,Source segment rates and active DilationCurve baked; play at 1x
SwordShield,PlaybackClip,/Game/_Art/Enemies/HeinMach/Humanoids/SwordShield/Animations/PlaybackClips/A_EN_PLAY_AC_Empire_SwordShield_LockOnWalk_B,BBQ/Content/_Kazan_/Design/Monster/Human/Empire/Empire_SwordShield/Moving/Reaction/AC_Empire_SwordShield_LockOnWalk_B,1.0,31,30,1,1.0,Source segment rates and active DilationCurve baked; play at 1x
SwordShield,PlaybackClip,/Game/_Art/Enemies/HeinMach/Humanoids/SwordShield/Animations/PlaybackClips/A_EN_PLAY_AC_Empire_SwordShield_LockOnWalk_F,BBQ/Content/_Kazan_/Design/Monster/Human/Empire/Empire_SwordShield/Moving/Reaction/AC_Empire_SwordShield_LockOnWalk_F,1.0,31,30,1,1.0,Source segment rates and active DilationCurve baked; play at 1x
SwordShield,PlaybackClip,/Game/_Art/Enemies/HeinMach/Humanoids/SwordShield/Animations/PlaybackClips/A_EN_PLAY_AC_Empire_SwordShield_LockOnWalk_L,BBQ/Content/_Kazan_/Design/Monster/Human/Empire/Empire_SwordShield/Moving/Reaction/AC_Empire_SwordShield_LockOnWalk_L,1.0,31,30,1,1.0,Source segment rates and active DilationCurve baked; play at 1x
SwordShield,PlaybackClip,/Game/_Art/Enemies/HeinMach/Humanoids/SwordShield/Animations/PlaybackClips/A_EN_PLAY_AC_Empire_SwordShield_LockOnWalk_R,BBQ/Content/_Kazan_/Design/Monster/Human/Empire/Empire_SwordShield/Moving/Reaction/AC_Empire_SwordShield_LockOnWalk_R,1.0,31,30,1,1.0,Source segment rates and active DilationCurve baked; play at 1x
SwordShield,PlaybackClip,/Game/_Art/Enemies/HeinMach/Humanoids/SwordShield/Animations/PlaybackClips/A_EN_PLAY_AC_Empire_SwordShield_Run_F,BBQ/Content/_Kazan_/Design/Monster/Human/Empire/Empire_SwordShield/Moving/Reaction/AC_Empire_SwordShield_Run_F,0.76666665,24,30,1,1.0,Source segment rates and active DilationCurve baked; play at 1x
SwordShield,PlaybackClip,/Game/_Art/Enemies/HeinMach/Humanoids/SwordShield/Animations/PlaybackClips/A_EN_PLAY_AC_Empire_SwordShield_Stand_F,BBQ/Content/_Kazan_/Design/Monster/Human/Empire/Empire_SwordShield/Moving/Reaction/AC_Empire_SwordShield_Stand_F,1.6666666,51,30,1,1.0,Source segment rates and active DilationCurve baked; play at 1x
SwordShield,PlaybackClip,/Game/_Art/Enemies/HeinMach/Humanoids/SwordShield/Animations/PlaybackClips/A_EN_PLAY_AC_Empire_SwordShield_Turn_L,BBQ/Content/_Kazan_/Design/Monster/Human/Empire/Empire_SwordShield/Moving/Reaction/AC_Empire_SwordShield_Turn_L,1.0333333,32,30,1,1.0,Source segment rates and active DilationCurve baked; play at 1x
SwordShield,PlaybackClip,/Game/_Art/Enemies/HeinMach/Humanoids/SwordShield/Animations/PlaybackClips/A_EN_PLAY_AC_Empire_SwordShield_Turn_L_180,BBQ/Content/_Kazan_/Design/Monster/Human/Empire/Empire_SwordShield/Moving/Reaction/AC_Empire_SwordShield_Turn_L_180,1.4333333,44,30,1,1.0,Source segment rates and active DilationCurve baked; play at 1x
SwordShield,PlaybackClip,/Game/_Art/Enemies/HeinMach/Humanoids/SwordShield/Animations/PlaybackClips/A_EN_PLAY_AC_Empire_SwordShield_Turn_R,BBQ/Content/_Kazan_/Design/Monster/Human/Empire/Empire_SwordShield/Moving/Reaction/AC_Empire_SwordShield_Turn_R,1.0333333,32,30,1,1.0,Source segment rates and active DilationCurve baked; play at 1x
SwordShield,PlaybackClip,/Game/_Art/Enemies/HeinMach/Humanoids/SwordShield/Animations/PlaybackClips/A_EN_PLAY_AC_Empire_SwordShield_Turn_R_180,BBQ/Content/_Kazan_/Design/Monster/Human/Empire/Empire_SwordShield/Moving/Reaction/AC_Empire_SwordShield_Turn_R_180,1.3333334,41,30,1,1.0,Source segment rates and active DilationCurve baked; play at 1x
SwordShield,PlaybackClip,/Game/_Art/Enemies/HeinMach/Humanoids/SwordShield/Animations/PlaybackClips/A_EN_PLAY_AC_Empire_SwordShield_Walk_F,BBQ/Content/_Kazan_/Design/Monster/Human/Empire/Empire_SwordShield/Moving/Reaction/AC_Empire_SwordShield_Walk_F,1.0,31,30,1,1.0,Source segment rates and active DilationCurve baked; play at 1x
SwordShield,PlaybackClip,/Game/_Art/Enemies/HeinMach/Humanoids/SwordShield/Animations/PlaybackClips/A_EN_PLAY_AC_M_Empire_SwordShield_DamageParry_F,BBQ/Content/_Kazan_/Design/Monster/Human/Empire/Empire_SwordShield/Moving/Reaction/AC_M_Empire_SwordShield_DamageParry_F,1.5,46,30,1,1.0,Source segment rates and active DilationCurve baked; play at 1x
SwordShield,PlaybackClip,/Game/_Art/Enemies/HeinMach/Humanoids/SwordShield/Animations/PlaybackClips/A_EN_PLAY_AC_Empire_SwordShield_Guard_Broken,BBQ/Content/_Kazan_/Design/Monster/Human/Empire/Empire_SwordShield/Skill/Guard/AC_Empire_SwordShield_Guard_Broken,0.45,14,260,9,1.0,Source segment rates and active DilationCurve baked; play at 1x
SwordShield,PlaybackClip,/Game/_Art/Enemies/HeinMach/Humanoids/SwordShield/Animations/PlaybackClips/A_EN_PLAY_AC_Empire_SwordShield_Guard_Broken_Full,BBQ/Content/_Kazan_/Design/Monster/Human/Empire/Empire_SwordShield/Skill/Guard/AC_Empire_SwordShield_Guard_Broken_Full,2.3333333,71,30,1,1.0,Source segment rates and active DilationCurve baked; play at 1x
SwordShield,PlaybackClip,/Game/_Art/Enemies/HeinMach/Humanoids/SwordShield/Animations/PlaybackClips/A_EN_PLAY_AC_Empire_SwordShield_Guard_Broken_Full_New,BBQ/Content/_Kazan_/Design/Monster/Human/Empire/Empire_SwordShield/Skill/Guard/AC_Empire_SwordShield_Guard_Broken_Full_New,2.2157505,134,3907495,65098,1.0,Source segment rates and active DilationCurve baked; play at 1x
SwordShield,PlaybackClip,/Game/_Art/Enemies/HeinMach/Humanoids/SwordShield/Animations/PlaybackClips/A_EN_PLAY_AC_Empire_SwordShield_Guard_End,BBQ/Content/_Kazan_/Design/Monster/Human/Empire/Empire_SwordShield/Skill/Guard/AC_Empire_SwordShield_Guard_End,0.43333334,14,30,1,1.0,Source segment rates and active DilationCurve baked; play at 1x
SwordShield,PlaybackClip,/Game/_Art/Enemies/HeinMach/Humanoids/SwordShield/Animations/PlaybackClips/A_EN_PLAY_AC_Empire_SwordShield_Guard_Hit,BBQ/Content/_Kazan_/Design/Monster/Human/Empire/Empire_SwordShield/Skill/Guard/AC_Empire_SwordShield_Guard_Hit,0.6666667,21,30,1,1.0,Source segment rates and active DilationCurve baked; play at 1x
SwordShield,PlaybackClip,/Game/_Art/Enemies/HeinMach/Humanoids/SwordShield/Animations/PlaybackClips/A_EN_PLAY_AC_Empire_SwordShield_Guard_Loop,BBQ/Content/_Kazan_/Design/Monster/Human/Empire/Empire_SwordShield/Skill/Guard/AC_Empire_SwordShield_Guard_Loop,2.0,61,30,1,1.0,Source segment rates and active DilationCurve baked; play at 1x
SwordShield,PlaybackClip,/Game/_Art/Enemies/HeinMach/Humanoids/SwordShield/Animations/PlaybackClips/A_EN_PLAY_AC_Empire_SwordShield_Guard_Start,BBQ/Content/_Kazan_/Design/Monster/Human/Empire/Empire_SwordShield/Skill/Guard/AC_Empire_SwordShield_Guard_Start,0.2,7,30,1,1.0,Source segment rates and active DilationCurve baked; play at 1x
SwordShield,PlaybackClip,/Game/_Art/Enemies/HeinMach/Humanoids/SwordShield/Animations/PlaybackClips/A_EN_PLAY_AC_Empire_SwordShield_GuardReaction_Broken,BBQ/Content/_Kazan_/Design/Monster/Human/Empire/Empire_SwordShield/Skill/GuardReaction/AC_Empire_SwordShield_GuardReaction_Broken,2.2171152,134,1042769,17383,1.0,Source segment rates and active DilationCurve baked; play at 1x
SwordShield,PlaybackClip,/Game/_Art/Enemies/HeinMach/Humanoids/SwordShield/Animations/PlaybackClips/A_EN_PLAY_AC_Empire_SwordShield_GuardReaction_Broken_Full,BBQ/Content/_Kazan_/Design/Monster/Human/Empire/Empire_SwordShield/Skill/GuardReaction/AC_Empire_SwordShield_GuardReaction_Broken_Full,2.3333333,71,30,1,1.0,Source segment rates and active DilationCurve baked; play at 1x
SwordShield,PlaybackClip,/Game/_Art/Enemies/HeinMach/Humanoids/SwordShield/Animations/PlaybackClips/A_EN_PLAY_AC_Empire_SwordShield_GuardReaction_End,BBQ/Content/_Kazan_/Design/Monster/Human/Empire/Empire_SwordShield/Skill/GuardReaction/AC_Empire_SwordShield_GuardReaction_End,0.43333334,14,30,1,1.0,Source segment rates and active DilationCurve baked; play at 1x
SwordShield,PlaybackClip,/Game/_Art/Enemies/HeinMach/Humanoids/SwordShield/Animations/PlaybackClips/A_EN_PLAY_AC_Empire_SwordShield_GuardReaction_Hit,BBQ/Content/_Kazan_/Design/Monster/Human/Empire/Empire_SwordShield/Skill/GuardReaction/AC_Empire_SwordShield_GuardReaction_Hit,0.6666667,21,30,1,1.0,Source segment rates and active DilationCurve baked; play at 1x
SwordShield,PlaybackClip,/Game/_Art/Enemies/HeinMach/Humanoids/SwordShield/Animations/PlaybackClips/A_EN_PLAY_AC_Empire_SwordShield_Pierce,BBQ/Content/_Kazan_/Design/Monster/Human/Empire/Empire_SwordShield/Skill/Pierce/AC_Empire_SwordShield_Pierce,2.2295198,135,1630404,27127,1.0,Source segment rates and active DilationCurve baked; play at 1x
SwordShield,PlaybackClip,/Game/_Art/Enemies/HeinMach/Humanoids/SwordShield/Animations/PlaybackClips/A_EN_PLAY_AC_Empire_SwordShield_ShieldCrash,BBQ/Content/_Kazan_/Design/Monster/Human/Empire/Empire_SwordShield/Skill/ShieldCrash/AC_Empire_SwordShield_ShieldCrash,1.7900287,108,576655,9647,1.0,Source segment rates and active DilationCurve baked; play at 1x
SwordShield,PlaybackClip,/Game/_Art/Enemies/HeinMach/Humanoids/SwordShield/Animations/PlaybackClips/A_EN_PLAY_AC_Empire_SwordShield_SwordCombo_01,BBQ/Content/_Kazan_/Design/Monster/Human/Empire/Empire_SwordShield/Skill/SwordCombo/AC_Empire_SwordShield_SwordCombo_01,2.1909626,132,890588,14895,1.0,Source segment rates and active DilationCurve baked; play at 1x
SwordShield,PlaybackClip,/Game/_Art/Enemies/HeinMach/Humanoids/SwordShield/Animations/PlaybackClips/A_EN_PLAY_AC_Empire_SwordShield_SwordCombo_02,BBQ/Content/_Kazan_/Design/Monster/Human/Empire/Empire_SwordShield/Skill/SwordCombo/AC_Empire_SwordShield_SwordCombo_02,1.3854868,84,3795152,63351,1.0,Source segment rates and active DilationCurve baked; play at 1x
SwordShield,PlaybackClip,/Game/_Art/Enemies/HeinMach/Humanoids/SwordShield/Animations/PlaybackClips/A_EN_PLAY_AC_Empire_SwordShield_Vigilant_FreakOut_Armed,BBQ/Content/_Kazan_/Design/Monster/Human/Empire/Empire_SwordShield/Skill/Vigilant/FreakOut_Armed/AC_Empire_SwordShield_Vigilant_FreakOut_Armed,1.8666667,57,30,1,1.0,Source segment rates and active DilationCurve baked; play at 1x
SwordShield,PlaybackClip,/Game/_Art/Enemies/HeinMach/Humanoids/SwordShield/Animations/PlaybackClips/A_EN_PLAY_AC_Empire_SwordShield_Vigilant_LookAround,BBQ/Content/_Kazan_/Design/Monster/Human/Empire/Empire_SwordShield/Skill/Vigilant/LookAround/AC_Empire_SwordShield_Vigilant_LookAround,9.5,286,30,1,1.0,Source segment rates and active DilationCurve baked; play at 1x
EliteShield_SourceReferences,PlaybackClip,/Game/_Art/Enemies/OtherRegions/Humanoids/EliteShield_SourceReferences/Animations/PlaybackClips/A_EN_PLAY_AC_EmpireSwordShield_Sword_Disease,BBQ/Content/_Kazan_/Design/Monster/Human/Empire/Empire_SwordShield_E/Base_Setting/AC_EmpireSwordShield_Sword_Disease,2.4,73,30,1,1.0,Source segment rates and active DilationCurve baked; play at 1x
EliteShield_SourceReferences,PlaybackClip,/Game/_Art/Enemies/OtherRegions/Humanoids/EliteShield_SourceReferences/Animations/PlaybackClips/A_EN_PLAY_AC_ESpearShield_DamageDown_B,BBQ/Content/_Kazan_/Design/Monster/Human/Empire/Empire_SwordShield_E/Moving/Reaction/AC_ESpearShield_DamageDown_B,0.7,22,30,1,1.0,Source segment rates and active DilationCurve baked; play at 1x
EliteShield_SourceReferences,PlaybackClip,/Game/_Art/Enemies/OtherRegions/Humanoids/EliteShield_SourceReferences/Animations/PlaybackClips/A_EN_PLAY_AC_ESwordShield_DamageDown_F,BBQ/Content/_Kazan_/Design/Monster/Human/Empire/Empire_SwordShield_E/Moving/Reaction/AC_ESwordShield_DamageDown_F,0.7,22,30,1,1.0,Source segment rates and active DilationCurve baked; play at 1x
EliteShield_SourceReferences,PlaybackClip,/Game/_Art/Enemies/OtherRegions/Humanoids/EliteShield_SourceReferences/Animations/PlaybackClips/A_EN_PLAY_AC_ESwordShield_DamageFinalBlow,BBQ/Content/_Kazan_/Design/Monster/Human/Empire/Empire_SwordShield_E/Moving/Reaction/AC_ESwordShield_DamageFinalBlow,3.5,106,30,1,1.0,Source segment rates and active DilationCurve baked; play at 1x
EliteShield_SourceReferences,PlaybackClip,/Game/_Art/Enemies/OtherRegions/Humanoids/EliteShield_SourceReferences/Animations/PlaybackClips/A_EN_PLAY_AC_ESwordShield_DamageFinalBlow_Wraith,BBQ/Content/_Kazan_/Design/Monster/Human/Empire/Empire_SwordShield_E/Moving/Reaction/AC_ESwordShield_DamageFinalBlow_Wraith,3.5,106,30,1,1.0,Source segment rates and active DilationCurve baked; play at 1x
EliteShield_SourceReferences,PlaybackClip,/Game/_Art/Enemies/OtherRegions/Humanoids/EliteShield_SourceReferences/Animations/PlaybackClips/A_EN_PLAY_AC_ESwordShield_DamageGrapple_Atk_01,BBQ/Content/_Kazan_/Design/Monster/Human/Empire/Empire_SwordShield_E/Moving/Reaction/AC_ESwordShield_DamageGrapple_Atk_01,1.6,49,30,1,1.0,Source segment rates and active DilationCurve baked; play at 1x
EliteShield_SourceReferences,PlaybackClip,/Game/_Art/Enemies/OtherRegions/Humanoids/EliteShield_SourceReferences/Animations/PlaybackClips/A_EN_PLAY_AC_ESwordShield_DamageGrapple_Atk_02,BBQ/Content/_Kazan_/Design/Monster/Human/Empire/Empire_SwordShield_E/Moving/Reaction/AC_ESwordShield_DamageGrapple_Atk_02,1.1,34,30,1,1.0,Source segment rates and active DilationCurve baked; play at 1x
EliteShield_SourceReferences,PlaybackClip,/Game/_Art/Enemies/OtherRegions/Humanoids/EliteShield_SourceReferences/Animations/PlaybackClips/A_EN_PLAY_AC_ESwordShield_DamageGrapple_Atk_B_01,BBQ/Content/_Kazan_/Design/Monster/Human/Empire/Empire_SwordShield_E/Moving/Reaction/AC_ESwordShield_DamageGrapple_Atk_B_01,1.3333334,41,30,1,1.0,Source segment rates and active DilationCurve baked; play at 1x
EliteShield_SourceReferences,PlaybackClip,/Game/_Art/Enemies/OtherRegions/Humanoids/EliteShield_SourceReferences/Animations/PlaybackClips/A_EN_PLAY_AC_ESwordShield_DamageGrapple_Atk_B_02,BBQ/Content/_Kazan_/Design/Monster/Human/Empire/Empire_SwordShield_E/Moving/Reaction/AC_ESwordShield_DamageGrapple_Atk_B_02,2.5,76,30,1,1.0,Source segment rates and active DilationCurve baked; play at 1x
EliteShield_SourceReferences,PlaybackClip,/Game/_Art/Enemies/OtherRegions/Humanoids/EliteShield_SourceReferences/Animations/PlaybackClips/A_EN_PLAY_AC_ESwordShield_DamageNormal_D_B,BBQ/Content/_Kazan_/Design/Monster/Human/Empire/Empire_SwordShield_E/Moving/Reaction/AC_ESwordShield_DamageNormal_D_B,1.0132996,62,4853755,80628,1.0,Source segment rates and active DilationCurve baked; play at 1x
EliteShield_SourceReferences,PlaybackClip,/Game/_Art/Enemies/OtherRegions/Humanoids/EliteShield_SourceReferences/Animations/PlaybackClips/A_EN_PLAY_AC_ESwordShield_DamageNormal_D_F,BBQ/Content/_Kazan_/Design/Monster/Human/Empire/Empire_SwordShield_E/Moving/Reaction/AC_ESwordShield_DamageNormal_D_F,0.7,22,30,1,1.0,Source segment rates and active DilationCurve baked; play at 1x
EliteShield_SourceReferences,PlaybackClip,/Game/_Art/Enemies/OtherRegions/Humanoids/EliteShield_SourceReferences/Animations/PlaybackClips/A_EN_PLAY_AC_ESwordShield_DamageNormal_L_F,BBQ/Content/_Kazan_/Design/Monster/Human/Empire/Empire_SwordShield_E/Moving/Reaction/AC_ESwordShield_DamageNormal_L_F,0.7,22,30,1,1.0,Source segment rates and active DilationCurve baked; play at 1x
EliteShield_SourceReferences,PlaybackClip,/Game/_Art/Enemies/OtherRegions/Humanoids/EliteShield_SourceReferences/Animations/PlaybackClips/A_EN_PLAY_AC_ESwordShield_DamageNormal_R_F,BBQ/Content/_Kazan_/Design/Monster/Human/Empire/Empire_SwordShield_E/Moving/Reaction/AC_ESwordShield_DamageNormal_R_F,0.7,22,30,1,1.0,Source segment rates and active DilationCurve baked; play at 1x
EliteShield_SourceReferences,PlaybackClip,/Game/_Art/Enemies/OtherRegions/Humanoids/EliteShield_SourceReferences/Animations/PlaybackClips/A_EN_PLAY_AC_ESwordShield_DamageNormal_U_B,BBQ/Content/_Kazan_/Design/Monster/Human/Empire/Empire_SwordShield_E/Moving/Reaction/AC_ESwordShield_DamageNormal_U_B,1.0132997,62,2527651,41988,1.0,Source segment rates and active DilationCurve baked; play at 1x
EliteShield_SourceReferences,PlaybackClip,/Game/_Art/Enemies/OtherRegions/Humanoids/EliteShield_SourceReferences/Animations/PlaybackClips/A_EN_PLAY_AC_ESwordShield_DamageNormal_U_F,BBQ/Content/_Kazan_/Design/Monster/Human/Empire/Empire_SwordShield_E/Moving/Reaction/AC_ESwordShield_DamageNormal_U_F,0.7,22,30,1,1.0,Source segment rates and active DilationCurve baked; play at 1x
EliteShield_SourceReferences,PlaybackClip,/Game/_Art/Enemies/OtherRegions/Humanoids/EliteShield_SourceReferences/Animations/PlaybackClips/A_EN_PLAY_AC_ESwordShield_DamageParry_F,BBQ/Content/_Kazan_/Design/Monster/Human/Empire/Empire_SwordShield_E/Moving/Reaction/AC_ESwordShield_DamageParry_F,1.5,46,30,1,1.0,Source segment rates and active DilationCurve baked; play at 1x
EliteShield_SourceReferences,PlaybackClip,/Game/_Art/Enemies/OtherRegions/Humanoids/EliteShield_SourceReferences/Animations/PlaybackClips/A_EN_PLAY_AC_ESwordShield_DamageStrong_D_F,BBQ/Content/_Kazan_/Design/Monster/Human/Empire/Empire_SwordShield_E/Moving/Reaction/AC_ESwordShield_DamageStrong_D_F,1.1,34,30,1,1.0,Source segment rates and active DilationCurve baked; play at 1x
EliteShield_SourceReferences,PlaybackClip,/Game/_Art/Enemies/OtherRegions/Humanoids/EliteShield_SourceReferences/Animations/PlaybackClips/A_EN_PLAY_AC_ESwordShield_DamageStrong_D_F_2,BBQ/Content/_Kazan_/Design/Monster/Human/Empire/Empire_SwordShield_E/Moving/Reaction/AC_ESwordShield_DamageStrong_D_F_2,1.1,34,30,1,1.0,Source segment rates and active DilationCurve baked; play at 1x
EliteShield_SourceReferences,PlaybackClip,/Game/_Art/Enemies/OtherRegions/Humanoids/EliteShield_SourceReferences/Animations/PlaybackClips/A_EN_PLAY_AC_ESwordShield_DamageStrong_L_F,BBQ/Content/_Kazan_/Design/Monster/Human/Empire/Empire_SwordShield_E/Moving/Reaction/AC_ESwordShield_DamageStrong_L_F,1.1,34,30,1,1.0,Source segment rates and active DilationCurve baked; play at 1x
EliteShield_SourceReferences,PlaybackClip,/Game/_Art/Enemies/OtherRegions/Humanoids/EliteShield_SourceReferences/Animations/PlaybackClips/A_EN_PLAY_AC_ESwordShield_DamageStrong_R_F,BBQ/Content/_Kazan_/Design/Monster/Human/Empire/Empire_SwordShield_E/Moving/Reaction/AC_ESwordShield_DamageStrong_R_F,1.1,34,30,1,1.0,Source segment rates and active DilationCurve baked; play at 1x
EliteShield_SourceReferences,PlaybackClip,/Game/_Art/Enemies/OtherRegions/Humanoids/EliteShield_SourceReferences/Animations/PlaybackClips/A_EN_PLAY_AC_ESwordShield_DamageStrong_U_F,BBQ/Content/_Kazan_/Design/Monster/Human/Empire/Empire_SwordShield_E/Moving/Reaction/AC_ESwordShield_DamageStrong_U_F,1.0,31,30,1,1.0,Source segment rates and active DilationCurve baked; play at 1x
EliteShield_SourceReferences,PlaybackClip,/Game/_Art/Enemies/OtherRegions/Humanoids/EliteShield_SourceReferences/Animations/PlaybackClips/A_EN_PLAY_AC_ESwordShield_DamageWeak_D_F,BBQ/Content/_Kazan_/Design/Monster/Human/Empire/Empire_SwordShield_E/Moving/Reaction/AC_ESwordShield_DamageWeak_D_F,0.4,13,30,1,1.0,Source segment rates and active DilationCurve baked; play at 1x
EliteShield_SourceReferences,PlaybackClip,/Game/_Art/Enemies/OtherRegions/Humanoids/EliteShield_SourceReferences/Animations/PlaybackClips/A_EN_PLAY_AC_ESwordShield_DamageWeak_L_F,BBQ/Content/_Kazan_/Design/Monster/Human/Empire/Empire_SwordShield_E/Moving/Reaction/AC_ESwordShield_DamageWeak_L_F,0.4,13,30,1,1.0,Source segment rates and active DilationCurve baked; play at 1x
EliteShield_SourceReferences,PlaybackClip,/Game/_Art/Enemies/OtherRegions/Humanoids/EliteShield_SourceReferences/Animations/PlaybackClips/A_EN_PLAY_AC_ESwordShield_DamageWeak_R_F,BBQ/Content/_Kazan_/Design/Monster/Human/Empire/Empire_SwordShield_E/Moving/Reaction/AC_ESwordShield_DamageWeak_R_F,0.4,13,30,1,1.0,Source segment rates and active DilationCurve baked; play at 1x
EliteShield_SourceReferences,PlaybackClip,/Game/_Art/Enemies/OtherRegions/Humanoids/EliteShield_SourceReferences/Animations/PlaybackClips/A_EN_PLAY_AC_ESwordShield_DamageWeak_U_F,BBQ/Content/_Kazan_/Design/Monster/Human/Empire/Empire_SwordShield_E/Moving/Reaction/AC_ESwordShield_DamageWeak_U_F,0.4,13,30,1,1.0,Source segment rates and active DilationCurve baked; play at 1x
EliteShield_SourceReferences,PlaybackClip,/Game/_Art/Enemies/OtherRegions/Humanoids/EliteShield_SourceReferences/Animations/PlaybackClips/A_EN_PLAY_AC_ESwordShield_Defence_Loop,BBQ/Content/_Kazan_/Design/Monster/Human/Empire/Empire_SwordShield_E/Moving/Reaction/AC_ESwordShield_Defence_Loop,2.0,61,30,1,1.0,Source segment rates and active DilationCurve baked; play at 1x
EliteShield_SourceReferences,PlaybackClip,/Game/_Art/Enemies/OtherRegions/Humanoids/EliteShield_SourceReferences/Animations/PlaybackClips/A_EN_PLAY_AC_ESwordShield_Die_F,BBQ/Content/_Kazan_/Design/Monster/Human/Empire/Empire_SwordShield_E/Moving/Reaction/AC_ESwordShield_Die_F,6.0,181,30,1,1.0,Source segment rates and active DilationCurve baked; play at 1x
EliteShield_SourceReferences,PlaybackClip,/Game/_Art/Enemies/OtherRegions/Humanoids/EliteShield_SourceReferences/Animations/PlaybackClips/A_EN_PLAY_AC_ESwordShield_Die_F_Wraith,BBQ/Content/_Kazan_/Design/Monster/Human/Empire/Empire_SwordShield_E/Moving/Reaction/AC_ESwordShield_Die_F_Wraith,6.0,181,30,1,1.0,Source segment rates and active DilationCurve baked; play at 1x
EliteShield_SourceReferences,PlaybackClip,/Game/_Art/Enemies/OtherRegions/Humanoids/EliteShield_SourceReferences/Animations/PlaybackClips/A_EN_PLAY_AC_ESwordShield_Down_B_Loop,BBQ/Content/_Kazan_/Design/Monster/Human/Empire/Empire_SwordShield_E/Moving/Reaction/AC_ESwordShield_Down_B_Loop,1.6,49,30,1,1.0,Source segment rates and active DilationCurve baked; play at 1x
EliteShield_SourceReferences,PlaybackClip,/Game/_Art/Enemies/OtherRegions/Humanoids/EliteShield_SourceReferences/Animations/PlaybackClips/A_EN_PLAY_AC_ESwordShield_Down_F_Loop,BBQ/Content/_Kazan_/Design/Monster/Human/Empire/Empire_SwordShield_E/Moving/Reaction/AC_ESwordShield_Down_F_Loop,1.6,49,30,1,1.0,Source segment rates and active DilationCurve baked; play at 1x
EliteShield_SourceReferences,PlaybackClip,/Game/_Art/Enemies/OtherRegions/Humanoids/EliteShield_SourceReferences/Animations/PlaybackClips/A_EN_PLAY_AC_ESwordShield_Falling,BBQ/Content/_Kazan_/Design/Monster/Human/Empire/Empire_SwordShield_E/Moving/Reaction/AC_ESwordShield_Falling,0.1,4,30,1,1.0,Source segment rates and active DilationCurve baked; play at 1x
EliteShield_SourceReferences,PlaybackClip,/Game/_Art/Enemies/OtherRegions/Humanoids/EliteShield_SourceReferences/Animations/PlaybackClips/A_EN_PLAY_AC_ESwordShield_Getup_B,BBQ/Content/_Kazan_/Design/Monster/Human/Empire/Empire_SwordShield_E/Moving/Reaction/AC_ESwordShield_Getup_B,1.8666667,57,30,1,1.0,Source segment rates and active DilationCurve baked; play at 1x
EliteShield_SourceReferences,PlaybackClip,/Game/_Art/Enemies/OtherRegions/Humanoids/EliteShield_SourceReferences/Animations/PlaybackClips/A_EN_PLAY_AC_ESwordShield_Getup_F,BBQ/Content/_Kazan_/Design/Monster/Human/Empire/Empire_SwordShield_E/Moving/Reaction/AC_ESwordShield_Getup_F,1.6666666,51,30,1,1.0,Source segment rates and active DilationCurve baked; play at 1x
EliteShield_SourceReferences,PlaybackClip,/Game/_Art/Enemies/OtherRegions/Humanoids/EliteShield_SourceReferences/Animations/PlaybackClips/A_EN_PLAY_AC_ESwordShield_Groggy_F_End,BBQ/Content/_Kazan_/Design/Monster/Human/Empire/Empire_SwordShield_E/Moving/Reaction/AC_ESwordShield_Groggy_F_End,1.3333334,41,30,1,1.0,Source segment rates and active DilationCurve baked; play at 1x
EliteShield_SourceReferences,PlaybackClip,/Game/_Art/Enemies/OtherRegions/Humanoids/EliteShield_SourceReferences/Animations/PlaybackClips/A_EN_PLAY_AC_ESwordShield_Groggy_F_Loop,BBQ/Content/_Kazan_/Design/Monster/Human/Empire/Empire_SwordShield_E/Moving/Reaction/AC_ESwordShield_Groggy_F_Loop,2.6666667,81,30,1,1.0,Source segment rates and active DilationCurve baked; play at 1x
EliteShield_SourceReferences,PlaybackClip,/Game/_Art/Enemies/OtherRegions/Humanoids/EliteShield_SourceReferences/Animations/PlaybackClips/A_EN_PLAY_AC_ESwordShield_Groggy_F_Start,BBQ/Content/_Kazan_/Design/Monster/Human/Empire/Empire_SwordShield_E/Moving/Reaction/AC_ESwordShield_Groggy_F_Start,1.1666666,36,30,1,1.0,Source segment rates and active DilationCurve baked; play at 1x
EliteShield_SourceReferences,PlaybackClip,/Game/_Art/Enemies/OtherRegions/Humanoids/EliteShield_SourceReferences/Animations/PlaybackClips/A_EN_PLAY_AC_ESwordShield_Guard_Broken,BBQ/Content/_Kazan_/Design/Monster/Human/Empire/Empire_SwordShield_E/Moving/Reaction/AC_ESwordShield_Guard_Broken,2.3333333,71,30,1,1.0,Source segment rates and active DilationCurve baked; play at 1x
EliteShield_SourceReferences,PlaybackClip,/Game/_Art/Enemies/OtherRegions/Humanoids/EliteShield_SourceReferences/Animations/PlaybackClips/A_EN_PLAY_AC_ESwordShield_Guard_Counter,BBQ/Content/_Kazan_/Design/Monster/Human/Empire/Empire_SwordShield_E/Moving/Reaction/AC_ESwordShield_Guard_Counter,3.1666667,96,30,1,1.0,Source segment rates and active DilationCurve baked; play at 1x
EliteShield_SourceReferences,PlaybackClip,/Game/_Art/Enemies/OtherRegions/Humanoids/EliteShield_SourceReferences/Animations/PlaybackClips/A_EN_PLAY_AC_ESwordShield_Guard_End,BBQ/Content/_Kazan_/Design/Monster/Human/Empire/Empire_SwordShield_E/Moving/Reaction/AC_ESwordShield_Guard_End,0.3,10,30,1,1.0,Source segment rates and active DilationCurve baked; play at 1x
EliteShield_SourceReferences,PlaybackClip,/Game/_Art/Enemies/OtherRegions/Humanoids/EliteShield_SourceReferences/Animations/PlaybackClips/A_EN_PLAY_AC_ESwordShield_Guard_Hit,BBQ/Content/_Kazan_/Design/Monster/Human/Empire/Empire_SwordShield_E/Moving/Reaction/AC_ESwordShield_Guard_Hit,0.6666667,21,30,1,1.0,Source segment rates and active DilationCurve baked; play at 1x
EliteShield_SourceReferences,PlaybackClip,/Game/_Art/Enemies/OtherRegions/Humanoids/EliteShield_SourceReferences/Animations/PlaybackClips/A_EN_PLAY_AC_ESwordShield_Run_F,BBQ/Content/_Kazan_/Design/Monster/Human/Empire/Empire_SwordShield_E/Moving/Reaction/AC_ESwordShield_Run_F,0.6666667,21,30,1,1.0,Source segment rates and active DilationCurve baked; play at 1x
EliteShield_SourceReferences,PlaybackClip,/Game/_Art/Enemies/OtherRegions/Humanoids/EliteShield_SourceReferences/Animations/PlaybackClips/A_EN_PLAY_AC_ESwordShield_Stand_F,BBQ/Content/_Kazan_/Design/Monster/Human/Empire/Empire_SwordShield_E/Moving/Reaction/AC_ESwordShield_Stand_F,2.0,61,30,1,1.0,Source segment rates and active DilationCurve baked; play at 1x
EliteShield_SourceReferences,PlaybackClip,/Game/_Art/Enemies/OtherRegions/Humanoids/EliteShield_SourceReferences/Animations/PlaybackClips/A_EN_PLAY_AC_ESwordShield_Turn_L,BBQ/Content/_Kazan_/Design/Monster/Human/Empire/Empire_SwordShield_E/Moving/Reaction/AC_ESwordShield_Turn_L,0.8727267,53,4825419,80986,1.0,Source segment rates and active DilationCurve baked; play at 1x
EliteShield_SourceReferences,PlaybackClip,/Game/_Art/Enemies/OtherRegions/Humanoids/EliteShield_SourceReferences/Animations/PlaybackClips/A_EN_PLAY_AC_ESwordShield_Turn_L_180,BBQ/Content/_Kazan_/Design/Monster/Human/Empire/Empire_SwordShield_E/Moving/Reaction/AC_ESwordShield_Turn_L_180,1.1623874,71,821714,13645,1.0,Source segment rates and active DilationCurve baked; play at 1x
EliteShield_SourceReferences,PlaybackClip,/Game/_Art/Enemies/OtherRegions/Humanoids/EliteShield_SourceReferences/Animations/PlaybackClips/A_EN_PLAY_AC_ESwordShield_Turn_R,BBQ/Content/_Kazan_/Design/Monster/Human/Empire/Empire_SwordShield_E/Moving/Reaction/AC_ESwordShield_Turn_R,0.8727267,53,4825419,80986,1.0,Source segment rates and active DilationCurve baked; play at 1x
EliteShield_SourceReferences,PlaybackClip,/Game/_Art/Enemies/OtherRegions/Humanoids/EliteShield_SourceReferences/Animations/PlaybackClips/A_EN_PLAY_AC_ESwordShield_Turn_R_180,BBQ/Content/_Kazan_/Design/Monster/Human/Empire/Empire_SwordShield_E/Moving/Reaction/AC_ESwordShield_Turn_R_180,1.1623874,71,821714,13645,1.0,Source segment rates and active DilationCurve baked; play at 1x
EliteShield_SourceReferences,PlaybackClip,/Game/_Art/Enemies/OtherRegions/Humanoids/EliteShield_SourceReferences/Animations/PlaybackClips/A_EN_PLAY_AC_ESwordShield_Walk_F,BBQ/Content/_Kazan_/Design/Monster/Human/Empire/Empire_SwordShield_E/Moving/Reaction/AC_ESwordShield_Walk_F,1.3333334,41,30,1,1.0,Source segment rates and active DilationCurve baked; play at 1x
EliteShield_SourceReferences,PlaybackClip,/Game/_Art/Enemies/OtherRegions/Humanoids/EliteShield_SourceReferences/Animations/PlaybackClips/A_EN_PLAY_AC_EmpireSwordShield_E_Basic_End_01,BBQ/Content/_Kazan_/Design/Monster/Human/Empire/Empire_SwordShield_E/Moving/Reaction/AC_EmpireSwordShield_E_Basic_End_01,1.0,31,30,1,1.0,Source segment rates and active DilationCurve baked; play at 1x
EliteShield_SourceReferences,PlaybackClip,/Game/_Art/Enemies/OtherRegions/Humanoids/EliteShield_SourceReferences/Animations/PlaybackClips/A_EN_PLAY_AC_EmpireSwordShield_E_Basic_End_02,BBQ/Content/_Kazan_/Design/Monster/Human/Empire/Empire_SwordShield_E/Moving/Reaction/AC_EmpireSwordShield_E_Basic_End_02,1.5,46,30,1,1.0,Source segment rates and active DilationCurve baked; play at 1x
EliteShield_SourceReferences,PlaybackClip,/Game/_Art/Enemies/OtherRegions/Humanoids/EliteShield_SourceReferences/Animations/PlaybackClips/A_EN_PLAY_AC_EmpireSwordShield_E_Basic_End_03,BBQ/Content/_Kazan_/Design/Monster/Human/Empire/Empire_SwordShield_E/Moving/Reaction/AC_EmpireSwordShield_E_Basic_End_03,2.5,76,30,1,1.0,Source segment rates and active DilationCurve baked; play at 1x
EliteShield_SourceReferences,PlaybackClip,/Game/_Art/Enemies/OtherRegions/Humanoids/EliteShield_SourceReferences/Animations/PlaybackClips/A_EN_PLAY_AC_EmpireSwordShield_E_Basic_Loop_01,BBQ/Content/_Kazan_/Design/Monster/Human/Empire/Empire_SwordShield_E/Moving/Reaction/AC_EmpireSwordShield_E_Basic_Loop_01,13.133333,395,30,1,1.0,Source segment rates and active DilationCurve baked; play at 1x
EliteShield_SourceReferences,PlaybackClip,/Game/_Art/Enemies/OtherRegions/Humanoids/EliteShield_SourceReferences/Animations/PlaybackClips/A_EN_PLAY_AC_EmpireSwordShield_E_Basic_Loop_02,BBQ/Content/_Kazan_/Design/Monster/Human/Empire/Empire_SwordShield_E/Moving/Reaction/AC_EmpireSwordShield_E_Basic_Loop_02,9.0,271,30,1,1.0,Source segment rates and active DilationCurve baked; play at 1x
EliteShield_SourceReferences,PlaybackClip,/Game/_Art/Enemies/OtherRegions/Humanoids/EliteShield_SourceReferences/Animations/PlaybackClips/A_EN_PLAY_AC_EmpireSwordShield_E_Basic_Loop_03,BBQ/Content/_Kazan_/Design/Monster/Human/Empire/Empire_SwordShield_E/Moving/Reaction/AC_EmpireSwordShield_E_Basic_Loop_03,4.6666665,141,30,1,1.0,Source segment rates and active DilationCurve baked; play at 1x
EliteShield_SourceReferences,PlaybackClip,/Game/_Art/Enemies/OtherRegions/Humanoids/EliteShield_SourceReferences/Animations/PlaybackClips/A_EN_PLAY_AC_EmpireSwordShield_E_Basic_Talk_End_01,BBQ/Content/_Kazan_/Design/Monster/Human/Empire/Empire_SwordShield_E/Moving/Reaction/AC_EmpireSwordShield_E_Basic_Talk_End_01,0.8,25,30,1,1.0,Source segment rates and active DilationCurve baked; play at 1x
EliteShield_SourceReferences,PlaybackClip,/Game/_Art/Enemies/OtherRegions/Humanoids/EliteShield_SourceReferences/Animations/PlaybackClips/A_EN_PLAY_AC_EmpireSwordShield_E_Basic_Talk_Loop_01,BBQ/Content/_Kazan_/Design/Monster/Human/Empire/Empire_SwordShield_E/Moving/Reaction/AC_EmpireSwordShield_E_Basic_Talk_Loop_01,12.4,373,30,1,1.0,Source segment rates and active DilationCurve baked; play at 1x
EliteShield_SourceReferences,PlaybackClip,/Game/_Art/Enemies/OtherRegions/Humanoids/EliteShield_SourceReferences/Animations/PlaybackClips/A_EN_PLAY_AC_M_Human_Elite_M_PicaClub_DamageFinalBlow,BBQ/Content/_Kazan_/Design/Monster/Human/Empire/Empire_SwordShield_E/Moving/Reaction/AC_M_Human_Elite_M_PicaClub_DamageFinalBlow,5.5,166,30,1,1.0,Source segment rates and active DilationCurve baked; play at 1x
EliteShield_SourceReferences,PlaybackClip,/Game/_Art/Enemies/OtherRegions/Humanoids/EliteShield_SourceReferences/Animations/PlaybackClips/A_EN_PLAY_AC_EmpireSwordShield_GuardCounter_Broken_Full,BBQ/Content/_Kazan_/Design/Monster/Human/Empire/Empire_SwordShield_E/Skill/00_Guard/AC_EmpireSwordShield_GuardCounter_Broken_Full,2.6724622,161,1072090,17907,1.0,Source segment rates and active DilationCurve baked; play at 1x
EliteShield_SourceReferences,PlaybackClip,/Game/_Art/Enemies/OtherRegions/Humanoids/EliteShield_SourceReferences/Animations/PlaybackClips/A_EN_PLAY_AC_EmpireSwordShield_Guard_Broken,BBQ/Content/_Kazan_/Design/Monster/Human/Empire/Empire_SwordShield_E/Skill/00_Guard/AC_EmpireSwordShield_Guard_Broken,0.450627,15,2211563,71185,1.0,Source segment rates and active DilationCurve baked; play at 1x
EliteShield_SourceReferences,PlaybackClip,/Game/_Art/Enemies/OtherRegions/Humanoids/EliteShield_SourceReferences/Animations/PlaybackClips/A_EN_PLAY_AC_EmpireSwordShield_Guard_Broken_Full,BBQ/Content/_Kazan_/Design/Monster/Human/Empire/Empire_SwordShield_E/Skill/00_Guard/AC_EmpireSwordShield_Guard_Broken_Full,3.2999535,199,5464517,91074,1.0,Source segment rates and active DilationCurve baked; play at 1x
EliteShield_SourceReferences,PlaybackClip,/Game/_Art/Enemies/OtherRegions/Humanoids/EliteShield_SourceReferences/Animations/PlaybackClips/A_EN_PLAY_AC_EmpireSwordShield_Guard_End,BBQ/Content/_Kazan_/Design/Monster/Human/Empire/Empire_SwordShield_E/Skill/00_Guard/AC_EmpireSwordShield_Guard_End,0.3,10,30,1,1.0,Source segment rates and active DilationCurve baked; play at 1x
EliteShield_SourceReferences,PlaybackClip,/Game/_Art/Enemies/OtherRegions/Humanoids/EliteShield_SourceReferences/Animations/PlaybackClips/A_EN_PLAY_AC_EmpireSwordShield_Guard_Hit,BBQ/Content/_Kazan_/Design/Monster/Human/Empire/Empire_SwordShield_E/Skill/00_Guard/AC_EmpireSwordShield_Guard_Hit,0.6666667,21,30,1,1.0,Source segment rates and active DilationCurve baked; play at 1x
EliteShield_SourceReferences,PlaybackClip,/Game/_Art/Enemies/OtherRegions/Humanoids/EliteShield_SourceReferences/Animations/PlaybackClips/A_EN_PLAY_AC_EmpireSwordShield_Guard_Loop,BBQ/Content/_Kazan_/Design/Monster/Human/Empire/Empire_SwordShield_E/Skill/00_Guard/AC_EmpireSwordShield_Guard_Loop,2.0,61,30,1,1.0,Source segment rates and active DilationCurve baked; play at 1x
EliteShield_SourceReferences,PlaybackClip,/Game/_Art/Enemies/OtherRegions/Humanoids/EliteShield_SourceReferences/Animations/PlaybackClips/A_EN_PLAY_AC_EmpireSwordShield_Guard_Start,BBQ/Content/_Kazan_/Design/Monster/Human/Empire/Empire_SwordShield_E/Skill/00_Guard/AC_EmpireSwordShield_Guard_Start,0.16666667,6,30,1,1.0,Source segment rates and active DilationCurve baked; play at 1x
EliteShield_SourceReferences,PlaybackClip,/Game/_Art/Enemies/OtherRegions/Humanoids/EliteShield_SourceReferences/Animations/PlaybackClips/A_EN_PLAY_AC_EmpireSwordShield_E_Walk_F,BBQ/Content/_Kazan_/Design/Monster/Human/Empire/Empire_SwordShield_E/Skill/00_MoveToTarget/AC_EmpireSwordShield_E_Walk_F,4.0,121,30,1,1.0,Source segment rates and active DilationCurve baked; play at 1x
EliteShield_SourceReferences,PlaybackClip,/Game/_Art/Enemies/OtherRegions/Humanoids/EliteShield_SourceReferences/Animations/PlaybackClips/A_EN_PLAY_AC_EmpireSwordShield_GuardCounter_Burst_Start,BBQ/Content/_Kazan_/Design/Monster/Human/Empire/Empire_SwordShield_E/Skill/01_GuardCounter/AC_EmpireSwordShield_GuardCounter_Burst_Start,0.798932,49,4282397,71278,1.0,Source segment rates and active DilationCurve baked; play at 1x
EliteShield_SourceReferences,PlaybackClip,/Game/_Art/Enemies/OtherRegions/Humanoids/EliteShield_SourceReferences/Animations/PlaybackClips/A_EN_PLAY_AC_EmpireSwordShield_GuardCounter_Burst_Step2_New,BBQ/Content/_Kazan_/Design/Monster/Human/Empire/Empire_SwordShield_E/Skill/01_GuardCounter/AC_EmpireSwordShield_GuardCounter_Burst_Step2_New,0.84000003,26,1333244,44797,1.0,Source segment rates and active DilationCurve baked; play at 1x
EliteShield_SourceReferences,PlaybackClip,/Game/_Art/Enemies/OtherRegions/Humanoids/EliteShield_SourceReferences/Animations/PlaybackClips/A_EN_PLAY_AC_EmpireSwordShield_GuardCounter_Burst_Step3,BBQ/Content/_Kazan_/Design/Monster/Human/Empire/Empire_SwordShield_E/Skill/01_GuardCounter/AC_EmpireSwordShield_GuardCounter_Burst_Step3,2.0358443,123,5567245,92902,1.0,Source segment rates and active DilationCurve baked; play at 1x
EliteShield_SourceReferences,PlaybackClip,/Game/_Art/Enemies/OtherRegions/Humanoids/EliteShield_SourceReferences/Animations/PlaybackClips/A_EN_PLAY_AC_EmpireSwordShield_GuardCounter_Burst_Step4,BBQ/Content/_Kazan_/Design/Monster/Human/Empire/Empire_SwordShield_E/Skill/01_GuardCounter/AC_EmpireSwordShield_GuardCounter_Burst_Step4,2.2000818,133,5594132,93239,1.0,Source segment rates and active DilationCurve baked; play at 1x
EliteShield_SourceReferences,PlaybackClip,/Game/_Art/Enemies/OtherRegions/Humanoids/EliteShield_SourceReferences/Animations/PlaybackClips/A_EN_PLAY_AC_EmpireSwordShield_GuardCounter_Burst_Turn_L,BBQ/Content/_Kazan_/Design/Monster/Human/Empire/Empire_SwordShield_E/Skill/01_GuardCounter/AC_EmpireSwordShield_GuardCounter_Burst_Turn_L,2.5185947,152,5877777,98038,1.0,Source segment rates and active DilationCurve baked; play at 1x
EliteShield_SourceReferences,PlaybackClip,/Game/_Art/Enemies/OtherRegions/Humanoids/EliteShield_SourceReferences/Animations/PlaybackClips/A_EN_PLAY_AC_EmpireSwordShield_GuardCounter_Level_Loop,BBQ/Content/_Kazan_/Design/Monster/Human/Empire/Empire_SwordShield_E/Skill/01_GuardCounter/AC_EmpireSwordShield_GuardCounter_Level_Loop,2.0,61,30,1,1.0,Source segment rates and active DilationCurve baked; play at 1x
EliteShield_SourceReferences,PlaybackClip,/Game/_Art/Enemies/OtherRegions/Humanoids/EliteShield_SourceReferences/Animations/PlaybackClips/A_EN_PLAY_AC_EmpireSwordShield_GuardCounter_Level_Start,BBQ/Content/_Kazan_/Design/Monster/Human/Empire/Empire_SwordShield_E/Skill/01_GuardCounter/AC_EmpireSwordShield_GuardCounter_Level_Start,0.42563,14,1300000,42563,1.0,Source segment rates and active DilationCurve baked; play at 1x
EliteShield_SourceReferences,PlaybackClip,/Game/_Art/Enemies/OtherRegions/Humanoids/EliteShield_SourceReferences/Animations/PlaybackClips/A_EN_PLAY_AC_EmpireSwordShield_GuardCounter_Smash,BBQ/Content/_Kazan_/Design/Monster/Human/Empire/Empire_SwordShield_E/Skill/01_GuardCounter/AC_EmpireSwordShield_GuardCounter_Smash,2.2952318,139,5481083,91162,1.0,Source segment rates and active DilationCurve baked; play at 1x
EliteShield_SourceReferences,PlaybackClip,/Game/_Art/Enemies/OtherRegions/Humanoids/EliteShield_SourceReferences/Animations/PlaybackClips/A_EN_PLAY_AC_EmpireSwordShield_GuardCounter_Start,BBQ/Content/_Kazan_/Design/Monster/Human/Empire/Empire_SwordShield_E/Skill/01_GuardCounter/AC_EmpireSwordShield_GuardCounter_Start,0.65898216,41,2118722,34905,1.0,Source segment rates and active DilationCurve baked; play at 1x
EliteShield_SourceReferences,PlaybackClip,/Game/_Art/Enemies/OtherRegions/Humanoids/EliteShield_SourceReferences/Animations/PlaybackClips/A_EN_PLAY_AC_EmpireSwordShield_GuardCounter_Step,BBQ/Content/_Kazan_/Design/Monster/Human/Empire/Empire_SwordShield_E/Skill/01_GuardCounter/AC_EmpireSwordShield_GuardCounter_Step,0.32602903,21,1427971,23278,1.0,Source segment rates and active DilationCurve baked; play at 1x
EliteShield_SourceReferences,PlaybackClip,/Game/_Art/Enemies/OtherRegions/Humanoids/EliteShield_SourceReferences/Animations/PlaybackClips/A_EN_PLAY_AC_EmpireSwordShield_JustGuardCounter_Combo2_Step1,BBQ/Content/_Kazan_/Design/Monster/Human/Empire/Empire_SwordShield_E/Skill/01_GuardCounter/AC_EmpireSwordShield_JustGuardCounter_Combo2_Step1,2.1330476,129,3755483,62583,1.0,Source segment rates and active DilationCurve baked; play at 1x
EliteShield_SourceReferences,PlaybackClip,/Game/_Art/Enemies/OtherRegions/Humanoids/EliteShield_SourceReferences/Animations/PlaybackClips/A_EN_PLAY_AC_EmpireSwordShield_JustGuardCounter_Combo2_Step2,BBQ/Content/_Kazan_/Design/Monster/Human/Empire/Empire_SwordShield_E/Skill/01_GuardCounter/AC_EmpireSwordShield_JustGuardCounter_Combo2_Step2,2.6,79,30,1,1.0,Source segment rates and active DilationCurve baked; play at 1x
EliteShield_SourceReferences,PlaybackClip,/Game/_Art/Enemies/OtherRegions/Humanoids/EliteShield_SourceReferences/Animations/PlaybackClips/A_EN_PLAY_AC_EmpireSwordShield_JustGuardCounter_Combo_Step1,BBQ/Content/_Kazan_/Design/Monster/Human/Empire/Empire_SwordShield_E/Skill/01_GuardCounter/AC_EmpireSwordShield_JustGuardCounter_Combo_Step1,2.8689816,173,5562608,92785,1.0,Source segment rates and active DilationCurve baked; play at 1x
EliteShield_SourceReferences,PlaybackClip,/Game/_Art/Enemies/OtherRegions/Humanoids/EliteShield_SourceReferences/Animations/PlaybackClips/A_EN_PLAY_AC_EmpireSwordShield_JustGuardCounter_Combo_Step2,BBQ/Content/_Kazan_/Design/Monster/Human/Empire/Empire_SwordShield_E/Skill/01_GuardCounter/AC_EmpireSwordShield_JustGuardCounter_Combo_Step2,1.732573,105,5268391,87768,1.0,Source segment rates and active DilationCurve baked; play at 1x
EliteShield_SourceReferences,PlaybackClip,/Game/_Art/Enemies/OtherRegions/Humanoids/EliteShield_SourceReferences/Animations/PlaybackClips/A_EN_PLAY_AC_EmpireSwordShield_JustGuardCounter_Combo_Step3,BBQ/Content/_Kazan_/Design/Monster/Human/Empire/Empire_SwordShield_E/Skill/01_GuardCounter/AC_EmpireSwordShield_JustGuardCounter_Combo_Step3,2.0832615,126,5713457,95221,1.0,Source segment rates and active DilationCurve baked; play at 1x
EliteShield_SourceReferences,PlaybackClip,/Game/_Art/Enemies/OtherRegions/Humanoids/EliteShield_SourceReferences/Animations/PlaybackClips/A_EN_PLAY_AC_EmpireSwordShield_JustGuardCounter_Execution,BBQ/Content/_Kazan_/Design/Monster/Human/Empire/Empire_SwordShield_E/Skill/01_GuardCounter/AC_EmpireSwordShield_JustGuardCounter_Execution,1.852343,112,2492723,41598,1.0,Source segment rates and active DilationCurve baked; play at 1x
EliteShield_SourceReferences,PlaybackClip,/Game/_Art/Enemies/OtherRegions/Humanoids/EliteShield_SourceReferences/Animations/PlaybackClips/A_EN_PLAY_AC_EmpireSwordShield_JustGuardCounter_Smash,BBQ/Content/_Kazan_/Design/Monster/Human/Empire/Empire_SwordShield_E/Skill/01_GuardCounter/AC_EmpireSwordShield_JustGuardCounter_Smash,2.3440375,142,2028587,33724,1.0,Source segment rates and active DilationCurve baked; play at 1x
EliteShield_SourceReferences,PlaybackClip,/Game/_Art/Enemies/OtherRegions/Humanoids/EliteShield_SourceReferences/Animations/PlaybackClips/A_EN_PLAY_AC_EmpireSwordShield_JustGuardCounter_Start_New,BBQ/Content/_Kazan_/Design/Monster/Human/Empire/Empire_SwordShield_E/Skill/01_GuardCounter/AC_EmpireSwordShield_JustGuardCounter_Start_New,0.5397008,33,2082754,35127,1.0,Source segment rates and active DilationCurve baked; play at 1x
EliteShield_SourceReferences,PlaybackClip,/Game/_Art/Enemies/OtherRegions/Humanoids/EliteShield_SourceReferences/Animations/PlaybackClips/A_EN_PLAY_AC_EmpireSwordShield_JustGuardCounter_Step,BBQ/Content/_Kazan_/Design/Monster/Human/Empire/Empire_SwordShield_E/Skill/01_GuardCounter/AC_EmpireSwordShield_JustGuardCounter_Step,0.34820774,22,4325349,71720,1.0,Source segment rates and active DilationCurve baked; play at 1x
EliteShield_SourceReferences,PlaybackClip,/Game/_Art/Enemies/OtherRegions/Humanoids/EliteShield_SourceReferences/Animations/PlaybackClips/A_EN_PLAY_AC_EmpireSwordShield_JustGuardCounter_Thrust,BBQ/Content/_Kazan_/Design/Monster/Human/Empire/Empire_SwordShield_E/Skill/01_GuardCounter/AC_EmpireSwordShield_JustGuardCounter_Thrust,1.9035871,115,2014357,33636,1.0,Source segment rates and active DilationCurve baked; play at 1x
EliteShield_SourceReferences,PlaybackClip,/Game/_Art/Enemies/OtherRegions/Humanoids/EliteShield_SourceReferences/Animations/PlaybackClips/A_EN_PLAY_AC_EmpireSwordShield_ShieldStamp,BBQ/Content/_Kazan_/Design/Monster/Human/Empire/Empire_SwordShield_E/Skill/02_ShieldStamp/AC_EmpireSwordShield_ShieldStamp,1.7407687,105,5392767,90265,1.0,Source segment rates and active DilationCurve baked; play at 1x
EliteShield_SourceReferences,PlaybackClip,/Game/_Art/Enemies/OtherRegions/Humanoids/EliteShield_SourceReferences/Animations/PlaybackClips/A_EN_PLAY_AC_EmpireSwordShield_ShieldSmash,BBQ/Content/_Kazan_/Design/Monster/Human/Empire/Empire_SwordShield_E/Skill/03_ShieldSmash/AC_EmpireSwordShield_ShieldSmash,2.3291569,141,5955640,99083,1.0,Source segment rates and active DilationCurve baked; play at 1x
EliteShield_SourceReferences,PlaybackClip,/Game/_Art/Enemies/OtherRegions/Humanoids/EliteShield_SourceReferences/Animations/PlaybackClips/A_EN_PLAY_AC_EmpireSwordShield_ShieldSmash_2,BBQ/Content/_Kazan_/Design/Monster/Human/Empire/Empire_SwordShield_E/Skill/03_ShieldSmash/AC_EmpireSwordShield_ShieldSmash_2,2.3291569,141,5955640,99083,1.0,Source segment rates and active DilationCurve baked; play at 1x
EliteShield_SourceReferences,PlaybackClip,/Game/_Art/Enemies/OtherRegions/Humanoids/EliteShield_SourceReferences/Animations/PlaybackClips/A_EN_PLAY_AC_EmpireSwordShield_ShieldCrash,BBQ/Content/_Kazan_/Design/Monster/Human/Empire/Empire_SwordShield_E/Skill/04_ShieldCrash/AC_EmpireSwordShield_ShieldCrash,2.1194484,128,5082161,84814,1.0,Source segment rates and active DilationCurve baked; play at 1x
EliteShield_SourceReferences,PlaybackClip,/Game/_Art/Enemies/OtherRegions/Humanoids/EliteShield_SourceReferences/Animations/PlaybackClips/A_EN_PLAY_AC_EmpireSwordShield_ChargeSmash,BBQ/Content/_Kazan_/Design/Monster/Human/Empire/Empire_SwordShield_E/Skill/05_ChargeSmash/AC_EmpireSwordShield_ChargeSmash,2.2952318,139,5481083,91162,1.0,Source segment rates and active DilationCurve baked; play at 1x
EliteShield_SourceReferences,PlaybackClip,/Game/_Art/Enemies/OtherRegions/Humanoids/EliteShield_SourceReferences/Animations/PlaybackClips/A_EN_PLAY_AC_EmpireSwordShield_ChargeSmash_Step,BBQ/Content/_Kazan_/Design/Monster/Human/Empire/Empire_SwordShield_E/Skill/05_ChargeSmash/AC_EmpireSwordShield_ChargeSmash_Step,0.3482076,22,1726763,28632,1.0,Source segment rates and active DilationCurve baked; play at 1x
EliteShield_SourceReferences,PlaybackClip,/Game/_Art/Enemies/OtherRegions/Humanoids/EliteShield_SourceReferences/Animations/PlaybackClips/A_EN_PLAY_AC_EmpireSwordShield_SwordSwing_Combo1_Step1,BBQ/Content/_Kazan_/Design/Monster/Human/Empire/Empire_SwordShield_E/Skill/06_SwordSwing_Combo1/AC_EmpireSwordShield_SwordSwing_Combo1_Step1,2.1666298,131,5406872,90113,1.0,Source segment rates and active DilationCurve baked; play at 1x
EliteShield_SourceReferences,PlaybackClip,/Game/_Art/Enemies/OtherRegions/Humanoids/EliteShield_SourceReferences/Animations/PlaybackClips/A_EN_PLAY_AC_EmpireSwordShield_SwordSwing_Combo1_Step2,BBQ/Content/_Kazan_/Design/Monster/Human/Empire/Empire_SwordShield_E/Skill/06_SwordSwing_Combo1/AC_EmpireSwordShield_SwordSwing_Combo1_Step2,1.9332968,117,4921533,82024,1.0,Source segment rates and active DilationCurve baked; play at 1x
EliteShield_SourceReferences,PlaybackClip,/Game/_Art/Enemies/OtherRegions/Humanoids/EliteShield_SourceReferences/Animations/PlaybackClips/A_EN_PLAY_AC_EmpireSwordShield_SwordSwing_Combo1_Step3,BBQ/Content/_Kazan_/Design/Monster/Human/Empire/Empire_SwordShield_E/Skill/06_SwordSwing_Combo1/AC_EmpireSwordShield_SwordSwing_Combo1_Step3,2.0832615,126,5713457,95221,1.0,Source segment rates and active DilationCurve baked; play at 1x
EliteShield_SourceReferences,PlaybackClip,/Game/_Art/Enemies/OtherRegions/Humanoids/EliteShield_SourceReferences/Animations/PlaybackClips/A_EN_PLAY_AC_EmpireSwordShield_SwordSwing_Combo1_Step4,BBQ/Content/_Kazan_/Design/Monster/Human/Empire/Empire_SwordShield_E/Skill/06_SwordSwing_Combo1/AC_EmpireSwordShield_SwordSwing_Combo1_Step4,2.9666667,90,30,1,1.0,Source segment rates and active DilationCurve baked; play at 1x
EliteShield_SourceReferences,PlaybackClip,/Game/_Art/Enemies/OtherRegions/Humanoids/EliteShield_SourceReferences/Animations/PlaybackClips/A_EN_PLAY_AC_EmpireSwordShield_SwordSwing_Combo2_Step1,BBQ/Content/_Kazan_/Design/Monster/Human/Empire/Empire_SwordShield_E/Skill/07_SwordSwing_Combo2/AC_EmpireSwordShield_SwordSwing_Combo2_Step1,2.0686967,125,5504573,91833,1.0,Source segment rates and active DilationCurve baked; play at 1x
EliteShield_SourceReferences,PlaybackClip,/Game/_Art/Enemies/OtherRegions/Humanoids/EliteShield_SourceReferences/Animations/PlaybackClips/A_EN_PLAY_AC_EmpireSwordShield_SwordSwing_Combo2_Step2,BBQ/Content/_Kazan_/Design/Monster/Human/Empire/Empire_SwordShield_E/Skill/07_SwordSwing_Combo2/AC_EmpireSwordShield_SwordSwing_Combo2_Step2,1.9,58,30,1,1.0,Source segment rates and active DilationCurve baked; play at 1x
EliteShield_SourceReferences,PlaybackClip,/Game/_Art/Enemies/OtherRegions/Humanoids/EliteShield_SourceReferences/Animations/PlaybackClips/A_EN_PLAY_AC_EmpireSwordShield_SwordSwing_Combo3_Step1,BBQ/Content/_Kazan_/Design/Monster/Human/Empire/Empire_SwordShield_E/Skill/08_SwordSwing_Combo3/AC_EmpireSwordShield_SwordSwing_Combo3_Step1,2.4402332,147,5243053,87632,1.0,Source segment rates and active DilationCurve baked; play at 1x
EliteShield_SourceReferences,PlaybackClip,/Game/_Art/Enemies/OtherRegions/Humanoids/EliteShield_SourceReferences/Animations/PlaybackClips/A_EN_PLAY_AC_EmpireSwordShield_SwordSwing_Combo3_Step2,BBQ/Content/_Kazan_/Design/Monster/Human/Empire/Empire_SwordShield_E/Skill/08_SwordSwing_Combo3/AC_EmpireSwordShield_SwordSwing_Combo3_Step2,2.9614472,179,1297623,21589,1.0,Source segment rates and active DilationCurve baked; play at 1x
EliteShield_SourceReferences,PlaybackClip,/Game/_Art/Enemies/OtherRegions/Humanoids/EliteShield_SourceReferences/Animations/PlaybackClips/A_EN_PLAY_AC_EmpireSwordShield_SwordSwing_Combo3_Step3,BBQ/Content/_Kazan_/Design/Monster/Human/Empire/Empire_SwordShield_E/Skill/08_SwordSwing_Combo3/AC_EmpireSwordShield_SwordSwing_Combo3_Step3,2.6,79,30,1,1.0,Source segment rates and active DilationCurve baked; play at 1x
EliteShield_SourceReferences,PlaybackClip,/Game/_Art/Enemies/OtherRegions/Humanoids/EliteShield_SourceReferences/Animations/PlaybackClips/A_EN_PLAY_AC_EmpireSwordShield_SwordSting_Step1,BBQ/Content/_Kazan_/Design/Monster/Human/Empire/Empire_SwordShield_E/Skill/09_SwordSting/AC_EmpireSwordShield_SwordSting_Step1,0.8752571,54,4876021,80524,1.0,Source segment rates and active DilationCurve baked; play at 1x
EliteShield_SourceReferences,PlaybackClip,/Game/_Art/Enemies/OtherRegions/Humanoids/EliteShield_SourceReferences/Animations/PlaybackClips/A_EN_PLAY_AC_EmpireSwordShield_SwordSting_Step2,BBQ/Content/_Kazan_/Design/Monster/Human/Empire/Empire_SwordShield_E/Skill/09_SwordSting/AC_EmpireSwordShield_SwordSting_Step2,1.0,31,30,1,1.0,Source segment rates and active DilationCurve baked; play at 1x
EliteShield_SourceReferences,PlaybackClip,/Game/_Art/Enemies/OtherRegions/Humanoids/EliteShield_SourceReferences/Animations/PlaybackClips/A_EN_PLAY_AC_EmpireSwordShield_SwordSting_Step3_1,BBQ/Content/_Kazan_/Design/Monster/Human/Empire/Empire_SwordShield_E/Skill/09_SwordSting/AC_EmpireSwordShield_SwordSting_Step3_1,2.5666666,78,30,1,1.0,Source segment rates and active DilationCurve baked; play at 1x
EliteShield_SourceReferences,PlaybackClip,/Game/_Art/Enemies/OtherRegions/Humanoids/EliteShield_SourceReferences/Animations/PlaybackClips/A_EN_PLAY_AC_EmpireSwordShield_SwordSting_Step3_2,BBQ/Content/_Kazan_/Design/Monster/Human/Empire/Empire_SwordShield_E/Skill/09_SwordSting/AC_EmpireSwordShield_SwordSting_Step3_2,1.8947554,115,5241067,87110,1.0,Source segment rates and active DilationCurve baked; play at 1x
EliteShield_SourceReferences,PlaybackClip,/Game/_Art/Enemies/OtherRegions/Humanoids/EliteShield_SourceReferences/Animations/PlaybackClips/A_EN_PLAY_AC_EmpireSwordShield_SwordSting_Step3_3,BBQ/Content/_Kazan_/Design/Monster/Human/Empire/Empire_SwordShield_E/Skill/09_SwordSting/AC_EmpireSwordShield_SwordSting_Step3_3,2.0333333,62,30,1,1.0,Source segment rates and active DilationCurve baked; play at 1x
EliteShield_SourceReferences,PlaybackClip,/Game/_Art/Enemies/OtherRegions/Humanoids/EliteShield_SourceReferences/Animations/PlaybackClips/A_EN_PLAY_AC_EmpireSwordShield_SwordSting_Stop,BBQ/Content/_Kazan_/Design/Monster/Human/Empire/Empire_SwordShield_E/Skill/09_SwordSting/AC_EmpireSwordShield_SwordSting_Stop,1.0,31,30,1,1.0,Source segment rates and active DilationCurve baked; play at 1x
EliteShield_SourceReferences,PlaybackClip,/Game/_Art/Enemies/OtherRegions/Humanoids/EliteShield_SourceReferences/Animations/PlaybackClips/A_EN_PLAY_AC_EmpireSwordShield_JustGuardCounter_empty_proto,BBQ/Content/_Kazan_/Design/Monster/Human/Empire/Empire_SwordShield_E/Skill/0_ProtoData/AC_EmpireSwordShield_JustGuardCounter_empty_proto,11.914476,358,2991441,99836,1.0,Source segment rates and active DilationCurve baked; play at 1x
EliteShield_SourceReferences,PlaybackClip,/Game/_Art/Enemies/OtherRegions/Humanoids/EliteShield_SourceReferences/Animations/PlaybackClips/A_EN_PLAY_AC_EmpireSwordShield_ChargeCrash_End_ShieldSmash,BBQ/Content/_Kazan_/Design/Monster/Human/Empire/Empire_SwordShield_E/Skill/10_ChargeCrash/AC_EmpireSwordShield_ChargeCrash_End_ShieldSmash,1.889742,58,2562907,84969,1.0,Source segment rates and active DilationCurve baked; play at 1x
EliteShield_SourceReferences,PlaybackClip,/Game/_Art/Enemies/OtherRegions/Humanoids/EliteShield_SourceReferences/Animations/PlaybackClips/A_EN_PLAY_AC_EmpireSwordShield_ChargeCrash_End_Thrust,BBQ/Content/_Kazan_/Design/Monster/Human/Empire/Empire_SwordShield_E/Skill/10_ChargeCrash/AC_EmpireSwordShield_ChargeCrash_End_Thrust,1.9981575,121,3821981,63641,1.0,Source segment rates and active DilationCurve baked; play at 1x
EliteShield_SourceReferences,PlaybackClip,/Game/_Art/Enemies/OtherRegions/Humanoids/EliteShield_SourceReferences/Animations/PlaybackClips/A_EN_PLAY_AC_EmpireSwordShield_ChargeCrash_GuardStart,BBQ/Content/_Kazan_/Design/Monster/Human/Empire/Empire_SwordShield_E/Skill/10_ChargeCrash/AC_EmpireSwordShield_ChargeCrash_GuardStart,0.9733333,30,2000285,67136,1.0,Source segment rates and active DilationCurve baked; play at 1x
EliteShield_SourceReferences,PlaybackClip,/Game/_Art/Enemies/OtherRegions/Humanoids/EliteShield_SourceReferences/Animations/PlaybackClips/A_EN_PLAY_AC_EmpireSwordShield_ChargeCrash_Loop,BBQ/Content/_Kazan_/Design/Monster/Human/Empire/Empire_SwordShield_E/Skill/10_ChargeCrash/AC_EmpireSwordShield_ChargeCrash_Loop,1.0666664,65,4000021,66667,1.0,Source segment rates and active DilationCurve baked; play at 1x
EliteShield_SourceReferences,PlaybackClip,/Game/_Art/Enemies/OtherRegions/Humanoids/EliteShield_SourceReferences/Animations/PlaybackClips/A_EN_PLAY_AC_EmpireSwordShield_ChargeCrash_Start,BBQ/Content/_Kazan_/Design/Monster/Human/Empire/Empire_SwordShield_E/Skill/10_ChargeCrash/AC_EmpireSwordShield_ChargeCrash_Start,1.6333333,50,30,1,1.0,Source segment rates and active DilationCurve baked; play at 1x
EliteShield_SourceReferences,PlaybackClip,/Game/_Art/Enemies/OtherRegions/Humanoids/EliteShield_SourceReferences/Animations/PlaybackClips/A_EN_PLAY_AC_EmpireSwordShield_ChargeCrash_Thrust,BBQ/Content/_Kazan_/Design/Monster/Human/Empire/Empire_SwordShield_E/Skill/10_ChargeCrash/AC_EmpireSwordShield_ChargeCrash_Thrust,2.0358443,123,5567245,92902,1.0,Source segment rates and active DilationCurve baked; play at 1x
EliteShield_SourceReferences,PlaybackClip,/Game/_Art/Enemies/OtherRegions/Humanoids/EliteShield_SourceReferences/Animations/PlaybackClips/A_EN_PLAY_AC_EmpireSwordShield_SwordSwing_Turn_L,BBQ/Content/_Kazan_/Design/Monster/Human/Empire/Empire_SwordShield_E/Skill/11_SwordSwing_Turn/AC_EmpireSwordShield_SwordSwing_Turn_L,2.748026,166,4389691,73109,1.0,Source segment rates and active DilationCurve baked; play at 1x
EliteShield_SourceReferences,PlaybackClip,/Game/_Art/Enemies/OtherRegions/Humanoids/EliteShield_SourceReferences/Animations/PlaybackClips/A_EN_PLAY_AC_EmpireSwordShield_SwordSwing_Turn_R,BBQ/Content/_Kazan_/Design/Monster/Human/Empire/Empire_SwordShield_E/Skill/11_SwordSwing_Turn/AC_EmpireSwordShield_SwordSwing_Turn_R,2.216775,134,5320000,88671,1.0,Source segment rates and active DilationCurve baked; play at 1x
EliteShield_SourceReferences,PlaybackClip,/Game/_Art/Enemies/OtherRegions/Humanoids/EliteShield_SourceReferences/Animations/PlaybackClips/A_EN_PLAY_AC_EmpireSwordShield_BackCounter,BBQ/Content/_Kazan_/Design/Monster/Human/Empire/Empire_SwordShield_E/Skill/12_BackCounter/AC_EmpireSwordShield_BackCounter,2.1333334,65,30,1,1.0,Source segment rates and active DilationCurve baked; play at 1x
EliteShield_SourceReferences,PlaybackClip,/Game/_Art/Enemies/OtherRegions/Humanoids/EliteShield_SourceReferences/Animations/PlaybackClips/A_EN_PLAY_AC_EmpireSwordShield_BurstStrike,BBQ/Content/_Kazan_/Design/Monster/Human/Empire/Empire_SwordShield_E/Skill/23_BurstStrike/AC_EmpireSwordShield_BurstStrike,2.2000818,133,5594132,93239,1.0,Source segment rates and active DilationCurve baked; play at 1x
EliteShield_SourceReferences,PlaybackClip,/Game/_Art/Enemies/OtherRegions/Humanoids/EliteShield_SourceReferences/Animations/PlaybackClips/A_EN_PLAY_AC_EmpireSwordShield_BurstStrike_Turn_F,BBQ/Content/_Kazan_/Design/Monster/Human/Empire/Empire_SwordShield_E/Skill/23_BurstStrike/AC_EmpireSwordShield_BurstStrike_Turn_F,2.7461805,166,5087446,84673,1.0,Source segment rates and active DilationCurve baked; play at 1x
EliteShield_SourceReferences,PlaybackClip,/Game/_Art/Enemies/OtherRegions/Humanoids/EliteShield_SourceReferences/Animations/PlaybackClips/A_EN_PLAY_AC_EmpireSwordShield_E_StormPass_InnerTrial_Spawn_End,BBQ/Content/_Kazan_/Design/Monster/Human/Empire/Empire_SwordShield_E/Skill/Spawn/AC_EmpireSwordShield_E_StormPass_InnerTrial_Spawn_End,4.0,121,30,1,1.0,Source segment rates and active DilationCurve baked; play at 1x
EliteShield_SourceReferences,PlaybackClip,/Game/_Art/Enemies/OtherRegions/Humanoids/EliteShield_SourceReferences/Animations/PlaybackClips/A_EN_PLAY_AC_EmpireSwordShield_E_StormPass_InnerTrial_Spawn_End_Loop,BBQ/Content/_Kazan_/Design/Monster/Human/Empire/Empire_SwordShield_E/Skill/Spawn/AC_EmpireSwordShield_E_StormPass_InnerTrial_Spawn_End_Loop,1.0,31,30,1,1.0,Source segment rates and active DilationCurve baked; play at 1x
EliteShield_SourceReferences,PlaybackClip,/Game/_Art/Enemies/OtherRegions/Humanoids/EliteShield_SourceReferences/Animations/PlaybackClips/A_EN_PLAY_AC_EmpireSwordShield_E_StormPass_InnerTrial_Spawn_Start,BBQ/Content/_Kazan_/Design/Monster/Human/Empire/Empire_SwordShield_E/Skill/Spawn/AC_EmpireSwordShield_E_StormPass_InnerTrial_Spawn_Start,6.0,181,30,1,1.0,Source segment rates and active DilationCurve baked; play at 1x
EliteShield_SourceReferences,PlaybackClip,/Game/_Art/Enemies/OtherRegions/Humanoids/EliteShield_SourceReferences/Animations/PlaybackClips/A_EN_PLAY_AC_EmpireSwordShield_E_Vigilant_FreakOut_Armed,BBQ/Content/_Kazan_/Design/Monster/Human/Empire/Empire_SwordShield_E/Skill/Vigilant/FreakOut_Armed/AC_EmpireSwordShield_E_Vigilant_FreakOut_Armed,1.8333334,56,30,1,1.0,Source segment rates and active DilationCurve baked; play at 1x
EliteShield_SourceReferences,PlaybackClip,/Game/_Art/Enemies/OtherRegions/Humanoids/EliteShield_SourceReferences/Animations/PlaybackClips/A_EN_PLAY_AC_EmpireSwordShield_E_Vigilant_LookAround,BBQ/Content/_Kazan_/Design/Monster/Human/Empire/Empire_SwordShield_E/Skill/Vigilant/LookAround/AC_EmpireSwordShield_E_Vigilant_LookAround,8.433333,254,30,1,1.0,Source segment rates and active DilationCurve baked; play at 1x
